source_name,train_variant_count,test_variant_count,total_variant_count,train_classes,test_classes,same_class_across_splits,example_train_file,example_train_path,example_test_file,example_test_path
1124-Subungual_Melanoma-642x361-slide3_jpg,2,1,3,Acral_Lentiginous_Melanoma,Acral_Lentiginous_Melanoma,True,1124-Subungual_Melanoma-642x361-slide3_jpg.rf.0dac8bb63db59e791970223a68db4b3e.jpg,C:\Users\venka\Documents\Project\data\processed\train\Acral_Lentiginous_Melanoma\1124-Subungual_Melanoma-642x361-slide3_jpg.rf.0dac8bb63db59e791970223a68db4b3e.jpg,1124-Subungual_Melanoma-642x361-slide3_jpg.rf.20c5952ae446e61a018ac2e98609f278.jpg,C:\Users\venka\Documents\Project\data\processed\test\Acral_Lentiginous_Melanoma\1124-Subungual_Melanoma-642x361-slide3_jpg.rf.20c5952ae446e61a018ac2e98609f278.jpg
116_JPG,2,1,3,pitting,pitting,True,116_JPG.rf.13aee8567d6a22a8ee31e47471850438.jpg,C:\Users\venka\Documents\Project\data\processed\train\pitting\116_JPG.rf.13aee8567d6a22a8ee31e47471850438.jpg,116_JPG.rf.09b6228a6798c4faafb6a84c783ccfa9.jpg,C:\Users\venka\Documents\Project\data\processed\test\pitting\116_JPG.rf.09b6228a6798c4faafb6a84c783ccfa9.jpg
119_jpg,2,1,3,pitting,pitting,True,119_jpg.rf.5d4d19dcfb0a055687224443e8e5cd04.jpg,C:\Users\venka\Documents\Project\data\processed\train\pitting\119_jpg.rf.5d4d19dcfb0a055687224443e8e5cd04.jpg,119_jpg.rf.8b99f606c9d97456821251f39b0de1a6.jpg,C:\Users\venka\Documents\Project\data\processed\test\pitting\119_jpg.rf.8b99f606c9d97456821251f39b0de1a6.jpg
11_png,2,1,3,pitting,pitting,True,11_png.rf.3b282f8c18ef5c4d5f82ca0bcf05f007.jpg,C:\Users\venka\Documents\Project\data\processed\train\pitting\11_png.rf.3b282f8c18ef5c4d5f82ca0bcf05f007.jpg,11_png.rf.3acafe927a60a1c1c05ac7b115c19b5b.jpg,C:\Users\venka\Documents\Project\data\processed\test\pitting\11_png.rf.3acafe927a60a1c1c05ac7b115c19b5b.jpg
124_JPG,1,2,3,pitting,pitting,True,124_JPG.rf.6e4134ed8f456889a34e797bd3d2a828.jpg,C:\Users\venka\Documents\Project\data\processed\train\pitting\124_JPG.rf.6e4134ed8f456889a34e797bd3d2a828.jpg,124_JPG.rf.50d57fdbe05ba48917dd86dbd38e35e2.jpg,C:\Users\venka\Documents\Project\data\processed\test\pitting\124_JPG.rf.50d57fdbe05ba48917dd86dbd38e35e2.jpg
126_JPG,2,1,3,pitting,pitting,True,126_JPG.rf.372fbad28457b8da7cbe482df957c190.jpg,C:\Users\venka\Documents\Project\data\processed\train\pitting\126_JPG.rf.372fbad28457b8da7cbe482df957c190.jpg,126_JPG.rf.8e3c38017672c29a316b3884721fa786.jpg,C:\Users\venka\Documents\Project\data\processed\test\pitting\126_JPG.rf.8e3c38017672c29a316b3884721fa786.jpg
127_JPG,2,1,3,pitting,pitting,True,127_JPG.rf.925937be10b8e60383d0a12b0c92a683.jpg,C:\Users\venka\Documents\Project\data\processed\train\pitting\127_JPG.rf.925937be10b8e60383d0a12b0c92a683.jpg,127_JPG.rf.8e4b2d61de934f2ca8bc127a5e889c93.jpg,C:\Users\venka\Documents\Project\data\processed\test\pitting\127_JPG.rf.8e4b2d61de934f2ca8bc127a5e889c93.jpg
133_JPG,2,1,3,pitting,pitting,True,133_JPG.rf.b3b3a8e9874a8b3de117d2a4aaabb9d0.jpg,C:\Users\venka\Documents\Project\data\processed\train\pitting\133_JPG.rf.b3b3a8e9874a8b3de117d2a4aaabb9d0.jpg,133_JPG.rf.926bfbd8694399db8bca576b390f7024.jpg,C:\Users\venka\Documents\Project\data\processed\test\pitting\133_JPG.rf.926bfbd8694399db8bca576b390f7024.jpg
135_JPG,2,1,3,pitting,pitting,True,135_JPG.rf.2e8c19fc6a200208a927159b68688fd4.jpg,C:\Users\venka\Documents\Project\data\processed\train\pitting\135_JPG.rf.2e8c19fc6a200208a927159b68688fd4.jpg,135_JPG.rf.9df3f55d65600846feee4b283eac6d5a.jpg,C:\Users\venka\Documents\Project\data\processed\test\pitting\135_JPG.rf.9df3f55d65600846feee4b283eac6d5a.jpg
138_JPG,2,1,3,pitting,pitting,True,138_JPG.rf.770aefbabfc319d70159cbda56133274.jpg,C:\Users\venka\Documents\Project\data\processed\train\pitting\138_JPG.rf.770aefbabfc319d70159cbda56133274.jpg,138_JPG.rf.343a765ce45a0f4c3cbb51d639cdaf96.jpg,C:\Users\venka\Documents\Project\data\processed\test\pitting\138_JPG.rf.343a765ce45a0f4c3cbb51d639cdaf96.jpg
139_jpg,2,1,3,pitting,pitting,True,139_jpg.rf.34cc82efeb3157d34f7da288453ecbe9.jpg,C:\Users\venka\Documents\Project\data\processed\train\pitting\139_jpg.rf.34cc82efeb3157d34f7da288453ecbe9.jpg,139_jpg.rf.cfbb2c717214ef727d1e9df7e8d4f195.jpg,C:\Users\venka\Documents\Project\data\processed\test\pitting\139_jpg.rf.cfbb2c717214ef727d1e9df7e8d4f195.jpg
149_JPG,2,1,3,pitting,pitting,True,149_JPG.rf.69c7278affdb726cb811e2fc7e7889d5.jpg,C:\Users\venka\Documents\Project\data\processed\train\pitting\149_JPG.rf.69c7278affdb726cb811e2fc7e7889d5.jpg,149_JPG.rf.6115fa9ab7322a035bda51469282c880.jpg,C:\Users\venka\Documents\Project\data\processed\test\pitting\149_JPG.rf.6115fa9ab7322a035bda51469282c880.jpg
151_JPG,2,1,3,pitting,pitting,True,151_JPG.rf.cfb4aa0196480a17430dd5c388a32395.jpg,C:\Users\venka\Documents\Project\data\processed\train\pitting\151_JPG.rf.cfb4aa0196480a17430dd5c388a32395.jpg,151_JPG.rf.8ee44e6dc45b3f372ad4bddc343c8ce3.jpg,C:\Users\venka\Documents\Project\data\processed\test\pitting\151_JPG.rf.8ee44e6dc45b3f372ad4bddc343c8ce3.jpg
159_JPG,2,1,3,pitting,pitting,True,159_JPG.rf.732108fd1144e84dc27857c930a26772.jpg,C:\Users\venka\Documents\Project\data\processed\train\pitting\159_JPG.rf.732108fd1144e84dc27857c930a26772.jpg,159_JPG.rf.75e8e7071a4ef28cf220571b9574f13a.jpg,C:\Users\venka\Documents\Project\data\processed\test\pitting\159_JPG.rf.75e8e7071a4ef28cf220571b9574f13a.jpg
160_JPG,2,1,3,pitting,pitting,True,160_JPG.rf.4dd7d36015e29b03a1d2c6871e2eeeee.jpg,C:\Users\venka\Documents\Project\data\processed\train\pitting\160_JPG.rf.4dd7d36015e29b03a1d2c6871e2eeeee.jpg,160_JPG.rf.5e215e7d14e1e139300f032cb107c6d6.jpg,C:\Users\venka\Documents\Project\data\processed\test\pitting\160_JPG.rf.5e215e7d14e1e139300f032cb107c6d6.jpg
164_JPG,2,1,3,pitting,pitting,True,164_JPG.rf.0cb925f8e626b87ef1b2fb8c067398dc.jpg,C:\Users\venka\Documents\Project\data\processed\train\pitting\164_JPG.rf.0cb925f8e626b87ef1b2fb8c067398dc.jpg,164_JPG.rf.23a3a9830c0cd70cdf0d2dd57716bf17.jpg,C:\Users\venka\Documents\Project\data\processed\test\pitting\164_JPG.rf.23a3a9830c0cd70cdf0d2dd57716bf17.jpg
170_jpg,2,1,3,pitting,pitting,True,170_jpg.rf.5d3c53848761ed0a0c8781e4f0803561.jpg,C:\Users\venka\Documents\Project\data\processed\train\pitting\170_jpg.rf.5d3c53848761ed0a0c8781e4f0803561.jpg,170_jpg.rf.787c50c3da5159db6f777eed1e32bc61.jpg,C:\Users\venka\Documents\Project\data\processed\test\pitting\170_jpg.rf.787c50c3da5159db6f777eed1e32bc61.jpg
176_JPG,2,1,3,pitting,pitting,True,176_JPG.rf.55419fbe8da8034650ee581a2ce5e24c.jpg,C:\Users\venka\Documents\Project\data\processed\train\pitting\176_JPG.rf.55419fbe8da8034650ee581a2ce5e24c.jpg,176_JPG.rf.3242ec8727ad2be42d4273ab9aba9fd2.jpg,C:\Users\venka\Documents\Project\data\processed\test\pitting\176_JPG.rf.3242ec8727ad2be42d4273ab9aba9fd2.jpg
17_JPG,2,1,3,pitting,pitting,True,17_JPG.rf.adf8c8e01f09a59833f7616e1d78b630.jpg,C:\Users\venka\Documents\Project\data\processed\train\pitting\17_JPG.rf.adf8c8e01f09a59833f7616e1d78b630.jpg,17_JPG.rf.98f366aa36c6c64c3c6eda6df2a01839.jpg,C:\Users\venka\Documents\Project\data\processed\test\pitting\17_JPG.rf.98f366aa36c6c64c3c6eda6df2a01839.jpg
182_JPG,2,1,3,pitting,pitting,True,182_JPG.rf.0a5e638d811f22ba7f88197285588926.jpg,C:\Users\venka\Documents\Project\data\processed\train\pitting\182_JPG.rf.0a5e638d811f22ba7f88197285588926.jpg,182_JPG.rf.4865053aad8d4ec521a348c4ff477824.jpg,C:\Users\venka\Documents\Project\data\processed\test\pitting\182_JPG.rf.4865053aad8d4ec521a348c4ff477824.jpg
187_JPG,2,1,3,pitting,pitting,True,187_JPG.rf.7845e2374590b9e62d31dbf7153cb635.jpg,C:\Users\venka\Documents\Project\data\processed\train\pitting\187_JPG.rf.7845e2374590b9e62d31dbf7153cb635.jpg,187_JPG.rf.8c80a5b2ad3a343cb7335b03a14049ea.jpg,C:\Users\venka\Documents\Project\data\processed\test\pitting\187_JPG.rf.8c80a5b2ad3a343cb7335b03a14049ea.jpg
193_JPG,1,2,3,pitting,pitting,True,193_JPG.rf.9ccf6d7ae76667152ca6f00dde825033.jpg,C:\Users\venka\Documents\Project\data\processed\train\pitting\193_JPG.rf.9ccf6d7ae76667152ca6f00dde825033.jpg,193_JPG.rf.1050b067538579a53ee4deef44c9e4b7.jpg,C:\Users\venka\Documents\Project\data\processed\test\pitting\193_JPG.rf.1050b067538579a53ee4deef44c9e4b7.jpg
194_JPG,2,1,3,pitting,pitting,True,194_JPG.rf.f1e6750d9f485fc406a8092aa8f0927c.jpg,C:\Users\venka\Documents\Project\data\processed\train\pitting\194_JPG.rf.f1e6750d9f485fc406a8092aa8f0927c.jpg,194_JPG.rf.22303522aea827bb7a83402327be123a.jpg,C:\Users\venka\Documents\Project\data\processed\test\pitting\194_JPG.rf.22303522aea827bb7a83402327be123a.jpg
197_JPG,2,1,3,pitting,pitting,True,197_JPG.rf.7ccbd8eab53a19e591a6a41bfe4fa4c7.jpg,C:\Users\venka\Documents\Project\data\processed\train\pitting\197_JPG.rf.7ccbd8eab53a19e591a6a41bfe4fa4c7.jpg,197_JPG.rf.48117710a88fe2b0cf96f5bc9332f162.jpg,C:\Users\venka\Documents\Project\data\processed\test\pitting\197_JPG.rf.48117710a88fe2b0cf96f5bc9332f162.jpg
204_JPG,2,1,3,pitting,pitting,True,204_JPG.rf.3f7fa13cdd555cbe9604a4cb6ebc156f.jpg,C:\Users\venka\Documents\Project\data\processed\train\pitting\204_JPG.rf.3f7fa13cdd555cbe9604a4cb6ebc156f.jpg,204_JPG.rf.f04d4d025923aeb98c297f8ac9cef174.jpg,C:\Users\venka\Documents\Project\data\processed\test\pitting\204_JPG.rf.f04d4d025923aeb98c297f8ac9cef174.jpg
209_JPG,2,1,3,pitting,pitting,True,209_JPG.rf.5b90d37d0af69d6dd9369b2c982b7fca.jpg,C:\Users\venka\Documents\Project\data\processed\train\pitting\209_JPG.rf.5b90d37d0af69d6dd9369b2c982b7fca.jpg,209_JPG.rf.55565a335358f438ed25a37cc3bd83a0.jpg,C:\Users\venka\Documents\Project\data\processed\test\pitting\209_JPG.rf.55565a335358f438ed25a37cc3bd83a0.jpg
210_JPG,2,1,3,pitting,pitting,True,210_JPG.rf.6456e9af2307c3bc57fe3d3b47aef419.jpg,C:\Users\venka\Documents\Project\data\processed\train\pitting\210_JPG.rf.6456e9af2307c3bc57fe3d3b47aef419.jpg,210_JPG.rf.a60fa528afbbf6bf1b01e626d5e8c691.jpg,C:\Users\venka\Documents\Project\data\processed\test\pitting\210_JPG.rf.a60fa528afbbf6bf1b01e626d5e8c691.jpg
217_JPG,2,1,3,pitting,pitting,True,217_JPG.rf.3cc6d0be1b7a8e7717775330c19d0b78.jpg,C:\Users\venka\Documents\Project\data\processed\train\pitting\217_JPG.rf.3cc6d0be1b7a8e7717775330c19d0b78.jpg,217_JPG.rf.5410f1eff5eda1ff303d0eb4537173c4.jpg,C:\Users\venka\Documents\Project\data\processed\test\pitting\217_JPG.rf.5410f1eff5eda1ff303d0eb4537173c4.jpg
21_JPG,2,1,3,pitting,pitting,True,21_JPG.rf.2f51aa54bd6d7e09e875d499ce03bc3a.jpg,C:\Users\venka\Documents\Project\data\processed\train\pitting\21_JPG.rf.2f51aa54bd6d7e09e875d499ce03bc3a.jpg,21_JPG.rf.0d8da1c0a488e4f659d4a200c6b815c5.jpg,C:\Users\venka\Documents\Project\data\processed\test\pitting\21_JPG.rf.0d8da1c0a488e4f659d4a200c6b815c5.jpg
220_JPG,2,1,3,pitting,pitting,True,220_JPG.rf.626a9bc7130d62fab9b22783b2b4213c.jpg,C:\Users\venka\Documents\Project\data\processed\train\pitting\220_JPG.rf.626a9bc7130d62fab9b22783b2b4213c.jpg,220_JPG.rf.79cdc4c45e68afed0c6d3fce5ca4c877.jpg,C:\Users\venka\Documents\Project\data\processed\test\pitting\220_JPG.rf.79cdc4c45e68afed0c6d3fce5ca4c877.jpg
223_JPG,2,1,3,pitting,pitting,True,223_JPG.rf.0b35b71a3138785e3ec055e2672b6caa.jpg,C:\Users\venka\Documents\Project\data\processed\train\pitting\223_JPG.rf.0b35b71a3138785e3ec055e2672b6caa.jpg,223_JPG.rf.be844140328cb31f01a0bf604c9e78b2.jpg,C:\Users\venka\Documents\Project\data\processed\test\pitting\223_JPG.rf.be844140328cb31f01a0bf604c9e78b2.jpg
230_jpg,2,1,3,pitting,pitting,True,230_jpg.rf.321a99397649485c8359ae2d7483e7bc.jpg,C:\Users\venka\Documents\Project\data\processed\train\pitting\230_jpg.rf.321a99397649485c8359ae2d7483e7bc.jpg,230_jpg.rf.25ab4a665db508eeaa05cb42a23a01b4.jpg,C:\Users\venka\Documents\Project\data\processed\test\pitting\230_jpg.rf.25ab4a665db508eeaa05cb42a23a01b4.jpg
235_JPG,2,1,3,pitting,pitting,True,235_JPG.rf.02dcaadb11de79a4bc6ba22098fddf93.jpg,C:\Users\venka\Documents\Project\data\processed\train\pitting\235_JPG.rf.02dcaadb11de79a4bc6ba22098fddf93.jpg,235_JPG.rf.61804fcdecfc67c1160427a55bbcc005.jpg,C:\Users\venka\Documents\Project\data\processed\test\pitting\235_JPG.rf.61804fcdecfc67c1160427a55bbcc005.jpg
236_jpg,2,1,3,pitting,pitting,True,236_jpg.rf.31cf1d03ddc15b2c35c9ccb9d7186a31.jpg,C:\Users\venka\Documents\Project\data\processed\train\pitting\236_jpg.rf.31cf1d03ddc15b2c35c9ccb9d7186a31.jpg,236_jpg.rf.175aa87e91db30ae9e729392ddb794ec.jpg,C:\Users\venka\Documents\Project\data\processed\test\pitting\236_jpg.rf.175aa87e91db30ae9e729392ddb794ec.jpg
238_JPG,1,2,3,pitting,pitting,True,238_JPG.rf.20d959ae7b6b33ca63203d0934b8297f.jpg,C:\Users\venka\Documents\Project\data\processed\train\pitting\238_JPG.rf.20d959ae7b6b33ca63203d0934b8297f.jpg,238_JPG.rf.4d8483d735627e4e5876bf8a49011a54.jpg,C:\Users\venka\Documents\Project\data\processed\test\pitting\238_JPG.rf.4d8483d735627e4e5876bf8a49011a54.jpg
241_JPG,2,1,3,pitting,pitting,True,241_JPG.rf.5dabd378e6459ecf481f056debe58fab.jpg,C:\Users\venka\Documents\Project\data\processed\train\pitting\241_JPG.rf.5dabd378e6459ecf481f056debe58fab.jpg,241_JPG.rf.01131a383281b2d3a43e1f1b3946ac68.jpg,C:\Users\venka\Documents\Project\data\processed\test\pitting\241_JPG.rf.01131a383281b2d3a43e1f1b3946ac68.jpg
243_jpg,2,1,3,pitting,pitting,True,243_jpg.rf.505a223a7429698ae7185822cf949dde.jpg,C:\Users\venka\Documents\Project\data\processed\train\pitting\243_jpg.rf.505a223a7429698ae7185822cf949dde.jpg,243_jpg.rf.8bfdedf7f519567f3a947c35f6274825.jpg,C:\Users\venka\Documents\Project\data\processed\test\pitting\243_jpg.rf.8bfdedf7f519567f3a947c35f6274825.jpg
247_JPG,2,1,3,pitting,pitting,True,247_JPG.rf.16bbdff3613db22b6c4234cbdb124da9.jpg,C:\Users\venka\Documents\Project\data\processed\train\pitting\247_JPG.rf.16bbdff3613db22b6c4234cbdb124da9.jpg,247_JPG.rf.819163fb6c1e870cd170a927ef66b72a.jpg,C:\Users\venka\Documents\Project\data\processed\test\pitting\247_JPG.rf.819163fb6c1e870cd170a927ef66b72a.jpg
251_JPG,1,2,3,pitting,pitting,True,251_JPG.rf.ac0206136ba536a95b9c2a7dc3276740.jpg,C:\Users\venka\Documents\Project\data\processed\train\pitting\251_JPG.rf.ac0206136ba536a95b9c2a7dc3276740.jpg,251_JPG.rf.0d21198c91d51724b676862bf62321fe.jpg,C:\Users\venka\Documents\Project\data\processed\test\pitting\251_JPG.rf.0d21198c91d51724b676862bf62321fe.jpg
265_jpg,2,1,3,pitting,pitting,True,265_jpg.rf.8e4db8b799af02e02b8c6d33b3d5cdbf.jpg,C:\Users\venka\Documents\Project\data\processed\train\pitting\265_jpg.rf.8e4db8b799af02e02b8c6d33b3d5cdbf.jpg,265_jpg.rf.d2ae9c48bc4375dc04b662a9685143e4.jpg,C:\Users\venka\Documents\Project\data\processed\test\pitting\265_jpg.rf.d2ae9c48bc4375dc04b662a9685143e4.jpg
273_JPG,1,2,3,pitting,pitting,True,273_JPG.rf.a17d927fb5655c7b7dd884e03f9b277c.jpg,C:\Users\venka\Documents\Project\data\processed\train\pitting\273_JPG.rf.a17d927fb5655c7b7dd884e03f9b277c.jpg,273_JPG.rf.9c5a81574acc80fd7cce0549f7a0dfe2.jpg,C:\Users\venka\Documents\Project\data\processed\test\pitting\273_JPG.rf.9c5a81574acc80fd7cce0549f7a0dfe2.jpg
283_JPG,1,2,3,pitting,pitting,True,283_JPG.rf.96c9fd733181c4447a26a3e5ea258f63.jpg,C:\Users\venka\Documents\Project\data\processed\train\pitting\283_JPG.rf.96c9fd733181c4447a26a3e5ea258f63.jpg,283_JPG.rf.41d5680f45c8cd1b3aaaf76599d9d428.jpg,C:\Users\venka\Documents\Project\data\processed\test\pitting\283_JPG.rf.41d5680f45c8cd1b3aaaf76599d9d428.jpg
289_jpg,2,1,3,pitting,pitting,True,289_jpg.rf.533ea893541ad38ef206729b3889ea67.jpg,C:\Users\venka\Documents\Project\data\processed\train\pitting\289_jpg.rf.533ea893541ad38ef206729b3889ea67.jpg,289_jpg.rf.adaebf2016e6656aac1c829f0db8b7c8.jpg,C:\Users\venka\Documents\Project\data\processed\test\pitting\289_jpg.rf.adaebf2016e6656aac1c829f0db8b7c8.jpg
309_JPG,1,2,3,pitting,pitting,True,309_JPG.rf.06738fac10d22c0918433043c5449ac5.jpg,C:\Users\venka\Documents\Project\data\processed\train\pitting\309_JPG.rf.06738fac10d22c0918433043c5449ac5.jpg,309_JPG.rf.4985a709f5e77f90039519e74350bd0f.jpg,C:\Users\venka\Documents\Project\data\processed\test\pitting\309_JPG.rf.4985a709f5e77f90039519e74350bd0f.jpg
318_JPG,2,1,3,pitting,pitting,True,318_JPG.rf.41efb3b8b336178b573e4dae6663172a.jpg,C:\Users\venka\Documents\Project\data\processed\train\pitting\318_JPG.rf.41efb3b8b336178b573e4dae6663172a.jpg,318_JPG.rf.c0173ec94d0de1ff51a674fa12baaa1a.jpg,C:\Users\venka\Documents\Project\data\processed\test\pitting\318_JPG.rf.c0173ec94d0de1ff51a674fa12baaa1a.jpg
32_JPG,2,1,3,pitting,pitting,True,32_JPG.rf.28185df2bf20bbcb582dde9401766487.jpg,C:\Users\venka\Documents\Project\data\processed\train\pitting\32_JPG.rf.28185df2bf20bbcb582dde9401766487.jpg,32_JPG.rf.114ba82648617c3c660c156c86c27411.jpg,C:\Users\venka\Documents\Project\data\processed\test\pitting\32_JPG.rf.114ba82648617c3c660c156c86c27411.jpg
3537c880a6f711e688859b4b6be08695-Fig_3A_red-purple_discoloration_JPG,1,2,3,blue_finger,blue_finger,True,3537c880a6f711e688859b4b6be08695-Fig_3A_red-purple_discoloration_JPG.rf.fc2c3f684022d800e190d34a49b861d2.jpg,C:\Users\venka\Documents\Project\data\processed\train\blue_finger\3537c880a6f711e688859b4b6be08695-Fig_3A_red-purple_discoloration_JPG.rf.fc2c3f684022d800e190d34a49b861d2.jpg,3537c880a6f711e688859b4b6be08695-Fig_3A_red-purple_discoloration_JPG.rf.61c1f59c35c9ae93a89c356b3d0786eb.jpg,C:\Users\venka\Documents\Project\data\processed\test\blue_finger\3537c880a6f711e688859b4b6be08695-Fig_3A_red-purple_discoloration_JPG.rf.61c1f59c35c9ae93a89c356b3d0786eb.jpg
35_JPG,1,2,3,pitting,pitting,True,35_JPG.rf.b89f7b9dbe569337ee20815ab6339c9b.jpg,C:\Users\venka\Documents\Project\data\processed\train\pitting\35_JPG.rf.b89f7b9dbe569337ee20815ab6339c9b.jpg,35_JPG.rf.5db35122afc917faf80e5db480912c5f.jpg,C:\Users\venka\Documents\Project\data\processed\test\pitting\35_JPG.rf.5db35122afc917faf80e5db480912c5f.jpg
36_JPG,2,1,3,pitting,pitting,True,36_JPG.rf.49095ac760ad8a22452e00d4544a23e1.jpg,C:\Users\venka\Documents\Project\data\processed\train\pitting\36_JPG.rf.49095ac760ad8a22452e00d4544a23e1.jpg,36_JPG.rf.e4d2c9ab6bac2d84db3beaf02384f973.jpg,C:\Users\venka\Documents\Project\data\processed\test\pitting\36_JPG.rf.e4d2c9ab6bac2d84db3beaf02384f973.jpg
37_JPG,2,1,3,pitting,pitting,True,37_JPG.rf.eaefa3a2b9fcd0f40d3ea3310580948e.jpg,C:\Users\venka\Documents\Project\data\processed\train\pitting\37_JPG.rf.eaefa3a2b9fcd0f40d3ea3310580948e.jpg,37_JPG.rf.192c2d6c4ef6ef0cb0b7a6a405665545.jpg,C:\Users\venka\Documents\Project\data\processed\test\pitting\37_JPG.rf.192c2d6c4ef6ef0cb0b7a6a405665545.jpg
4229e494114681c808066e262f2f82ad1c89676d_jpg,2,1,3,Acral_Lentiginous_Melanoma,Acral_Lentiginous_Melanoma,True,4229e494114681c808066e262f2f82ad1c89676d_jpg.rf.9d151d7348b779653542fc6cd8cfb04f.jpg,C:\Users\venka\Documents\Project\data\processed\train\Acral_Lentiginous_Melanoma\4229e494114681c808066e262f2f82ad1c89676d_jpg.rf.9d151d7348b779653542fc6cd8cfb04f.jpg,4229e494114681c808066e262f2f82ad1c89676d_jpg.rf.c06c1d1f4666c86b4d9c077d67cf65d6.jpg,C:\Users\venka\Documents\Project\data\processed\test\Acral_Lentiginous_Melanoma\4229e494114681c808066e262f2f82ad1c89676d_jpg.rf.c06c1d1f4666c86b4d9c077d67cf65d6.jpg
42_JPG,2,1,3,pitting,pitting,True,42_JPG.rf.01bda6e256fc34feb9044b359a8ec6b8.jpg,C:\Users\venka\Documents\Project\data\processed\train\pitting\42_JPG.rf.01bda6e256fc34feb9044b359a8ec6b8.jpg,42_JPG.rf.f2972615668faac9416c0197d4bdc672.jpg,C:\Users\venka\Documents\Project\data\processed\test\pitting\42_JPG.rf.f2972615668faac9416c0197d4bdc672.jpg
50_JPG,2,1,3,pitting,pitting,True,50_JPG.rf.22c19ec46f57922b690635c85b07cb3e.jpg,C:\Users\venka\Documents\Project\data\processed\train\pitting\50_JPG.rf.22c19ec46f57922b690635c85b07cb3e.jpg,50_JPG.rf.e0ba358b4003b7242e5e2818cc1e649a.jpg,C:\Users\venka\Documents\Project\data\processed\test\pitting\50_JPG.rf.e0ba358b4003b7242e5e2818cc1e649a.jpg
53_JPG,2,1,3,pitting,pitting,True,53_JPG.rf.b2f378feaad13383cb6d59aaa3cb30e4.jpg,C:\Users\venka\Documents\Project\data\processed\train\pitting\53_JPG.rf.b2f378feaad13383cb6d59aaa3cb30e4.jpg,53_JPG.rf.ffd7ef85d81866daa66f9e2975221f58.jpg,C:\Users\venka\Documents\Project\data\processed\test\pitting\53_JPG.rf.ffd7ef85d81866daa66f9e2975221f58.jpg
56_JPG,2,1,3,pitting,pitting,True,56_JPG.rf.899c6d4e38f150c88f4cd99d3a1ef638.jpg,C:\Users\venka\Documents\Project\data\processed\train\pitting\56_JPG.rf.899c6d4e38f150c88f4cd99d3a1ef638.jpg,56_JPG.rf.d6b262b70e48930c46cd7301d8dd7a6a.jpg,C:\Users\venka\Documents\Project\data\processed\test\pitting\56_JPG.rf.d6b262b70e48930c46cd7301d8dd7a6a.jpg
59_JPG,2,1,3,pitting,pitting,True,59_JPG.rf.06d80799e75b70535a3bb10acc9129ff.jpg,C:\Users\venka\Documents\Project\data\processed\train\pitting\59_JPG.rf.06d80799e75b70535a3bb10acc9129ff.jpg,59_JPG.rf.88f3c5a80b9adb532a6aff2bdd132c0a.jpg,C:\Users\venka\Documents\Project\data\processed\test\pitting\59_JPG.rf.88f3c5a80b9adb532a6aff2bdd132c0a.jpg
5_JPG,2,1,3,pitting,pitting,True,5_JPG.rf.c53d95c715570696af26c33038120342.jpg,C:\Users\venka\Documents\Project\data\processed\train\pitting\5_JPG.rf.c53d95c715570696af26c33038120342.jpg,5_JPG.rf.d28647ea5bb64e4906c8465d44a445dc.jpg,C:\Users\venka\Documents\Project\data\processed\test\pitting\5_JPG.rf.d28647ea5bb64e4906c8465d44a445dc.jpg
65_JPG,2,1,3,pitting,pitting,True,65_JPG.rf.461d043a36ca4b19b39ff991b623757c.jpg,C:\Users\venka\Documents\Project\data\processed\train\pitting\65_JPG.rf.461d043a36ca4b19b39ff991b623757c.jpg,65_JPG.rf.0115ec5ab2ddb2ed7afc5fcbd81a7b69.jpg,C:\Users\venka\Documents\Project\data\processed\test\pitting\65_JPG.rf.0115ec5ab2ddb2ed7afc5fcbd81a7b69.jpg
68_JPG,2,1,3,pitting,pitting,True,68_JPG.rf.7ed348860e085a4f394628b41a0e0bfa.jpg,C:\Users\venka\Documents\Project\data\processed\train\pitting\68_JPG.rf.7ed348860e085a4f394628b41a0e0bfa.jpg,68_JPG.rf.6e5d511a034d29e957521853eb7ac0d1.jpg,C:\Users\venka\Documents\Project\data\processed\test\pitting\68_JPG.rf.6e5d511a034d29e957521853eb7ac0d1.jpg
74_JPG,2,1,3,pitting,pitting,True,74_JPG.rf.457f76d569723b0ed023461f84205576.jpg,C:\Users\venka\Documents\Project\data\processed\train\pitting\74_JPG.rf.457f76d569723b0ed023461f84205576.jpg,74_JPG.rf.9e7e62d364ecb759e14ed32e2f9d2f59.jpg,C:\Users\venka\Documents\Project\data\processed\test\pitting\74_JPG.rf.9e7e62d364ecb759e14ed32e2f9d2f59.jpg
89_JPG,2,1,3,pitting,pitting,True,89_JPG.rf.381a352dbf39017aa20f01d42ab2375e.jpg,C:\Users\venka\Documents\Project\data\processed\train\pitting\89_JPG.rf.381a352dbf39017aa20f01d42ab2375e.jpg,89_JPG.rf.a7e857ea3d6cc588b3320d9e7f89df5c.jpg,C:\Users\venka\Documents\Project\data\processed\test\pitting\89_JPG.rf.a7e857ea3d6cc588b3320d9e7f89df5c.jpg
91_JPG,1,2,3,pitting,pitting,True,91_JPG.rf.c43f89e14a89edcf468338e46de45045.jpg,C:\Users\venka\Documents\Project\data\processed\train\pitting\91_JPG.rf.c43f89e14a89edcf468338e46de45045.jpg,91_JPG.rf.b56309309c23729cfd2c81e73f627bc9.jpg,C:\Users\venka\Documents\Project\data\processed\test\pitting\91_JPG.rf.b56309309c23729cfd2c81e73f627bc9.jpg
9_JPG,2,1,3,pitting,pitting,True,9_JPG.rf.26af31ebdab31f93e109850bc33d2cf7.jpg,C:\Users\venka\Documents\Project\data\processed\train\pitting\9_JPG.rf.26af31ebdab31f93e109850bc33d2cf7.jpg,9_JPG.rf.874798f3e0533bd9bfed669c294bfd2e.jpg,C:\Users\venka\Documents\Project\data\processed\test\pitting\9_JPG.rf.874798f3e0533bd9bfed669c294bfd2e.jpg
Screen-Shot-2021-10-15-at-10-36-15-AM_png,1,2,3,blue_finger,blue_finger,True,Screen-Shot-2021-10-15-at-10-36-15-AM_png.rf.630e34a3991ea4e3cbe7687696b545e0.jpg,C:\Users\venka\Documents\Project\data\processed\train\blue_finger\Screen-Shot-2021-10-15-at-10-36-15-AM_png.rf.630e34a3991ea4e3cbe7687696b545e0.jpg,Screen-Shot-2021-10-15-at-10-36-15-AM_png.rf.07fe9e00799550cf0f7834112b8b1a9d.jpg,C:\Users\venka\Documents\Project\data\processed\test\blue_finger\Screen-Shot-2021-10-15-at-10-36-15-AM_png.rf.07fe9e00799550cf0f7834112b8b1a9d.jpg
Screen-Shot-2021-10-15-at-10-36-41-AM_png,2,1,3,blue_finger,blue_finger,True,Screen-Shot-2021-10-15-at-10-36-41-AM_png.rf.d392dd9a7f5d7fbdf29bcab52d53c7a5.jpg,C:\Users\venka\Documents\Project\data\processed\train\blue_finger\Screen-Shot-2021-10-15-at-10-36-41-AM_png.rf.d392dd9a7f5d7fbdf29bcab52d53c7a5.jpg,Screen-Shot-2021-10-15-at-10-36-41-AM_png.rf.ead8fc33ed8772a6c1493ae9e7109253.jpg,C:\Users\venka\Documents\Project\data\processed\test\blue_finger\Screen-Shot-2021-10-15-at-10-36-41-AM_png.rf.ead8fc33ed8772a6c1493ae9e7109253.jpg
Screen-Shot-2021-10-15-at-10-38-37-AM_png,1,2,3,blue_finger,blue_finger,True,Screen-Shot-2021-10-15-at-10-38-37-AM_png.rf.114a90af2ccf0acf753866f12dc37795.jpg,C:\Users\venka\Documents\Project\data\processed\train\blue_finger\Screen-Shot-2021-10-15-at-10-38-37-AM_png.rf.114a90af2ccf0acf753866f12dc37795.jpg,Screen-Shot-2021-10-15-at-10-38-37-AM_png.rf.0070f2e5afc63e4dbe2ccf36a8992c91.jpg,C:\Users\venka\Documents\Project\data\processed\test\blue_finger\Screen-Shot-2021-10-15-at-10-38-37-AM_png.rf.0070f2e5afc63e4dbe2ccf36a8992c91.jpg
Screen-Shot-2021-10-15-at-10-39-17-AM_png,2,1,3,blue_finger,blue_finger,True,Screen-Shot-2021-10-15-at-10-39-17-AM_png.rf.08662d7ad2c77050943ee4efd1daaad2.jpg,C:\Users\venka\Documents\Project\data\processed\train\blue_finger\Screen-Shot-2021-10-15-at-10-39-17-AM_png.rf.08662d7ad2c77050943ee4efd1daaad2.jpg,Screen-Shot-2021-10-15-at-10-39-17-AM_png.rf.3511fce5a257d00f145d61aba9123e8c.jpg,C:\Users\venka\Documents\Project\data\processed\test\blue_finger\Screen-Shot-2021-10-15-at-10-39-17-AM_png.rf.3511fce5a257d00f145d61aba9123e8c.jpg
Screen-Shot-2021-10-15-at-10-39-29-AM_png,2,1,3,blue_finger,blue_finger,True,Screen-Shot-2021-10-15-at-10-39-29-AM_png.rf.43dea15ff5f2e8319e6530692f83e83e.jpg,C:\Users\venka\Documents\Project\data\processed\train\blue_finger\Screen-Shot-2021-10-15-at-10-39-29-AM_png.rf.43dea15ff5f2e8319e6530692f83e83e.jpg,Screen-Shot-2021-10-15-at-10-39-29-AM_png.rf.c55061cef102fdab5dcb7ecc681b98c1.jpg,C:\Users\venka\Documents\Project\data\processed\test\blue_finger\Screen-Shot-2021-10-15-at-10-39-29-AM_png.rf.c55061cef102fdab5dcb7ecc681b98c1.jpg
Screen-Shot-2021-10-15-at-10-39-37-AM_png,2,1,3,blue_finger,blue_finger,True,Screen-Shot-2021-10-15-at-10-39-37-AM_png.rf.3cfa1f6010b3ff435758371214ea58a7.jpg,C:\Users\venka\Documents\Project\data\processed\train\blue_finger\Screen-Shot-2021-10-15-at-10-39-37-AM_png.rf.3cfa1f6010b3ff435758371214ea58a7.jpg,Screen-Shot-2021-10-15-at-10-39-37-AM_png.rf.a5656d52ec986465d46d9c237e9491fb.jpg,C:\Users\venka\Documents\Project\data\processed\test\blue_finger\Screen-Shot-2021-10-15-at-10-39-37-AM_png.rf.a5656d52ec986465d46d9c237e9491fb.jpg
Screen-Shot-2021-10-15-at-10-40-07-AM_png,2,1,3,blue_finger,blue_finger,True,Screen-Shot-2021-10-15-at-10-40-07-AM_png.rf.72e7211045099ae996482c659fc70f6c.jpg,C:\Users\venka\Documents\Project\data\processed\train\blue_finger\Screen-Shot-2021-10-15-at-10-40-07-AM_png.rf.72e7211045099ae996482c659fc70f6c.jpg,Screen-Shot-2021-10-15-at-10-40-07-AM_png.rf.ac1bd481a7768d536d4b898885ff708f.jpg,C:\Users\venka\Documents\Project\data\processed\test\blue_finger\Screen-Shot-2021-10-15-at-10-40-07-AM_png.rf.ac1bd481a7768d536d4b898885ff708f.jpg
Screen-Shot-2021-10-15-at-10-43-46-AM_png,1,2,3,blue_finger,blue_finger,True,Screen-Shot-2021-10-15-at-10-43-46-AM_png.rf.2ec017a0008bf0a37eabcbef562a0a65.jpg,C:\Users\venka\Documents\Project\data\processed\train\blue_finger\Screen-Shot-2021-10-15-at-10-43-46-AM_png.rf.2ec017a0008bf0a37eabcbef562a0a65.jpg,Screen-Shot-2021-10-15-at-10-43-46-AM_png.rf.020015f536c0f6cd8b87421b50930bf2.jpg,C:\Users\venka\Documents\Project\data\processed\test\blue_finger\Screen-Shot-2021-10-15-at-10-43-46-AM_png.rf.020015f536c0f6cd8b87421b50930bf2.jpg
Screen-Shot-2021-10-15-at-10-44-24-AM_png,2,1,3,blue_finger,blue_finger,True,Screen-Shot-2021-10-15-at-10-44-24-AM_png.rf.4240c80dea7f7e961db681725c6db17f.jpg,C:\Users\venka\Documents\Project\data\processed\train\blue_finger\Screen-Shot-2021-10-15-at-10-44-24-AM_png.rf.4240c80dea7f7e961db681725c6db17f.jpg,Screen-Shot-2021-10-15-at-10-44-24-AM_png.rf.0fc15e7d1ca7e1dd1009010d21c4b025.jpg,C:\Users\venka\Documents\Project\data\processed\test\blue_finger\Screen-Shot-2021-10-15-at-10-44-24-AM_png.rf.0fc15e7d1ca7e1dd1009010d21c4b025.jpg
Screen-Shot-2021-10-15-at-10-51-25-AM_png,2,1,3,blue_finger,blue_finger,True,Screen-Shot-2021-10-15-at-10-51-25-AM_png.rf.60e4fb7f10ec022e5fedd823738ea07b.jpg,C:\Users\venka\Documents\Project\data\processed\train\blue_finger\Screen-Shot-2021-10-15-at-10-51-25-AM_png.rf.60e4fb7f10ec022e5fedd823738ea07b.jpg,Screen-Shot-2021-10-15-at-10-51-25-AM_png.rf.a3d1d5f2dd4092e4490eb46d145115e6.jpg,C:\Users\venka\Documents\Project\data\processed\test\blue_finger\Screen-Shot-2021-10-15-at-10-51-25-AM_png.rf.a3d1d5f2dd4092e4490eb46d145115e6.jpg
Screen-Shot-2021-10-15-at-11-10-13-AM_png,1,2,3,blue_finger,blue_finger,True,Screen-Shot-2021-10-15-at-11-10-13-AM_png.rf.4da16e750ba76f7575b8a15012648f75.jpg,C:\Users\venka\Documents\Project\data\processed\train\blue_finger\Screen-Shot-2021-10-15-at-11-10-13-AM_png.rf.4da16e750ba76f7575b8a15012648f75.jpg,Screen-Shot-2021-10-15-at-11-10-13-AM_png.rf.bef8259bdd3b9c60cf47440f0f271dfb.jpg,C:\Users\venka\Documents\Project\data\processed\test\blue_finger\Screen-Shot-2021-10-15-at-11-10-13-AM_png.rf.bef8259bdd3b9c60cf47440f0f271dfb.jpg
Screen-Shot-2021-10-15-at-11-11-16-AM_png,2,1,3,blue_finger,blue_finger,True,Screen-Shot-2021-10-15-at-11-11-16-AM_png.rf.00e40dff13b4b8b4947a0c4dbe41b008.jpg,C:\Users\venka\Documents\Project\data\processed\train\blue_finger\Screen-Shot-2021-10-15-at-11-11-16-AM_png.rf.00e40dff13b4b8b4947a0c4dbe41b008.jpg,Screen-Shot-2021-10-15-at-11-11-16-AM_png.rf.abb7e53099b9167c9c3665332cd601ca.jpg,C:\Users\venka\Documents\Project\data\processed\test\blue_finger\Screen-Shot-2021-10-15-at-11-11-16-AM_png.rf.abb7e53099b9167c9c3665332cd601ca.jpg
Screen-Shot-2021-10-15-at-11-11-25-AM_png,1,2,3,blue_finger,blue_finger,True,Screen-Shot-2021-10-15-at-11-11-25-AM_png.rf.553c39a411c6facdbd5142f7f6b58f91.jpg,C:\Users\venka\Documents\Project\data\processed\train\blue_finger\Screen-Shot-2021-10-15-at-11-11-25-AM_png.rf.553c39a411c6facdbd5142f7f6b58f91.jpg,Screen-Shot-2021-10-15-at-11-11-25-AM_png.rf.e2472a5d8eee70b2b3051b971684bbf2.jpg,C:\Users\venka\Documents\Project\data\processed\test\blue_finger\Screen-Shot-2021-10-15-at-11-11-25-AM_png.rf.e2472a5d8eee70b2b3051b971684bbf2.jpg
Screen-Shot-2021-10-15-at-9-30-50-AM_png,1,2,3,blue_finger,blue_finger,True,Screen-Shot-2021-10-15-at-9-30-50-AM_png.rf.5e0aeaa69c6a4a470c5374d7042b3b41.jpg,C:\Users\venka\Documents\Project\data\processed\train\blue_finger\Screen-Shot-2021-10-15-at-9-30-50-AM_png.rf.5e0aeaa69c6a4a470c5374d7042b3b41.jpg,Screen-Shot-2021-10-15-at-9-30-50-AM_png.rf.01a0b573ad637eb8c8e635e2af97687b.jpg,C:\Users\venka\Documents\Project\data\processed\test\blue_finger\Screen-Shot-2021-10-15-at-9-30-50-AM_png.rf.01a0b573ad637eb8c8e635e2af97687b.jpg
Screen-Shot-2021-10-15-at-9-30-55-AM_png,2,1,3,blue_finger,blue_finger,True,Screen-Shot-2021-10-15-at-9-30-55-AM_png.rf.25dd510176cef5fec6db091cee9c759d.jpg,C:\Users\venka\Documents\Project\data\processed\train\blue_finger\Screen-Shot-2021-10-15-at-9-30-55-AM_png.rf.25dd510176cef5fec6db091cee9c759d.jpg,Screen-Shot-2021-10-15-at-9-30-55-AM_png.rf.b6e8276f01038e40c634a684f6efea01.jpg,C:\Users\venka\Documents\Project\data\processed\test\blue_finger\Screen-Shot-2021-10-15-at-9-30-55-AM_png.rf.b6e8276f01038e40c634a684f6efea01.jpg
Screen-Shot-2021-10-26-at-10-56-07-AM_png,2,1,3,clubbing,clubbing,True,Screen-Shot-2021-10-26-at-10-56-07-AM_png.rf.063938d95097f6cb187caa368dcb9002.jpg,C:\Users\venka\Documents\Project\data\processed\train\clubbing\Screen-Shot-2021-10-26-at-10-56-07-AM_png.rf.063938d95097f6cb187caa368dcb9002.jpg,Screen-Shot-2021-10-26-at-10-56-07-AM_png.rf.ae07df95a8e9c42a2252e03674b66586.jpg,C:\Users\venka\Documents\Project\data\processed\test\clubbing\Screen-Shot-2021-10-26-at-10-56-07-AM_png.rf.ae07df95a8e9c42a2252e03674b66586.jpg
Screen-Shot-2021-10-26-at-11-06-37-AM_png,2,1,3,clubbing,clubbing,True,Screen-Shot-2021-10-26-at-11-06-37-AM_png.rf.4fb37b7cc00dcfecce3017d2df19a932.jpg,C:\Users\venka\Documents\Project\data\processed\train\clubbing\Screen-Shot-2021-10-26-at-11-06-37-AM_png.rf.4fb37b7cc00dcfecce3017d2df19a932.jpg,Screen-Shot-2021-10-26-at-11-06-37-AM_png.rf.848db8082735038b6d175424e105ecd1.jpg,C:\Users\venka\Documents\Project\data\processed\test\clubbing\Screen-Shot-2021-10-26-at-11-06-37-AM_png.rf.848db8082735038b6d175424e105ecd1.jpg
Screen-Shot-2021-10-26-at-12-09-28-PM_png,2,1,3,clubbing,clubbing,True,Screen-Shot-2021-10-26-at-12-09-28-PM_png.rf.2be80d9fdeb95f5c7a244377a4bb6c8c.jpg,C:\Users\venka\Documents\Project\data\processed\train\clubbing\Screen-Shot-2021-10-26-at-12-09-28-PM_png.rf.2be80d9fdeb95f5c7a244377a4bb6c8c.jpg,Screen-Shot-2021-10-26-at-12-09-28-PM_png.rf.1b2bfb63b6e848f2cb0257c23a2a356b.jpg,C:\Users\venka\Documents\Project\data\processed\test\clubbing\Screen-Shot-2021-10-26-at-12-09-28-PM_png.rf.1b2bfb63b6e848f2cb0257c23a2a356b.jpg
Screen-Shot-2021-10-26-at-12-10-09-PM_png,2,1,3,clubbing,clubbing,True,Screen-Shot-2021-10-26-at-12-10-09-PM_png.rf.477e73a6b9003758cf34932fd811d2f6.jpg,C:\Users\venka\Documents\Project\data\processed\train\clubbing\Screen-Shot-2021-10-26-at-12-10-09-PM_png.rf.477e73a6b9003758cf34932fd811d2f6.jpg,Screen-Shot-2021-10-26-at-12-10-09-PM_png.rf.f4c82e47c0a61911dfac76d4ea33990f.jpg,C:\Users\venka\Documents\Project\data\processed\test\clubbing\Screen-Shot-2021-10-26-at-12-10-09-PM_png.rf.f4c82e47c0a61911dfac76d4ea33990f.jpg
Screen-Shot-2021-10-26-at-12-11-28-PM_png,2,1,3,clubbing,clubbing,True,Screen-Shot-2021-10-26-at-12-11-28-PM_png.rf.4f993b88f526fd3ce51dc24eeae5b4d2.jpg,C:\Users\venka\Documents\Project\data\processed\train\clubbing\Screen-Shot-2021-10-26-at-12-11-28-PM_png.rf.4f993b88f526fd3ce51dc24eeae5b4d2.jpg,Screen-Shot-2021-10-26-at-12-11-28-PM_png.rf.15b3ed6c2c4a71a625e70dca3640efa7.jpg,C:\Users\venka\Documents\Project\data\processed\test\clubbing\Screen-Shot-2021-10-26-at-12-11-28-PM_png.rf.15b3ed6c2c4a71a625e70dca3640efa7.jpg
Screen-Shot-2021-10-26-at-12-15-17-PM_png,2,1,3,clubbing,clubbing,True,Screen-Shot-2021-10-26-at-12-15-17-PM_png.rf.c1e50a28832ff095988d5e1d850186f4.jpg,C:\Users\venka\Documents\Project\data\processed\train\clubbing\Screen-Shot-2021-10-26-at-12-15-17-PM_png.rf.c1e50a28832ff095988d5e1d850186f4.jpg,Screen-Shot-2021-10-26-at-12-15-17-PM_png.rf.ffbfed825ee6e11a40fc20fc3de957b3.jpg,C:\Users\venka\Documents\Project\data\processed\test\clubbing\Screen-Shot-2021-10-26-at-12-15-17-PM_png.rf.ffbfed825ee6e11a40fc20fc3de957b3.jpg
Screen-Shot-2021-10-26-at-12-17-59-PM_png,2,1,3,clubbing,clubbing,True,Screen-Shot-2021-10-26-at-12-17-59-PM_png.rf.8b3fbc1e278866942267ed53b66ff975.jpg,C:\Users\venka\Documents\Project\data\processed\train\clubbing\Screen-Shot-2021-10-26-at-12-17-59-PM_png.rf.8b3fbc1e278866942267ed53b66ff975.jpg,Screen-Shot-2021-10-26-at-12-17-59-PM_png.rf.8950a258a5ec8868257ad1be50b04757.jpg,C:\Users\venka\Documents\Project\data\processed\test\clubbing\Screen-Shot-2021-10-26-at-12-17-59-PM_png.rf.8950a258a5ec8868257ad1be50b04757.jpg
Screen-Shot-2021-10-26-at-12-18-05-PM_png,2,1,3,clubbing,clubbing,True,Screen-Shot-2021-10-26-at-12-18-05-PM_png.rf.dcc920ac1b5c3f77cd295ac04345ddde.jpg,C:\Users\venka\Documents\Project\data\processed\train\clubbing\Screen-Shot-2021-10-26-at-12-18-05-PM_png.rf.dcc920ac1b5c3f77cd295ac04345ddde.jpg,Screen-Shot-2021-10-26-at-12-18-05-PM_png.rf.c44192826aa24181590b3dc3ee04f513.jpg,C:\Users\venka\Documents\Project\data\processed\test\clubbing\Screen-Shot-2021-10-26-at-12-18-05-PM_png.rf.c44192826aa24181590b3dc3ee04f513.jpg
Screen-Shot-2021-10-26-at-12-20-45-PM_png,2,1,3,clubbing,clubbing,True,Screen-Shot-2021-10-26-at-12-20-45-PM_png.rf.583de11da78baa51994db66f17e9fa68.jpg,C:\Users\venka\Documents\Project\data\processed\train\clubbing\Screen-Shot-2021-10-26-at-12-20-45-PM_png.rf.583de11da78baa51994db66f17e9fa68.jpg,Screen-Shot-2021-10-26-at-12-20-45-PM_png.rf.825c42cb87cfc4149f8544f071197394.jpg,C:\Users\venka\Documents\Project\data\processed\test\clubbing\Screen-Shot-2021-10-26-at-12-20-45-PM_png.rf.825c42cb87cfc4149f8544f071197394.jpg
Screen-Shot-2021-11-16-at-10-23-59-PM_png,2,1,3,Onychogryphosis,Onychogryphosis,True,Screen-Shot-2021-11-16-at-10-23-59-PM_png.rf.007d72ae2853808ee06b8aa8a89534c1.jpg,C:\Users\venka\Documents\Project\data\processed\train\Onychogryphosis\Screen-Shot-2021-11-16-at-10-23-59-PM_png.rf.007d72ae2853808ee06b8aa8a89534c1.jpg,Screen-Shot-2021-11-16-at-10-23-59-PM_png.rf.474828b6f410e39be4baee0e07688b7e.jpg,C:\Users\venka\Documents\Project\data\processed\test\Onychogryphosis\Screen-Shot-2021-11-16-at-10-23-59-PM_png.rf.474828b6f410e39be4baee0e07688b7e.jpg
Screen-Shot-2021-11-16-at-10-50-37-PM_png,1,2,3,Onychogryphosis,Onychogryphosis,True,Screen-Shot-2021-11-16-at-10-50-37-PM_png.rf.6d5e04853cd30e846c7324e9f83a36fb.jpg,C:\Users\venka\Documents\Project\data\processed\train\Onychogryphosis\Screen-Shot-2021-11-16-at-10-50-37-PM_png.rf.6d5e04853cd30e846c7324e9f83a36fb.jpg,Screen-Shot-2021-11-16-at-10-50-37-PM_png.rf.7b004b66ab876390c38bd8539bd1f19d.jpg,C:\Users\venka\Documents\Project\data\processed\test\Onychogryphosis\Screen-Shot-2021-11-16-at-10-50-37-PM_png.rf.7b004b66ab876390c38bd8539bd1f19d.jpg
Screen-Shot-2021-11-16-at-10-50-56-PM_png,2,1,3,Onychogryphosis,Onychogryphosis,True,Screen-Shot-2021-11-16-at-10-50-56-PM_png.rf.5a7ed7987495a35b8a57ae7bd84df57c.jpg,C:\Users\venka\Documents\Project\data\processed\train\Onychogryphosis\Screen-Shot-2021-11-16-at-10-50-56-PM_png.rf.5a7ed7987495a35b8a57ae7bd84df57c.jpg,Screen-Shot-2021-11-16-at-10-50-56-PM_png.rf.30471892cf5172a23621ac3e2679f780.jpg,C:\Users\venka\Documents\Project\data\processed\test\Onychogryphosis\Screen-Shot-2021-11-16-at-10-50-56-PM_png.rf.30471892cf5172a23621ac3e2679f780.jpg
Screen-Shot-2021-11-16-at-6-58-19-PM_png,2,1,3,Acral_Lentiginous_Melanoma,Acral_Lentiginous_Melanoma,True,Screen-Shot-2021-11-16-at-6-58-19-PM_png.rf.9cddffff309be9e3f7890509edb9bb07.jpg,C:\Users\venka\Documents\Project\data\processed\train\Acral_Lentiginous_Melanoma\Screen-Shot-2021-11-16-at-6-58-19-PM_png.rf.9cddffff309be9e3f7890509edb9bb07.jpg,Screen-Shot-2021-11-16-at-6-58-19-PM_png.rf.936289f072e08cd50fed87f99dc64f17.jpg,C:\Users\venka\Documents\Project\data\processed\test\Acral_Lentiginous_Melanoma\Screen-Shot-2021-11-16-at-6-58-19-PM_png.rf.936289f072e08cd50fed87f99dc64f17.jpg
Screen-Shot-2021-11-16-at-6-58-26-PM_png,2,1,3,Acral_Lentiginous_Melanoma,Acral_Lentiginous_Melanoma,True,Screen-Shot-2021-11-16-at-6-58-26-PM_png.rf.3d0e902c8ee1e42b7b2c0da71f8f995d.jpg,C:\Users\venka\Documents\Project\data\processed\train\Acral_Lentiginous_Melanoma\Screen-Shot-2021-11-16-at-6-58-26-PM_png.rf.3d0e902c8ee1e42b7b2c0da71f8f995d.jpg,Screen-Shot-2021-11-16-at-6-58-26-PM_png.rf.78b42c8cf2d2d62451936631311b1bd5.jpg,C:\Users\venka\Documents\Project\data\processed\test\Acral_Lentiginous_Melanoma\Screen-Shot-2021-11-16-at-6-58-26-PM_png.rf.78b42c8cf2d2d62451936631311b1bd5.jpg
Screen-Shot-2021-11-16-at-6-59-48-PM_png,2,1,3,Acral_Lentiginous_Melanoma,Acral_Lentiginous_Melanoma,True,Screen-Shot-2021-11-16-at-6-59-48-PM_png.rf.66049a85053fb2a45d401a342ff99c77.jpg,C:\Users\venka\Documents\Project\data\processed\train\Acral_Lentiginous_Melanoma\Screen-Shot-2021-11-16-at-6-59-48-PM_png.rf.66049a85053fb2a45d401a342ff99c77.jpg,Screen-Shot-2021-11-16-at-6-59-48-PM_png.rf.cd1b9f38eb673fc5031ab4c7c9fda753.jpg,C:\Users\venka\Documents\Project\data\processed\test\Acral_Lentiginous_Melanoma\Screen-Shot-2021-11-16-at-6-59-48-PM_png.rf.cd1b9f38eb673fc5031ab4c7c9fda753.jpg
Screen-Shot-2021-11-16-at-7-00-57-PM_png,2,1,3,Acral_Lentiginous_Melanoma,Acral_Lentiginous_Melanoma,True,Screen-Shot-2021-11-16-at-7-00-57-PM_png.rf.6f6c4ca5497d9cfae7b6ea37745f5664.jpg,C:\Users\venka\Documents\Project\data\processed\train\Acral_Lentiginous_Melanoma\Screen-Shot-2021-11-16-at-7-00-57-PM_png.rf.6f6c4ca5497d9cfae7b6ea37745f5664.jpg,Screen-Shot-2021-11-16-at-7-00-57-PM_png.rf.ac7e0f8660912b0ad7d1e99ee16451f4.jpg,C:\Users\venka\Documents\Project\data\processed\test\Acral_Lentiginous_Melanoma\Screen-Shot-2021-11-16-at-7-00-57-PM_png.rf.ac7e0f8660912b0ad7d1e99ee16451f4.jpg
Screen-Shot-2021-11-16-at-7-01-17-PM_png,2,1,3,Acral_Lentiginous_Melanoma,Acral_Lentiginous_Melanoma,True,Screen-Shot-2021-11-16-at-7-01-17-PM_png.rf.065a88659d49bfd645a7cc8eeaa30ef6.jpg,C:\Users\venka\Documents\Project\data\processed\train\Acral_Lentiginous_Melanoma\Screen-Shot-2021-11-16-at-7-01-17-PM_png.rf.065a88659d49bfd645a7cc8eeaa30ef6.jpg,Screen-Shot-2021-11-16-at-7-01-17-PM_png.rf.f6e3ef0d310e1ee2779fce1ccf4b6d5a.jpg,C:\Users\venka\Documents\Project\data\processed\test\Acral_Lentiginous_Melanoma\Screen-Shot-2021-11-16-at-7-01-17-PM_png.rf.f6e3ef0d310e1ee2779fce1ccf4b6d5a.jpg
Screen-Shot-2021-11-16-at-7-05-55-PM_png,2,1,3,Acral_Lentiginous_Melanoma,Acral_Lentiginous_Melanoma,True,Screen-Shot-2021-11-16-at-7-05-55-PM_png.rf.8ae18bd5d3c105c8ffbf750cfdb76502.jpg,C:\Users\venka\Documents\Project\data\processed\train\Acral_Lentiginous_Melanoma\Screen-Shot-2021-11-16-at-7-05-55-PM_png.rf.8ae18bd5d3c105c8ffbf750cfdb76502.jpg,Screen-Shot-2021-11-16-at-7-05-55-PM_png.rf.ade918f28d20e9e407278ebfc3eb1892.jpg,C:\Users\venka\Documents\Project\data\processed\test\Acral_Lentiginous_Melanoma\Screen-Shot-2021-11-16-at-7-05-55-PM_png.rf.ade918f28d20e9e407278ebfc3eb1892.jpg
Screen-Shot-2021-11-16-at-7-06-53-PM_png,2,1,3,Acral_Lentiginous_Melanoma,Acral_Lentiginous_Melanoma,True,Screen-Shot-2021-11-16-at-7-06-53-PM_png.rf.0c6e5c12cef5b8ee058a679b30a9f423.jpg,C:\Users\venka\Documents\Project\data\processed\train\Acral_Lentiginous_Melanoma\Screen-Shot-2021-11-16-at-7-06-53-PM_png.rf.0c6e5c12cef5b8ee058a679b30a9f423.jpg,Screen-Shot-2021-11-16-at-7-06-53-PM_png.rf.301e227b232bf6691817ffc2ece5217f.jpg,C:\Users\venka\Documents\Project\data\processed\test\Acral_Lentiginous_Melanoma\Screen-Shot-2021-11-16-at-7-06-53-PM_png.rf.301e227b232bf6691817ffc2ece5217f.jpg
Screen-Shot-2021-11-16-at-7-07-46-PM_png,2,1,3,Acral_Lentiginous_Melanoma,Acral_Lentiginous_Melanoma,True,Screen-Shot-2021-11-16-at-7-07-46-PM_png.rf.a48a686aef013dd63447d4d69a29081d.jpg,C:\Users\venka\Documents\Project\data\processed\train\Acral_Lentiginous_Melanoma\Screen-Shot-2021-11-16-at-7-07-46-PM_png.rf.a48a686aef013dd63447d4d69a29081d.jpg,Screen-Shot-2021-11-16-at-7-07-46-PM_png.rf.229f8f3912643ac3f8d34ddf9bdc3d24.jpg,C:\Users\venka\Documents\Project\data\processed\test\Acral_Lentiginous_Melanoma\Screen-Shot-2021-11-16-at-7-07-46-PM_png.rf.229f8f3912643ac3f8d34ddf9bdc3d24.jpg
Screen-Shot-2021-11-16-at-7-07-58-PM_png,2,1,3,Acral_Lentiginous_Melanoma,Acral_Lentiginous_Melanoma,True,Screen-Shot-2021-11-16-at-7-07-58-PM_png.rf.8520c2ccb79299311e08229e9d543de1.jpg,C:\Users\venka\Documents\Project\data\processed\train\Acral_Lentiginous_Melanoma\Screen-Shot-2021-11-16-at-7-07-58-PM_png.rf.8520c2ccb79299311e08229e9d543de1.jpg,Screen-Shot-2021-11-16-at-7-07-58-PM_png.rf.3709c21322417722890579eef8538ea8.jpg,C:\Users\venka\Documents\Project\data\processed\test\Acral_Lentiginous_Melanoma\Screen-Shot-2021-11-16-at-7-07-58-PM_png.rf.3709c21322417722890579eef8538ea8.jpg
Screen-Shot-2021-11-16-at-7-10-55-PM_png,2,1,3,Acral_Lentiginous_Melanoma,Acral_Lentiginous_Melanoma,True,Screen-Shot-2021-11-16-at-7-10-55-PM_png.rf.0cca29b2e977cc1c016f633825b3bec5.jpg,C:\Users\venka\Documents\Project\data\processed\train\Acral_Lentiginous_Melanoma\Screen-Shot-2021-11-16-at-7-10-55-PM_png.rf.0cca29b2e977cc1c016f633825b3bec5.jpg,Screen-Shot-2021-11-16-at-7-10-55-PM_png.rf.98b46b85ecb9ecc122c1d6e0823ec4fd.jpg,C:\Users\venka\Documents\Project\data\processed\test\Acral_Lentiginous_Melanoma\Screen-Shot-2021-11-16-at-7-10-55-PM_png.rf.98b46b85ecb9ecc122c1d6e0823ec4fd.jpg
Screen-Shot-2021-11-16-at-7-12-11-PM_png,2,1,3,Acral_Lentiginous_Melanoma,Acral_Lentiginous_Melanoma,True,Screen-Shot-2021-11-16-at-7-12-11-PM_png.rf.5330f34e73a289d0f6050f8c6fa429d7.jpg,C:\Users\venka\Documents\Project\data\processed\train\Acral_Lentiginous_Melanoma\Screen-Shot-2021-11-16-at-7-12-11-PM_png.rf.5330f34e73a289d0f6050f8c6fa429d7.jpg,Screen-Shot-2021-11-16-at-7-12-11-PM_png.rf.35bd81c211094dbe7b79cfa959c66901.jpg,C:\Users\venka\Documents\Project\data\processed\test\Acral_Lentiginous_Melanoma\Screen-Shot-2021-11-16-at-7-12-11-PM_png.rf.35bd81c211094dbe7b79cfa959c66901.jpg
Screen-Shot-2021-11-16-at-7-12-20-PM_png,2,1,3,Acral_Lentiginous_Melanoma,Acral_Lentiginous_Melanoma,True,Screen-Shot-2021-11-16-at-7-12-20-PM_png.rf.3908abbbd4e1077dea3e8ef2bcae582d.jpg,C:\Users\venka\Documents\Project\data\processed\train\Acral_Lentiginous_Melanoma\Screen-Shot-2021-11-16-at-7-12-20-PM_png.rf.3908abbbd4e1077dea3e8ef2bcae582d.jpg,Screen-Shot-2021-11-16-at-7-12-20-PM_png.rf.a1e34811f9245102102eae95c74eb0b4.jpg,C:\Users\venka\Documents\Project\data\processed\test\Acral_Lentiginous_Melanoma\Screen-Shot-2021-11-16-at-7-12-20-PM_png.rf.a1e34811f9245102102eae95c74eb0b4.jpg
Screen-Shot-2021-11-16-at-7-13-16-PM_png,2,1,3,Acral_Lentiginous_Melanoma,Acral_Lentiginous_Melanoma,True,Screen-Shot-2021-11-16-at-7-13-16-PM_png.rf.496d05d7a69e1819083fdfaf5fa1b93c.jpg,C:\Users\venka\Documents\Project\data\processed\train\Acral_Lentiginous_Melanoma\Screen-Shot-2021-11-16-at-7-13-16-PM_png.rf.496d05d7a69e1819083fdfaf5fa1b93c.jpg,Screen-Shot-2021-11-16-at-7-13-16-PM_png.rf.e87e6b3b42c2bb13d3a83d4d400a5889.jpg,C:\Users\venka\Documents\Project\data\processed\test\Acral_Lentiginous_Melanoma\Screen-Shot-2021-11-16-at-7-13-16-PM_png.rf.e87e6b3b42c2bb13d3a83d4d400a5889.jpg
Screen-Shot-2021-11-16-at-7-13-54-PM_png,2,1,3,Acral_Lentiginous_Melanoma,Acral_Lentiginous_Melanoma,True,Screen-Shot-2021-11-16-at-7-13-54-PM_png.rf.604404857e62dbf438faef8b04fc2b8e.jpg,C:\Users\venka\Documents\Project\data\processed\train\Acral_Lentiginous_Melanoma\Screen-Shot-2021-11-16-at-7-13-54-PM_png.rf.604404857e62dbf438faef8b04fc2b8e.jpg,Screen-Shot-2021-11-16-at-7-13-54-PM_png.rf.45989c6f9448c034faaab9094b18ef39.jpg,C:\Users\venka\Documents\Project\data\processed\test\Acral_Lentiginous_Melanoma\Screen-Shot-2021-11-16-at-7-13-54-PM_png.rf.45989c6f9448c034faaab9094b18ef39.jpg
Screen-Shot-2021-11-16-at-7-14-06-PM_png,2,1,3,Acral_Lentiginous_Melanoma,Acral_Lentiginous_Melanoma,True,Screen-Shot-2021-11-16-at-7-14-06-PM_png.rf.2aecae26b41c6607aa3e8fb82380ee8b.jpg,C:\Users\venka\Documents\Project\data\processed\train\Acral_Lentiginous_Melanoma\Screen-Shot-2021-11-16-at-7-14-06-PM_png.rf.2aecae26b41c6607aa3e8fb82380ee8b.jpg,Screen-Shot-2021-11-16-at-7-14-06-PM_png.rf.d510d4c93a08ad1ea8ff2879954bbc54.jpg,C:\Users\venka\Documents\Project\data\processed\test\Acral_Lentiginous_Melanoma\Screen-Shot-2021-11-16-at-7-14-06-PM_png.rf.d510d4c93a08ad1ea8ff2879954bbc54.jpg
Screen-Shot-2021-11-16-at-7-14-19-PM_png,2,1,3,Acral_Lentiginous_Melanoma,Acral_Lentiginous_Melanoma,True,Screen-Shot-2021-11-16-at-7-14-19-PM_png.rf.480dc024039f5b0d5920f638b6260513.jpg,C:\Users\venka\Documents\Project\data\processed\train\Acral_Lentiginous_Melanoma\Screen-Shot-2021-11-16-at-7-14-19-PM_png.rf.480dc024039f5b0d5920f638b6260513.jpg,Screen-Shot-2021-11-16-at-7-14-19-PM_png.rf.b708150bce14b78522e00a91b26ebad0.jpg,C:\Users\venka\Documents\Project\data\processed\test\Acral_Lentiginous_Melanoma\Screen-Shot-2021-11-16-at-7-14-19-PM_png.rf.b708150bce14b78522e00a91b26ebad0.jpg
Screen-Shot-2021-11-16-at-7-17-45-PM_png,2,1,3,Acral_Lentiginous_Melanoma,Acral_Lentiginous_Melanoma,True,Screen-Shot-2021-11-16-at-7-17-45-PM_png.rf.4e961ed41504e15b9379f69e0142e801.jpg,C:\Users\venka\Documents\Project\data\processed\train\Acral_Lentiginous_Melanoma\Screen-Shot-2021-11-16-at-7-17-45-PM_png.rf.4e961ed41504e15b9379f69e0142e801.jpg,Screen-Shot-2021-11-16-at-7-17-45-PM_png.rf.cfc11a7bda850be0b92d371c2898d3ad.jpg,C:\Users\venka\Documents\Project\data\processed\test\Acral_Lentiginous_Melanoma\Screen-Shot-2021-11-16-at-7-17-45-PM_png.rf.cfc11a7bda850be0b92d371c2898d3ad.jpg
Screen-Shot-2021-11-19-at-1-00-57-AM_png,2,1,3,Acral_Lentiginous_Melanoma,Acral_Lentiginous_Melanoma,True,Screen-Shot-2021-11-19-at-1-00-57-AM_png.rf.08ee0d1d0382f4a438110d36516edb0a.jpg,C:\Users\venka\Documents\Project\data\processed\train\Acral_Lentiginous_Melanoma\Screen-Shot-2021-11-19-at-1-00-57-AM_png.rf.08ee0d1d0382f4a438110d36516edb0a.jpg,Screen-Shot-2021-11-19-at-1-00-57-AM_png.rf.a2258dc96f532e444028a5e4a4ffbc08.jpg,C:\Users\venka\Documents\Project\data\processed\test\Acral_Lentiginous_Melanoma\Screen-Shot-2021-11-19-at-1-00-57-AM_png.rf.a2258dc96f532e444028a5e4a4ffbc08.jpg
Screen-Shot-2021-11-19-at-1-26-44-AM_png,1,2,3,Acral_Lentiginous_Melanoma,Acral_Lentiginous_Melanoma,True,Screen-Shot-2021-11-19-at-1-26-44-AM_png.rf.69987dd26624413eeabf5faaaa779592.jpg,C:\Users\venka\Documents\Project\data\processed\train\Acral_Lentiginous_Melanoma\Screen-Shot-2021-11-19-at-1-26-44-AM_png.rf.69987dd26624413eeabf5faaaa779592.jpg,Screen-Shot-2021-11-19-at-1-26-44-AM_png.rf.03df3d79c9891041f8ab532e86611594.jpg,C:\Users\venka\Documents\Project\data\processed\test\Acral_Lentiginous_Melanoma\Screen-Shot-2021-11-19-at-1-26-44-AM_png.rf.03df3d79c9891041f8ab532e86611594.jpg
Screen-Shot-2021-11-19-at-1-31-21-AM_png,2,1,3,Acral_Lentiginous_Melanoma,Acral_Lentiginous_Melanoma,True,Screen-Shot-2021-11-19-at-1-31-21-AM_png.rf.4085cf3ec51108bae11eb0cbb95cf221.jpg,C:\Users\venka\Documents\Project\data\processed\train\Acral_Lentiginous_Melanoma\Screen-Shot-2021-11-19-at-1-31-21-AM_png.rf.4085cf3ec51108bae11eb0cbb95cf221.jpg,Screen-Shot-2021-11-19-at-1-31-21-AM_png.rf.95301877af646b998ed8900ceb1f9922.jpg,C:\Users\venka\Documents\Project\data\processed\test\Acral_Lentiginous_Melanoma\Screen-Shot-2021-11-19-at-1-31-21-AM_png.rf.95301877af646b998ed8900ceb1f9922.jpg
Screen-Shot-2021-11-19-at-1-37-53-AM_png,1,2,3,Acral_Lentiginous_Melanoma,Acral_Lentiginous_Melanoma,True,Screen-Shot-2021-11-19-at-1-37-53-AM_png.rf.f511cd781d9b147578221170aa89ea90.jpg,C:\Users\venka\Documents\Project\data\processed\train\Acral_Lentiginous_Melanoma\Screen-Shot-2021-11-19-at-1-37-53-AM_png.rf.f511cd781d9b147578221170aa89ea90.jpg,Screen-Shot-2021-11-19-at-1-37-53-AM_png.rf.86e9cbce0daafa7832fb3714a0db02b2.jpg,C:\Users\venka\Documents\Project\data\processed\test\Acral_Lentiginous_Melanoma\Screen-Shot-2021-11-19-at-1-37-53-AM_png.rf.86e9cbce0daafa7832fb3714a0db02b2.jpg
Screen-Shot-2021-11-19-at-1-38-40-AM_png,2,1,3,Acral_Lentiginous_Melanoma,Acral_Lentiginous_Melanoma,True,Screen-Shot-2021-11-19-at-1-38-40-AM_png.rf.1ac3e3db64655a0b6cc6cefb4d9ebd62.jpg,C:\Users\venka\Documents\Project\data\processed\train\Acral_Lentiginous_Melanoma\Screen-Shot-2021-11-19-at-1-38-40-AM_png.rf.1ac3e3db64655a0b6cc6cefb4d9ebd62.jpg,Screen-Shot-2021-11-19-at-1-38-40-AM_png.rf.92fc8206cceda2823ce5b41b7ea5a9c0.jpg,C:\Users\venka\Documents\Project\data\processed\test\Acral_Lentiginous_Melanoma\Screen-Shot-2021-11-19-at-1-38-40-AM_png.rf.92fc8206cceda2823ce5b41b7ea5a9c0.jpg
Screen-Shot-2021-11-19-at-1-38-57-AM_png,2,1,3,Acral_Lentiginous_Melanoma,Acral_Lentiginous_Melanoma,True,Screen-Shot-2021-11-19-at-1-38-57-AM_png.rf.28b1d2d0df0e12f68151cdc1c1c1e6ab.jpg,C:\Users\venka\Documents\Project\data\processed\train\Acral_Lentiginous_Melanoma\Screen-Shot-2021-11-19-at-1-38-57-AM_png.rf.28b1d2d0df0e12f68151cdc1c1c1e6ab.jpg,Screen-Shot-2021-11-19-at-1-38-57-AM_png.rf.b976b1f54cf785e66974724e4e4585fa.jpg,C:\Users\venka\Documents\Project\data\processed\test\Acral_Lentiginous_Melanoma\Screen-Shot-2021-11-19-at-1-38-57-AM_png.rf.b976b1f54cf785e66974724e4e4585fa.jpg
Screen-Shot-2021-11-19-at-1-43-17-AM_png,2,1,3,Acral_Lentiginous_Melanoma,Acral_Lentiginous_Melanoma,True,Screen-Shot-2021-11-19-at-1-43-17-AM_png.rf.1e261de98548c7717d13dde86d352773.jpg,C:\Users\venka\Documents\Project\data\processed\train\Acral_Lentiginous_Melanoma\Screen-Shot-2021-11-19-at-1-43-17-AM_png.rf.1e261de98548c7717d13dde86d352773.jpg,Screen-Shot-2021-11-19-at-1-43-17-AM_png.rf.1182e23c51367d6cfe89acbb693bf1ab.jpg,C:\Users\venka\Documents\Project\data\processed\test\Acral_Lentiginous_Melanoma\Screen-Shot-2021-11-19-at-1-43-17-AM_png.rf.1182e23c51367d6cfe89acbb693bf1ab.jpg
Screen-Shot-2021-11-19-at-1-45-52-AM_png,2,1,3,Acral_Lentiginous_Melanoma,Acral_Lentiginous_Melanoma,True,Screen-Shot-2021-11-19-at-1-45-52-AM_png.rf.8a74536f93e4c00f09e806e756c2ac08.jpg,C:\Users\venka\Documents\Project\data\processed\train\Acral_Lentiginous_Melanoma\Screen-Shot-2021-11-19-at-1-45-52-AM_png.rf.8a74536f93e4c00f09e806e756c2ac08.jpg,Screen-Shot-2021-11-19-at-1-45-52-AM_png.rf.59970b0d8735b67e97a6b322165ff8a4.jpg,C:\Users\venka\Documents\Project\data\processed\test\Acral_Lentiginous_Melanoma\Screen-Shot-2021-11-19-at-1-45-52-AM_png.rf.59970b0d8735b67e97a6b322165ff8a4.jpg
Screen-Shot-2021-11-19-at-1-54-25-AM_png,2,1,3,Acral_Lentiginous_Melanoma,Acral_Lentiginous_Melanoma,True,Screen-Shot-2021-11-19-at-1-54-25-AM_png.rf.acd80b0893b770fec3b558dc7dd40286.jpg,C:\Users\venka\Documents\Project\data\processed\train\Acral_Lentiginous_Melanoma\Screen-Shot-2021-11-19-at-1-54-25-AM_png.rf.acd80b0893b770fec3b558dc7dd40286.jpg,Screen-Shot-2021-11-19-at-1-54-25-AM_png.rf.6f719fe9b2f233b8253010a4e82d60e1.jpg,C:\Users\venka\Documents\Project\data\processed\test\Acral_Lentiginous_Melanoma\Screen-Shot-2021-11-19-at-1-54-25-AM_png.rf.6f719fe9b2f233b8253010a4e82d60e1.jpg
Screen-Shot-2021-11-19-at-1-54-57-AM_png,2,1,3,Acral_Lentiginous_Melanoma,Acral_Lentiginous_Melanoma,True,Screen-Shot-2021-11-19-at-1-54-57-AM_png.rf.78e522d7a56bc1af55a625aac84f9eb7.jpg,C:\Users\venka\Documents\Project\data\processed\train\Acral_Lentiginous_Melanoma\Screen-Shot-2021-11-19-at-1-54-57-AM_png.rf.78e522d7a56bc1af55a625aac84f9eb7.jpg,Screen-Shot-2021-11-19-at-1-54-57-AM_png.rf.28d1b22593c06e5dda8f58aac3c41d33.jpg,C:\Users\venka\Documents\Project\data\processed\test\Acral_Lentiginous_Melanoma\Screen-Shot-2021-11-19-at-1-54-57-AM_png.rf.28d1b22593c06e5dda8f58aac3c41d33.jpg
Screen-Shot-2021-11-19-at-1-55-04-AM_png,2,1,3,Acral_Lentiginous_Melanoma,Acral_Lentiginous_Melanoma,True,Screen-Shot-2021-11-19-at-1-55-04-AM_png.rf.2d175e3989539881845c596d8e4cbd6d.jpg,C:\Users\venka\Documents\Project\data\processed\train\Acral_Lentiginous_Melanoma\Screen-Shot-2021-11-19-at-1-55-04-AM_png.rf.2d175e3989539881845c596d8e4cbd6d.jpg,Screen-Shot-2021-11-19-at-1-55-04-AM_png.rf.042cf77f894b5b2a9af7bf094bb89e41.jpg,C:\Users\venka\Documents\Project\data\processed\test\Acral_Lentiginous_Melanoma\Screen-Shot-2021-11-19-at-1-55-04-AM_png.rf.042cf77f894b5b2a9af7bf094bb89e41.jpg
Screen-Shot-2021-11-19-at-1-56-09-AM_png,2,1,3,Acral_Lentiginous_Melanoma,Acral_Lentiginous_Melanoma,True,Screen-Shot-2021-11-19-at-1-56-09-AM_png.rf.b3ff6e906c189adfe13d84f2dfc83de3.jpg,C:\Users\venka\Documents\Project\data\processed\train\Acral_Lentiginous_Melanoma\Screen-Shot-2021-11-19-at-1-56-09-AM_png.rf.b3ff6e906c189adfe13d84f2dfc83de3.jpg,Screen-Shot-2021-11-19-at-1-56-09-AM_png.rf.353c99bb4a0569ff859a449ceedc8ec4.jpg,C:\Users\venka\Documents\Project\data\processed\test\Acral_Lentiginous_Melanoma\Screen-Shot-2021-11-19-at-1-56-09-AM_png.rf.353c99bb4a0569ff859a449ceedc8ec4.jpg
Screen-Shot-2021-11-19-at-1-56-53-AM_png,2,1,3,Acral_Lentiginous_Melanoma,Acral_Lentiginous_Melanoma,True,Screen-Shot-2021-11-19-at-1-56-53-AM_png.rf.379b0d343cbb4b9f9e7b1de7530659e7.jpg,C:\Users\venka\Documents\Project\data\processed\train\Acral_Lentiginous_Melanoma\Screen-Shot-2021-11-19-at-1-56-53-AM_png.rf.379b0d343cbb4b9f9e7b1de7530659e7.jpg,Screen-Shot-2021-11-19-at-1-56-53-AM_png.rf.13e734ae3291f05e68eb02889424a436.jpg,C:\Users\venka\Documents\Project\data\processed\test\Acral_Lentiginous_Melanoma\Screen-Shot-2021-11-19-at-1-56-53-AM_png.rf.13e734ae3291f05e68eb02889424a436.jpg
Screen-Shot-2021-11-19-at-12-37-14-AM_png,2,1,3,Acral_Lentiginous_Melanoma,Acral_Lentiginous_Melanoma,True,Screen-Shot-2021-11-19-at-12-37-14-AM_png.rf.3b727e95e0bd55c53792de10a574da8c.jpg,C:\Users\venka\Documents\Project\data\processed\train\Acral_Lentiginous_Melanoma\Screen-Shot-2021-11-19-at-12-37-14-AM_png.rf.3b727e95e0bd55c53792de10a574da8c.jpg,Screen-Shot-2021-11-19-at-12-37-14-AM_png.rf.a69cedffa7f913f6ece573e56db1d965.jpg,C:\Users\venka\Documents\Project\data\processed\test\Acral_Lentiginous_Melanoma\Screen-Shot-2021-11-19-at-12-37-14-AM_png.rf.a69cedffa7f913f6ece573e56db1d965.jpg
Screen-Shot-2021-11-19-at-12-39-46-AM_png,2,1,3,Acral_Lentiginous_Melanoma,Acral_Lentiginous_Melanoma,True,Screen-Shot-2021-11-19-at-12-39-46-AM_png.rf.9b4b9a4996b4e1b0ed5b3c37635d243d.jpg,C:\Users\venka\Documents\Project\data\processed\train\Acral_Lentiginous_Melanoma\Screen-Shot-2021-11-19-at-12-39-46-AM_png.rf.9b4b9a4996b4e1b0ed5b3c37635d243d.jpg,Screen-Shot-2021-11-19-at-12-39-46-AM_png.rf.cb554363f5f823f709477ebdd056743a.jpg,C:\Users\venka\Documents\Project\data\processed\test\Acral_Lentiginous_Melanoma\Screen-Shot-2021-11-19-at-12-39-46-AM_png.rf.cb554363f5f823f709477ebdd056743a.jpg
Screen-Shot-2021-11-19-at-12-55-27-AM_png,2,1,3,Acral_Lentiginous_Melanoma,Acral_Lentiginous_Melanoma,True,Screen-Shot-2021-11-19-at-12-55-27-AM_png.rf.7e3beeba3a3da7a47d76dad3846fa1df.jpg,C:\Users\venka\Documents\Project\data\processed\train\Acral_Lentiginous_Melanoma\Screen-Shot-2021-11-19-at-12-55-27-AM_png.rf.7e3beeba3a3da7a47d76dad3846fa1df.jpg,Screen-Shot-2021-11-19-at-12-55-27-AM_png.rf.496947b15eade645613e333ead8fa545.jpg,C:\Users\venka\Documents\Project\data\processed\test\Acral_Lentiginous_Melanoma\Screen-Shot-2021-11-19-at-12-55-27-AM_png.rf.496947b15eade645613e333ead8fa545.jpg
Screen-Shot-2021-11-19-at-12-55-39-AM_png,2,1,3,Acral_Lentiginous_Melanoma,Acral_Lentiginous_Melanoma,True,Screen-Shot-2021-11-19-at-12-55-39-AM_png.rf.3f382c20cdd7b5bab086cbda3732aca3.jpg,C:\Users\venka\Documents\Project\data\processed\train\Acral_Lentiginous_Melanoma\Screen-Shot-2021-11-19-at-12-55-39-AM_png.rf.3f382c20cdd7b5bab086cbda3732aca3.jpg,Screen-Shot-2021-11-19-at-12-55-39-AM_png.rf.8d61a0594fc64089c87dd00b0e6f0b09.jpg,C:\Users\venka\Documents\Project\data\processed\test\Acral_Lentiginous_Melanoma\Screen-Shot-2021-11-19-at-12-55-39-AM_png.rf.8d61a0594fc64089c87dd00b0e6f0b09.jpg
Screen-Shot-2021-11-19-at-12-56-04-AM_png,1,2,3,Acral_Lentiginous_Melanoma,Acral_Lentiginous_Melanoma,True,Screen-Shot-2021-11-19-at-12-56-04-AM_png.rf.591aad84ea163863284ff54dd3275cf2.jpg,C:\Users\venka\Documents\Project\data\processed\train\Acral_Lentiginous_Melanoma\Screen-Shot-2021-11-19-at-12-56-04-AM_png.rf.591aad84ea163863284ff54dd3275cf2.jpg,Screen-Shot-2021-11-19-at-12-56-04-AM_png.rf.38820238dd67401dd034f47057e9a613.jpg,C:\Users\venka\Documents\Project\data\processed\test\Acral_Lentiginous_Melanoma\Screen-Shot-2021-11-19-at-12-56-04-AM_png.rf.38820238dd67401dd034f47057e9a613.jpg
Screen-Shot-2021-11-19-at-2-10-05-AM_png,1,2,3,Acral_Lentiginous_Melanoma,Acral_Lentiginous_Melanoma,True,Screen-Shot-2021-11-19-at-2-10-05-AM_png.rf.bc4eceb8986640e3050ce5226fd04bfa.jpg,C:\Users\venka\Documents\Project\data\processed\train\Acral_Lentiginous_Melanoma\Screen-Shot-2021-11-19-at-2-10-05-AM_png.rf.bc4eceb8986640e3050ce5226fd04bfa.jpg,Screen-Shot-2021-11-19-at-2-10-05-AM_png.rf.020549b2c1e999dab8f0cf598e5141c4.jpg,C:\Users\venka\Documents\Project\data\processed\test\Acral_Lentiginous_Melanoma\Screen-Shot-2021-11-19-at-2-10-05-AM_png.rf.020549b2c1e999dab8f0cf598e5141c4.jpg
Screen-Shot-2021-11-19-at-2-13-04-AM_png,1,2,3,Acral_Lentiginous_Melanoma,Acral_Lentiginous_Melanoma,True,Screen-Shot-2021-11-19-at-2-13-04-AM_png.rf.cbd17513af1372a668d17c3f310499e0.jpg,C:\Users\venka\Documents\Project\data\processed\train\Acral_Lentiginous_Melanoma\Screen-Shot-2021-11-19-at-2-13-04-AM_png.rf.cbd17513af1372a668d17c3f310499e0.jpg,Screen-Shot-2021-11-19-at-2-13-04-AM_png.rf.4d3eb3e80791302af1b1807e55b86998.jpg,C:\Users\venka\Documents\Project\data\processed\test\Acral_Lentiginous_Melanoma\Screen-Shot-2021-11-19-at-2-13-04-AM_png.rf.4d3eb3e80791302af1b1807e55b86998.jpg
Screen-Shot-2021-11-19-at-2-14-13-AM_png,2,1,3,Acral_Lentiginous_Melanoma,Acral_Lentiginous_Melanoma,True,Screen-Shot-2021-11-19-at-2-14-13-AM_png.rf.3ddd543b89fc333b02f32ac639f0b103.jpg,C:\Users\venka\Documents\Project\data\processed\train\Acral_Lentiginous_Melanoma\Screen-Shot-2021-11-19-at-2-14-13-AM_png.rf.3ddd543b89fc333b02f32ac639f0b103.jpg,Screen-Shot-2021-11-19-at-2-14-13-AM_png.rf.9660cbce1aaec42bb0c08b094f62a921.jpg,C:\Users\venka\Documents\Project\data\processed\test\Acral_Lentiginous_Melanoma\Screen-Shot-2021-11-19-at-2-14-13-AM_png.rf.9660cbce1aaec42bb0c08b094f62a921.jpg
Screen-Shot-2021-11-19-at-2-17-07-AM_png,1,2,3,Acral_Lentiginous_Melanoma,Acral_Lentiginous_Melanoma,True,Screen-Shot-2021-11-19-at-2-17-07-AM_png.rf.7df2e98a6c0070d76cae3d81bd26277c.jpg,C:\Users\venka\Documents\Project\data\processed\train\Acral_Lentiginous_Melanoma\Screen-Shot-2021-11-19-at-2-17-07-AM_png.rf.7df2e98a6c0070d76cae3d81bd26277c.jpg,Screen-Shot-2021-11-19-at-2-17-07-AM_png.rf.9a0f7760436155c743d9eaaf97c76d58.jpg,C:\Users\venka\Documents\Project\data\processed\test\Acral_Lentiginous_Melanoma\Screen-Shot-2021-11-19-at-2-17-07-AM_png.rf.9a0f7760436155c743d9eaaf97c76d58.jpg
Screen-Shot-2021-11-19-at-2-26-44-AM_png,2,1,3,Acral_Lentiginous_Melanoma,Acral_Lentiginous_Melanoma,True,Screen-Shot-2021-11-19-at-2-26-44-AM_png.rf.221a3532a21c066edf5ab7e74e37dafc.jpg,C:\Users\venka\Documents\Project\data\processed\train\Acral_Lentiginous_Melanoma\Screen-Shot-2021-11-19-at-2-26-44-AM_png.rf.221a3532a21c066edf5ab7e74e37dafc.jpg,Screen-Shot-2021-11-19-at-2-26-44-AM_png.rf.7e362aed364a99d850d18e2a03d30ce7.jpg,C:\Users\venka\Documents\Project\data\processed\test\Acral_Lentiginous_Melanoma\Screen-Shot-2021-11-19-at-2-26-44-AM_png.rf.7e362aed364a99d850d18e2a03d30ce7.jpg
Screen-Shot-2021-11-19-at-2-27-01-AM_png,2,1,3,Acral_Lentiginous_Melanoma,Acral_Lentiginous_Melanoma,True,Screen-Shot-2021-11-19-at-2-27-01-AM_png.rf.55868fcd912459fd87e7e26a7c7dcaec.jpg,C:\Users\venka\Documents\Project\data\processed\train\Acral_Lentiginous_Melanoma\Screen-Shot-2021-11-19-at-2-27-01-AM_png.rf.55868fcd912459fd87e7e26a7c7dcaec.jpg,Screen-Shot-2021-11-19-at-2-27-01-AM_png.rf.e1401db8fc51737dd68afb3cf9807c54.jpg,C:\Users\venka\Documents\Project\data\processed\test\Acral_Lentiginous_Melanoma\Screen-Shot-2021-11-19-at-2-27-01-AM_png.rf.e1401db8fc51737dd68afb3cf9807c54.jpg
Screen-Shot-2021-11-19-at-2-27-33-AM_png,2,1,3,Acral_Lentiginous_Melanoma,Acral_Lentiginous_Melanoma,True,Screen-Shot-2021-11-19-at-2-27-33-AM_png.rf.33cd4df35512715e393ea296ace2b81c.jpg,C:\Users\venka\Documents\Project\data\processed\train\Acral_Lentiginous_Melanoma\Screen-Shot-2021-11-19-at-2-27-33-AM_png.rf.33cd4df35512715e393ea296ace2b81c.jpg,Screen-Shot-2021-11-19-at-2-27-33-AM_png.rf.b6708cb30f43cb115020f98cf59220a2.jpg,C:\Users\venka\Documents\Project\data\processed\test\Acral_Lentiginous_Melanoma\Screen-Shot-2021-11-19-at-2-27-33-AM_png.rf.b6708cb30f43cb115020f98cf59220a2.jpg
Screen-Shot-2021-11-19-at-2-30-18-AM_png,2,1,3,Acral_Lentiginous_Melanoma,Acral_Lentiginous_Melanoma,True,Screen-Shot-2021-11-19-at-2-30-18-AM_png.rf.1c07897cd6389289a3a454afa8acc53d.jpg,C:\Users\venka\Documents\Project\data\processed\train\Acral_Lentiginous_Melanoma\Screen-Shot-2021-11-19-at-2-30-18-AM_png.rf.1c07897cd6389289a3a454afa8acc53d.jpg,Screen-Shot-2021-11-19-at-2-30-18-AM_png.rf.4c540a33e29875f38fc7e311a3706f75.jpg,C:\Users\venka\Documents\Project\data\processed\test\Acral_Lentiginous_Melanoma\Screen-Shot-2021-11-19-at-2-30-18-AM_png.rf.4c540a33e29875f38fc7e311a3706f75.jpg
Screen-Shot-2021-11-20-at-10-04-59-PM_png,2,1,3,Acral_Lentiginous_Melanoma,Acral_Lentiginous_Melanoma,True,Screen-Shot-2021-11-20-at-10-04-59-PM_png.rf.9733367e7c41b80056790a2bd733dd4c.jpg,C:\Users\venka\Documents\Project\data\processed\train\Acral_Lentiginous_Melanoma\Screen-Shot-2021-11-20-at-10-04-59-PM_png.rf.9733367e7c41b80056790a2bd733dd4c.jpg,Screen-Shot-2021-11-20-at-10-04-59-PM_png.rf.4bca1f65b69fd5c28f76dc67b9a3753d.jpg,C:\Users\venka\Documents\Project\data\processed\test\Acral_Lentiginous_Melanoma\Screen-Shot-2021-11-20-at-10-04-59-PM_png.rf.4bca1f65b69fd5c28f76dc67b9a3753d.jpg
Screen-Shot-2021-11-20-at-10-24-29-PM_png,1,2,3,Acral_Lentiginous_Melanoma,Acral_Lentiginous_Melanoma,True,Screen-Shot-2021-11-20-at-10-24-29-PM_png.rf.3bd6f025742de786e7c8729fec2d1d5f.jpg,C:\Users\venka\Documents\Project\data\processed\train\Acral_Lentiginous_Melanoma\Screen-Shot-2021-11-20-at-10-24-29-PM_png.rf.3bd6f025742de786e7c8729fec2d1d5f.jpg,Screen-Shot-2021-11-20-at-10-24-29-PM_png.rf.56724e81eeec07272eea77d625c27875.jpg,C:\Users\venka\Documents\Project\data\processed\test\Acral_Lentiginous_Melanoma\Screen-Shot-2021-11-20-at-10-24-29-PM_png.rf.56724e81eeec07272eea77d625c27875.jpg
Screen-Shot-2021-11-20-at-10-28-12-PM_png,2,1,3,Acral_Lentiginous_Melanoma,Acral_Lentiginous_Melanoma,True,Screen-Shot-2021-11-20-at-10-28-12-PM_png.rf.05f58b3ce8d75794d35658b8a47d2649.jpg,C:\Users\venka\Documents\Project\data\processed\train\Acral_Lentiginous_Melanoma\Screen-Shot-2021-11-20-at-10-28-12-PM_png.rf.05f58b3ce8d75794d35658b8a47d2649.jpg,Screen-Shot-2021-11-20-at-10-28-12-PM_png.rf.3c036eaef8513ddd248c217a7195a233.jpg,C:\Users\venka\Documents\Project\data\processed\test\Acral_Lentiginous_Melanoma\Screen-Shot-2021-11-20-at-10-28-12-PM_png.rf.3c036eaef8513ddd248c217a7195a233.jpg
Screen-Shot-2021-11-20-at-10-40-57-PM_png,2,1,3,Acral_Lentiginous_Melanoma,Acral_Lentiginous_Melanoma,True,Screen-Shot-2021-11-20-at-10-40-57-PM_png.rf.2ce78fbdcb465062ffc44589b4e3ae00.jpg,C:\Users\venka\Documents\Project\data\processed\train\Acral_Lentiginous_Melanoma\Screen-Shot-2021-11-20-at-10-40-57-PM_png.rf.2ce78fbdcb465062ffc44589b4e3ae00.jpg,Screen-Shot-2021-11-20-at-10-40-57-PM_png.rf.c896d8a6837b555770ce6aba1bf15739.jpg,C:\Users\venka\Documents\Project\data\processed\test\Acral_Lentiginous_Melanoma\Screen-Shot-2021-11-20-at-10-40-57-PM_png.rf.c896d8a6837b555770ce6aba1bf15739.jpg
Screen-Shot-2021-11-20-at-7-49-00-PM_png,2,1,3,Acral_Lentiginous_Melanoma,Acral_Lentiginous_Melanoma,True,Screen-Shot-2021-11-20-at-7-49-00-PM_png.rf.12535ad4ce67ce99c3eeb8bb0d0aa5f8.jpg,C:\Users\venka\Documents\Project\data\processed\train\Acral_Lentiginous_Melanoma\Screen-Shot-2021-11-20-at-7-49-00-PM_png.rf.12535ad4ce67ce99c3eeb8bb0d0aa5f8.jpg,Screen-Shot-2021-11-20-at-7-49-00-PM_png.rf.2ab0b916fbf0c3cdefddce58cb4dcc77.jpg,C:\Users\venka\Documents\Project\data\processed\test\Acral_Lentiginous_Melanoma\Screen-Shot-2021-11-20-at-7-49-00-PM_png.rf.2ab0b916fbf0c3cdefddce58cb4dcc77.jpg
Screen-Shot-2021-11-20-at-7-49-46-PM_png,2,1,3,Acral_Lentiginous_Melanoma,Acral_Lentiginous_Melanoma,True,Screen-Shot-2021-11-20-at-7-49-46-PM_png.rf.ab356d0f25da976493d91cf60552e94c.jpg,C:\Users\venka\Documents\Project\data\processed\train\Acral_Lentiginous_Melanoma\Screen-Shot-2021-11-20-at-7-49-46-PM_png.rf.ab356d0f25da976493d91cf60552e94c.jpg,Screen-Shot-2021-11-20-at-7-49-46-PM_png.rf.38fa6498f1f7e7a89187f6528688b2ed.jpg,C:\Users\venka\Documents\Project\data\processed\test\Acral_Lentiginous_Melanoma\Screen-Shot-2021-11-20-at-7-49-46-PM_png.rf.38fa6498f1f7e7a89187f6528688b2ed.jpg
Screen-Shot-2021-11-20-at-7-52-57-PM_png,2,1,3,Acral_Lentiginous_Melanoma,Acral_Lentiginous_Melanoma,True,Screen-Shot-2021-11-20-at-7-52-57-PM_png.rf.640382fa4b3e038b038d5a2bc5667def.jpg,C:\Users\venka\Documents\Project\data\processed\train\Acral_Lentiginous_Melanoma\Screen-Shot-2021-11-20-at-7-52-57-PM_png.rf.640382fa4b3e038b038d5a2bc5667def.jpg,Screen-Shot-2021-11-20-at-7-52-57-PM_png.rf.a285b1200d2b44506b97ad84ce9506e0.jpg,C:\Users\venka\Documents\Project\data\processed\test\Acral_Lentiginous_Melanoma\Screen-Shot-2021-11-20-at-7-52-57-PM_png.rf.a285b1200d2b44506b97ad84ce9506e0.jpg
Screen-Shot-2021-11-20-at-7-53-27-PM_png,2,1,3,Acral_Lentiginous_Melanoma,Acral_Lentiginous_Melanoma,True,Screen-Shot-2021-11-20-at-7-53-27-PM_png.rf.2eeb08dfadb4029f7098dbaa55dfc3de.jpg,C:\Users\venka\Documents\Project\data\processed\train\Acral_Lentiginous_Melanoma\Screen-Shot-2021-11-20-at-7-53-27-PM_png.rf.2eeb08dfadb4029f7098dbaa55dfc3de.jpg,Screen-Shot-2021-11-20-at-7-53-27-PM_png.rf.ef266f5d4a24a6529e17b9e67a1f413d.jpg,C:\Users\venka\Documents\Project\data\processed\test\Acral_Lentiginous_Melanoma\Screen-Shot-2021-11-20-at-7-53-27-PM_png.rf.ef266f5d4a24a6529e17b9e67a1f413d.jpg
Screen-Shot-2021-11-20-at-7-56-35-PM_png,2,1,3,Acral_Lentiginous_Melanoma,Acral_Lentiginous_Melanoma,True,Screen-Shot-2021-11-20-at-7-56-35-PM_png.rf.468afc3ea7624715ff5d90a3bfbcadf8.jpg,C:\Users\venka\Documents\Project\data\processed\train\Acral_Lentiginous_Melanoma\Screen-Shot-2021-11-20-at-7-56-35-PM_png.rf.468afc3ea7624715ff5d90a3bfbcadf8.jpg,Screen-Shot-2021-11-20-at-7-56-35-PM_png.rf.35edd084b9cef21b9f11f52b7e4bd842.jpg,C:\Users\venka\Documents\Project\data\processed\test\Acral_Lentiginous_Melanoma\Screen-Shot-2021-11-20-at-7-56-35-PM_png.rf.35edd084b9cef21b9f11f52b7e4bd842.jpg
Screen-Shot-2021-11-20-at-7-57-54-PM_png,2,1,3,Acral_Lentiginous_Melanoma,Acral_Lentiginous_Melanoma,True,Screen-Shot-2021-11-20-at-7-57-54-PM_png.rf.034d30e46421e4e39ed17ba50893e3fa.jpg,C:\Users\venka\Documents\Project\data\processed\train\Acral_Lentiginous_Melanoma\Screen-Shot-2021-11-20-at-7-57-54-PM_png.rf.034d30e46421e4e39ed17ba50893e3fa.jpg,Screen-Shot-2021-11-20-at-7-57-54-PM_png.rf.98d50944c8a173b2d9d781dd48a3fd00.jpg,C:\Users\venka\Documents\Project\data\processed\test\Acral_Lentiginous_Melanoma\Screen-Shot-2021-11-20-at-7-57-54-PM_png.rf.98d50944c8a173b2d9d781dd48a3fd00.jpg
Screen-Shot-2021-11-20-at-8-00-48-PM_png,2,1,3,Acral_Lentiginous_Melanoma,Acral_Lentiginous_Melanoma,True,Screen-Shot-2021-11-20-at-8-00-48-PM_png.rf.af2da3f1f8ca654a6a4fbb1dc05f3c02.jpg,C:\Users\venka\Documents\Project\data\processed\train\Acral_Lentiginous_Melanoma\Screen-Shot-2021-11-20-at-8-00-48-PM_png.rf.af2da3f1f8ca654a6a4fbb1dc05f3c02.jpg,Screen-Shot-2021-11-20-at-8-00-48-PM_png.rf.3195c3538670c7b8d81f685e1766a643.jpg,C:\Users\venka\Documents\Project\data\processed\test\Acral_Lentiginous_Melanoma\Screen-Shot-2021-11-20-at-8-00-48-PM_png.rf.3195c3538670c7b8d81f685e1766a643.jpg
Screen-Shot-2021-11-20-at-8-17-41-PM_png,2,1,3,Acral_Lentiginous_Melanoma,Acral_Lentiginous_Melanoma,True,Screen-Shot-2021-11-20-at-8-17-41-PM_png.rf.1b739cb48c867a03e7f8836fbeb5a99b.jpg,C:\Users\venka\Documents\Project\data\processed\train\Acral_Lentiginous_Melanoma\Screen-Shot-2021-11-20-at-8-17-41-PM_png.rf.1b739cb48c867a03e7f8836fbeb5a99b.jpg,Screen-Shot-2021-11-20-at-8-17-41-PM_png.rf.27789e84d5f5ed0321cbe367950864bc.jpg,C:\Users\venka\Documents\Project\data\processed\test\Acral_Lentiginous_Melanoma\Screen-Shot-2021-11-20-at-8-17-41-PM_png.rf.27789e84d5f5ed0321cbe367950864bc.jpg
Screen-Shot-2021-11-20-at-8-18-57-PM_png,2,1,3,Acral_Lentiginous_Melanoma,Acral_Lentiginous_Melanoma,True,Screen-Shot-2021-11-20-at-8-18-57-PM_png.rf.5beb042cc07d20b499009176cebbadeb.jpg,C:\Users\venka\Documents\Project\data\processed\train\Acral_Lentiginous_Melanoma\Screen-Shot-2021-11-20-at-8-18-57-PM_png.rf.5beb042cc07d20b499009176cebbadeb.jpg,Screen-Shot-2021-11-20-at-8-18-57-PM_png.rf.cc4bd580ede15e97480ab4eef6d4d330.jpg,C:\Users\venka\Documents\Project\data\processed\test\Acral_Lentiginous_Melanoma\Screen-Shot-2021-11-20-at-8-18-57-PM_png.rf.cc4bd580ede15e97480ab4eef6d4d330.jpg
Screen-Shot-2021-11-20-at-8-19-36-PM_png,2,1,3,Acral_Lentiginous_Melanoma,Acral_Lentiginous_Melanoma,True,Screen-Shot-2021-11-20-at-8-19-36-PM_png.rf.5a6424c27eec35e7a1ece8d80c9ea2d4.jpg,C:\Users\venka\Documents\Project\data\processed\train\Acral_Lentiginous_Melanoma\Screen-Shot-2021-11-20-at-8-19-36-PM_png.rf.5a6424c27eec35e7a1ece8d80c9ea2d4.jpg,Screen-Shot-2021-11-20-at-8-19-36-PM_png.rf.ed8f7cdb6bb37c7478ad5de1cebbe8c4.jpg,C:\Users\venka\Documents\Project\data\processed\test\Acral_Lentiginous_Melanoma\Screen-Shot-2021-11-20-at-8-19-36-PM_png.rf.ed8f7cdb6bb37c7478ad5de1cebbe8c4.jpg
Screen-Shot-2021-11-20-at-8-19-58-PM_png,2,1,3,Acral_Lentiginous_Melanoma,Acral_Lentiginous_Melanoma,True,Screen-Shot-2021-11-20-at-8-19-58-PM_png.rf.157e6b2a7260b1ef751fb79c3e71c022.jpg,C:\Users\venka\Documents\Project\data\processed\train\Acral_Lentiginous_Melanoma\Screen-Shot-2021-11-20-at-8-19-58-PM_png.rf.157e6b2a7260b1ef751fb79c3e71c022.jpg,Screen-Shot-2021-11-20-at-8-19-58-PM_png.rf.ec028e7900c519619ffe896d06ed3563.jpg,C:\Users\venka\Documents\Project\data\processed\test\Acral_Lentiginous_Melanoma\Screen-Shot-2021-11-20-at-8-19-58-PM_png.rf.ec028e7900c519619ffe896d06ed3563.jpg
Screen-Shot-2021-11-20-at-8-20-37-PM_png,2,1,3,Acral_Lentiginous_Melanoma,Acral_Lentiginous_Melanoma,True,Screen-Shot-2021-11-20-at-8-20-37-PM_png.rf.67388f02a58be71dfb280cf5d74fd2d3.jpg,C:\Users\venka\Documents\Project\data\processed\train\Acral_Lentiginous_Melanoma\Screen-Shot-2021-11-20-at-8-20-37-PM_png.rf.67388f02a58be71dfb280cf5d74fd2d3.jpg,Screen-Shot-2021-11-20-at-8-20-37-PM_png.rf.1177b908bb1bdf00d199844d967a21b6.jpg,C:\Users\venka\Documents\Project\data\processed\test\Acral_Lentiginous_Melanoma\Screen-Shot-2021-11-20-at-8-20-37-PM_png.rf.1177b908bb1bdf00d199844d967a21b6.jpg
Screen-Shot-2021-11-20-at-8-24-21-PM_png,1,2,3,Acral_Lentiginous_Melanoma,Acral_Lentiginous_Melanoma,True,Screen-Shot-2021-11-20-at-8-24-21-PM_png.rf.238ecdb76f90afc5b365f9fe26f8b0a3.jpg,C:\Users\venka\Documents\Project\data\processed\train\Acral_Lentiginous_Melanoma\Screen-Shot-2021-11-20-at-8-24-21-PM_png.rf.238ecdb76f90afc5b365f9fe26f8b0a3.jpg,Screen-Shot-2021-11-20-at-8-24-21-PM_png.rf.0f2dbe76a7763a4b85d582ba285fb3d7.jpg,C:\Users\venka\Documents\Project\data\processed\test\Acral_Lentiginous_Melanoma\Screen-Shot-2021-11-20-at-8-24-21-PM_png.rf.0f2dbe76a7763a4b85d582ba285fb3d7.jpg
Screen-Shot-2021-11-20-at-8-26-37-PM_png,2,1,3,Acral_Lentiginous_Melanoma,Acral_Lentiginous_Melanoma,True,Screen-Shot-2021-11-20-at-8-26-37-PM_png.rf.204e60a68fce915816a3ebc41eac9535.jpg,C:\Users\venka\Documents\Project\data\processed\train\Acral_Lentiginous_Melanoma\Screen-Shot-2021-11-20-at-8-26-37-PM_png.rf.204e60a68fce915816a3ebc41eac9535.jpg,Screen-Shot-2021-11-20-at-8-26-37-PM_png.rf.2c509916dff46da2beafd840d9976060.jpg,C:\Users\venka\Documents\Project\data\processed\test\Acral_Lentiginous_Melanoma\Screen-Shot-2021-11-20-at-8-26-37-PM_png.rf.2c509916dff46da2beafd840d9976060.jpg
Screen-Shot-2021-11-20-at-8-26-59-PM_png,2,1,3,Acral_Lentiginous_Melanoma,Acral_Lentiginous_Melanoma,True,Screen-Shot-2021-11-20-at-8-26-59-PM_png.rf.0c01e33895476e6b66bfdef2de03db0a.jpg,C:\Users\venka\Documents\Project\data\processed\train\Acral_Lentiginous_Melanoma\Screen-Shot-2021-11-20-at-8-26-59-PM_png.rf.0c01e33895476e6b66bfdef2de03db0a.jpg,Screen-Shot-2021-11-20-at-8-26-59-PM_png.rf.3d83a31597c3eea022d92db406a40a34.jpg,C:\Users\venka\Documents\Project\data\processed\test\Acral_Lentiginous_Melanoma\Screen-Shot-2021-11-20-at-8-26-59-PM_png.rf.3d83a31597c3eea022d92db406a40a34.jpg
Screen-Shot-2021-11-20-at-8-28-25-PM_png,2,1,3,Acral_Lentiginous_Melanoma,Acral_Lentiginous_Melanoma,True,Screen-Shot-2021-11-20-at-8-28-25-PM_png.rf.4c24bc183ec88e3134b9edd2b35983f8.jpg,C:\Users\venka\Documents\Project\data\processed\train\Acral_Lentiginous_Melanoma\Screen-Shot-2021-11-20-at-8-28-25-PM_png.rf.4c24bc183ec88e3134b9edd2b35983f8.jpg,Screen-Shot-2021-11-20-at-8-28-25-PM_png.rf.3f90a16cdb98234cf27b2b42847c369b.jpg,C:\Users\venka\Documents\Project\data\processed\test\Acral_Lentiginous_Melanoma\Screen-Shot-2021-11-20-at-8-28-25-PM_png.rf.3f90a16cdb98234cf27b2b42847c369b.jpg
Screen-Shot-2021-11-20-at-8-34-56-PM_png,2,1,3,Acral_Lentiginous_Melanoma,Acral_Lentiginous_Melanoma,True,Screen-Shot-2021-11-20-at-8-34-56-PM_png.rf.06fdb2e664dbff7121dcae6ff2c6fd48.jpg,C:\Users\venka\Documents\Project\data\processed\train\Acral_Lentiginous_Melanoma\Screen-Shot-2021-11-20-at-8-34-56-PM_png.rf.06fdb2e664dbff7121dcae6ff2c6fd48.jpg,Screen-Shot-2021-11-20-at-8-34-56-PM_png.rf.72ce587793ab2915b099dc0e0991d666.jpg,C:\Users\venka\Documents\Project\data\processed\test\Acral_Lentiginous_Melanoma\Screen-Shot-2021-11-20-at-8-34-56-PM_png.rf.72ce587793ab2915b099dc0e0991d666.jpg
Screen-Shot-2021-11-20-at-8-35-45-PM_png,2,1,3,Acral_Lentiginous_Melanoma,Acral_Lentiginous_Melanoma,True,Screen-Shot-2021-11-20-at-8-35-45-PM_png.rf.33e5b664bf7c54c5fd3950167c6956ff.jpg,C:\Users\venka\Documents\Project\data\processed\train\Acral_Lentiginous_Melanoma\Screen-Shot-2021-11-20-at-8-35-45-PM_png.rf.33e5b664bf7c54c5fd3950167c6956ff.jpg,Screen-Shot-2021-11-20-at-8-35-45-PM_png.rf.d8bf9d4fce4fbf529a7bc20a35774965.jpg,C:\Users\venka\Documents\Project\data\processed\test\Acral_Lentiginous_Melanoma\Screen-Shot-2021-11-20-at-8-35-45-PM_png.rf.d8bf9d4fce4fbf529a7bc20a35774965.jpg
Screen-Shot-2021-11-20-at-8-36-28-PM_png,1,2,3,Acral_Lentiginous_Melanoma,Acral_Lentiginous_Melanoma,True,Screen-Shot-2021-11-20-at-8-36-28-PM_png.rf.d78507f439cd6f9f6acabb848b8a0ea8.jpg,C:\Users\venka\Documents\Project\data\processed\train\Acral_Lentiginous_Melanoma\Screen-Shot-2021-11-20-at-8-36-28-PM_png.rf.d78507f439cd6f9f6acabb848b8a0ea8.jpg,Screen-Shot-2021-11-20-at-8-36-28-PM_png.rf.4f19bcd940707d52c460b9928b0c0b9e.jpg,C:\Users\venka\Documents\Project\data\processed\test\Acral_Lentiginous_Melanoma\Screen-Shot-2021-11-20-at-8-36-28-PM_png.rf.4f19bcd940707d52c460b9928b0c0b9e.jpg
Screen-Shot-2021-11-20-at-8-37-53-PM_png,2,1,3,Acral_Lentiginous_Melanoma,Acral_Lentiginous_Melanoma,True,Screen-Shot-2021-11-20-at-8-37-53-PM_png.rf.7140de0f26a07f006fd2727cb774a1fd.jpg,C:\Users\venka\Documents\Project\data\processed\train\Acral_Lentiginous_Melanoma\Screen-Shot-2021-11-20-at-8-37-53-PM_png.rf.7140de0f26a07f006fd2727cb774a1fd.jpg,Screen-Shot-2021-11-20-at-8-37-53-PM_png.rf.151e47104229715650edf3d2c616cd97.jpg,C:\Users\venka\Documents\Project\data\processed\test\Acral_Lentiginous_Melanoma\Screen-Shot-2021-11-20-at-8-37-53-PM_png.rf.151e47104229715650edf3d2c616cd97.jpg
Screen-Shot-2021-11-20-at-9-40-12-PM_png,1,2,3,Acral_Lentiginous_Melanoma,Acral_Lentiginous_Melanoma,True,Screen-Shot-2021-11-20-at-9-40-12-PM_png.rf.b246fee7b461a7c05b307435d19fb2c5.jpg,C:\Users\venka\Documents\Project\data\processed\train\Acral_Lentiginous_Melanoma\Screen-Shot-2021-11-20-at-9-40-12-PM_png.rf.b246fee7b461a7c05b307435d19fb2c5.jpg,Screen-Shot-2021-11-20-at-9-40-12-PM_png.rf.70c56945c09ee61fabe87c2d49b43524.jpg,C:\Users\venka\Documents\Project\data\processed\test\Acral_Lentiginous_Melanoma\Screen-Shot-2021-11-20-at-9-40-12-PM_png.rf.70c56945c09ee61fabe87c2d49b43524.jpg
Screen-Shot-2021-11-20-at-9-40-24-PM_png,1,2,3,Acral_Lentiginous_Melanoma,Acral_Lentiginous_Melanoma,True,Screen-Shot-2021-11-20-at-9-40-24-PM_png.rf.3405b395bce7774ecb0795f8cf538024.jpg,C:\Users\venka\Documents\Project\data\processed\train\Acral_Lentiginous_Melanoma\Screen-Shot-2021-11-20-at-9-40-24-PM_png.rf.3405b395bce7774ecb0795f8cf538024.jpg,Screen-Shot-2021-11-20-at-9-40-24-PM_png.rf.2e583a7fc84f93371b442de3084d0dec.jpg,C:\Users\venka\Documents\Project\data\processed\test\Acral_Lentiginous_Melanoma\Screen-Shot-2021-11-20-at-9-40-24-PM_png.rf.2e583a7fc84f93371b442de3084d0dec.jpg
Screen-Shot-2021-11-20-at-9-40-40-PM_png,2,1,3,Acral_Lentiginous_Melanoma,Acral_Lentiginous_Melanoma,True,Screen-Shot-2021-11-20-at-9-40-40-PM_png.rf.5e155cd58fcbc02cfc07ab87fb4870a6.jpg,C:\Users\venka\Documents\Project\data\processed\train\Acral_Lentiginous_Melanoma\Screen-Shot-2021-11-20-at-9-40-40-PM_png.rf.5e155cd58fcbc02cfc07ab87fb4870a6.jpg,Screen-Shot-2021-11-20-at-9-40-40-PM_png.rf.4f81e7421f562007071bed7301865fbf.jpg,C:\Users\venka\Documents\Project\data\processed\test\Acral_Lentiginous_Melanoma\Screen-Shot-2021-11-20-at-9-40-40-PM_png.rf.4f81e7421f562007071bed7301865fbf.jpg
Screen-Shot-2021-11-20-at-9-44-26-PM_png,2,1,3,Acral_Lentiginous_Melanoma,Acral_Lentiginous_Melanoma,True,Screen-Shot-2021-11-20-at-9-44-26-PM_png.rf.b03315a54af7949f740dc6640f37e391.jpg,C:\Users\venka\Documents\Project\data\processed\train\Acral_Lentiginous_Melanoma\Screen-Shot-2021-11-20-at-9-44-26-PM_png.rf.b03315a54af7949f740dc6640f37e391.jpg,Screen-Shot-2021-11-20-at-9-44-26-PM_png.rf.40c5dc15cf021028b66093a6950f24d3.jpg,C:\Users\venka\Documents\Project\data\processed\test\Acral_Lentiginous_Melanoma\Screen-Shot-2021-11-20-at-9-44-26-PM_png.rf.40c5dc15cf021028b66093a6950f24d3.jpg
Screen-Shot-2021-11-20-at-9-44-34-PM_png,2,1,3,Acral_Lentiginous_Melanoma,Acral_Lentiginous_Melanoma,True,Screen-Shot-2021-11-20-at-9-44-34-PM_png.rf.42b849f600d44de9811b0681715c2521.jpg,C:\Users\venka\Documents\Project\data\processed\train\Acral_Lentiginous_Melanoma\Screen-Shot-2021-11-20-at-9-44-34-PM_png.rf.42b849f600d44de9811b0681715c2521.jpg,Screen-Shot-2021-11-20-at-9-44-34-PM_png.rf.4fa5a021cf00243d0650ba18e6fd1986.jpg,C:\Users\venka\Documents\Project\data\processed\test\Acral_Lentiginous_Melanoma\Screen-Shot-2021-11-20-at-9-44-34-PM_png.rf.4fa5a021cf00243d0650ba18e6fd1986.jpg
Screen-Shot-2021-11-22-at-10-03-16-AM_png,2,1,3,clubbing,clubbing,True,Screen-Shot-2021-11-22-at-10-03-16-AM_png.rf.1cda478cde2353dbe5a573c0533bf5b0.jpg,C:\Users\venka\Documents\Project\data\processed\train\clubbing\Screen-Shot-2021-11-22-at-10-03-16-AM_png.rf.1cda478cde2353dbe5a573c0533bf5b0.jpg,Screen-Shot-2021-11-22-at-10-03-16-AM_png.rf.64f08adc096c4e23701c831236c16823.jpg,C:\Users\venka\Documents\Project\data\processed\test\clubbing\Screen-Shot-2021-11-22-at-10-03-16-AM_png.rf.64f08adc096c4e23701c831236c16823.jpg
Screen-Shot-2021-11-22-at-10-03-41-AM_png,2,1,3,clubbing,clubbing,True,Screen-Shot-2021-11-22-at-10-03-41-AM_png.rf.2f15a0f1724bf769932c944af438a94c.jpg,C:\Users\venka\Documents\Project\data\processed\train\clubbing\Screen-Shot-2021-11-22-at-10-03-41-AM_png.rf.2f15a0f1724bf769932c944af438a94c.jpg,Screen-Shot-2021-11-22-at-10-03-41-AM_png.rf.906702d00e7575645cf16fb52d1f5e66.jpg,C:\Users\venka\Documents\Project\data\processed\test\clubbing\Screen-Shot-2021-11-22-at-10-03-41-AM_png.rf.906702d00e7575645cf16fb52d1f5e66.jpg
Screen-Shot-2021-11-22-at-10-07-55-AM_png,2,1,3,clubbing,clubbing,True,Screen-Shot-2021-11-22-at-10-07-55-AM_png.rf.0f92697bf0b8ca7ad2d36f3288b4d871.jpg,C:\Users\venka\Documents\Project\data\processed\train\clubbing\Screen-Shot-2021-11-22-at-10-07-55-AM_png.rf.0f92697bf0b8ca7ad2d36f3288b4d871.jpg,Screen-Shot-2021-11-22-at-10-07-55-AM_png.rf.88f7d63e8831b420c94925e9f9b1ec9b.jpg,C:\Users\venka\Documents\Project\data\processed\test\clubbing\Screen-Shot-2021-11-22-at-10-07-55-AM_png.rf.88f7d63e8831b420c94925e9f9b1ec9b.jpg
Screen-Shot-2021-11-22-at-10-07-58-AM_png,2,1,3,clubbing,clubbing,True,Screen-Shot-2021-11-22-at-10-07-58-AM_png.rf.1ea9cea6aaa909f56894eb05f0dd0520.jpg,C:\Users\venka\Documents\Project\data\processed\train\clubbing\Screen-Shot-2021-11-22-at-10-07-58-AM_png.rf.1ea9cea6aaa909f56894eb05f0dd0520.jpg,Screen-Shot-2021-11-22-at-10-07-58-AM_png.rf.0d670f2167ff3db0d399cf00489fa9fa.jpg,C:\Users\venka\Documents\Project\data\processed\test\clubbing\Screen-Shot-2021-11-22-at-10-07-58-AM_png.rf.0d670f2167ff3db0d399cf00489fa9fa.jpg
Screen-Shot-2021-11-22-at-10-08-21-AM_png,2,1,3,clubbing,clubbing,True,Screen-Shot-2021-11-22-at-10-08-21-AM_png.rf.057eb989d6b5d04fc377212dd8f5dfd1.jpg,C:\Users\venka\Documents\Project\data\processed\train\clubbing\Screen-Shot-2021-11-22-at-10-08-21-AM_png.rf.057eb989d6b5d04fc377212dd8f5dfd1.jpg,Screen-Shot-2021-11-22-at-10-08-21-AM_png.rf.1ec690cd167e11390f43845b7f85ccab.jpg,C:\Users\venka\Documents\Project\data\processed\test\clubbing\Screen-Shot-2021-11-22-at-10-08-21-AM_png.rf.1ec690cd167e11390f43845b7f85ccab.jpg
Screen-Shot-2021-11-22-at-10-08-48-AM_png,1,2,3,clubbing,clubbing,True,Screen-Shot-2021-11-22-at-10-08-48-AM_png.rf.ccfec67783d9c214ec00589a58ddf959.jpg,C:\Users\venka\Documents\Project\data\processed\train\clubbing\Screen-Shot-2021-11-22-at-10-08-48-AM_png.rf.ccfec67783d9c214ec00589a58ddf959.jpg,Screen-Shot-2021-11-22-at-10-08-48-AM_png.rf.1f67f0f26661405d908c290b74fbab6d.jpg,C:\Users\venka\Documents\Project\data\processed\test\clubbing\Screen-Shot-2021-11-22-at-10-08-48-AM_png.rf.1f67f0f26661405d908c290b74fbab6d.jpg
Screen-Shot-2021-11-22-at-10-09-14-AM_png,2,1,3,clubbing,clubbing,True,Screen-Shot-2021-11-22-at-10-09-14-AM_png.rf.204cd57e929ccb50a5e3fed5367c11c4.jpg,C:\Users\venka\Documents\Project\data\processed\train\clubbing\Screen-Shot-2021-11-22-at-10-09-14-AM_png.rf.204cd57e929ccb50a5e3fed5367c11c4.jpg,Screen-Shot-2021-11-22-at-10-09-14-AM_png.rf.b34027fd03440771ddfa1bb721b55345.jpg,C:\Users\venka\Documents\Project\data\processed\test\clubbing\Screen-Shot-2021-11-22-at-10-09-14-AM_png.rf.b34027fd03440771ddfa1bb721b55345.jpg
Screen-Shot-2021-11-22-at-10-09-18-AM_png,2,1,3,clubbing,clubbing,True,Screen-Shot-2021-11-22-at-10-09-18-AM_png.rf.54df961dbe6b7778a01fcdaa8d45e08e.jpg,C:\Users\venka\Documents\Project\data\processed\train\clubbing\Screen-Shot-2021-11-22-at-10-09-18-AM_png.rf.54df961dbe6b7778a01fcdaa8d45e08e.jpg,Screen-Shot-2021-11-22-at-10-09-18-AM_png.rf.f026b272b907c1bd3c1cae540e63cf77.jpg,C:\Users\venka\Documents\Project\data\processed\test\clubbing\Screen-Shot-2021-11-22-at-10-09-18-AM_png.rf.f026b272b907c1bd3c1cae540e63cf77.jpg
Screen-Shot-2021-11-22-at-10-09-28-PM_png,2,1,3,blue_finger,blue_finger,True,Screen-Shot-2021-11-22-at-10-09-28-PM_png.rf.ea0bb2d504467df9479bfe8878116d7f.jpg,C:\Users\venka\Documents\Project\data\processed\train\blue_finger\Screen-Shot-2021-11-22-at-10-09-28-PM_png.rf.ea0bb2d504467df9479bfe8878116d7f.jpg,Screen-Shot-2021-11-22-at-10-09-28-PM_png.rf.492c16db531a69e5dd109057208e1300.jpg,C:\Users\venka\Documents\Project\data\processed\test\blue_finger\Screen-Shot-2021-11-22-at-10-09-28-PM_png.rf.492c16db531a69e5dd109057208e1300.jpg
Screen-Shot-2021-11-22-at-10-14-30-PM_png,2,1,3,clubbing,clubbing,True,Screen-Shot-2021-11-22-at-10-14-30-PM_png.rf.6199520bc6a447aafec0142733189c68.jpg,C:\Users\venka\Documents\Project\data\processed\train\clubbing\Screen-Shot-2021-11-22-at-10-14-30-PM_png.rf.6199520bc6a447aafec0142733189c68.jpg,Screen-Shot-2021-11-22-at-10-14-30-PM_png.rf.6264f590e12ffb013d85062089029f3d.jpg,C:\Users\venka\Documents\Project\data\processed\test\clubbing\Screen-Shot-2021-11-22-at-10-14-30-PM_png.rf.6264f590e12ffb013d85062089029f3d.jpg
Screen-Shot-2021-11-22-at-10-15-44-PM_png,2,1,3,clubbing,clubbing,True,Screen-Shot-2021-11-22-at-10-15-44-PM_png.rf.6c3d0bc827274b3f9cf7c8c359813327.jpg,C:\Users\venka\Documents\Project\data\processed\train\clubbing\Screen-Shot-2021-11-22-at-10-15-44-PM_png.rf.6c3d0bc827274b3f9cf7c8c359813327.jpg,Screen-Shot-2021-11-22-at-10-15-44-PM_png.rf.59970395942ab249a252978800d02709.jpg,C:\Users\venka\Documents\Project\data\processed\test\clubbing\Screen-Shot-2021-11-22-at-10-15-44-PM_png.rf.59970395942ab249a252978800d02709.jpg
Screen-Shot-2021-11-22-at-4-49-53-PM_png,2,1,3,blue_finger,blue_finger,True,Screen-Shot-2021-11-22-at-4-49-53-PM_png.rf.29025ab2b34a5f4653f7d1baa9c69968.jpg,C:\Users\venka\Documents\Project\data\processed\train\blue_finger\Screen-Shot-2021-11-22-at-4-49-53-PM_png.rf.29025ab2b34a5f4653f7d1baa9c69968.jpg,Screen-Shot-2021-11-22-at-4-49-53-PM_png.rf.f269cc724a0412f2f709e7fe2105b56a.jpg,C:\Users\venka\Documents\Project\data\processed\test\blue_finger\Screen-Shot-2021-11-22-at-4-49-53-PM_png.rf.f269cc724a0412f2f709e7fe2105b56a.jpg
Screen-Shot-2021-11-22-at-4-50-45-PM_png,2,1,3,blue_finger,blue_finger,True,Screen-Shot-2021-11-22-at-4-50-45-PM_png.rf.5de6c7eb64f43a134dc97bb2ee436793.jpg,C:\Users\venka\Documents\Project\data\processed\train\blue_finger\Screen-Shot-2021-11-22-at-4-50-45-PM_png.rf.5de6c7eb64f43a134dc97bb2ee436793.jpg,Screen-Shot-2021-11-22-at-4-50-45-PM_png.rf.09f6901091920ba4e757969e9a61a283.jpg,C:\Users\venka\Documents\Project\data\processed\test\blue_finger\Screen-Shot-2021-11-22-at-4-50-45-PM_png.rf.09f6901091920ba4e757969e9a61a283.jpg
Screen-Shot-2021-11-22-at-4-55-25-PM_png,2,1,3,clubbing,clubbing,True,Screen-Shot-2021-11-22-at-4-55-25-PM_png.rf.3036323c6df4fe44efb6594c92a060f8.jpg,C:\Users\venka\Documents\Project\data\processed\train\clubbing\Screen-Shot-2021-11-22-at-4-55-25-PM_png.rf.3036323c6df4fe44efb6594c92a060f8.jpg,Screen-Shot-2021-11-22-at-4-55-25-PM_png.rf.c60c3ccf8f66f9161f6360b0b75bff71.jpg,C:\Users\venka\Documents\Project\data\processed\test\clubbing\Screen-Shot-2021-11-22-at-4-55-25-PM_png.rf.c60c3ccf8f66f9161f6360b0b75bff71.jpg
Screen-Shot-2021-11-22-at-4-57-31-PM_png,2,1,3,blue_finger,blue_finger,True,Screen-Shot-2021-11-22-at-4-57-31-PM_png.rf.6d2a261c9968f3d9d1b2b320a2051341.jpg,C:\Users\venka\Documents\Project\data\processed\train\blue_finger\Screen-Shot-2021-11-22-at-4-57-31-PM_png.rf.6d2a261c9968f3d9d1b2b320a2051341.jpg,Screen-Shot-2021-11-22-at-4-57-31-PM_png.rf.fb3f46396a157401c25ce607e8ea475b.jpg,C:\Users\venka\Documents\Project\data\processed\test\blue_finger\Screen-Shot-2021-11-22-at-4-57-31-PM_png.rf.fb3f46396a157401c25ce607e8ea475b.jpg
Screen-Shot-2021-11-22-at-5-02-29-PM_png,2,1,3,blue_finger,blue_finger,True,Screen-Shot-2021-11-22-at-5-02-29-PM_png.rf.75b2feab1d3de09edc3a137fc8162bc3.jpg,C:\Users\venka\Documents\Project\data\processed\train\blue_finger\Screen-Shot-2021-11-22-at-5-02-29-PM_png.rf.75b2feab1d3de09edc3a137fc8162bc3.jpg,Screen-Shot-2021-11-22-at-5-02-29-PM_png.rf.b395747583bcccc59638dfd47b0bfebb.jpg,C:\Users\venka\Documents\Project\data\processed\test\blue_finger\Screen-Shot-2021-11-22-at-5-02-29-PM_png.rf.b395747583bcccc59638dfd47b0bfebb.jpg
Screen-Shot-2021-11-22-at-5-03-11-PM_png,2,1,3,blue_finger,blue_finger,True,Screen-Shot-2021-11-22-at-5-03-11-PM_png.rf.16bcbf1b61441757528827d014c87b22.jpg,C:\Users\venka\Documents\Project\data\processed\train\blue_finger\Screen-Shot-2021-11-22-at-5-03-11-PM_png.rf.16bcbf1b61441757528827d014c87b22.jpg,Screen-Shot-2021-11-22-at-5-03-11-PM_png.rf.7ce4545c923eb10b2bd8215d89c18c0b.jpg,C:\Users\venka\Documents\Project\data\processed\test\blue_finger\Screen-Shot-2021-11-22-at-5-03-11-PM_png.rf.7ce4545c923eb10b2bd8215d89c18c0b.jpg
Screen-Shot-2021-11-22-at-5-05-41-PM_png,2,1,3,blue_finger,blue_finger,True,Screen-Shot-2021-11-22-at-5-05-41-PM_png.rf.8808740ef7426de88535bf99186cb1f8.jpg,C:\Users\venka\Documents\Project\data\processed\train\blue_finger\Screen-Shot-2021-11-22-at-5-05-41-PM_png.rf.8808740ef7426de88535bf99186cb1f8.jpg,Screen-Shot-2021-11-22-at-5-05-41-PM_png.rf.d66dc6eaa47882611fb807a638bd93ee.jpg,C:\Users\venka\Documents\Project\data\processed\test\blue_finger\Screen-Shot-2021-11-22-at-5-05-41-PM_png.rf.d66dc6eaa47882611fb807a638bd93ee.jpg
Screen-Shot-2021-11-22-at-5-09-59-PM_png,1,2,3,blue_finger,blue_finger,True,Screen-Shot-2021-11-22-at-5-09-59-PM_png.rf.7a9cc921dfffe97ddfd84b7981918c4e.jpg,C:\Users\venka\Documents\Project\data\processed\train\blue_finger\Screen-Shot-2021-11-22-at-5-09-59-PM_png.rf.7a9cc921dfffe97ddfd84b7981918c4e.jpg,Screen-Shot-2021-11-22-at-5-09-59-PM_png.rf.1c6a1bd2cbb3d89a30fd2e7f31af107d.jpg,C:\Users\venka\Documents\Project\data\processed\test\blue_finger\Screen-Shot-2021-11-22-at-5-09-59-PM_png.rf.1c6a1bd2cbb3d89a30fd2e7f31af107d.jpg
Screen-Shot-2021-11-22-at-5-10-07-PM_png,1,2,3,blue_finger,blue_finger,True,Screen-Shot-2021-11-22-at-5-10-07-PM_png.rf.7e7c3891d9a2725b19470d79b43f20e5.jpg,C:\Users\venka\Documents\Project\data\processed\train\blue_finger\Screen-Shot-2021-11-22-at-5-10-07-PM_png.rf.7e7c3891d9a2725b19470d79b43f20e5.jpg,Screen-Shot-2021-11-22-at-5-10-07-PM_png.rf.15ea6de8993357568365d6c4430f3c9a.jpg,C:\Users\venka\Documents\Project\data\processed\test\blue_finger\Screen-Shot-2021-11-22-at-5-10-07-PM_png.rf.15ea6de8993357568365d6c4430f3c9a.jpg
Screen-Shot-2021-11-22-at-5-18-20-PM_png,2,1,3,blue_finger,blue_finger,True,Screen-Shot-2021-11-22-at-5-18-20-PM_png.rf.6a54b12f85962ae547483735e84a53f6.jpg,C:\Users\venka\Documents\Project\data\processed\train\blue_finger\Screen-Shot-2021-11-22-at-5-18-20-PM_png.rf.6a54b12f85962ae547483735e84a53f6.jpg,Screen-Shot-2021-11-22-at-5-18-20-PM_png.rf.6d92bf144bc68a2a517d4e49c369ffd6.jpg,C:\Users\venka\Documents\Project\data\processed\test\blue_finger\Screen-Shot-2021-11-22-at-5-18-20-PM_png.rf.6d92bf144bc68a2a517d4e49c369ffd6.jpg
Screen-Shot-2021-11-22-at-5-22-06-PM_png,2,1,3,blue_finger,blue_finger,True,Screen-Shot-2021-11-22-at-5-22-06-PM_png.rf.334acf21923100af9ea95a01ed604b33.jpg,C:\Users\venka\Documents\Project\data\processed\train\blue_finger\Screen-Shot-2021-11-22-at-5-22-06-PM_png.rf.334acf21923100af9ea95a01ed604b33.jpg,Screen-Shot-2021-11-22-at-5-22-06-PM_png.rf.38183b58151112d579c5710e33fb89a4.jpg,C:\Users\venka\Documents\Project\data\processed\test\blue_finger\Screen-Shot-2021-11-22-at-5-22-06-PM_png.rf.38183b58151112d579c5710e33fb89a4.jpg
Screen-Shot-2021-11-22-at-5-23-38-PM_png,2,1,3,blue_finger,blue_finger,True,Screen-Shot-2021-11-22-at-5-23-38-PM_png.rf.64e22b63723df378109c1b7d904ec5b6.jpg,C:\Users\venka\Documents\Project\data\processed\train\blue_finger\Screen-Shot-2021-11-22-at-5-23-38-PM_png.rf.64e22b63723df378109c1b7d904ec5b6.jpg,Screen-Shot-2021-11-22-at-5-23-38-PM_png.rf.01e1d9f47bebcf86d7616b943066af08.jpg,C:\Users\venka\Documents\Project\data\processed\test\blue_finger\Screen-Shot-2021-11-22-at-5-23-38-PM_png.rf.01e1d9f47bebcf86d7616b943066af08.jpg
Screen-Shot-2021-11-22-at-5-25-44-PM_png,2,1,3,blue_finger,blue_finger,True,Screen-Shot-2021-11-22-at-5-25-44-PM_png.rf.9f21cade77022c641ca21bc69c056443.jpg,C:\Users\venka\Documents\Project\data\processed\train\blue_finger\Screen-Shot-2021-11-22-at-5-25-44-PM_png.rf.9f21cade77022c641ca21bc69c056443.jpg,Screen-Shot-2021-11-22-at-5-25-44-PM_png.rf.73b993cbf96344d526979b2501698433.jpg,C:\Users\venka\Documents\Project\data\processed\test\blue_finger\Screen-Shot-2021-11-22-at-5-25-44-PM_png.rf.73b993cbf96344d526979b2501698433.jpg
Screen-Shot-2021-11-22-at-5-26-02-PM_png,2,1,3,blue_finger,blue_finger,True,Screen-Shot-2021-11-22-at-5-26-02-PM_png.rf.c2ecfc9546eeec9c03ce32aadf4150ba.jpg,C:\Users\venka\Documents\Project\data\processed\train\blue_finger\Screen-Shot-2021-11-22-at-5-26-02-PM_png.rf.c2ecfc9546eeec9c03ce32aadf4150ba.jpg,Screen-Shot-2021-11-22-at-5-26-02-PM_png.rf.bf53966750be2dcf733d84487f188e90.jpg,C:\Users\venka\Documents\Project\data\processed\test\blue_finger\Screen-Shot-2021-11-22-at-5-26-02-PM_png.rf.bf53966750be2dcf733d84487f188e90.jpg
Screen-Shot-2021-11-22-at-5-26-45-PM_png,1,2,3,blue_finger,blue_finger,True,Screen-Shot-2021-11-22-at-5-26-45-PM_png.rf.0d76f45486c2e780969e522ae381760e.jpg,C:\Users\venka\Documents\Project\data\processed\train\blue_finger\Screen-Shot-2021-11-22-at-5-26-45-PM_png.rf.0d76f45486c2e780969e522ae381760e.jpg,Screen-Shot-2021-11-22-at-5-26-45-PM_png.rf.8bf2c580a12de7f991b427e2adae6510.jpg,C:\Users\venka\Documents\Project\data\processed\test\blue_finger\Screen-Shot-2021-11-22-at-5-26-45-PM_png.rf.8bf2c580a12de7f991b427e2adae6510.jpg
Screen-Shot-2021-11-22-at-5-27-36-PM_png,2,1,3,blue_finger,blue_finger,True,Screen-Shot-2021-11-22-at-5-27-36-PM_png.rf.04508b66fbd4b04b01fc481375e7e8b8.jpg,C:\Users\venka\Documents\Project\data\processed\train\blue_finger\Screen-Shot-2021-11-22-at-5-27-36-PM_png.rf.04508b66fbd4b04b01fc481375e7e8b8.jpg,Screen-Shot-2021-11-22-at-5-27-36-PM_png.rf.7a6a624912158d8d9d9476d013fe2498.jpg,C:\Users\venka\Documents\Project\data\processed\test\blue_finger\Screen-Shot-2021-11-22-at-5-27-36-PM_png.rf.7a6a624912158d8d9d9476d013fe2498.jpg
Screen-Shot-2021-11-22-at-5-29-14-PM_png,2,1,3,blue_finger,blue_finger,True,Screen-Shot-2021-11-22-at-5-29-14-PM_png.rf.15cce7dd0f484d660ab9f35e058cee8f.jpg,C:\Users\venka\Documents\Project\data\processed\train\blue_finger\Screen-Shot-2021-11-22-at-5-29-14-PM_png.rf.15cce7dd0f484d660ab9f35e058cee8f.jpg,Screen-Shot-2021-11-22-at-5-29-14-PM_png.rf.96fb8142058a66342b87b8d66400a16c.jpg,C:\Users\venka\Documents\Project\data\processed\test\blue_finger\Screen-Shot-2021-11-22-at-5-29-14-PM_png.rf.96fb8142058a66342b87b8d66400a16c.jpg
Screen-Shot-2021-11-22-at-8-05-33-AM_png,2,1,3,clubbing,clubbing,True,Screen-Shot-2021-11-22-at-8-05-33-AM_png.rf.afb73a25e6c62ac54feeeae7f12ec942.jpg,C:\Users\venka\Documents\Project\data\processed\train\clubbing\Screen-Shot-2021-11-22-at-8-05-33-AM_png.rf.afb73a25e6c62ac54feeeae7f12ec942.jpg,Screen-Shot-2021-11-22-at-8-05-33-AM_png.rf.d9d0293f6039183897c66c2c1bd13d58.jpg,C:\Users\venka\Documents\Project\data\processed\test\clubbing\Screen-Shot-2021-11-22-at-8-05-33-AM_png.rf.d9d0293f6039183897c66c2c1bd13d58.jpg
Screen-Shot-2021-11-22-at-8-07-54-AM_png,2,1,3,clubbing,clubbing,True,Screen-Shot-2021-11-22-at-8-07-54-AM_png.rf.3d9176d305eb4f38df4b6c7354dca37f.jpg,C:\Users\venka\Documents\Project\data\processed\train\clubbing\Screen-Shot-2021-11-22-at-8-07-54-AM_png.rf.3d9176d305eb4f38df4b6c7354dca37f.jpg,Screen-Shot-2021-11-22-at-8-07-54-AM_png.rf.e96b06941e97472672758cd4c6805ea5.jpg,C:\Users\venka\Documents\Project\data\processed\test\clubbing\Screen-Shot-2021-11-22-at-8-07-54-AM_png.rf.e96b06941e97472672758cd4c6805ea5.jpg
Screen-Shot-2021-11-22-at-8-13-50-AM_png,1,2,3,clubbing,clubbing,True,Screen-Shot-2021-11-22-at-8-13-50-AM_png.rf.a30fb928a92b222e8be06a246f83c04f.jpg,C:\Users\venka\Documents\Project\data\processed\train\clubbing\Screen-Shot-2021-11-22-at-8-13-50-AM_png.rf.a30fb928a92b222e8be06a246f83c04f.jpg,Screen-Shot-2021-11-22-at-8-13-50-AM_png.rf.bc822cb53b1ef5353230a7d662c58461.jpg,C:\Users\venka\Documents\Project\data\processed\test\clubbing\Screen-Shot-2021-11-22-at-8-13-50-AM_png.rf.bc822cb53b1ef5353230a7d662c58461.jpg
Screen-Shot-2021-11-22-at-8-15-47-PM_png,2,1,3,blue_finger,blue_finger,True,Screen-Shot-2021-11-22-at-8-15-47-PM_png.rf.453b26aadd417920db9cf3e70c292827.jpg,C:\Users\venka\Documents\Project\data\processed\train\blue_finger\Screen-Shot-2021-11-22-at-8-15-47-PM_png.rf.453b26aadd417920db9cf3e70c292827.jpg,Screen-Shot-2021-11-22-at-8-15-47-PM_png.rf.41441eb32a11a4aa4fdbe12dfae48e5a.jpg,C:\Users\venka\Documents\Project\data\processed\test\blue_finger\Screen-Shot-2021-11-22-at-8-15-47-PM_png.rf.41441eb32a11a4aa4fdbe12dfae48e5a.jpg
Screen-Shot-2021-11-22-at-8-17-06-AM_png,2,1,3,clubbing,clubbing,True,Screen-Shot-2021-11-22-at-8-17-06-AM_png.rf.4e51959ce83cbb27421d822ed978f56a.jpg,C:\Users\venka\Documents\Project\data\processed\train\clubbing\Screen-Shot-2021-11-22-at-8-17-06-AM_png.rf.4e51959ce83cbb27421d822ed978f56a.jpg,Screen-Shot-2021-11-22-at-8-17-06-AM_png.rf.43dd941178ffd7250648e78678a01c97.jpg,C:\Users\venka\Documents\Project\data\processed\test\clubbing\Screen-Shot-2021-11-22-at-8-17-06-AM_png.rf.43dd941178ffd7250648e78678a01c97.jpg
Screen-Shot-2021-11-22-at-8-17-11-AM_png,2,1,3,clubbing,clubbing,True,Screen-Shot-2021-11-22-at-8-17-11-AM_png.rf.5edcff45f6e1e600c8a2a3ed03071211.jpg,C:\Users\venka\Documents\Project\data\processed\train\clubbing\Screen-Shot-2021-11-22-at-8-17-11-AM_png.rf.5edcff45f6e1e600c8a2a3ed03071211.jpg,Screen-Shot-2021-11-22-at-8-17-11-AM_png.rf.ba1dfc85d4eba51c26ea6a0391e8a164.jpg,C:\Users\venka\Documents\Project\data\processed\test\clubbing\Screen-Shot-2021-11-22-at-8-17-11-AM_png.rf.ba1dfc85d4eba51c26ea6a0391e8a164.jpg
Screen-Shot-2021-11-22-at-8-19-18-PM_png,2,1,3,blue_finger,blue_finger,True,Screen-Shot-2021-11-22-at-8-19-18-PM_png.rf.2929436be7cc2fd28c866532e805d545.jpg,C:\Users\venka\Documents\Project\data\processed\train\blue_finger\Screen-Shot-2021-11-22-at-8-19-18-PM_png.rf.2929436be7cc2fd28c866532e805d545.jpg,Screen-Shot-2021-11-22-at-8-19-18-PM_png.rf.5b65c72771d63f6ed8e08fa9d3dfab09.jpg,C:\Users\venka\Documents\Project\data\processed\test\blue_finger\Screen-Shot-2021-11-22-at-8-19-18-PM_png.rf.5b65c72771d63f6ed8e08fa9d3dfab09.jpg
Screen-Shot-2021-11-22-at-8-22-42-AM_png,2,1,3,clubbing,clubbing,True,Screen-Shot-2021-11-22-at-8-22-42-AM_png.rf.bfa69424624dc943caca219c35d4eed5.jpg,C:\Users\venka\Documents\Project\data\processed\train\clubbing\Screen-Shot-2021-11-22-at-8-22-42-AM_png.rf.bfa69424624dc943caca219c35d4eed5.jpg,Screen-Shot-2021-11-22-at-8-22-42-AM_png.rf.e80ff2bfd285183499834eb56c2bb7aa.jpg,C:\Users\venka\Documents\Project\data\processed\test\clubbing\Screen-Shot-2021-11-22-at-8-22-42-AM_png.rf.e80ff2bfd285183499834eb56c2bb7aa.jpg
Screen-Shot-2021-11-22-at-8-23-26-AM_png,2,1,3,clubbing,clubbing,True,Screen-Shot-2021-11-22-at-8-23-26-AM_png.rf.6964860e4a2f7969a512c5c2c441b4fe.jpg,C:\Users\venka\Documents\Project\data\processed\train\clubbing\Screen-Shot-2021-11-22-at-8-23-26-AM_png.rf.6964860e4a2f7969a512c5c2c441b4fe.jpg,Screen-Shot-2021-11-22-at-8-23-26-AM_png.rf.05e4a199e9fb81db9530318ae77ede87.jpg,C:\Users\venka\Documents\Project\data\processed\test\clubbing\Screen-Shot-2021-11-22-at-8-23-26-AM_png.rf.05e4a199e9fb81db9530318ae77ede87.jpg
Screen-Shot-2021-11-22-at-8-24-28-AM_png,2,1,3,clubbing,clubbing,True,Screen-Shot-2021-11-22-at-8-24-28-AM_png.rf.0e2b3eb1e8c3a6b546668bdf6fb4949f.jpg,C:\Users\venka\Documents\Project\data\processed\train\clubbing\Screen-Shot-2021-11-22-at-8-24-28-AM_png.rf.0e2b3eb1e8c3a6b546668bdf6fb4949f.jpg,Screen-Shot-2021-11-22-at-8-24-28-AM_png.rf.646ce5615bd3fa4ca32501f3459b98f4.jpg,C:\Users\venka\Documents\Project\data\processed\test\clubbing\Screen-Shot-2021-11-22-at-8-24-28-AM_png.rf.646ce5615bd3fa4ca32501f3459b98f4.jpg
Screen-Shot-2021-11-22-at-8-25-46-PM_png,2,1,3,blue_finger,blue_finger,True,Screen-Shot-2021-11-22-at-8-25-46-PM_png.rf.86edbb2883660f955777a5d980b79576.jpg,C:\Users\venka\Documents\Project\data\processed\train\blue_finger\Screen-Shot-2021-11-22-at-8-25-46-PM_png.rf.86edbb2883660f955777a5d980b79576.jpg,Screen-Shot-2021-11-22-at-8-25-46-PM_png.rf.30ea5662db91ff960aec64c609a6a8d5.jpg,C:\Users\venka\Documents\Project\data\processed\test\blue_finger\Screen-Shot-2021-11-22-at-8-25-46-PM_png.rf.30ea5662db91ff960aec64c609a6a8d5.jpg
Screen-Shot-2021-11-22-at-8-26-00-AM_png,2,1,3,clubbing,clubbing,True,Screen-Shot-2021-11-22-at-8-26-00-AM_png.rf.3b5af8d186489034e15c9267b2410cf7.jpg,C:\Users\venka\Documents\Project\data\processed\train\clubbing\Screen-Shot-2021-11-22-at-8-26-00-AM_png.rf.3b5af8d186489034e15c9267b2410cf7.jpg,Screen-Shot-2021-11-22-at-8-26-00-AM_png.rf.4267e7cc1df3c74e5a03e3f94363f120.jpg,C:\Users\venka\Documents\Project\data\processed\test\clubbing\Screen-Shot-2021-11-22-at-8-26-00-AM_png.rf.4267e7cc1df3c74e5a03e3f94363f120.jpg
Screen-Shot-2021-11-22-at-8-28-12-AM_png,2,1,3,clubbing,clubbing,True,Screen-Shot-2021-11-22-at-8-28-12-AM_png.rf.769b6f7e0e2797029be939cf9352f5e9.jpg,C:\Users\venka\Documents\Project\data\processed\train\clubbing\Screen-Shot-2021-11-22-at-8-28-12-AM_png.rf.769b6f7e0e2797029be939cf9352f5e9.jpg,Screen-Shot-2021-11-22-at-8-28-12-AM_png.rf.4abdff903c407e7b25027fb3c800c0ef.jpg,C:\Users\venka\Documents\Project\data\processed\test\clubbing\Screen-Shot-2021-11-22-at-8-28-12-AM_png.rf.4abdff903c407e7b25027fb3c800c0ef.jpg
Screen-Shot-2021-11-22-at-8-28-22-AM_png,1,2,3,clubbing,clubbing,True,Screen-Shot-2021-11-22-at-8-28-22-AM_png.rf.912dbc855daf956eaefd0814c273c499.jpg,C:\Users\venka\Documents\Project\data\processed\train\clubbing\Screen-Shot-2021-11-22-at-8-28-22-AM_png.rf.912dbc855daf956eaefd0814c273c499.jpg,Screen-Shot-2021-11-22-at-8-28-22-AM_png.rf.71818e1225bab4d82ebb3c2fffde4bd4.jpg,C:\Users\venka\Documents\Project\data\processed\test\clubbing\Screen-Shot-2021-11-22-at-8-28-22-AM_png.rf.71818e1225bab4d82ebb3c2fffde4bd4.jpg
Screen-Shot-2021-11-22-at-8-30-46-AM_png,2,1,3,clubbing,clubbing,True,Screen-Shot-2021-11-22-at-8-30-46-AM_png.rf.ad90552e7c5da8c53791c726219993a6.jpg,C:\Users\venka\Documents\Project\data\processed\train\clubbing\Screen-Shot-2021-11-22-at-8-30-46-AM_png.rf.ad90552e7c5da8c53791c726219993a6.jpg,Screen-Shot-2021-11-22-at-8-30-46-AM_png.rf.cab2f9119a8d7ba60ab7aa77b752cd52.jpg,C:\Users\venka\Documents\Project\data\processed\test\clubbing\Screen-Shot-2021-11-22-at-8-30-46-AM_png.rf.cab2f9119a8d7ba60ab7aa77b752cd52.jpg
Screen-Shot-2021-11-22-at-8-35-57-AM_png,1,2,3,clubbing,clubbing,True,Screen-Shot-2021-11-22-at-8-35-57-AM_png.rf.2ed801c99877ad6cd7cafb780ea7a890.jpg,C:\Users\venka\Documents\Project\data\processed\train\clubbing\Screen-Shot-2021-11-22-at-8-35-57-AM_png.rf.2ed801c99877ad6cd7cafb780ea7a890.jpg,Screen-Shot-2021-11-22-at-8-35-57-AM_png.rf.01ad598806819c2301ec5e6ab4eb41e3.jpg,C:\Users\venka\Documents\Project\data\processed\test\clubbing\Screen-Shot-2021-11-22-at-8-35-57-AM_png.rf.01ad598806819c2301ec5e6ab4eb41e3.jpg
Screen-Shot-2021-11-22-at-8-40-06-AM_png,2,1,3,clubbing,clubbing,True,Screen-Shot-2021-11-22-at-8-40-06-AM_png.rf.52cdff33c6cb68bca16277a7bdb4f15b.jpg,C:\Users\venka\Documents\Project\data\processed\train\clubbing\Screen-Shot-2021-11-22-at-8-40-06-AM_png.rf.52cdff33c6cb68bca16277a7bdb4f15b.jpg,Screen-Shot-2021-11-22-at-8-40-06-AM_png.rf.d95ab12cabe0c32e56cf72b9cd9fe779.jpg,C:\Users\venka\Documents\Project\data\processed\test\clubbing\Screen-Shot-2021-11-22-at-8-40-06-AM_png.rf.d95ab12cabe0c32e56cf72b9cd9fe779.jpg
Screen-Shot-2021-11-22-at-8-44-44-AM_png,2,1,3,clubbing,clubbing,True,Screen-Shot-2021-11-22-at-8-44-44-AM_png.rf.3c6306891c1746992b70b9ff18bb88cb.jpg,C:\Users\venka\Documents\Project\data\processed\train\clubbing\Screen-Shot-2021-11-22-at-8-44-44-AM_png.rf.3c6306891c1746992b70b9ff18bb88cb.jpg,Screen-Shot-2021-11-22-at-8-44-44-AM_png.rf.f111cda1cf4b4f51d5edae527d5b45b8.jpg,C:\Users\venka\Documents\Project\data\processed\test\clubbing\Screen-Shot-2021-11-22-at-8-44-44-AM_png.rf.f111cda1cf4b4f51d5edae527d5b45b8.jpg
Screen-Shot-2021-11-22-at-8-44-48-AM_png,2,1,3,clubbing,clubbing,True,Screen-Shot-2021-11-22-at-8-44-48-AM_png.rf.47e3ccb02b7930cbd062a4586615e973.jpg,C:\Users\venka\Documents\Project\data\processed\train\clubbing\Screen-Shot-2021-11-22-at-8-44-48-AM_png.rf.47e3ccb02b7930cbd062a4586615e973.jpg,Screen-Shot-2021-11-22-at-8-44-48-AM_png.rf.4dd1941561265e606fde5de0776d637d.jpg,C:\Users\venka\Documents\Project\data\processed\test\clubbing\Screen-Shot-2021-11-22-at-8-44-48-AM_png.rf.4dd1941561265e606fde5de0776d637d.jpg
Screen-Shot-2021-11-22-at-8-45-05-AM_png,2,1,3,clubbing,clubbing,True,Screen-Shot-2021-11-22-at-8-45-05-AM_png.rf.26f5a1679706a95788e7b57ee5e89647.jpg,C:\Users\venka\Documents\Project\data\processed\train\clubbing\Screen-Shot-2021-11-22-at-8-45-05-AM_png.rf.26f5a1679706a95788e7b57ee5e89647.jpg,Screen-Shot-2021-11-22-at-8-45-05-AM_png.rf.46b44e46fb9edc4f9c966c107c72045d.jpg,C:\Users\venka\Documents\Project\data\processed\test\clubbing\Screen-Shot-2021-11-22-at-8-45-05-AM_png.rf.46b44e46fb9edc4f9c966c107c72045d.jpg
Screen-Shot-2021-11-22-at-8-45-38-AM_png,2,1,3,clubbing,clubbing,True,Screen-Shot-2021-11-22-at-8-45-38-AM_png.rf.0eda1b098449f6ec375aaecf2cc8dbf8.jpg,C:\Users\venka\Documents\Project\data\processed\train\clubbing\Screen-Shot-2021-11-22-at-8-45-38-AM_png.rf.0eda1b098449f6ec375aaecf2cc8dbf8.jpg,Screen-Shot-2021-11-22-at-8-45-38-AM_png.rf.d6e8d529d948d5c45e1c4b2b540d1628.jpg,C:\Users\venka\Documents\Project\data\processed\test\clubbing\Screen-Shot-2021-11-22-at-8-45-38-AM_png.rf.d6e8d529d948d5c45e1c4b2b540d1628.jpg
Screen-Shot-2021-11-22-at-8-46-56-AM_png,2,1,3,clubbing,clubbing,True,Screen-Shot-2021-11-22-at-8-46-56-AM_png.rf.f6c4c4fbea47f7a1fe53e19d8577b785.jpg,C:\Users\venka\Documents\Project\data\processed\train\clubbing\Screen-Shot-2021-11-22-at-8-46-56-AM_png.rf.f6c4c4fbea47f7a1fe53e19d8577b785.jpg,Screen-Shot-2021-11-22-at-8-46-56-AM_png.rf.6b360725b3b913902827498fa401433e.jpg,C:\Users\venka\Documents\Project\data\processed\test\clubbing\Screen-Shot-2021-11-22-at-8-46-56-AM_png.rf.6b360725b3b913902827498fa401433e.jpg
Screen-Shot-2021-11-22-at-8-51-01-PM_png,2,1,3,blue_finger,blue_finger,True,Screen-Shot-2021-11-22-at-8-51-01-PM_png.rf.346ec8019e02e4a28d05443efcdc5b2e.jpg,C:\Users\venka\Documents\Project\data\processed\train\blue_finger\Screen-Shot-2021-11-22-at-8-51-01-PM_png.rf.346ec8019e02e4a28d05443efcdc5b2e.jpg,Screen-Shot-2021-11-22-at-8-51-01-PM_png.rf.68d97cc811337faf3cbdbf2273a2b9ae.jpg,C:\Users\venka\Documents\Project\data\processed\test\blue_finger\Screen-Shot-2021-11-22-at-8-51-01-PM_png.rf.68d97cc811337faf3cbdbf2273a2b9ae.jpg
Screen-Shot-2021-11-22-at-8-56-36-PM_png,1,2,3,blue_finger,blue_finger,True,Screen-Shot-2021-11-22-at-8-56-36-PM_png.rf.7d8d4e4c9fc1169626a891e4045f5805.jpg,C:\Users\venka\Documents\Project\data\processed\train\blue_finger\Screen-Shot-2021-11-22-at-8-56-36-PM_png.rf.7d8d4e4c9fc1169626a891e4045f5805.jpg,Screen-Shot-2021-11-22-at-8-56-36-PM_png.rf.26fb550fbb52755e0121d2582b8da075.jpg,C:\Users\venka\Documents\Project\data\processed\test\blue_finger\Screen-Shot-2021-11-22-at-8-56-36-PM_png.rf.26fb550fbb52755e0121d2582b8da075.jpg
Screen-Shot-2021-11-22-at-8-59-55-AM_png,2,1,3,clubbing,clubbing,True,Screen-Shot-2021-11-22-at-8-59-55-AM_png.rf.2d847f96a20a011d26d8acf3937ca839.jpg,C:\Users\venka\Documents\Project\data\processed\train\clubbing\Screen-Shot-2021-11-22-at-8-59-55-AM_png.rf.2d847f96a20a011d26d8acf3937ca839.jpg,Screen-Shot-2021-11-22-at-8-59-55-AM_png.rf.b6dfb68ee47bf0f2b704662d42520539.jpg,C:\Users\venka\Documents\Project\data\processed\test\clubbing\Screen-Shot-2021-11-22-at-8-59-55-AM_png.rf.b6dfb68ee47bf0f2b704662d42520539.jpg
Screen-Shot-2021-11-22-at-9-00-08-AM_png,2,1,3,clubbing,clubbing,True,Screen-Shot-2021-11-22-at-9-00-08-AM_png.rf.1db37621af118121bee0634281ed93a5.jpg,C:\Users\venka\Documents\Project\data\processed\train\clubbing\Screen-Shot-2021-11-22-at-9-00-08-AM_png.rf.1db37621af118121bee0634281ed93a5.jpg,Screen-Shot-2021-11-22-at-9-00-08-AM_png.rf.4b9a26de9e1704a230905ec0e1db3a91.jpg,C:\Users\venka\Documents\Project\data\processed\test\clubbing\Screen-Shot-2021-11-22-at-9-00-08-AM_png.rf.4b9a26de9e1704a230905ec0e1db3a91.jpg
Screen-Shot-2021-11-22-at-9-02-53-AM_png,2,1,3,clubbing,clubbing,True,Screen-Shot-2021-11-22-at-9-02-53-AM_png.rf.439a2da59218036a238aa45cfd4b0a48.jpg,C:\Users\venka\Documents\Project\data\processed\train\clubbing\Screen-Shot-2021-11-22-at-9-02-53-AM_png.rf.439a2da59218036a238aa45cfd4b0a48.jpg,Screen-Shot-2021-11-22-at-9-02-53-AM_png.rf.df8b88d5cdf9f8ee491d57490a1b97fc.jpg,C:\Users\venka\Documents\Project\data\processed\test\clubbing\Screen-Shot-2021-11-22-at-9-02-53-AM_png.rf.df8b88d5cdf9f8ee491d57490a1b97fc.jpg
Screen-Shot-2021-11-22-at-9-03-22-AM_png,2,1,3,clubbing,clubbing,True,Screen-Shot-2021-11-22-at-9-03-22-AM_png.rf.15d0d1436b28001236f5936379d09b3e.jpg,C:\Users\venka\Documents\Project\data\processed\train\clubbing\Screen-Shot-2021-11-22-at-9-03-22-AM_png.rf.15d0d1436b28001236f5936379d09b3e.jpg,Screen-Shot-2021-11-22-at-9-03-22-AM_png.rf.2fd6ae5ef8d0f22b5bdea06fdb6aa329.jpg,C:\Users\venka\Documents\Project\data\processed\test\clubbing\Screen-Shot-2021-11-22-at-9-03-22-AM_png.rf.2fd6ae5ef8d0f22b5bdea06fdb6aa329.jpg
Screen-Shot-2021-11-22-at-9-06-56-PM_png,2,1,3,blue_finger,blue_finger,True,Screen-Shot-2021-11-22-at-9-06-56-PM_png.rf.026745c4b901a33325f8b8810f33d9eb.jpg,C:\Users\venka\Documents\Project\data\processed\train\blue_finger\Screen-Shot-2021-11-22-at-9-06-56-PM_png.rf.026745c4b901a33325f8b8810f33d9eb.jpg,Screen-Shot-2021-11-22-at-9-06-56-PM_png.rf.36a82022f24ece9ea6ab485d77a6d183.jpg,C:\Users\venka\Documents\Project\data\processed\test\blue_finger\Screen-Shot-2021-11-22-at-9-06-56-PM_png.rf.36a82022f24ece9ea6ab485d77a6d183.jpg
Screen-Shot-2021-11-22-at-9-07-07-PM_png,2,1,3,blue_finger,blue_finger,True,Screen-Shot-2021-11-22-at-9-07-07-PM_png.rf.4c76d638e563b2b9375a5366b946cac8.jpg,C:\Users\venka\Documents\Project\data\processed\train\blue_finger\Screen-Shot-2021-11-22-at-9-07-07-PM_png.rf.4c76d638e563b2b9375a5366b946cac8.jpg,Screen-Shot-2021-11-22-at-9-07-07-PM_png.rf.37aad7959a09fc9a3b3875b5a9e3c34c.jpg,C:\Users\venka\Documents\Project\data\processed\test\blue_finger\Screen-Shot-2021-11-22-at-9-07-07-PM_png.rf.37aad7959a09fc9a3b3875b5a9e3c34c.jpg
Screen-Shot-2021-11-22-at-9-07-19-PM_png,2,1,3,blue_finger,blue_finger,True,Screen-Shot-2021-11-22-at-9-07-19-PM_png.rf.2f9dc87a7a52d95328c43c592967e490.jpg,C:\Users\venka\Documents\Project\data\processed\train\blue_finger\Screen-Shot-2021-11-22-at-9-07-19-PM_png.rf.2f9dc87a7a52d95328c43c592967e490.jpg,Screen-Shot-2021-11-22-at-9-07-19-PM_png.rf.36ffc481f0ba738038dcfe2741fe5940.jpg,C:\Users\venka\Documents\Project\data\processed\test\blue_finger\Screen-Shot-2021-11-22-at-9-07-19-PM_png.rf.36ffc481f0ba738038dcfe2741fe5940.jpg
Screen-Shot-2021-11-22-at-9-07-23-AM_png,1,2,3,clubbing,clubbing,True,Screen-Shot-2021-11-22-at-9-07-23-AM_png.rf.b3f236b3841e1020617cac286e238f14.jpg,C:\Users\venka\Documents\Project\data\processed\train\clubbing\Screen-Shot-2021-11-22-at-9-07-23-AM_png.rf.b3f236b3841e1020617cac286e238f14.jpg,Screen-Shot-2021-11-22-at-9-07-23-AM_png.rf.aa52a8f565a0ec4fa48ba004d7094298.jpg,C:\Users\venka\Documents\Project\data\processed\test\clubbing\Screen-Shot-2021-11-22-at-9-07-23-AM_png.rf.aa52a8f565a0ec4fa48ba004d7094298.jpg
Screen-Shot-2021-11-22-at-9-09-23-AM_png,2,1,3,clubbing,clubbing,True,Screen-Shot-2021-11-22-at-9-09-23-AM_png.rf.11719001245d67c3ceda4949ea5f2a75.jpg,C:\Users\venka\Documents\Project\data\processed\train\clubbing\Screen-Shot-2021-11-22-at-9-09-23-AM_png.rf.11719001245d67c3ceda4949ea5f2a75.jpg,Screen-Shot-2021-11-22-at-9-09-23-AM_png.rf.678a6ceb45cc8a27d6eb1a0ae004e656.jpg,C:\Users\venka\Documents\Project\data\processed\test\clubbing\Screen-Shot-2021-11-22-at-9-09-23-AM_png.rf.678a6ceb45cc8a27d6eb1a0ae004e656.jpg
Screen-Shot-2021-11-22-at-9-09-32-AM_png,2,1,3,clubbing,clubbing,True,Screen-Shot-2021-11-22-at-9-09-32-AM_png.rf.7d3ad0324760dfd0277511e28c1f0845.jpg,C:\Users\venka\Documents\Project\data\processed\train\clubbing\Screen-Shot-2021-11-22-at-9-09-32-AM_png.rf.7d3ad0324760dfd0277511e28c1f0845.jpg,Screen-Shot-2021-11-22-at-9-09-32-AM_png.rf.0df87e571cc956b4b9da457ff332ee0e.jpg,C:\Users\venka\Documents\Project\data\processed\test\clubbing\Screen-Shot-2021-11-22-at-9-09-32-AM_png.rf.0df87e571cc956b4b9da457ff332ee0e.jpg
Screen-Shot-2021-11-22-at-9-10-55-AM_png,2,1,3,clubbing,clubbing,True,Screen-Shot-2021-11-22-at-9-10-55-AM_png.rf.541614fb4002b4f2ea93f6be25b28135.jpg,C:\Users\venka\Documents\Project\data\processed\train\clubbing\Screen-Shot-2021-11-22-at-9-10-55-AM_png.rf.541614fb4002b4f2ea93f6be25b28135.jpg,Screen-Shot-2021-11-22-at-9-10-55-AM_png.rf.f8dd88bda4d055bdaf662c677c46a48b.jpg,C:\Users\venka\Documents\Project\data\processed\test\clubbing\Screen-Shot-2021-11-22-at-9-10-55-AM_png.rf.f8dd88bda4d055bdaf662c677c46a48b.jpg
Screen-Shot-2021-11-22-at-9-13-27-AM_png,2,1,3,clubbing,clubbing,True,Screen-Shot-2021-11-22-at-9-13-27-AM_png.rf.22ef36259a03f42e2d4b4aa5a1d4caef.jpg,C:\Users\venka\Documents\Project\data\processed\train\clubbing\Screen-Shot-2021-11-22-at-9-13-27-AM_png.rf.22ef36259a03f42e2d4b4aa5a1d4caef.jpg,Screen-Shot-2021-11-22-at-9-13-27-AM_png.rf.d3e03b8c8717e761575477810bfe73f6.jpg,C:\Users\venka\Documents\Project\data\processed\test\clubbing\Screen-Shot-2021-11-22-at-9-13-27-AM_png.rf.d3e03b8c8717e761575477810bfe73f6.jpg
Screen-Shot-2021-11-22-at-9-14-59-PM_png,1,2,3,blue_finger,blue_finger,True,Screen-Shot-2021-11-22-at-9-14-59-PM_png.rf.1d980373418eb33ce5f9778f776396df.jpg,C:\Users\venka\Documents\Project\data\processed\train\blue_finger\Screen-Shot-2021-11-22-at-9-14-59-PM_png.rf.1d980373418eb33ce5f9778f776396df.jpg,Screen-Shot-2021-11-22-at-9-14-59-PM_png.rf.76f068f0b26fc6f70a15f257a9ac93fd.jpg,C:\Users\venka\Documents\Project\data\processed\test\blue_finger\Screen-Shot-2021-11-22-at-9-14-59-PM_png.rf.76f068f0b26fc6f70a15f257a9ac93fd.jpg
Screen-Shot-2021-11-22-at-9-15-35-AM_png,2,1,3,clubbing,clubbing,True,Screen-Shot-2021-11-22-at-9-15-35-AM_png.rf.0a34e7d3547461f90ac119b8c6a96a18.jpg,C:\Users\venka\Documents\Project\data\processed\train\clubbing\Screen-Shot-2021-11-22-at-9-15-35-AM_png.rf.0a34e7d3547461f90ac119b8c6a96a18.jpg,Screen-Shot-2021-11-22-at-9-15-35-AM_png.rf.a97de4275841aadcb7fa2c7838b4db1b.jpg,C:\Users\venka\Documents\Project\data\processed\test\clubbing\Screen-Shot-2021-11-22-at-9-15-35-AM_png.rf.a97de4275841aadcb7fa2c7838b4db1b.jpg
Screen-Shot-2021-11-22-at-9-21-08-PM_png,2,1,3,blue_finger,blue_finger,True,Screen-Shot-2021-11-22-at-9-21-08-PM_png.rf.88af3d7ae38afdb684f6eb65f0174746.jpg,C:\Users\venka\Documents\Project\data\processed\train\blue_finger\Screen-Shot-2021-11-22-at-9-21-08-PM_png.rf.88af3d7ae38afdb684f6eb65f0174746.jpg,Screen-Shot-2021-11-22-at-9-21-08-PM_png.rf.7629e9308b9daf87d7f382aed6484ffc.jpg,C:\Users\venka\Documents\Project\data\processed\test\blue_finger\Screen-Shot-2021-11-22-at-9-21-08-PM_png.rf.7629e9308b9daf87d7f382aed6484ffc.jpg
Screen-Shot-2021-11-22-at-9-21-29-PM_png,2,1,3,blue_finger,blue_finger,True,Screen-Shot-2021-11-22-at-9-21-29-PM_png.rf.e589731e8ddd65cbda152ddb37d73f85.jpg,C:\Users\venka\Documents\Project\data\processed\train\blue_finger\Screen-Shot-2021-11-22-at-9-21-29-PM_png.rf.e589731e8ddd65cbda152ddb37d73f85.jpg,Screen-Shot-2021-11-22-at-9-21-29-PM_png.rf.40e53d088645919548dd48db035fbe43.jpg,C:\Users\venka\Documents\Project\data\processed\test\blue_finger\Screen-Shot-2021-11-22-at-9-21-29-PM_png.rf.40e53d088645919548dd48db035fbe43.jpg
Screen-Shot-2021-11-22-at-9-22-07-PM_png,1,2,3,blue_finger,blue_finger,True,Screen-Shot-2021-11-22-at-9-22-07-PM_png.rf.30f14805bfd40825b3b1988f0f7c9eb5.jpg,C:\Users\venka\Documents\Project\data\processed\train\blue_finger\Screen-Shot-2021-11-22-at-9-22-07-PM_png.rf.30f14805bfd40825b3b1988f0f7c9eb5.jpg,Screen-Shot-2021-11-22-at-9-22-07-PM_png.rf.4d30071c130d972080b3785c7c01561e.jpg,C:\Users\venka\Documents\Project\data\processed\test\blue_finger\Screen-Shot-2021-11-22-at-9-22-07-PM_png.rf.4d30071c130d972080b3785c7c01561e.jpg
Screen-Shot-2021-11-22-at-9-23-26-AM_png,2,1,3,clubbing,clubbing,True,Screen-Shot-2021-11-22-at-9-23-26-AM_png.rf.0750e292beb0740a90e7774a158095f8.jpg,C:\Users\venka\Documents\Project\data\processed\train\clubbing\Screen-Shot-2021-11-22-at-9-23-26-AM_png.rf.0750e292beb0740a90e7774a158095f8.jpg,Screen-Shot-2021-11-22-at-9-23-26-AM_png.rf.9994386352d8c8eeff37bce1fb901387.jpg,C:\Users\venka\Documents\Project\data\processed\test\clubbing\Screen-Shot-2021-11-22-at-9-23-26-AM_png.rf.9994386352d8c8eeff37bce1fb901387.jpg
Screen-Shot-2021-11-22-at-9-23-46-AM_png,1,2,3,clubbing,clubbing,True,Screen-Shot-2021-11-22-at-9-23-46-AM_png.rf.73b7e2aab725d05cbe15a5822627f1a7.jpg,C:\Users\venka\Documents\Project\data\processed\train\clubbing\Screen-Shot-2021-11-22-at-9-23-46-AM_png.rf.73b7e2aab725d05cbe15a5822627f1a7.jpg,Screen-Shot-2021-11-22-at-9-23-46-AM_png.rf.db710c6fd04556ba4801ad5a1eaab126.jpg,C:\Users\venka\Documents\Project\data\processed\test\clubbing\Screen-Shot-2021-11-22-at-9-23-46-AM_png.rf.db710c6fd04556ba4801ad5a1eaab126.jpg
Screen-Shot-2021-11-22-at-9-24-05-AM_png,2,1,3,clubbing,clubbing,True,Screen-Shot-2021-11-22-at-9-24-05-AM_png.rf.3c40d1edb496d53d49de9824004b2e61.jpg,C:\Users\venka\Documents\Project\data\processed\train\clubbing\Screen-Shot-2021-11-22-at-9-24-05-AM_png.rf.3c40d1edb496d53d49de9824004b2e61.jpg,Screen-Shot-2021-11-22-at-9-24-05-AM_png.rf.f2995c3f305ac8dd90a1248dbe331508.jpg,C:\Users\venka\Documents\Project\data\processed\test\clubbing\Screen-Shot-2021-11-22-at-9-24-05-AM_png.rf.f2995c3f305ac8dd90a1248dbe331508.jpg
Screen-Shot-2021-11-22-at-9-27-45-AM_png,2,1,3,clubbing,clubbing,True,Screen-Shot-2021-11-22-at-9-27-45-AM_png.rf.4501f85251dcc216c38da30a80e9036d.jpg,C:\Users\venka\Documents\Project\data\processed\train\clubbing\Screen-Shot-2021-11-22-at-9-27-45-AM_png.rf.4501f85251dcc216c38da30a80e9036d.jpg,Screen-Shot-2021-11-22-at-9-27-45-AM_png.rf.5046c5a89ab861f4d84232b901ea8cd9.jpg,C:\Users\venka\Documents\Project\data\processed\test\clubbing\Screen-Shot-2021-11-22-at-9-27-45-AM_png.rf.5046c5a89ab861f4d84232b901ea8cd9.jpg
Screen-Shot-2021-11-22-at-9-27-51-AM_png,2,1,3,clubbing,clubbing,True,Screen-Shot-2021-11-22-at-9-27-51-AM_png.rf.f086868bb19f6b07c3221b30b8796f6a.jpg,C:\Users\venka\Documents\Project\data\processed\train\clubbing\Screen-Shot-2021-11-22-at-9-27-51-AM_png.rf.f086868bb19f6b07c3221b30b8796f6a.jpg,Screen-Shot-2021-11-22-at-9-27-51-AM_png.rf.8e6a92146227390b94e99e61bd10c86c.jpg,C:\Users\venka\Documents\Project\data\processed\test\clubbing\Screen-Shot-2021-11-22-at-9-27-51-AM_png.rf.8e6a92146227390b94e99e61bd10c86c.jpg
Screen-Shot-2021-11-22-at-9-31-39-AM_png,2,1,3,clubbing,clubbing,True,Screen-Shot-2021-11-22-at-9-31-39-AM_png.rf.5fdcf655dde3ebe7c01ecd8e78692bb4.jpg,C:\Users\venka\Documents\Project\data\processed\train\clubbing\Screen-Shot-2021-11-22-at-9-31-39-AM_png.rf.5fdcf655dde3ebe7c01ecd8e78692bb4.jpg,Screen-Shot-2021-11-22-at-9-31-39-AM_png.rf.555324671795713ce6d995bdeea74e73.jpg,C:\Users\venka\Documents\Project\data\processed\test\clubbing\Screen-Shot-2021-11-22-at-9-31-39-AM_png.rf.555324671795713ce6d995bdeea74e73.jpg
Screen-Shot-2021-11-22-at-9-32-29-AM_png,1,2,3,clubbing,clubbing,True,Screen-Shot-2021-11-22-at-9-32-29-AM_png.rf.2c682ba9c8d80f0dd0e1ccff3f276f14.jpg,C:\Users\venka\Documents\Project\data\processed\train\clubbing\Screen-Shot-2021-11-22-at-9-32-29-AM_png.rf.2c682ba9c8d80f0dd0e1ccff3f276f14.jpg,Screen-Shot-2021-11-22-at-9-32-29-AM_png.rf.765965c76a4b654e86b8a484d703fd25.jpg,C:\Users\venka\Documents\Project\data\processed\test\clubbing\Screen-Shot-2021-11-22-at-9-32-29-AM_png.rf.765965c76a4b654e86b8a484d703fd25.jpg
Screen-Shot-2021-11-22-at-9-37-40-AM_png,1,2,3,clubbing,clubbing,True,Screen-Shot-2021-11-22-at-9-37-40-AM_png.rf.d4b5481bb52ff357392f4f0874b74a5f.jpg,C:\Users\venka\Documents\Project\data\processed\train\clubbing\Screen-Shot-2021-11-22-at-9-37-40-AM_png.rf.d4b5481bb52ff357392f4f0874b74a5f.jpg,Screen-Shot-2021-11-22-at-9-37-40-AM_png.rf.b684d83c144a38eb2c052ab08fe85089.jpg,C:\Users\venka\Documents\Project\data\processed\test\clubbing\Screen-Shot-2021-11-22-at-9-37-40-AM_png.rf.b684d83c144a38eb2c052ab08fe85089.jpg
Screen-Shot-2021-11-22-at-9-40-07-AM_png,2,1,3,clubbing,clubbing,True,Screen-Shot-2021-11-22-at-9-40-07-AM_png.rf.27e1ba2a641a04221b2e9131c16a2870.jpg,C:\Users\venka\Documents\Project\data\processed\train\clubbing\Screen-Shot-2021-11-22-at-9-40-07-AM_png.rf.27e1ba2a641a04221b2e9131c16a2870.jpg,Screen-Shot-2021-11-22-at-9-40-07-AM_png.rf.9dc1009f07d7125bb0806fe5f9ba47cc.jpg,C:\Users\venka\Documents\Project\data\processed\test\clubbing\Screen-Shot-2021-11-22-at-9-40-07-AM_png.rf.9dc1009f07d7125bb0806fe5f9ba47cc.jpg
Screen-Shot-2021-11-22-at-9-43-45-AM_png,2,1,3,clubbing,clubbing,True,Screen-Shot-2021-11-22-at-9-43-45-AM_png.rf.3b7a231029d1ffc691e6d17b5176b0b0.jpg,C:\Users\venka\Documents\Project\data\processed\train\clubbing\Screen-Shot-2021-11-22-at-9-43-45-AM_png.rf.3b7a231029d1ffc691e6d17b5176b0b0.jpg,Screen-Shot-2021-11-22-at-9-43-45-AM_png.rf.56fee80d27742f442483f6b027ee264e.jpg,C:\Users\venka\Documents\Project\data\processed\test\clubbing\Screen-Shot-2021-11-22-at-9-43-45-AM_png.rf.56fee80d27742f442483f6b027ee264e.jpg
Screen-Shot-2021-11-22-at-9-44-03-AM_png,2,1,3,clubbing,clubbing,True,Screen-Shot-2021-11-22-at-9-44-03-AM_png.rf.4bccab0ba69abd3074b6661dc1707fcd.jpg,C:\Users\venka\Documents\Project\data\processed\train\clubbing\Screen-Shot-2021-11-22-at-9-44-03-AM_png.rf.4bccab0ba69abd3074b6661dc1707fcd.jpg,Screen-Shot-2021-11-22-at-9-44-03-AM_png.rf.9401cc63fb535352ac86210116e80ab8.jpg,C:\Users\venka\Documents\Project\data\processed\test\clubbing\Screen-Shot-2021-11-22-at-9-44-03-AM_png.rf.9401cc63fb535352ac86210116e80ab8.jpg
Screen-Shot-2021-11-22-at-9-44-40-AM_png,2,1,3,clubbing,clubbing,True,Screen-Shot-2021-11-22-at-9-44-40-AM_png.rf.a00c4fdc5f67c2081f729659ccc591ba.jpg,C:\Users\venka\Documents\Project\data\processed\train\clubbing\Screen-Shot-2021-11-22-at-9-44-40-AM_png.rf.a00c4fdc5f67c2081f729659ccc591ba.jpg,Screen-Shot-2021-11-22-at-9-44-40-AM_png.rf.b86d00c09dce9b97af3940e831451e54.jpg,C:\Users\venka\Documents\Project\data\processed\test\clubbing\Screen-Shot-2021-11-22-at-9-44-40-AM_png.rf.b86d00c09dce9b97af3940e831451e54.jpg
Screen-Shot-2021-11-22-at-9-46-24-PM_png,2,1,3,blue_finger,blue_finger,True,Screen-Shot-2021-11-22-at-9-46-24-PM_png.rf.280787917f05da1446f5f12896d3bb82.jpg,C:\Users\venka\Documents\Project\data\processed\train\blue_finger\Screen-Shot-2021-11-22-at-9-46-24-PM_png.rf.280787917f05da1446f5f12896d3bb82.jpg,Screen-Shot-2021-11-22-at-9-46-24-PM_png.rf.f1a68de9eacbc4cd145b70e320ef0cc3.jpg,C:\Users\venka\Documents\Project\data\processed\test\blue_finger\Screen-Shot-2021-11-22-at-9-46-24-PM_png.rf.f1a68de9eacbc4cd145b70e320ef0cc3.jpg
Screen-Shot-2021-11-22-at-9-47-35-PM_png,2,1,3,blue_finger,blue_finger,True,Screen-Shot-2021-11-22-at-9-47-35-PM_png.rf.0842b228894701a65933040572439eed.jpg,C:\Users\venka\Documents\Project\data\processed\train\blue_finger\Screen-Shot-2021-11-22-at-9-47-35-PM_png.rf.0842b228894701a65933040572439eed.jpg,Screen-Shot-2021-11-22-at-9-47-35-PM_png.rf.505a66d48d60cb030e85e72d119e7f37.jpg,C:\Users\venka\Documents\Project\data\processed\test\blue_finger\Screen-Shot-2021-11-22-at-9-47-35-PM_png.rf.505a66d48d60cb030e85e72d119e7f37.jpg
Screen-Shot-2021-11-22-at-9-47-46-PM_png,2,1,3,blue_finger,blue_finger,True,Screen-Shot-2021-11-22-at-9-47-46-PM_png.rf.0db34c69d6c83b34669f339d77cdf129.jpg,C:\Users\venka\Documents\Project\data\processed\train\blue_finger\Screen-Shot-2021-11-22-at-9-47-46-PM_png.rf.0db34c69d6c83b34669f339d77cdf129.jpg,Screen-Shot-2021-11-22-at-9-47-46-PM_png.rf.5767f23837819a3424406e0bcaca9c1e.jpg,C:\Users\venka\Documents\Project\data\processed\test\blue_finger\Screen-Shot-2021-11-22-at-9-47-46-PM_png.rf.5767f23837819a3424406e0bcaca9c1e.jpg
Screen-Shot-2021-11-22-at-9-51-13-AM_png,1,2,3,clubbing,clubbing,True,Screen-Shot-2021-11-22-at-9-51-13-AM_png.rf.bc62bff5c1496f15cf7b1cf2daf4450e.jpg,C:\Users\venka\Documents\Project\data\processed\train\clubbing\Screen-Shot-2021-11-22-at-9-51-13-AM_png.rf.bc62bff5c1496f15cf7b1cf2daf4450e.jpg,Screen-Shot-2021-11-22-at-9-51-13-AM_png.rf.13f4b161a98ed0705b4e56c958779034.jpg,C:\Users\venka\Documents\Project\data\processed\test\clubbing\Screen-Shot-2021-11-22-at-9-51-13-AM_png.rf.13f4b161a98ed0705b4e56c958779034.jpg
Screen-Shot-2021-11-22-at-9-51-19-AM_png,2,1,3,clubbing,clubbing,True,Screen-Shot-2021-11-22-at-9-51-19-AM_png.rf.25d74652ee11dd550f3ee5ba77d6821e.jpg,C:\Users\venka\Documents\Project\data\processed\train\clubbing\Screen-Shot-2021-11-22-at-9-51-19-AM_png.rf.25d74652ee11dd550f3ee5ba77d6821e.jpg,Screen-Shot-2021-11-22-at-9-51-19-AM_png.rf.3582c1a69fb0c9d647ae4e0ae48801c7.jpg,C:\Users\venka\Documents\Project\data\processed\test\clubbing\Screen-Shot-2021-11-22-at-9-51-19-AM_png.rf.3582c1a69fb0c9d647ae4e0ae48801c7.jpg
Screen-Shot-2021-11-22-at-9-52-22-PM_png,2,1,3,blue_finger,blue_finger,True,Screen-Shot-2021-11-22-at-9-52-22-PM_png.rf.8763b635c21129750312b35f46388429.jpg,C:\Users\venka\Documents\Project\data\processed\train\blue_finger\Screen-Shot-2021-11-22-at-9-52-22-PM_png.rf.8763b635c21129750312b35f46388429.jpg,Screen-Shot-2021-11-22-at-9-52-22-PM_png.rf.b23cbd970380f38ba9248ff79feefbf7.jpg,C:\Users\venka\Documents\Project\data\processed\test\blue_finger\Screen-Shot-2021-11-22-at-9-52-22-PM_png.rf.b23cbd970380f38ba9248ff79feefbf7.jpg
Screen-Shot-2021-11-22-at-9-54-00-AM_png,2,1,3,clubbing,clubbing,True,Screen-Shot-2021-11-22-at-9-54-00-AM_png.rf.5e987ad81ecded67e5ce087c26970041.jpg,C:\Users\venka\Documents\Project\data\processed\train\clubbing\Screen-Shot-2021-11-22-at-9-54-00-AM_png.rf.5e987ad81ecded67e5ce087c26970041.jpg,Screen-Shot-2021-11-22-at-9-54-00-AM_png.rf.a1cb3285513e08923efd4ae8701c77ba.jpg,C:\Users\venka\Documents\Project\data\processed\test\clubbing\Screen-Shot-2021-11-22-at-9-54-00-AM_png.rf.a1cb3285513e08923efd4ae8701c77ba.jpg
Screen-Shot-2021-11-22-at-9-54-05-AM_png,2,1,3,clubbing,clubbing,True,Screen-Shot-2021-11-22-at-9-54-05-AM_png.rf.5c154d07e003ccf307cfe0ab25b53eae.jpg,C:\Users\venka\Documents\Project\data\processed\train\clubbing\Screen-Shot-2021-11-22-at-9-54-05-AM_png.rf.5c154d07e003ccf307cfe0ab25b53eae.jpg,Screen-Shot-2021-11-22-at-9-54-05-AM_png.rf.042afb5867566686adb519a5eb0cc372.jpg,C:\Users\venka\Documents\Project\data\processed\test\clubbing\Screen-Shot-2021-11-22-at-9-54-05-AM_png.rf.042afb5867566686adb519a5eb0cc372.jpg
Screenshot-2021-11-19-004020_png,2,1,3,Onychogryphosis,Onychogryphosis,True,Screenshot-2021-11-19-004020_png.rf.3e466880d2a613769cca0a9ade7d73ac.jpg,C:\Users\venka\Documents\Project\data\processed\train\Onychogryphosis\Screenshot-2021-11-19-004020_png.rf.3e466880d2a613769cca0a9ade7d73ac.jpg,Screenshot-2021-11-19-004020_png.rf.7917b3969d3c69cc2fd1db5c938dd42a.jpg,C:\Users\venka\Documents\Project\data\processed\test\Onychogryphosis\Screenshot-2021-11-19-004020_png.rf.7917b3969d3c69cc2fd1db5c938dd42a.jpg
Screenshot-2021-11-19-004044_png,2,1,3,Onychogryphosis,Onychogryphosis,True,Screenshot-2021-11-19-004044_png.rf.9564483864669561eddd8bcc63418d10.jpg,C:\Users\venka\Documents\Project\data\processed\train\Onychogryphosis\Screenshot-2021-11-19-004044_png.rf.9564483864669561eddd8bcc63418d10.jpg,Screenshot-2021-11-19-004044_png.rf.a980597f1cef7522d19aa3867f8adce7.jpg,C:\Users\venka\Documents\Project\data\processed\test\Onychogryphosis\Screenshot-2021-11-19-004044_png.rf.a980597f1cef7522d19aa3867f8adce7.jpg
Screenshot-2021-11-19-004245_png,2,1,3,Onychogryphosis,Onychogryphosis,True,Screenshot-2021-11-19-004245_png.rf.5503a5cfdddcf47f81fd01b66f90818f.jpg,C:\Users\venka\Documents\Project\data\processed\train\Onychogryphosis\Screenshot-2021-11-19-004245_png.rf.5503a5cfdddcf47f81fd01b66f90818f.jpg,Screenshot-2021-11-19-004245_png.rf.3aad5399770b399762b6982ec93e3cd4.jpg,C:\Users\venka\Documents\Project\data\processed\test\Onychogryphosis\Screenshot-2021-11-19-004245_png.rf.3aad5399770b399762b6982ec93e3cd4.jpg
Screenshot-2021-11-19-005529_png,2,1,3,Onychogryphosis,Onychogryphosis,True,Screenshot-2021-11-19-005529_png.rf.d664d0555d54af5ddf1cfe8d21bf0702.jpg,C:\Users\venka\Documents\Project\data\processed\train\Onychogryphosis\Screenshot-2021-11-19-005529_png.rf.d664d0555d54af5ddf1cfe8d21bf0702.jpg,Screenshot-2021-11-19-005529_png.rf.ace0a2936805480bd2a6677bcb744a35.jpg,C:\Users\venka\Documents\Project\data\processed\test\Onychogryphosis\Screenshot-2021-11-19-005529_png.rf.ace0a2936805480bd2a6677bcb744a35.jpg
Screenshot-2021-11-19-005556_png,1,2,3,Onychogryphosis,Onychogryphosis,True,Screenshot-2021-11-19-005556_png.rf.06c49b29f113948f337e29d4b062e407.jpg,C:\Users\venka\Documents\Project\data\processed\train\Onychogryphosis\Screenshot-2021-11-19-005556_png.rf.06c49b29f113948f337e29d4b062e407.jpg,Screenshot-2021-11-19-005556_png.rf.1383dfc5938979d08ad18770319d96fb.jpg,C:\Users\venka\Documents\Project\data\processed\test\Onychogryphosis\Screenshot-2021-11-19-005556_png.rf.1383dfc5938979d08ad18770319d96fb.jpg
Screenshot-2021-11-19-010109_png,1,2,3,Onychogryphosis,Onychogryphosis,True,Screenshot-2021-11-19-010109_png.rf.43c1376913ca4629fb49a407c913531d.jpg,C:\Users\venka\Documents\Project\data\processed\train\Onychogryphosis\Screenshot-2021-11-19-010109_png.rf.43c1376913ca4629fb49a407c913531d.jpg,Screenshot-2021-11-19-010109_png.rf.0223026760ccc4f75732c511c8b735bd.jpg,C:\Users\venka\Documents\Project\data\processed\test\Onychogryphosis\Screenshot-2021-11-19-010109_png.rf.0223026760ccc4f75732c511c8b735bd.jpg
Screenshot-2021-11-19-010215_png,2,1,3,Onychogryphosis,Onychogryphosis,True,Screenshot-2021-11-19-010215_png.rf.5a31202fe47ef13fa48d36341f8bde88.jpg,C:\Users\venka\Documents\Project\data\processed\train\Onychogryphosis\Screenshot-2021-11-19-010215_png.rf.5a31202fe47ef13fa48d36341f8bde88.jpg,Screenshot-2021-11-19-010215_png.rf.92a34bd70a355709199a94f939490de6.jpg,C:\Users\venka\Documents\Project\data\processed\test\Onychogryphosis\Screenshot-2021-11-19-010215_png.rf.92a34bd70a355709199a94f939490de6.jpg
Screenshot-2021-11-19-010434_png,2,1,3,Onychogryphosis,Onychogryphosis,True,Screenshot-2021-11-19-010434_png.rf.b18c12a1fd262999ecf3ef3294e743c9.jpg,C:\Users\venka\Documents\Project\data\processed\train\Onychogryphosis\Screenshot-2021-11-19-010434_png.rf.b18c12a1fd262999ecf3ef3294e743c9.jpg,Screenshot-2021-11-19-010434_png.rf.2c67f735311f06475b15bd382873bfb5.jpg,C:\Users\venka\Documents\Project\data\processed\test\Onychogryphosis\Screenshot-2021-11-19-010434_png.rf.2c67f735311f06475b15bd382873bfb5.jpg
Screenshot-2021-11-19-010454_png,2,1,3,Onychogryphosis,Onychogryphosis,True,Screenshot-2021-11-19-010454_png.rf.393b531a979995c938c8d486f9895351.jpg,C:\Users\venka\Documents\Project\data\processed\train\Onychogryphosis\Screenshot-2021-11-19-010454_png.rf.393b531a979995c938c8d486f9895351.jpg,Screenshot-2021-11-19-010454_png.rf.b918ee588c1ce99dce715e64931b00a5.jpg,C:\Users\venka\Documents\Project\data\processed\test\Onychogryphosis\Screenshot-2021-11-19-010454_png.rf.b918ee588c1ce99dce715e64931b00a5.jpg
Screenshot-2021-11-19-010604_png,2,1,3,Onychogryphosis,Onychogryphosis,True,Screenshot-2021-11-19-010604_png.rf.749665c9d659f8aa125edf1616d0bf7b.jpg,C:\Users\venka\Documents\Project\data\processed\train\Onychogryphosis\Screenshot-2021-11-19-010604_png.rf.749665c9d659f8aa125edf1616d0bf7b.jpg,Screenshot-2021-11-19-010604_png.rf.ce790061c47f32fcbf2b6d47f5577b9f.jpg,C:\Users\venka\Documents\Project\data\processed\test\Onychogryphosis\Screenshot-2021-11-19-010604_png.rf.ce790061c47f32fcbf2b6d47f5577b9f.jpg
Screenshot-2021-11-19-010724_png,1,2,3,Onychogryphosis,Onychogryphosis,True,Screenshot-2021-11-19-010724_png.rf.9f0b1e5a4be81bbab15603e209cdc017.jpg,C:\Users\venka\Documents\Project\data\processed\train\Onychogryphosis\Screenshot-2021-11-19-010724_png.rf.9f0b1e5a4be81bbab15603e209cdc017.jpg,Screenshot-2021-11-19-010724_png.rf.717c93627701710f4b48c6dd4de93926.jpg,C:\Users\venka\Documents\Project\data\processed\test\Onychogryphosis\Screenshot-2021-11-19-010724_png.rf.717c93627701710f4b48c6dd4de93926.jpg
Screenshot-2021-11-19-011002_png,2,1,3,Onychogryphosis,Onychogryphosis,True,Screenshot-2021-11-19-011002_png.rf.139187ece436d674ea003b190529f195.jpg,C:\Users\venka\Documents\Project\data\processed\train\Onychogryphosis\Screenshot-2021-11-19-011002_png.rf.139187ece436d674ea003b190529f195.jpg,Screenshot-2021-11-19-011002_png.rf.5b9e54e7478ddd3e1b631adbf52183a8.jpg,C:\Users\venka\Documents\Project\data\processed\test\Onychogryphosis\Screenshot-2021-11-19-011002_png.rf.5b9e54e7478ddd3e1b631adbf52183a8.jpg
Screenshot-2021-11-19-011220_png,2,1,3,Onychogryphosis,Onychogryphosis,True,Screenshot-2021-11-19-011220_png.rf.4adbdec13d295e7a20505f5001e05139.jpg,C:\Users\venka\Documents\Project\data\processed\train\Onychogryphosis\Screenshot-2021-11-19-011220_png.rf.4adbdec13d295e7a20505f5001e05139.jpg,Screenshot-2021-11-19-011220_png.rf.306de9f567dc99bae011e71d67d4df21.jpg,C:\Users\venka\Documents\Project\data\processed\test\Onychogryphosis\Screenshot-2021-11-19-011220_png.rf.306de9f567dc99bae011e71d67d4df21.jpg
Screenshot-2021-11-19-011359_png,2,1,3,Onychogryphosis,Onychogryphosis,True,Screenshot-2021-11-19-011359_png.rf.30769910d11f38d9cfaeaf8ab1282f33.jpg,C:\Users\venka\Documents\Project\data\processed\train\Onychogryphosis\Screenshot-2021-11-19-011359_png.rf.30769910d11f38d9cfaeaf8ab1282f33.jpg,Screenshot-2021-11-19-011359_png.rf.a53d9b12762c221ae9e58eb1974b5f7f.jpg,C:\Users\venka\Documents\Project\data\processed\test\Onychogryphosis\Screenshot-2021-11-19-011359_png.rf.a53d9b12762c221ae9e58eb1974b5f7f.jpg
Screenshot-2021-11-19-012106_png,2,1,3,Onychogryphosis,Onychogryphosis,True,Screenshot-2021-11-19-012106_png.rf.2548ac95609e4258103173d063a5af28.jpg,C:\Users\venka\Documents\Project\data\processed\train\Onychogryphosis\Screenshot-2021-11-19-012106_png.rf.2548ac95609e4258103173d063a5af28.jpg,Screenshot-2021-11-19-012106_png.rf.efff6adef139efd98e2d95671d2506e8.jpg,C:\Users\venka\Documents\Project\data\processed\test\Onychogryphosis\Screenshot-2021-11-19-012106_png.rf.efff6adef139efd98e2d95671d2506e8.jpg
Screenshot-2021-11-19-012333_png,2,1,3,Onychogryphosis,Onychogryphosis,True,Screenshot-2021-11-19-012333_png.rf.b2bb5c8c52d9fe03cf3fa17183012e3c.jpg,C:\Users\venka\Documents\Project\data\processed\train\Onychogryphosis\Screenshot-2021-11-19-012333_png.rf.b2bb5c8c52d9fe03cf3fa17183012e3c.jpg,Screenshot-2021-11-19-012333_png.rf.04ad8218c312d5e5bed15c037220e278.jpg,C:\Users\venka\Documents\Project\data\processed\test\Onychogryphosis\Screenshot-2021-11-19-012333_png.rf.04ad8218c312d5e5bed15c037220e278.jpg
Screenshot-2021-11-19-012721_png,1,2,3,Onychogryphosis,Onychogryphosis,True,Screenshot-2021-11-19-012721_png.rf.4ee1ffefc857fca0e34d1a1af4f0a40f.jpg,C:\Users\venka\Documents\Project\data\processed\train\Onychogryphosis\Screenshot-2021-11-19-012721_png.rf.4ee1ffefc857fca0e34d1a1af4f0a40f.jpg,Screenshot-2021-11-19-012721_png.rf.3afccdd6800487c49bd11a32982e5ae0.jpg,C:\Users\venka\Documents\Project\data\processed\test\Onychogryphosis\Screenshot-2021-11-19-012721_png.rf.3afccdd6800487c49bd11a32982e5ae0.jpg
Screenshot-2021-11-19-013239_png,2,1,3,Onychogryphosis,Onychogryphosis,True,Screenshot-2021-11-19-013239_png.rf.520fcc5fcd21c377d248670d3a434cf6.jpg,C:\Users\venka\Documents\Project\data\processed\train\Onychogryphosis\Screenshot-2021-11-19-013239_png.rf.520fcc5fcd21c377d248670d3a434cf6.jpg,Screenshot-2021-11-19-013239_png.rf.1dd9d28369fd9b8101f0ab6f720aa40c.jpg,C:\Users\venka\Documents\Project\data\processed\test\Onychogryphosis\Screenshot-2021-11-19-013239_png.rf.1dd9d28369fd9b8101f0ab6f720aa40c.jpg
Screenshot-2021-11-19-015139_png,2,1,3,Onychogryphosis,Onychogryphosis,True,Screenshot-2021-11-19-015139_png.rf.279ad7ab3edf999e7c47c28ab719c25f.jpg,C:\Users\venka\Documents\Project\data\processed\train\Onychogryphosis\Screenshot-2021-11-19-015139_png.rf.279ad7ab3edf999e7c47c28ab719c25f.jpg,Screenshot-2021-11-19-015139_png.rf.23c0ff871f048456e699bd2a4df2b272.jpg,C:\Users\venka\Documents\Project\data\processed\test\Onychogryphosis\Screenshot-2021-11-19-015139_png.rf.23c0ff871f048456e699bd2a4df2b272.jpg
Screenshot-2021-11-19-015917_png,2,1,3,Onychogryphosis,Onychogryphosis,True,Screenshot-2021-11-19-015917_png.rf.1a77c056e0da94a5769af21b6ee1defc.jpg,C:\Users\venka\Documents\Project\data\processed\train\Onychogryphosis\Screenshot-2021-11-19-015917_png.rf.1a77c056e0da94a5769af21b6ee1defc.jpg,Screenshot-2021-11-19-015917_png.rf.d149514b0ae955f0b4e39c55f3c56934.jpg,C:\Users\venka\Documents\Project\data\processed\test\Onychogryphosis\Screenshot-2021-11-19-015917_png.rf.d149514b0ae955f0b4e39c55f3c56934.jpg
Screenshot-2021-11-19-020136_png,2,1,3,Onychogryphosis,Onychogryphosis,True,Screenshot-2021-11-19-020136_png.rf.b5698b3044537bb9e93f2331b697603d.jpg,C:\Users\venka\Documents\Project\data\processed\train\Onychogryphosis\Screenshot-2021-11-19-020136_png.rf.b5698b3044537bb9e93f2331b697603d.jpg,Screenshot-2021-11-19-020136_png.rf.19912db47255755ab8475645796db4d1.jpg,C:\Users\venka\Documents\Project\data\processed\test\Onychogryphosis\Screenshot-2021-11-19-020136_png.rf.19912db47255755ab8475645796db4d1.jpg
Screenshot-2021-11-19-020317_png,2,1,3,Onychogryphosis,Onychogryphosis,True,Screenshot-2021-11-19-020317_png.rf.189aa63b7ce2ecb964588369f29d5ccf.jpg,C:\Users\venka\Documents\Project\data\processed\train\Onychogryphosis\Screenshot-2021-11-19-020317_png.rf.189aa63b7ce2ecb964588369f29d5ccf.jpg,Screenshot-2021-11-19-020317_png.rf.95d8cd1cedb0e872a4ab55180c799ce7.jpg,C:\Users\venka\Documents\Project\data\processed\test\Onychogryphosis\Screenshot-2021-11-19-020317_png.rf.95d8cd1cedb0e872a4ab55180c799ce7.jpg
Screenshot-2021-11-19-020327_png,2,1,3,Onychogryphosis,Onychogryphosis,True,Screenshot-2021-11-19-020327_png.rf.5d220fd76243d520da7cab3e22b58b9b.jpg,C:\Users\venka\Documents\Project\data\processed\train\Onychogryphosis\Screenshot-2021-11-19-020327_png.rf.5d220fd76243d520da7cab3e22b58b9b.jpg,Screenshot-2021-11-19-020327_png.rf.52dadddf0722430159b4e7e261abc353.jpg,C:\Users\venka\Documents\Project\data\processed\test\Onychogryphosis\Screenshot-2021-11-19-020327_png.rf.52dadddf0722430159b4e7e261abc353.jpg
Screenshot-2021-11-19-021128_png,2,1,3,Onychogryphosis,Onychogryphosis,True,Screenshot-2021-11-19-021128_png.rf.9e1aa2a3ad7acd538f29a94eab238305.jpg,C:\Users\venka\Documents\Project\data\processed\train\Onychogryphosis\Screenshot-2021-11-19-021128_png.rf.9e1aa2a3ad7acd538f29a94eab238305.jpg,Screenshot-2021-11-19-021128_png.rf.e08ae6730d79b2cf69f69b9f2ccb3e02.jpg,C:\Users\venka\Documents\Project\data\processed\test\Onychogryphosis\Screenshot-2021-11-19-021128_png.rf.e08ae6730d79b2cf69f69b9f2ccb3e02.jpg
Screenshot-2021-11-19-021909_png,2,1,3,Onychogryphosis,Onychogryphosis,True,Screenshot-2021-11-19-021909_png.rf.147bc6a7bf6914faa468d2cb4bb3c481.jpg,C:\Users\venka\Documents\Project\data\processed\train\Onychogryphosis\Screenshot-2021-11-19-021909_png.rf.147bc6a7bf6914faa468d2cb4bb3c481.jpg,Screenshot-2021-11-19-021909_png.rf.262175457e520d0803441e061118b24f.jpg,C:\Users\venka\Documents\Project\data\processed\test\Onychogryphosis\Screenshot-2021-11-19-021909_png.rf.262175457e520d0803441e061118b24f.jpg
Screenshot-2021-11-19-021939_png,2,1,3,Onychogryphosis,Onychogryphosis,True,Screenshot-2021-11-19-021939_png.rf.7c2b591e181d9dfe73c671c01ee5ad0e.jpg,C:\Users\venka\Documents\Project\data\processed\train\Onychogryphosis\Screenshot-2021-11-19-021939_png.rf.7c2b591e181d9dfe73c671c01ee5ad0e.jpg,Screenshot-2021-11-19-021939_png.rf.1c98d73d9d99acba77451363cd8884bf.jpg,C:\Users\venka\Documents\Project\data\processed\test\Onychogryphosis\Screenshot-2021-11-19-021939_png.rf.1c98d73d9d99acba77451363cd8884bf.jpg
Screenshot-2021-11-19-022422_png,2,1,3,Onychogryphosis,Onychogryphosis,True,Screenshot-2021-11-19-022422_png.rf.65cfc641d6ea2d93dbce81f6c0ddf155.jpg,C:\Users\venka\Documents\Project\data\processed\train\Onychogryphosis\Screenshot-2021-11-19-022422_png.rf.65cfc641d6ea2d93dbce81f6c0ddf155.jpg,Screenshot-2021-11-19-022422_png.rf.16bef5c460ffd32263c7aeca8997d34f.jpg,C:\Users\venka\Documents\Project\data\processed\test\Onychogryphosis\Screenshot-2021-11-19-022422_png.rf.16bef5c460ffd32263c7aeca8997d34f.jpg
Screenshot-2021-11-19-023646_png,2,1,3,Onychogryphosis,Onychogryphosis,True,Screenshot-2021-11-19-023646_png.rf.4c789c3dddcfbcaac0dd081746c1d75e.jpg,C:\Users\venka\Documents\Project\data\processed\train\Onychogryphosis\Screenshot-2021-11-19-023646_png.rf.4c789c3dddcfbcaac0dd081746c1d75e.jpg,Screenshot-2021-11-19-023646_png.rf.cf7787384031fa3972de80cf268d1baa.jpg,C:\Users\venka\Documents\Project\data\processed\test\Onychogryphosis\Screenshot-2021-11-19-023646_png.rf.cf7787384031fa3972de80cf268d1baa.jpg
Screenshot-2021-11-19-025136_png,1,2,3,Onychogryphosis,Onychogryphosis,True,Screenshot-2021-11-19-025136_png.rf.c5b2b5af26000f004b59ff1b6e3939e6.jpg,C:\Users\venka\Documents\Project\data\processed\train\Onychogryphosis\Screenshot-2021-11-19-025136_png.rf.c5b2b5af26000f004b59ff1b6e3939e6.jpg,Screenshot-2021-11-19-025136_png.rf.27f009a1830c84f533df5589f5d71fe3.jpg,C:\Users\venka\Documents\Project\data\processed\test\Onychogryphosis\Screenshot-2021-11-19-025136_png.rf.27f009a1830c84f533df5589f5d71fe3.jpg
Screenshot-2021-11-19-025158_png,2,1,3,Onychogryphosis,Onychogryphosis,True,Screenshot-2021-11-19-025158_png.rf.000510afeed7e6598acc842c422646ce.jpg,C:\Users\venka\Documents\Project\data\processed\train\Onychogryphosis\Screenshot-2021-11-19-025158_png.rf.000510afeed7e6598acc842c422646ce.jpg,Screenshot-2021-11-19-025158_png.rf.86d8d16b57b65cbaa4879b560dcbf204.jpg,C:\Users\venka\Documents\Project\data\processed\test\Onychogryphosis\Screenshot-2021-11-19-025158_png.rf.86d8d16b57b65cbaa4879b560dcbf204.jpg
Screenshot-2021-11-19-031124_png,2,1,3,Onychogryphosis,Onychogryphosis,True,Screenshot-2021-11-19-031124_png.rf.2dd733528eb30c664ca4c1a9130747a9.jpg,C:\Users\venka\Documents\Project\data\processed\train\Onychogryphosis\Screenshot-2021-11-19-031124_png.rf.2dd733528eb30c664ca4c1a9130747a9.jpg,Screenshot-2021-11-19-031124_png.rf.721e73eecd34cd0b8899db2bf297b304.jpg,C:\Users\venka\Documents\Project\data\processed\test\Onychogryphosis\Screenshot-2021-11-19-031124_png.rf.721e73eecd34cd0b8899db2bf297b304.jpg
Screenshot-2021-11-21-162607_png,2,1,3,Onychogryphosis,Onychogryphosis,True,Screenshot-2021-11-21-162607_png.rf.e6221a4ce9544e36cbaa230991626e3b.jpg,C:\Users\venka\Documents\Project\data\processed\train\Onychogryphosis\Screenshot-2021-11-21-162607_png.rf.e6221a4ce9544e36cbaa230991626e3b.jpg,Screenshot-2021-11-21-162607_png.rf.15ed178e71d91d4eaefe52712969701d.jpg,C:\Users\venka\Documents\Project\data\processed\test\Onychogryphosis\Screenshot-2021-11-21-162607_png.rf.15ed178e71d91d4eaefe52712969701d.jpg
Screenshot-2021-11-21-163024_png,2,1,3,Onychogryphosis,Onychogryphosis,True,Screenshot-2021-11-21-163024_png.rf.2f60d8189c9026c5bb5b8891c561bb08.jpg,C:\Users\venka\Documents\Project\data\processed\train\Onychogryphosis\Screenshot-2021-11-21-163024_png.rf.2f60d8189c9026c5bb5b8891c561bb08.jpg,Screenshot-2021-11-21-163024_png.rf.eba15c2f88898834eb0d98ed57319dd7.jpg,C:\Users\venka\Documents\Project\data\processed\test\Onychogryphosis\Screenshot-2021-11-21-163024_png.rf.eba15c2f88898834eb0d98ed57319dd7.jpg
Screenshot-2021-11-21-163641_png,1,2,3,Onychogryphosis,Onychogryphosis,True,Screenshot-2021-11-21-163641_png.rf.ce2acf7df88cc8f12bf7ac914710c676.jpg,C:\Users\venka\Documents\Project\data\processed\train\Onychogryphosis\Screenshot-2021-11-21-163641_png.rf.ce2acf7df88cc8f12bf7ac914710c676.jpg,Screenshot-2021-11-21-163641_png.rf.5cdba0095e8bf150ddf9b2aa20491125.jpg,C:\Users\venka\Documents\Project\data\processed\test\Onychogryphosis\Screenshot-2021-11-21-163641_png.rf.5cdba0095e8bf150ddf9b2aa20491125.jpg
Screenshot-2021-11-21-163753_png,2,1,3,Onychogryphosis,Onychogryphosis,True,Screenshot-2021-11-21-163753_png.rf.87a19b9b51490cc81f1efc607d6523a8.jpg,C:\Users\venka\Documents\Project\data\processed\train\Onychogryphosis\Screenshot-2021-11-21-163753_png.rf.87a19b9b51490cc81f1efc607d6523a8.jpg,Screenshot-2021-11-21-163753_png.rf.fd9359dd60c3db0ddba12e42e7d49f35.jpg,C:\Users\venka\Documents\Project\data\processed\test\Onychogryphosis\Screenshot-2021-11-21-163753_png.rf.fd9359dd60c3db0ddba12e42e7d49f35.jpg
Screenshot-2021-11-21-165411_png,2,1,3,Onychogryphosis,Onychogryphosis,True,Screenshot-2021-11-21-165411_png.rf.d6d94fe2d0f46ca0a780b21a2f468681.jpg,C:\Users\venka\Documents\Project\data\processed\train\Onychogryphosis\Screenshot-2021-11-21-165411_png.rf.d6d94fe2d0f46ca0a780b21a2f468681.jpg,Screenshot-2021-11-21-165411_png.rf.e0e0980d40e76c09f8bbac625d2078a7.jpg,C:\Users\venka\Documents\Project\data\processed\test\Onychogryphosis\Screenshot-2021-11-21-165411_png.rf.e0e0980d40e76c09f8bbac625d2078a7.jpg
Screenshot-2021-11-21-165820_png,2,1,3,Onychogryphosis,Onychogryphosis,True,Screenshot-2021-11-21-165820_png.rf.4a3f5a958c6c1b573e1e27bcaba821c7.jpg,C:\Users\venka\Documents\Project\data\processed\train\Onychogryphosis\Screenshot-2021-11-21-165820_png.rf.4a3f5a958c6c1b573e1e27bcaba821c7.jpg,Screenshot-2021-11-21-165820_png.rf.5d424f5407705a95b7a1f5c7bfce8050.jpg,C:\Users\venka\Documents\Project\data\processed\test\Onychogryphosis\Screenshot-2021-11-21-165820_png.rf.5d424f5407705a95b7a1f5c7bfce8050.jpg
Screenshot-2021-11-21-174430_png,2,1,3,Onychogryphosis,Onychogryphosis,True,Screenshot-2021-11-21-174430_png.rf.5a84db0935792b866d09e97aea018d5c.jpg,C:\Users\venka\Documents\Project\data\processed\train\Onychogryphosis\Screenshot-2021-11-21-174430_png.rf.5a84db0935792b866d09e97aea018d5c.jpg,Screenshot-2021-11-21-174430_png.rf.f9076618a0b138dcb3fa14c5c73835a6.jpg,C:\Users\venka\Documents\Project\data\processed\test\Onychogryphosis\Screenshot-2021-11-21-174430_png.rf.f9076618a0b138dcb3fa14c5c73835a6.jpg
Screenshot-2021-11-21-174511_png,2,1,3,Onychogryphosis,Onychogryphosis,True,Screenshot-2021-11-21-174511_png.rf.2d1ff8b70feea25fd469aaa0e9c2b93c.jpg,C:\Users\venka\Documents\Project\data\processed\train\Onychogryphosis\Screenshot-2021-11-21-174511_png.rf.2d1ff8b70feea25fd469aaa0e9c2b93c.jpg,Screenshot-2021-11-21-174511_png.rf.c773854c9171450d768eb66812071b02.jpg,C:\Users\venka\Documents\Project\data\processed\test\Onychogryphosis\Screenshot-2021-11-21-174511_png.rf.c773854c9171450d768eb66812071b02.jpg
Screenshot-2021-11-21-192605_png,2,1,3,Onychogryphosis,Onychogryphosis,True,Screenshot-2021-11-21-192605_png.rf.eda0067e4a77bf591f1b5f7a1467409f.jpg,C:\Users\venka\Documents\Project\data\processed\train\Onychogryphosis\Screenshot-2021-11-21-192605_png.rf.eda0067e4a77bf591f1b5f7a1467409f.jpg,Screenshot-2021-11-21-192605_png.rf.54a2cd1af1614ded8f6413ebaa1c4821.jpg,C:\Users\venka\Documents\Project\data\processed\test\Onychogryphosis\Screenshot-2021-11-21-192605_png.rf.54a2cd1af1614ded8f6413ebaa1c4821.jpg
Screenshot-2021-11-21-193524_png,2,1,3,Onychogryphosis,Onychogryphosis,True,Screenshot-2021-11-21-193524_png.rf.27fbd454c4ea2a926e732f20f77ec7ce.jpg,C:\Users\venka\Documents\Project\data\processed\train\Onychogryphosis\Screenshot-2021-11-21-193524_png.rf.27fbd454c4ea2a926e732f20f77ec7ce.jpg,Screenshot-2021-11-21-193524_png.rf.9910f8a7b1a77cdc04b111008f30649a.jpg,C:\Users\venka\Documents\Project\data\processed\test\Onychogryphosis\Screenshot-2021-11-21-193524_png.rf.9910f8a7b1a77cdc04b111008f30649a.jpg
Screenshot-2021-11-21-193604_png,2,1,3,Onychogryphosis,Onychogryphosis,True,Screenshot-2021-11-21-193604_png.rf.58473cbab9768f0ae8957fe6237bbbb8.jpg,C:\Users\venka\Documents\Project\data\processed\train\Onychogryphosis\Screenshot-2021-11-21-193604_png.rf.58473cbab9768f0ae8957fe6237bbbb8.jpg,Screenshot-2021-11-21-193604_png.rf.bb2ef6b49eed974828dda3c011b7399f.jpg,C:\Users\venka\Documents\Project\data\processed\test\Onychogryphosis\Screenshot-2021-11-21-193604_png.rf.bb2ef6b49eed974828dda3c011b7399f.jpg
Screenshot-2021-11-21-210225_png,2,1,3,Onychogryphosis,Onychogryphosis,True,Screenshot-2021-11-21-210225_png.rf.b447ccc9eb8a35d325cafdf6cb842fcd.jpg,C:\Users\venka\Documents\Project\data\processed\train\Onychogryphosis\Screenshot-2021-11-21-210225_png.rf.b447ccc9eb8a35d325cafdf6cb842fcd.jpg,Screenshot-2021-11-21-210225_png.rf.e2a4fa7afecd2198e5c7cc5618b6007e.jpg,C:\Users\venka\Documents\Project\data\processed\test\Onychogryphosis\Screenshot-2021-11-21-210225_png.rf.e2a4fa7afecd2198e5c7cc5618b6007e.jpg
Screenshot-2021-11-21-210436_png,2,1,3,Onychogryphosis,Onychogryphosis,True,Screenshot-2021-11-21-210436_png.rf.672870fec62770f55852acc3e9ce5eec.jpg,C:\Users\venka\Documents\Project\data\processed\train\Onychogryphosis\Screenshot-2021-11-21-210436_png.rf.672870fec62770f55852acc3e9ce5eec.jpg,Screenshot-2021-11-21-210436_png.rf.db9da827dea0600e4f09ae0d7c923554.jpg,C:\Users\venka\Documents\Project\data\processed\test\Onychogryphosis\Screenshot-2021-11-21-210436_png.rf.db9da827dea0600e4f09ae0d7c923554.jpg
Screenshot-2021-11-21-230209_png,2,1,3,Onychogryphosis,Onychogryphosis,True,Screenshot-2021-11-21-230209_png.rf.4d120707698d2a656ee3d3fa85cb575e.jpg,C:\Users\venka\Documents\Project\data\processed\train\Onychogryphosis\Screenshot-2021-11-21-230209_png.rf.4d120707698d2a656ee3d3fa85cb575e.jpg,Screenshot-2021-11-21-230209_png.rf.1da7be26ca43d5150aef9526ba89aef0.jpg,C:\Users\venka\Documents\Project\data\processed\test\Onychogryphosis\Screenshot-2021-11-21-230209_png.rf.1da7be26ca43d5150aef9526ba89aef0.jpg
Screenshot-2021-11-21-231416_png,2,1,3,Onychogryphosis,Onychogryphosis,True,Screenshot-2021-11-21-231416_png.rf.3920d523016b69bf232143cc02f42f5c.jpg,C:\Users\venka\Documents\Project\data\processed\train\Onychogryphosis\Screenshot-2021-11-21-231416_png.rf.3920d523016b69bf232143cc02f42f5c.jpg,Screenshot-2021-11-21-231416_png.rf.cab8fff8a967ffb3b6c7bdb528bd46d9.jpg,C:\Users\venka\Documents\Project\data\processed\test\Onychogryphosis\Screenshot-2021-11-21-231416_png.rf.cab8fff8a967ffb3b6c7bdb528bd46d9.jpg
Screenshot-2021-11-21-231905_png,2,1,3,Onychogryphosis,Onychogryphosis,True,Screenshot-2021-11-21-231905_png.rf.13adc1d27b62629bb88c8d05e8144fba.jpg,C:\Users\venka\Documents\Project\data\processed\train\Onychogryphosis\Screenshot-2021-11-21-231905_png.rf.13adc1d27b62629bb88c8d05e8144fba.jpg,Screenshot-2021-11-21-231905_png.rf.02e61979791a981a35f04cbc6a8a6a4e.jpg,C:\Users\venka\Documents\Project\data\processed\test\Onychogryphosis\Screenshot-2021-11-21-231905_png.rf.02e61979791a981a35f04cbc6a8a6a4e.jpg
Screenshot-2021-11-21-232620_png,1,2,3,Onychogryphosis,Onychogryphosis,True,Screenshot-2021-11-21-232620_png.rf.7286929a29477565f3ac5725534fdc41.jpg,C:\Users\venka\Documents\Project\data\processed\train\Onychogryphosis\Screenshot-2021-11-21-232620_png.rf.7286929a29477565f3ac5725534fdc41.jpg,Screenshot-2021-11-21-232620_png.rf.2363290c87015bfb7e2268f2952ad990.jpg,C:\Users\venka\Documents\Project\data\processed\test\Onychogryphosis\Screenshot-2021-11-21-232620_png.rf.2363290c87015bfb7e2268f2952ad990.jpg
Screenshot-2021-11-21-233854_png,2,1,3,Onychogryphosis,Onychogryphosis,True,Screenshot-2021-11-21-233854_png.rf.4ee916785dab3f71e1b3b3badb9f5c1c.jpg,C:\Users\venka\Documents\Project\data\processed\train\Onychogryphosis\Screenshot-2021-11-21-233854_png.rf.4ee916785dab3f71e1b3b3badb9f5c1c.jpg,Screenshot-2021-11-21-233854_png.rf.33db624b7305f843ffaad4e603aa8fd8.jpg,C:\Users\venka\Documents\Project\data\processed\test\Onychogryphosis\Screenshot-2021-11-21-233854_png.rf.33db624b7305f843ffaad4e603aa8fd8.jpg
Screenshot-2021-11-21-234423_png,2,1,3,Onychogryphosis,Onychogryphosis,True,Screenshot-2021-11-21-234423_png.rf.28194f65eb023c9b736a2ebf8ad4fe93.jpg,C:\Users\venka\Documents\Project\data\processed\train\Onychogryphosis\Screenshot-2021-11-21-234423_png.rf.28194f65eb023c9b736a2ebf8ad4fe93.jpg,Screenshot-2021-11-21-234423_png.rf.3aa2d19cce27aed6e6b146c157e3b9fa.jpg,C:\Users\venka\Documents\Project\data\processed\test\Onychogryphosis\Screenshot-2021-11-21-234423_png.rf.3aa2d19cce27aed6e6b146c157e3b9fa.jpg
Screenshot-2021-11-22-012951_png,1,2,3,Onychogryphosis,Onychogryphosis,True,Screenshot-2021-11-22-012951_png.rf.5ef33482fc47bda271a197e377e62d8c.jpg,C:\Users\venka\Documents\Project\data\processed\train\Onychogryphosis\Screenshot-2021-11-22-012951_png.rf.5ef33482fc47bda271a197e377e62d8c.jpg,Screenshot-2021-11-22-012951_png.rf.adb97387444e035a53a2e77dae6a65ed.jpg,C:\Users\venka\Documents\Project\data\processed\test\Onychogryphosis\Screenshot-2021-11-22-012951_png.rf.adb97387444e035a53a2e77dae6a65ed.jpg
Screenshot-2021-11-22-014500_png,2,1,3,Onychogryphosis,Onychogryphosis,True,Screenshot-2021-11-22-014500_png.rf.53b210283eeffe8e946931d170938734.jpg,C:\Users\venka\Documents\Project\data\processed\train\Onychogryphosis\Screenshot-2021-11-22-014500_png.rf.53b210283eeffe8e946931d170938734.jpg,Screenshot-2021-11-22-014500_png.rf.8e6fdec0d4e8c811ae3ecf21a020639b.jpg,C:\Users\venka\Documents\Project\data\processed\test\Onychogryphosis\Screenshot-2021-11-22-014500_png.rf.8e6fdec0d4e8c811ae3ecf21a020639b.jpg
Screenshot-2021-11-22-015012_png,1,2,3,Onychogryphosis,Onychogryphosis,True,Screenshot-2021-11-22-015012_png.rf.c797b3062fdfc3ee98d67ce555a1aae6.jpg,C:\Users\venka\Documents\Project\data\processed\train\Onychogryphosis\Screenshot-2021-11-22-015012_png.rf.c797b3062fdfc3ee98d67ce555a1aae6.jpg,Screenshot-2021-11-22-015012_png.rf.e033e5dd1e1b0ed03e8ce9b415c084af.jpg,C:\Users\venka\Documents\Project\data\processed\test\Onychogryphosis\Screenshot-2021-11-22-015012_png.rf.e033e5dd1e1b0ed03e8ce9b415c084af.jpg
Screenshot-2021-11-22-015522_png,2,1,3,Onychogryphosis,Onychogryphosis,True,Screenshot-2021-11-22-015522_png.rf.0d031682b4e37b66fdb89133ae998a36.jpg,C:\Users\venka\Documents\Project\data\processed\train\Onychogryphosis\Screenshot-2021-11-22-015522_png.rf.0d031682b4e37b66fdb89133ae998a36.jpg,Screenshot-2021-11-22-015522_png.rf.5f13391b027570ed8fcfbb6ab57f038a.jpg,C:\Users\venka\Documents\Project\data\processed\test\Onychogryphosis\Screenshot-2021-11-22-015522_png.rf.5f13391b027570ed8fcfbb6ab57f038a.jpg
Screenshot-2021-11-22-015641_png,1,2,3,Onychogryphosis,Onychogryphosis,True,Screenshot-2021-11-22-015641_png.rf.3c9f354ad8db32ac2b992e258b74a66f.jpg,C:\Users\venka\Documents\Project\data\processed\train\Onychogryphosis\Screenshot-2021-11-22-015641_png.rf.3c9f354ad8db32ac2b992e258b74a66f.jpg,Screenshot-2021-11-22-015641_png.rf.155c2fb8c5e8798cd28e49ac73d8774d.jpg,C:\Users\venka\Documents\Project\data\processed\test\Onychogryphosis\Screenshot-2021-11-22-015641_png.rf.155c2fb8c5e8798cd28e49ac73d8774d.jpg
Screenshot-2021-11-22-015804_png,2,1,3,Onychogryphosis,Onychogryphosis,True,Screenshot-2021-11-22-015804_png.rf.b5e533943da810ded484191a24390f9c.jpg,C:\Users\venka\Documents\Project\data\processed\train\Onychogryphosis\Screenshot-2021-11-22-015804_png.rf.b5e533943da810ded484191a24390f9c.jpg,Screenshot-2021-11-22-015804_png.rf.e402acb29d1fe5d722f106357a9f177c.jpg,C:\Users\venka\Documents\Project\data\processed\test\Onychogryphosis\Screenshot-2021-11-22-015804_png.rf.e402acb29d1fe5d722f106357a9f177c.jpg
Screenshot-2021-11-22-020526_png,2,1,3,Onychogryphosis,Onychogryphosis,True,Screenshot-2021-11-22-020526_png.rf.6395c5a1501123d3f772ebaf48fd223f.jpg,C:\Users\venka\Documents\Project\data\processed\train\Onychogryphosis\Screenshot-2021-11-22-020526_png.rf.6395c5a1501123d3f772ebaf48fd223f.jpg,Screenshot-2021-11-22-020526_png.rf.aa2bdc8ad4ef792a260f56cd314a0658.jpg,C:\Users\venka\Documents\Project\data\processed\test\Onychogryphosis\Screenshot-2021-11-22-020526_png.rf.aa2bdc8ad4ef792a260f56cd314a0658.jpg
Screenshot-2021-11-22-020714_png,1,2,3,Onychogryphosis,Onychogryphosis,True,Screenshot-2021-11-22-020714_png.rf.4825f855bffbad9b8ee06b1baa830fd9.jpg,C:\Users\venka\Documents\Project\data\processed\train\Onychogryphosis\Screenshot-2021-11-22-020714_png.rf.4825f855bffbad9b8ee06b1baa830fd9.jpg,Screenshot-2021-11-22-020714_png.rf.99b221cb0412a8282ac35290cb25a5f4.jpg,C:\Users\venka\Documents\Project\data\processed\test\Onychogryphosis\Screenshot-2021-11-22-020714_png.rf.99b221cb0412a8282ac35290cb25a5f4.jpg
Screenshot-2021-11-22-021051_png,2,1,3,Onychogryphosis,Onychogryphosis,True,Screenshot-2021-11-22-021051_png.rf.7569aec07c9b4af50a67f35715dda1a3.jpg,C:\Users\venka\Documents\Project\data\processed\train\Onychogryphosis\Screenshot-2021-11-22-021051_png.rf.7569aec07c9b4af50a67f35715dda1a3.jpg,Screenshot-2021-11-22-021051_png.rf.8cd7dd8535761b774588c7ecc4373722.jpg,C:\Users\venka\Documents\Project\data\processed\test\Onychogryphosis\Screenshot-2021-11-22-021051_png.rf.8cd7dd8535761b774588c7ecc4373722.jpg
hutchinsons-nail-melanoma-Nameer-Al-Sudany_png,1,2,3,Acral_Lentiginous_Melanoma,Acral_Lentiginous_Melanoma,True,hutchinsons-nail-melanoma-Nameer-Al-Sudany_png.rf.bd1235ab3ab9ed9109c4ef4abc5732a1.jpg,C:\Users\venka\Documents\Project\data\processed\train\Acral_Lentiginous_Melanoma\hutchinsons-nail-melanoma-Nameer-Al-Sudany_png.rf.bd1235ab3ab9ed9109c4ef4abc5732a1.jpg,hutchinsons-nail-melanoma-Nameer-Al-Sudany_png.rf.0ac0ae87f994c75ff150cba6897a5e72.jpg,C:\Users\venka\Documents\Project\data\processed\test\Acral_Lentiginous_Melanoma\hutchinsons-nail-melanoma-Nameer-Al-Sudany_png.rf.0ac0ae87f994c75ff150cba6897a5e72.jpg
images--66D6Hn_jpeg,2,1,3,Onychogryphosis,Onychogryphosis,True,images--66D6Hn_jpeg.rf.60de0fd2b2966c7464ea01b5e2d7e101.jpg,C:\Users\venka\Documents\Project\data\processed\train\Onychogryphosis\images--66D6Hn_jpeg.rf.60de0fd2b2966c7464ea01b5e2d7e101.jpg,images--66D6Hn_jpeg.rf.4a23427324684d761e7d8916fc6faefb.jpg,C:\Users\venka\Documents\Project\data\processed\test\Onychogryphosis\images--66D6Hn_jpeg.rf.4a23427324684d761e7d8916fc6faefb.jpg
images--79BNfh_jpeg,2,1,3,Onychogryphosis,Onychogryphosis,True,images--79BNfh_jpeg.rf.6f740a31cc8c8b0d0a10d8587ab75b62.jpg,C:\Users\venka\Documents\Project\data\processed\train\Onychogryphosis\images--79BNfh_jpeg.rf.6f740a31cc8c8b0d0a10d8587ab75b62.jpg,images--79BNfh_jpeg.rf.0f0ed2addfd11f5747e7af9a073b3637.jpg,C:\Users\venka\Documents\Project\data\processed\test\Onychogryphosis\images--79BNfh_jpeg.rf.0f0ed2addfd11f5747e7af9a073b3637.jpg
nail-melanoma-2-300x180_jpg,2,1,3,Acral_Lentiginous_Melanoma,Acral_Lentiginous_Melanoma,True,nail-melanoma-2-300x180_jpg.rf.4237689a19295abc7320a279a4b298ce.jpg,C:\Users\venka\Documents\Project\data\processed\train\Acral_Lentiginous_Melanoma\nail-melanoma-2-300x180_jpg.rf.4237689a19295abc7320a279a4b298ce.jpg,nail-melanoma-2-300x180_jpg.rf.15e478ceef3c930f98f08d67d4527183.jpg,C:\Users\venka\Documents\Project\data\processed\test\Acral_Lentiginous_Melanoma\nail-melanoma-2-300x180_jpg.rf.15e478ceef3c930f98f08d67d4527183.jpg
p-1-womans-story-shows-why-you-should-never-ignore-black-line-on-your-nail-1506429403_jpg,2,1,3,Acral_Lentiginous_Melanoma,Acral_Lentiginous_Melanoma,True,p-1-womans-story-shows-why-you-should-never-ignore-black-line-on-your-nail-1506429403_jpg.rf.5132c5b76fc63ee817884973ddd0d005.jpg,C:\Users\venka\Documents\Project\data\processed\train\Acral_Lentiginous_Melanoma\p-1-womans-story-shows-why-you-should-never-ignore-black-line-on-your-nail-1506429403_jpg.rf.5132c5b76fc63ee817884973ddd0d005.jpg,p-1-womans-story-shows-why-you-should-never-ignore-black-line-on-your-nail-1506429403_jpg.rf.88ee9943b08313dde0aa6071626e751b.jpg,C:\Users\venka\Documents\Project\data\processed\test\Acral_Lentiginous_Melanoma\p-1-womans-story-shows-why-you-should-never-ignore-black-line-on-your-nail-1506429403_jpg.rf.88ee9943b08313dde0aa6071626e751b.jpg
prf_11_18_11_jpg,2,1,3,Acral_Lentiginous_Melanoma,Acral_Lentiginous_Melanoma,True,prf_11_18_11_jpg.rf.77b26521101f27faefc2351f392643ea.jpg,C:\Users\venka\Documents\Project\data\processed\train\Acral_Lentiginous_Melanoma\prf_11_18_11_jpg.rf.77b26521101f27faefc2351f392643ea.jpg,prf_11_18_11_jpg.rf.57de670fa468da5dff96e0c2c6bce4fc.jpg,C:\Users\venka\Documents\Project\data\processed\test\Acral_Lentiginous_Melanoma\prf_11_18_11_jpg.rf.57de670fa468da5dff96e0c2c6bce4fc.jpg
166_jpg,1,1,2,pitting,pitting,True,166_jpg.rf.37e2ec554731ee3ed40afabf1965a59c.jpg,C:\Users\venka\Documents\Project\data\processed\train\pitting\166_jpg.rf.37e2ec554731ee3ed40afabf1965a59c.jpg,166_jpg.rf.55c1aace0868bfab89bcd082d40663c0.jpg,C:\Users\venka\Documents\Project\data\processed\test\pitting\166_jpg.rf.55c1aace0868bfab89bcd082d40663c0.jpg
167_jpg,1,1,2,pitting,pitting,True,167_jpg.rf.e286d518ed6e4f245d870e12d1d1225c.jpg,C:\Users\venka\Documents\Project\data\processed\train\pitting\167_jpg.rf.e286d518ed6e4f245d870e12d1d1225c.jpg,167_jpg.rf.b56f36ab013137008e4ac4215924918c.jpg,C:\Users\venka\Documents\Project\data\processed\test\pitting\167_jpg.rf.b56f36ab013137008e4ac4215924918c.jpg
175_jpg,1,1,2,pitting,pitting,True,175_jpg.rf.d24155ed3da24326fc59cd0916286a7e.jpg,C:\Users\venka\Documents\Project\data\processed\train\pitting\175_jpg.rf.d24155ed3da24326fc59cd0916286a7e.jpg,175_jpg.rf.7eabce046b102ba4fcbd9a9146e2dca0.jpg,C:\Users\venka\Documents\Project\data\processed\test\pitting\175_jpg.rf.7eabce046b102ba4fcbd9a9146e2dca0.jpg
191_JPG,1,1,2,pitting,pitting,True,191_JPG.rf.418997058565ec6ec0c8ad5280f0304d.jpg,C:\Users\venka\Documents\Project\data\processed\train\pitting\191_JPG.rf.418997058565ec6ec0c8ad5280f0304d.jpg,191_JPG.rf.2e550da841289c1e9987dd8aaae4bf63.jpg,C:\Users\venka\Documents\Project\data\processed\test\pitting\191_JPG.rf.2e550da841289c1e9987dd8aaae4bf63.jpg
206_JPG,1,1,2,pitting,pitting,True,206_JPG.rf.e2b27c9fad8a429d09d10eb88691c993.jpg,C:\Users\venka\Documents\Project\data\processed\train\pitting\206_JPG.rf.e2b27c9fad8a429d09d10eb88691c993.jpg,206_JPG.rf.0ca72ae7568163d06c10e1c40adbd6c5.jpg,C:\Users\venka\Documents\Project\data\processed\test\pitting\206_JPG.rf.0ca72ae7568163d06c10e1c40adbd6c5.jpg
227_JPG,1,1,2,pitting,pitting,True,227_JPG.rf.4442d0593ddbbb3372c3cc109a4e5a6c.jpg,C:\Users\venka\Documents\Project\data\processed\train\pitting\227_JPG.rf.4442d0593ddbbb3372c3cc109a4e5a6c.jpg,227_JPG.rf.6177403cabb6a7e7ced7c1ff66691e48.jpg,C:\Users\venka\Documents\Project\data\processed\test\pitting\227_JPG.rf.6177403cabb6a7e7ced7c1ff66691e48.jpg
266_JPG,1,1,2,pitting,pitting,True,266_JPG.rf.b8e0a74d3f30b4c6a0ee396615a83509.jpg,C:\Users\venka\Documents\Project\data\processed\train\pitting\266_JPG.rf.b8e0a74d3f30b4c6a0ee396615a83509.jpg,266_JPG.rf.26d421fddbf545f4c907e34f5d98496a.jpg,C:\Users\venka\Documents\Project\data\processed\test\pitting\266_JPG.rf.26d421fddbf545f4c907e34f5d98496a.jpg
268_JPG,1,1,2,pitting,pitting,True,268_JPG.rf.294c051c5c52dfb5f3c4531a61719b0d.jpg,C:\Users\venka\Documents\Project\data\processed\train\pitting\268_JPG.rf.294c051c5c52dfb5f3c4531a61719b0d.jpg,268_JPG.rf.3fb0f6a93730fb27ad780cbdb8382ed8.jpg,C:\Users\venka\Documents\Project\data\processed\test\pitting\268_JPG.rf.3fb0f6a93730fb27ad780cbdb8382ed8.jpg
27_JPG,1,1,2,pitting,pitting,True,27_JPG.rf.3552d7246ba2f45894dba74fc6d138f1.jpg,C:\Users\venka\Documents\Project\data\processed\train\pitting\27_JPG.rf.3552d7246ba2f45894dba74fc6d138f1.jpg,27_JPG.rf.c624cc83fa29d13bfb9a8de550308f4c.jpg,C:\Users\venka\Documents\Project\data\processed\test\pitting\27_JPG.rf.c624cc83fa29d13bfb9a8de550308f4c.jpg
307_jpg,1,1,2,pitting,pitting,True,307_jpg.rf.14b1fb6caccdd7ca9df509ae7fb28121.jpg,C:\Users\venka\Documents\Project\data\processed\train\pitting\307_jpg.rf.14b1fb6caccdd7ca9df509ae7fb28121.jpg,307_jpg.rf.b9a8a4f3e56096edda03c37770f3c425.jpg,C:\Users\venka\Documents\Project\data\processed\test\pitting\307_jpg.rf.b9a8a4f3e56096edda03c37770f3c425.jpg
52_JPG,1,1,2,pitting,pitting,True,52_JPG.rf.333caf7439e7c982a2e472f857c5d09f.jpg,C:\Users\venka\Documents\Project\data\processed\train\pitting\52_JPG.rf.333caf7439e7c982a2e472f857c5d09f.jpg,52_JPG.rf.19ad0afda1822cfe4ca09794a0bad9ac.jpg,C:\Users\venka\Documents\Project\data\processed\test\pitting\52_JPG.rf.19ad0afda1822cfe4ca09794a0bad9ac.jpg
64_JPG,1,1,2,pitting,pitting,True,64_JPG.rf.a86fdee1cd8ded82414f0fab903f0315.jpg,C:\Users\venka\Documents\Project\data\processed\train\pitting\64_JPG.rf.a86fdee1cd8ded82414f0fab903f0315.jpg,64_JPG.rf.8eb7070ef18a40896dd6c5f88b4b5cee.jpg,C:\Users\venka\Documents\Project\data\processed\test\pitting\64_JPG.rf.8eb7070ef18a40896dd6c5f88b4b5cee.jpg
66_jpg,1,1,2,pitting,pitting,True,66_jpg.rf.d8ea79fd6e0b257bfbb3d8b85208bd13.jpg,C:\Users\venka\Documents\Project\data\processed\train\pitting\66_jpg.rf.d8ea79fd6e0b257bfbb3d8b85208bd13.jpg,66_jpg.rf.44626a3dae3f4adbea432c85b72aed52.jpg,C:\Users\venka\Documents\Project\data\processed\test\pitting\66_jpg.rf.44626a3dae3f4adbea432c85b72aed52.jpg
75_JPG,1,1,2,pitting,pitting,True,75_JPG.rf.1915f6900b8f5f9f2dc96af167638026.jpg,C:\Users\venka\Documents\Project\data\processed\train\pitting\75_JPG.rf.1915f6900b8f5f9f2dc96af167638026.jpg,75_JPG.rf.b5e87b1560658eabeef4ae46db975199.jpg,C:\Users\venka\Documents\Project\data\processed\test\pitting\75_JPG.rf.b5e87b1560658eabeef4ae46db975199.jpg
7_JPG,1,1,2,pitting,pitting,True,7_JPG.rf.bcd81c8ec1e2c5888885da8d54bef18d.jpg,C:\Users\venka\Documents\Project\data\processed\train\pitting\7_JPG.rf.bcd81c8ec1e2c5888885da8d54bef18d.jpg,7_JPG.rf.78589204be0bdf18b31f66b98d14dae2.jpg,C:\Users\venka\Documents\Project\data\processed\test\pitting\7_JPG.rf.78589204be0bdf18b31f66b98d14dae2.jpg
CuvmX-dWIAAv_PX_jpeg,1,1,2,Acral_Lentiginous_Melanoma,Acral_Lentiginous_Melanoma,True,CuvmX-dWIAAv_PX_jpeg.rf.489e2938110ea64e39008cb97ce0542d.jpg,C:\Users\venka\Documents\Project\data\processed\train\Acral_Lentiginous_Melanoma\CuvmX-dWIAAv_PX_jpeg.rf.489e2938110ea64e39008cb97ce0542d.jpg,CuvmX-dWIAAv_PX_jpeg.rf.9a978ed8ec6b5c63529dbdd6a13be611.jpg,C:\Users\venka\Documents\Project\data\processed\test\Acral_Lentiginous_Melanoma\CuvmX-dWIAAv_PX_jpeg.rf.9a978ed8ec6b5c63529dbdd6a13be611.jpg
Screen-Shot-2021-10-15-at-10-36-37-AM_png,1,1,2,blue_finger,blue_finger,True,Screen-Shot-2021-10-15-at-10-36-37-AM_png.rf.227669e2b2368073a855df3e61632938.jpg,C:\Users\venka\Documents\Project\data\processed\train\blue_finger\Screen-Shot-2021-10-15-at-10-36-37-AM_png.rf.227669e2b2368073a855df3e61632938.jpg,Screen-Shot-2021-10-15-at-10-36-37-AM_png.rf.06f237bfd23271070895d3a22d742b18.jpg,C:\Users\venka\Documents\Project\data\processed\test\blue_finger\Screen-Shot-2021-10-15-at-10-36-37-AM_png.rf.06f237bfd23271070895d3a22d742b18.jpg
Screen-Shot-2021-10-15-at-10-38-28-AM_png,1,1,2,blue_finger,blue_finger,True,Screen-Shot-2021-10-15-at-10-38-28-AM_png.rf.01f1b411314c8f22d53d17a8a658fe72.jpg,C:\Users\venka\Documents\Project\data\processed\train\blue_finger\Screen-Shot-2021-10-15-at-10-38-28-AM_png.rf.01f1b411314c8f22d53d17a8a658fe72.jpg,Screen-Shot-2021-10-15-at-10-38-28-AM_png.rf.4d8428e243af7ff56330dbe382c35d31.jpg,C:\Users\venka\Documents\Project\data\processed\test\blue_finger\Screen-Shot-2021-10-15-at-10-38-28-AM_png.rf.4d8428e243af7ff56330dbe382c35d31.jpg
Screen-Shot-2021-10-15-at-9-31-06-AM_png,1,1,2,blue_finger,blue_finger,True,Screen-Shot-2021-10-15-at-9-31-06-AM_png.rf.367953b94d1d239ee5952f60dca70463.jpg,C:\Users\venka\Documents\Project\data\processed\train\blue_finger\Screen-Shot-2021-10-15-at-9-31-06-AM_png.rf.367953b94d1d239ee5952f60dca70463.jpg,Screen-Shot-2021-10-15-at-9-31-06-AM_png.rf.0c1f8e2620181d26281be1dae5767134.jpg,C:\Users\venka\Documents\Project\data\processed\test\blue_finger\Screen-Shot-2021-10-15-at-9-31-06-AM_png.rf.0c1f8e2620181d26281be1dae5767134.jpg
Screen-Shot-2021-10-26-at-10-55-01-AM_png,1,1,2,clubbing,clubbing,True,Screen-Shot-2021-10-26-at-10-55-01-AM_png.rf.cf0488eaf2450825b19fd0c13b287d2f.jpg,C:\Users\venka\Documents\Project\data\processed\train\clubbing\Screen-Shot-2021-10-26-at-10-55-01-AM_png.rf.cf0488eaf2450825b19fd0c13b287d2f.jpg,Screen-Shot-2021-10-26-at-10-55-01-AM_png.rf.5f2e03aeb43211ebbb6a444ba152cba9.jpg,C:\Users\venka\Documents\Project\data\processed\test\clubbing\Screen-Shot-2021-10-26-at-10-55-01-AM_png.rf.5f2e03aeb43211ebbb6a444ba152cba9.jpg
Screen-Shot-2021-10-26-at-10-55-32-AM_png,1,1,2,clubbing,clubbing,True,Screen-Shot-2021-10-26-at-10-55-32-AM_png.rf.619a035515bc80f43072ef8e22a30fbc.jpg,C:\Users\venka\Documents\Project\data\processed\train\clubbing\Screen-Shot-2021-10-26-at-10-55-32-AM_png.rf.619a035515bc80f43072ef8e22a30fbc.jpg,Screen-Shot-2021-10-26-at-10-55-32-AM_png.rf.0840a231643150725432dabc8d30e8cc.jpg,C:\Users\venka\Documents\Project\data\processed\test\clubbing\Screen-Shot-2021-10-26-at-10-55-32-AM_png.rf.0840a231643150725432dabc8d30e8cc.jpg
Screen-Shot-2021-10-26-at-10-56-32-AM_png,1,1,2,clubbing,clubbing,True,Screen-Shot-2021-10-26-at-10-56-32-AM_png.rf.207e699f6d7b09421304e2a475ff4451.jpg,C:\Users\venka\Documents\Project\data\processed\train\clubbing\Screen-Shot-2021-10-26-at-10-56-32-AM_png.rf.207e699f6d7b09421304e2a475ff4451.jpg,Screen-Shot-2021-10-26-at-10-56-32-AM_png.rf.c4cac3f6cf2d3548b6ef8ca807e46b24.jpg,C:\Users\venka\Documents\Project\data\processed\test\clubbing\Screen-Shot-2021-10-26-at-10-56-32-AM_png.rf.c4cac3f6cf2d3548b6ef8ca807e46b24.jpg
Screen-Shot-2021-10-26-at-10-59-07-AM_png,1,1,2,clubbing,clubbing,True,Screen-Shot-2021-10-26-at-10-59-07-AM_png.rf.6c78002acbcbfbb4827741cb23d9089e.jpg,C:\Users\venka\Documents\Project\data\processed\train\clubbing\Screen-Shot-2021-10-26-at-10-59-07-AM_png.rf.6c78002acbcbfbb4827741cb23d9089e.jpg,Screen-Shot-2021-10-26-at-10-59-07-AM_png.rf.823070e42ed6f44abff710ccc1b081c6.jpg,C:\Users\venka\Documents\Project\data\processed\test\clubbing\Screen-Shot-2021-10-26-at-10-59-07-AM_png.rf.823070e42ed6f44abff710ccc1b081c6.jpg
Screen-Shot-2021-10-26-at-11-11-50-AM_png,1,1,2,clubbing,clubbing,True,Screen-Shot-2021-10-26-at-11-11-50-AM_png.rf.4114ba76118d49941b7bb51d98eafcb8.jpg,C:\Users\venka\Documents\Project\data\processed\train\clubbing\Screen-Shot-2021-10-26-at-11-11-50-AM_png.rf.4114ba76118d49941b7bb51d98eafcb8.jpg,Screen-Shot-2021-10-26-at-11-11-50-AM_png.rf.b2d73c991f1ccea144f06be455b8a88e.jpg,C:\Users\venka\Documents\Project\data\processed\test\clubbing\Screen-Shot-2021-10-26-at-11-11-50-AM_png.rf.b2d73c991f1ccea144f06be455b8a88e.jpg
Screen-Shot-2021-10-26-at-12-10-57-PM_png,1,1,2,clubbing,clubbing,True,Screen-Shot-2021-10-26-at-12-10-57-PM_png.rf.b54d6f7d9360ad44ad10b4b719f5ff22.jpg,C:\Users\venka\Documents\Project\data\processed\train\clubbing\Screen-Shot-2021-10-26-at-12-10-57-PM_png.rf.b54d6f7d9360ad44ad10b4b719f5ff22.jpg,Screen-Shot-2021-10-26-at-12-10-57-PM_png.rf.0873270d15ef63fa42d0840d1b0e585f.jpg,C:\Users\venka\Documents\Project\data\processed\test\clubbing\Screen-Shot-2021-10-26-at-12-10-57-PM_png.rf.0873270d15ef63fa42d0840d1b0e585f.jpg
Screen-Shot-2021-10-26-at-12-19-42-PM_png,1,1,2,clubbing,clubbing,True,Screen-Shot-2021-10-26-at-12-19-42-PM_png.rf.a896ba4dfc8d64e3ee157527831f21c7.jpg,C:\Users\venka\Documents\Project\data\processed\train\clubbing\Screen-Shot-2021-10-26-at-12-19-42-PM_png.rf.a896ba4dfc8d64e3ee157527831f21c7.jpg,Screen-Shot-2021-10-26-at-12-19-42-PM_png.rf.a207d95975adf673c2ed337972c0e473.jpg,C:\Users\venka\Documents\Project\data\processed\test\clubbing\Screen-Shot-2021-10-26-at-12-19-42-PM_png.rf.a207d95975adf673c2ed337972c0e473.jpg
Screen-Shot-2021-11-16-at-10-24-09-PM_png,1,1,2,Onychogryphosis,Onychogryphosis,True,Screen-Shot-2021-11-16-at-10-24-09-PM_png.rf.3cf9ffe19e72c75e212a20c3214147e6.jpg,C:\Users\venka\Documents\Project\data\processed\train\Onychogryphosis\Screen-Shot-2021-11-16-at-10-24-09-PM_png.rf.3cf9ffe19e72c75e212a20c3214147e6.jpg,Screen-Shot-2021-11-16-at-10-24-09-PM_png.rf.864ca33e07c8aca34ad661182541cce1.jpg,C:\Users\venka\Documents\Project\data\processed\test\Onychogryphosis\Screen-Shot-2021-11-16-at-10-24-09-PM_png.rf.864ca33e07c8aca34ad661182541cce1.jpg
Screen-Shot-2021-11-16-at-6-58-09-PM_png,1,1,2,Acral_Lentiginous_Melanoma,Acral_Lentiginous_Melanoma,True,Screen-Shot-2021-11-16-at-6-58-09-PM_png.rf.71db003b5c5201114277b6c29b212b12.jpg,C:\Users\venka\Documents\Project\data\processed\train\Acral_Lentiginous_Melanoma\Screen-Shot-2021-11-16-at-6-58-09-PM_png.rf.71db003b5c5201114277b6c29b212b12.jpg,Screen-Shot-2021-11-16-at-6-58-09-PM_png.rf.84eaa8f0ddd6568f5220a7288d709742.jpg,C:\Users\venka\Documents\Project\data\processed\test\Acral_Lentiginous_Melanoma\Screen-Shot-2021-11-16-at-6-58-09-PM_png.rf.84eaa8f0ddd6568f5220a7288d709742.jpg
Screen-Shot-2021-11-16-at-7-08-26-PM_png,1,1,2,Acral_Lentiginous_Melanoma,Acral_Lentiginous_Melanoma,True,Screen-Shot-2021-11-16-at-7-08-26-PM_png.rf.ffa552ff4d6a7c277e37e5d2928f8dab.jpg,C:\Users\venka\Documents\Project\data\processed\train\Acral_Lentiginous_Melanoma\Screen-Shot-2021-11-16-at-7-08-26-PM_png.rf.ffa552ff4d6a7c277e37e5d2928f8dab.jpg,Screen-Shot-2021-11-16-at-7-08-26-PM_png.rf.5f82c4749b34db20407b5665a56aec2c.jpg,C:\Users\venka\Documents\Project\data\processed\test\Acral_Lentiginous_Melanoma\Screen-Shot-2021-11-16-at-7-08-26-PM_png.rf.5f82c4749b34db20407b5665a56aec2c.jpg
Screen-Shot-2021-11-19-at-1-27-17-AM_png,1,1,2,Acral_Lentiginous_Melanoma,Acral_Lentiginous_Melanoma,True,Screen-Shot-2021-11-19-at-1-27-17-AM_png.rf.3bbecb691c28d9b4e27471951769a72a.jpg,C:\Users\venka\Documents\Project\data\processed\train\Acral_Lentiginous_Melanoma\Screen-Shot-2021-11-19-at-1-27-17-AM_png.rf.3bbecb691c28d9b4e27471951769a72a.jpg,Screen-Shot-2021-11-19-at-1-27-17-AM_png.rf.171b5238a47c916d76d2bf732066c2c5.jpg,C:\Users\venka\Documents\Project\data\processed\test\Acral_Lentiginous_Melanoma\Screen-Shot-2021-11-19-at-1-27-17-AM_png.rf.171b5238a47c916d76d2bf732066c2c5.jpg
Screen-Shot-2021-11-19-at-1-41-42-AM_png,1,1,2,Acral_Lentiginous_Melanoma,Acral_Lentiginous_Melanoma,True,Screen-Shot-2021-11-19-at-1-41-42-AM_png.rf.4506921b7a77a7d472762163498ee136.jpg,C:\Users\venka\Documents\Project\data\processed\train\Acral_Lentiginous_Melanoma\Screen-Shot-2021-11-19-at-1-41-42-AM_png.rf.4506921b7a77a7d472762163498ee136.jpg,Screen-Shot-2021-11-19-at-1-41-42-AM_png.rf.7571ea90c4bb5276b0d77d9e42db93f1.jpg,C:\Users\venka\Documents\Project\data\processed\test\Acral_Lentiginous_Melanoma\Screen-Shot-2021-11-19-at-1-41-42-AM_png.rf.7571ea90c4bb5276b0d77d9e42db93f1.jpg
Screen-Shot-2021-11-19-at-1-53-47-AM_png,1,1,2,Acral_Lentiginous_Melanoma,Acral_Lentiginous_Melanoma,True,Screen-Shot-2021-11-19-at-1-53-47-AM_png.rf.26c000f945caefae854d0aa6487d0b11.jpg,C:\Users\venka\Documents\Project\data\processed\train\Acral_Lentiginous_Melanoma\Screen-Shot-2021-11-19-at-1-53-47-AM_png.rf.26c000f945caefae854d0aa6487d0b11.jpg,Screen-Shot-2021-11-19-at-1-53-47-AM_png.rf.18813d4eb66090b5a04d80ec958f833b.jpg,C:\Users\venka\Documents\Project\data\processed\test\Acral_Lentiginous_Melanoma\Screen-Shot-2021-11-19-at-1-53-47-AM_png.rf.18813d4eb66090b5a04d80ec958f833b.jpg
Screen-Shot-2021-11-19-at-12-41-44-AM_png,1,1,2,Acral_Lentiginous_Melanoma,Acral_Lentiginous_Melanoma,True,Screen-Shot-2021-11-19-at-12-41-44-AM_png.rf.c9b5696b3f12313ae5e70239285cee51.jpg,C:\Users\venka\Documents\Project\data\processed\train\Acral_Lentiginous_Melanoma\Screen-Shot-2021-11-19-at-12-41-44-AM_png.rf.c9b5696b3f12313ae5e70239285cee51.jpg,Screen-Shot-2021-11-19-at-12-41-44-AM_png.rf.de5b25017790d49322e13188cf0b2c91.jpg,C:\Users\venka\Documents\Project\data\processed\test\Acral_Lentiginous_Melanoma\Screen-Shot-2021-11-19-at-12-41-44-AM_png.rf.de5b25017790d49322e13188cf0b2c91.jpg
Screen-Shot-2021-11-19-at-2-11-28-AM_png,1,1,2,Acral_Lentiginous_Melanoma,Acral_Lentiginous_Melanoma,True,Screen-Shot-2021-11-19-at-2-11-28-AM_png.rf.521a58b07bb8d4c5b8ae089a6218d248.jpg,C:\Users\venka\Documents\Project\data\processed\train\Acral_Lentiginous_Melanoma\Screen-Shot-2021-11-19-at-2-11-28-AM_png.rf.521a58b07bb8d4c5b8ae089a6218d248.jpg,Screen-Shot-2021-11-19-at-2-11-28-AM_png.rf.2196b737c3e2e387b824e8ff30fbf610.jpg,C:\Users\venka\Documents\Project\data\processed\test\Acral_Lentiginous_Melanoma\Screen-Shot-2021-11-19-at-2-11-28-AM_png.rf.2196b737c3e2e387b824e8ff30fbf610.jpg
Screen-Shot-2021-11-19-at-2-27-56-AM_png,1,1,2,Acral_Lentiginous_Melanoma,Acral_Lentiginous_Melanoma,True,Screen-Shot-2021-11-19-at-2-27-56-AM_png.rf.c1e0af8818fe89b72124236344917e15.jpg,C:\Users\venka\Documents\Project\data\processed\train\Acral_Lentiginous_Melanoma\Screen-Shot-2021-11-19-at-2-27-56-AM_png.rf.c1e0af8818fe89b72124236344917e15.jpg,Screen-Shot-2021-11-19-at-2-27-56-AM_png.rf.73d097900279fe7340bc2c2d6902cbe5.jpg,C:\Users\venka\Documents\Project\data\processed\test\Acral_Lentiginous_Melanoma\Screen-Shot-2021-11-19-at-2-27-56-AM_png.rf.73d097900279fe7340bc2c2d6902cbe5.jpg
Screen-Shot-2021-11-20-at-10-30-41-PM_png,1,1,2,Acral_Lentiginous_Melanoma,Acral_Lentiginous_Melanoma,True,Screen-Shot-2021-11-20-at-10-30-41-PM_png.rf.cd4e19503a997af169f5dd87b2ca8471.jpg,C:\Users\venka\Documents\Project\data\processed\train\Acral_Lentiginous_Melanoma\Screen-Shot-2021-11-20-at-10-30-41-PM_png.rf.cd4e19503a997af169f5dd87b2ca8471.jpg,Screen-Shot-2021-11-20-at-10-30-41-PM_png.rf.a97e3d81c76e60862e65f8b657db5c3e.jpg,C:\Users\venka\Documents\Project\data\processed\test\Acral_Lentiginous_Melanoma\Screen-Shot-2021-11-20-at-10-30-41-PM_png.rf.a97e3d81c76e60862e65f8b657db5c3e.jpg
Screen-Shot-2021-11-20-at-7-49-26-PM_png,1,1,2,Acral_Lentiginous_Melanoma,Acral_Lentiginous_Melanoma,True,Screen-Shot-2021-11-20-at-7-49-26-PM_png.rf.c1c29b06bce6400f132d0feb1ea8d651.jpg,C:\Users\venka\Documents\Project\data\processed\train\Acral_Lentiginous_Melanoma\Screen-Shot-2021-11-20-at-7-49-26-PM_png.rf.c1c29b06bce6400f132d0feb1ea8d651.jpg,Screen-Shot-2021-11-20-at-7-49-26-PM_png.rf.4d3d8c48f29ba530ac9fefdbaba0a440.jpg,C:\Users\venka\Documents\Project\data\processed\test\Acral_Lentiginous_Melanoma\Screen-Shot-2021-11-20-at-7-49-26-PM_png.rf.4d3d8c48f29ba530ac9fefdbaba0a440.jpg
Screen-Shot-2021-11-20-at-8-00-58-PM_png,1,1,2,Acral_Lentiginous_Melanoma,Acral_Lentiginous_Melanoma,True,Screen-Shot-2021-11-20-at-8-00-58-PM_png.rf.e128314f40907c52eab13603245f3acb.jpg,C:\Users\venka\Documents\Project\data\processed\train\Acral_Lentiginous_Melanoma\Screen-Shot-2021-11-20-at-8-00-58-PM_png.rf.e128314f40907c52eab13603245f3acb.jpg,Screen-Shot-2021-11-20-at-8-00-58-PM_png.rf.7dd201e29f62ceaa36e9eb7acca6d4e4.jpg,C:\Users\venka\Documents\Project\data\processed\test\Acral_Lentiginous_Melanoma\Screen-Shot-2021-11-20-at-8-00-58-PM_png.rf.7dd201e29f62ceaa36e9eb7acca6d4e4.jpg
Screen-Shot-2021-11-20-at-8-04-14-PM_png,1,1,2,Acral_Lentiginous_Melanoma,Acral_Lentiginous_Melanoma,True,Screen-Shot-2021-11-20-at-8-04-14-PM_png.rf.db26ef4491a865db7d78a8e9df300e80.jpg,C:\Users\venka\Documents\Project\data\processed\train\Acral_Lentiginous_Melanoma\Screen-Shot-2021-11-20-at-8-04-14-PM_png.rf.db26ef4491a865db7d78a8e9df300e80.jpg,Screen-Shot-2021-11-20-at-8-04-14-PM_png.rf.3be306a4994e4ba819cd8a2eec8399c0.jpg,C:\Users\venka\Documents\Project\data\processed\test\Acral_Lentiginous_Melanoma\Screen-Shot-2021-11-20-at-8-04-14-PM_png.rf.3be306a4994e4ba819cd8a2eec8399c0.jpg
Screen-Shot-2021-11-20-at-8-19-44-PM_png,1,1,2,Acral_Lentiginous_Melanoma,Acral_Lentiginous_Melanoma,True,Screen-Shot-2021-11-20-at-8-19-44-PM_png.rf.098e608c1039911dfc4eaa1aa428dcb6.jpg,C:\Users\venka\Documents\Project\data\processed\train\Acral_Lentiginous_Melanoma\Screen-Shot-2021-11-20-at-8-19-44-PM_png.rf.098e608c1039911dfc4eaa1aa428dcb6.jpg,Screen-Shot-2021-11-20-at-8-19-44-PM_png.rf.ff99432db18e600c9322229e7f6dfbdd.jpg,C:\Users\venka\Documents\Project\data\processed\test\Acral_Lentiginous_Melanoma\Screen-Shot-2021-11-20-at-8-19-44-PM_png.rf.ff99432db18e600c9322229e7f6dfbdd.jpg
Screen-Shot-2021-11-22-at-10-04-13-AM_png,1,1,2,clubbing,clubbing,True,Screen-Shot-2021-11-22-at-10-04-13-AM_png.rf.00fc5684cb94287c0d6023b1b82e7171.jpg,C:\Users\venka\Documents\Project\data\processed\train\clubbing\Screen-Shot-2021-11-22-at-10-04-13-AM_png.rf.00fc5684cb94287c0d6023b1b82e7171.jpg,Screen-Shot-2021-11-22-at-10-04-13-AM_png.rf.3562a50510bd354ef11b00e371311238.jpg,C:\Users\venka\Documents\Project\data\processed\test\clubbing\Screen-Shot-2021-11-22-at-10-04-13-AM_png.rf.3562a50510bd354ef11b00e371311238.jpg
Screen-Shot-2021-11-22-at-10-05-18-PM_png,1,1,2,blue_finger,blue_finger,True,Screen-Shot-2021-11-22-at-10-05-18-PM_png.rf.c59da59d7511eab4ed43c6b9262848f4.jpg,C:\Users\venka\Documents\Project\data\processed\train\blue_finger\Screen-Shot-2021-11-22-at-10-05-18-PM_png.rf.c59da59d7511eab4ed43c6b9262848f4.jpg,Screen-Shot-2021-11-22-at-10-05-18-PM_png.rf.3001a131b94fa69e07a045c4dea95aa8.jpg,C:\Users\venka\Documents\Project\data\processed\test\blue_finger\Screen-Shot-2021-11-22-at-10-05-18-PM_png.rf.3001a131b94fa69e07a045c4dea95aa8.jpg
Screen-Shot-2021-11-22-at-10-06-39-AM_png,1,1,2,clubbing,clubbing,True,Screen-Shot-2021-11-22-at-10-06-39-AM_png.rf.9bd1e472052b2b85c981613faa55098a.jpg,C:\Users\venka\Documents\Project\data\processed\train\clubbing\Screen-Shot-2021-11-22-at-10-06-39-AM_png.rf.9bd1e472052b2b85c981613faa55098a.jpg,Screen-Shot-2021-11-22-at-10-06-39-AM_png.rf.58ef1df86a89e82334ee24c5665b4aae.jpg,C:\Users\venka\Documents\Project\data\processed\test\clubbing\Screen-Shot-2021-11-22-at-10-06-39-AM_png.rf.58ef1df86a89e82334ee24c5665b4aae.jpg
Screen-Shot-2021-11-22-at-10-06-57-PM_png,1,1,2,blue_finger,blue_finger,True,Screen-Shot-2021-11-22-at-10-06-57-PM_png.rf.b9f81c2e1646aad66c912a698e6d9f13.jpg,C:\Users\venka\Documents\Project\data\processed\train\blue_finger\Screen-Shot-2021-11-22-at-10-06-57-PM_png.rf.b9f81c2e1646aad66c912a698e6d9f13.jpg,Screen-Shot-2021-11-22-at-10-06-57-PM_png.rf.37ea9a70aed08c17111561f7ff997b58.jpg,C:\Users\venka\Documents\Project\data\processed\test\blue_finger\Screen-Shot-2021-11-22-at-10-06-57-PM_png.rf.37ea9a70aed08c17111561f7ff997b58.jpg
Screen-Shot-2021-11-22-at-10-07-11-AM_png,1,1,2,clubbing,clubbing,True,Screen-Shot-2021-11-22-at-10-07-11-AM_png.rf.2dada31c85579aa6f08fa15ae1488ee4.jpg,C:\Users\venka\Documents\Project\data\processed\train\clubbing\Screen-Shot-2021-11-22-at-10-07-11-AM_png.rf.2dada31c85579aa6f08fa15ae1488ee4.jpg,Screen-Shot-2021-11-22-at-10-07-11-AM_png.rf.4e2bbc8165ef7bac6abab2c215915d9a.jpg,C:\Users\venka\Documents\Project\data\processed\test\clubbing\Screen-Shot-2021-11-22-at-10-07-11-AM_png.rf.4e2bbc8165ef7bac6abab2c215915d9a.jpg
Screen-Shot-2021-11-22-at-10-08-34-AM_png,1,1,2,clubbing,clubbing,True,Screen-Shot-2021-11-22-at-10-08-34-AM_png.rf.3f54687614af50c6ebd1ac76aae06444.jpg,C:\Users\venka\Documents\Project\data\processed\train\clubbing\Screen-Shot-2021-11-22-at-10-08-34-AM_png.rf.3f54687614af50c6ebd1ac76aae06444.jpg,Screen-Shot-2021-11-22-at-10-08-34-AM_png.rf.a12c3f2112961f9dce6ef7a8b7bc37c6.jpg,C:\Users\venka\Documents\Project\data\processed\test\clubbing\Screen-Shot-2021-11-22-at-10-08-34-AM_png.rf.a12c3f2112961f9dce6ef7a8b7bc37c6.jpg
Screen-Shot-2021-11-22-at-4-55-22-PM_png,1,1,2,clubbing,clubbing,True,Screen-Shot-2021-11-22-at-4-55-22-PM_png.rf.702d2af664a865d2f7a341cabddcbcea.jpg,C:\Users\venka\Documents\Project\data\processed\train\clubbing\Screen-Shot-2021-11-22-at-4-55-22-PM_png.rf.702d2af664a865d2f7a341cabddcbcea.jpg,Screen-Shot-2021-11-22-at-4-55-22-PM_png.rf.c32c1d79a3ca22a518b487956deb4a70.jpg,C:\Users\venka\Documents\Project\data\processed\test\clubbing\Screen-Shot-2021-11-22-at-4-55-22-PM_png.rf.c32c1d79a3ca22a518b487956deb4a70.jpg
Screen-Shot-2021-11-22-at-4-57-51-PM_png,1,1,2,blue_finger,blue_finger,True,Screen-Shot-2021-11-22-at-4-57-51-PM_png.rf.46cf65510fd6e06261f2232fc3d3fde4.jpg,C:\Users\venka\Documents\Project\data\processed\train\blue_finger\Screen-Shot-2021-11-22-at-4-57-51-PM_png.rf.46cf65510fd6e06261f2232fc3d3fde4.jpg,Screen-Shot-2021-11-22-at-4-57-51-PM_png.rf.d1a6fe9f251911fc2a5fe4cb1b75e848.jpg,C:\Users\venka\Documents\Project\data\processed\test\blue_finger\Screen-Shot-2021-11-22-at-4-57-51-PM_png.rf.d1a6fe9f251911fc2a5fe4cb1b75e848.jpg
Screen-Shot-2021-11-22-at-5-01-12-PM_png,1,1,2,clubbing,clubbing,True,Screen-Shot-2021-11-22-at-5-01-12-PM_png.rf.a1804c3258830603670b1a6e9e49081e.jpg,C:\Users\venka\Documents\Project\data\processed\train\clubbing\Screen-Shot-2021-11-22-at-5-01-12-PM_png.rf.a1804c3258830603670b1a6e9e49081e.jpg,Screen-Shot-2021-11-22-at-5-01-12-PM_png.rf.f3dd030bb4700f6fc1d50126ef72d710.jpg,C:\Users\venka\Documents\Project\data\processed\test\clubbing\Screen-Shot-2021-11-22-at-5-01-12-PM_png.rf.f3dd030bb4700f6fc1d50126ef72d710.jpg
Screen-Shot-2021-11-22-at-5-01-41-PM_png,1,1,2,blue_finger,blue_finger,True,Screen-Shot-2021-11-22-at-5-01-41-PM_png.rf.f6fc9d8119ef5f7fdc9142669b9a37d4.jpg,C:\Users\venka\Documents\Project\data\processed\train\blue_finger\Screen-Shot-2021-11-22-at-5-01-41-PM_png.rf.f6fc9d8119ef5f7fdc9142669b9a37d4.jpg,Screen-Shot-2021-11-22-at-5-01-41-PM_png.rf.9db9fb4e806cc607b53d538a9e84904b.jpg,C:\Users\venka\Documents\Project\data\processed\test\blue_finger\Screen-Shot-2021-11-22-at-5-01-41-PM_png.rf.9db9fb4e806cc607b53d538a9e84904b.jpg
Screen-Shot-2021-11-22-at-5-03-01-PM_png,1,1,2,blue_finger,blue_finger,True,Screen-Shot-2021-11-22-at-5-03-01-PM_png.rf.9e048cd8f250acdb7038910d38a89d64.jpg,C:\Users\venka\Documents\Project\data\processed\train\blue_finger\Screen-Shot-2021-11-22-at-5-03-01-PM_png.rf.9e048cd8f250acdb7038910d38a89d64.jpg,Screen-Shot-2021-11-22-at-5-03-01-PM_png.rf.5a7a6f1d4a3731323942f3bd47425522.jpg,C:\Users\venka\Documents\Project\data\processed\test\blue_finger\Screen-Shot-2021-11-22-at-5-03-01-PM_png.rf.5a7a6f1d4a3731323942f3bd47425522.jpg
Screen-Shot-2021-11-22-at-5-05-43-PM_png,1,1,2,blue_finger,blue_finger,True,Screen-Shot-2021-11-22-at-5-05-43-PM_png.rf.2000f89abed8261809c9c22aaefc1a98.jpg,C:\Users\venka\Documents\Project\data\processed\train\blue_finger\Screen-Shot-2021-11-22-at-5-05-43-PM_png.rf.2000f89abed8261809c9c22aaefc1a98.jpg,Screen-Shot-2021-11-22-at-5-05-43-PM_png.rf.d2a0a8780d0baba489dd43395501bd74.jpg,C:\Users\venka\Documents\Project\data\processed\test\blue_finger\Screen-Shot-2021-11-22-at-5-05-43-PM_png.rf.d2a0a8780d0baba489dd43395501bd74.jpg
Screen-Shot-2021-11-22-at-5-06-00-PM_png,1,1,2,blue_finger,blue_finger,True,Screen-Shot-2021-11-22-at-5-06-00-PM_png.rf.47e1c3e28d373e730b0c37e2bae8060d.jpg,C:\Users\venka\Documents\Project\data\processed\train\blue_finger\Screen-Shot-2021-11-22-at-5-06-00-PM_png.rf.47e1c3e28d373e730b0c37e2bae8060d.jpg,Screen-Shot-2021-11-22-at-5-06-00-PM_png.rf.8385f1d0fe91b9f590e39c3acc4378e3.jpg,C:\Users\venka\Documents\Project\data\processed\test\blue_finger\Screen-Shot-2021-11-22-at-5-06-00-PM_png.rf.8385f1d0fe91b9f590e39c3acc4378e3.jpg
Screen-Shot-2021-11-22-at-5-06-33-PM_png,1,1,2,blue_finger,blue_finger,True,Screen-Shot-2021-11-22-at-5-06-33-PM_png.rf.778b8c5721e02db8a1f6532d62a40987.jpg,C:\Users\venka\Documents\Project\data\processed\train\blue_finger\Screen-Shot-2021-11-22-at-5-06-33-PM_png.rf.778b8c5721e02db8a1f6532d62a40987.jpg,Screen-Shot-2021-11-22-at-5-06-33-PM_png.rf.a6ffd33551d7738fd2a05e5ebe6a1de5.jpg,C:\Users\venka\Documents\Project\data\processed\test\blue_finger\Screen-Shot-2021-11-22-at-5-06-33-PM_png.rf.a6ffd33551d7738fd2a05e5ebe6a1de5.jpg
Screen-Shot-2021-11-22-at-5-10-19-PM_png,1,1,2,blue_finger,blue_finger,True,Screen-Shot-2021-11-22-at-5-10-19-PM_png.rf.5d4de7ded1e3613e6827276b87e5d5b3.jpg,C:\Users\venka\Documents\Project\data\processed\train\blue_finger\Screen-Shot-2021-11-22-at-5-10-19-PM_png.rf.5d4de7ded1e3613e6827276b87e5d5b3.jpg,Screen-Shot-2021-11-22-at-5-10-19-PM_png.rf.cbd1ea6045847d8dc5dbcc77046facf4.jpg,C:\Users\venka\Documents\Project\data\processed\test\blue_finger\Screen-Shot-2021-11-22-at-5-10-19-PM_png.rf.cbd1ea6045847d8dc5dbcc77046facf4.jpg
Screen-Shot-2021-11-22-at-5-21-20-PM_png,1,1,2,blue_finger,blue_finger,True,Screen-Shot-2021-11-22-at-5-21-20-PM_png.rf.fcb98dbd75cb7b0f6e917df14663b80d.jpg,C:\Users\venka\Documents\Project\data\processed\train\blue_finger\Screen-Shot-2021-11-22-at-5-21-20-PM_png.rf.fcb98dbd75cb7b0f6e917df14663b80d.jpg,Screen-Shot-2021-11-22-at-5-21-20-PM_png.rf.2b7b4897930f3d239886649a6bb64e86.jpg,C:\Users\venka\Documents\Project\data\processed\test\blue_finger\Screen-Shot-2021-11-22-at-5-21-20-PM_png.rf.2b7b4897930f3d239886649a6bb64e86.jpg
Screen-Shot-2021-11-22-at-5-26-29-PM_png,1,1,2,blue_finger,blue_finger,True,Screen-Shot-2021-11-22-at-5-26-29-PM_png.rf.f48e6fe53b570e2961132cd3c7e727ad.jpg,C:\Users\venka\Documents\Project\data\processed\train\blue_finger\Screen-Shot-2021-11-22-at-5-26-29-PM_png.rf.f48e6fe53b570e2961132cd3c7e727ad.jpg,Screen-Shot-2021-11-22-at-5-26-29-PM_png.rf.b4ad0e5b8c86c9bea3a46075a6f6542e.jpg,C:\Users\venka\Documents\Project\data\processed\test\blue_finger\Screen-Shot-2021-11-22-at-5-26-29-PM_png.rf.b4ad0e5b8c86c9bea3a46075a6f6542e.jpg
Screen-Shot-2021-11-22-at-5-27-14-PM_png,1,1,2,blue_finger,blue_finger,True,Screen-Shot-2021-11-22-at-5-27-14-PM_png.rf.0da00f412846983f7be320205046baa1.jpg,C:\Users\venka\Documents\Project\data\processed\train\blue_finger\Screen-Shot-2021-11-22-at-5-27-14-PM_png.rf.0da00f412846983f7be320205046baa1.jpg,Screen-Shot-2021-11-22-at-5-27-14-PM_png.rf.80ded82ebb475a2687e76e30a3ac3b5b.jpg,C:\Users\venka\Documents\Project\data\processed\test\blue_finger\Screen-Shot-2021-11-22-at-5-27-14-PM_png.rf.80ded82ebb475a2687e76e30a3ac3b5b.jpg
Screen-Shot-2021-11-22-at-8-14-15-PM_png,1,1,2,blue_finger,blue_finger,True,Screen-Shot-2021-11-22-at-8-14-15-PM_png.rf.63eceefeea092f3d0e3e5d1d8583eb73.jpg,C:\Users\venka\Documents\Project\data\processed\train\blue_finger\Screen-Shot-2021-11-22-at-8-14-15-PM_png.rf.63eceefeea092f3d0e3e5d1d8583eb73.jpg,Screen-Shot-2021-11-22-at-8-14-15-PM_png.rf.f3eaacf8f1ccfc85715030c4e45c1d7d.jpg,C:\Users\venka\Documents\Project\data\processed\test\blue_finger\Screen-Shot-2021-11-22-at-8-14-15-PM_png.rf.f3eaacf8f1ccfc85715030c4e45c1d7d.jpg
Screen-Shot-2021-11-22-at-8-15-51-PM_png,1,1,2,blue_finger,blue_finger,True,Screen-Shot-2021-11-22-at-8-15-51-PM_png.rf.c8cf71d45309d848d20dea71a0f53064.jpg,C:\Users\venka\Documents\Project\data\processed\train\blue_finger\Screen-Shot-2021-11-22-at-8-15-51-PM_png.rf.c8cf71d45309d848d20dea71a0f53064.jpg,Screen-Shot-2021-11-22-at-8-15-51-PM_png.rf.1af0403480df0fefa1690f770c7c2a1b.jpg,C:\Users\venka\Documents\Project\data\processed\test\blue_finger\Screen-Shot-2021-11-22-at-8-15-51-PM_png.rf.1af0403480df0fefa1690f770c7c2a1b.jpg
Screen-Shot-2021-11-22-at-8-24-20-AM_png,1,1,2,clubbing,clubbing,True,Screen-Shot-2021-11-22-at-8-24-20-AM_png.rf.c88ee0fe4ab2df72ae20248ac3a8c6c6.jpg,C:\Users\venka\Documents\Project\data\processed\train\clubbing\Screen-Shot-2021-11-22-at-8-24-20-AM_png.rf.c88ee0fe4ab2df72ae20248ac3a8c6c6.jpg,Screen-Shot-2021-11-22-at-8-24-20-AM_png.rf.6244638f2ee4017f89bd4af7761fc93b.jpg,C:\Users\venka\Documents\Project\data\processed\test\clubbing\Screen-Shot-2021-11-22-at-8-24-20-AM_png.rf.6244638f2ee4017f89bd4af7761fc93b.jpg
Screen-Shot-2021-11-22-at-8-30-42-AM_png,1,1,2,clubbing,clubbing,True,Screen-Shot-2021-11-22-at-8-30-42-AM_png.rf.b4604591365506b3ab5911ba6170103e.jpg,C:\Users\venka\Documents\Project\data\processed\train\clubbing\Screen-Shot-2021-11-22-at-8-30-42-AM_png.rf.b4604591365506b3ab5911ba6170103e.jpg,Screen-Shot-2021-11-22-at-8-30-42-AM_png.rf.b7a30351aa88c649ee5d3bc45091151b.jpg,C:\Users\venka\Documents\Project\data\processed\test\clubbing\Screen-Shot-2021-11-22-at-8-30-42-AM_png.rf.b7a30351aa88c649ee5d3bc45091151b.jpg
Screen-Shot-2021-11-22-at-9-00-17-AM_png,1,1,2,clubbing,clubbing,True,Screen-Shot-2021-11-22-at-9-00-17-AM_png.rf.805d359510aefe1806e7ea18667c38a6.jpg,C:\Users\venka\Documents\Project\data\processed\train\clubbing\Screen-Shot-2021-11-22-at-9-00-17-AM_png.rf.805d359510aefe1806e7ea18667c38a6.jpg,Screen-Shot-2021-11-22-at-9-00-17-AM_png.rf.ecc8dc4624dfa721a8e63b13f0b56adb.jpg,C:\Users\venka\Documents\Project\data\processed\test\clubbing\Screen-Shot-2021-11-22-at-9-00-17-AM_png.rf.ecc8dc4624dfa721a8e63b13f0b56adb.jpg
Screen-Shot-2021-11-22-at-9-05-44-PM_png,1,1,2,blue_finger,blue_finger,True,Screen-Shot-2021-11-22-at-9-05-44-PM_png.rf.a8b205d721eae0446918863d0bf422cd.jpg,C:\Users\venka\Documents\Project\data\processed\train\blue_finger\Screen-Shot-2021-11-22-at-9-05-44-PM_png.rf.a8b205d721eae0446918863d0bf422cd.jpg,Screen-Shot-2021-11-22-at-9-05-44-PM_png.rf.e7dc8a7529828409c6abf084a909ab63.jpg,C:\Users\venka\Documents\Project\data\processed\test\blue_finger\Screen-Shot-2021-11-22-at-9-05-44-PM_png.rf.e7dc8a7529828409c6abf084a909ab63.jpg
Screen-Shot-2021-11-22-at-9-08-36-PM_png,1,1,2,blue_finger,blue_finger,True,Screen-Shot-2021-11-22-at-9-08-36-PM_png.rf.62a9cb7f8c6c4439e53815e9226d3111.jpg,C:\Users\venka\Documents\Project\data\processed\train\blue_finger\Screen-Shot-2021-11-22-at-9-08-36-PM_png.rf.62a9cb7f8c6c4439e53815e9226d3111.jpg,Screen-Shot-2021-11-22-at-9-08-36-PM_png.rf.a528a8c595c5b7986856d6129ea42d3c.jpg,C:\Users\venka\Documents\Project\data\processed\test\blue_finger\Screen-Shot-2021-11-22-at-9-08-36-PM_png.rf.a528a8c595c5b7986856d6129ea42d3c.jpg
Screen-Shot-2021-11-22-at-9-21-16-PM_png,1,1,2,blue_finger,blue_finger,True,Screen-Shot-2021-11-22-at-9-21-16-PM_png.rf.9aaa9dcdd55ab3a71251cfa623f06d73.jpg,C:\Users\venka\Documents\Project\data\processed\train\blue_finger\Screen-Shot-2021-11-22-at-9-21-16-PM_png.rf.9aaa9dcdd55ab3a71251cfa623f06d73.jpg,Screen-Shot-2021-11-22-at-9-21-16-PM_png.rf.3d91d82844db3c62c756fcf83380dc86.jpg,C:\Users\venka\Documents\Project\data\processed\test\blue_finger\Screen-Shot-2021-11-22-at-9-21-16-PM_png.rf.3d91d82844db3c62c756fcf83380dc86.jpg
Screen-Shot-2021-11-22-at-9-24-37-AM_png,1,1,2,clubbing,clubbing,True,Screen-Shot-2021-11-22-at-9-24-37-AM_png.rf.5ef329ea4a059b93b6b53a7cb4385ac5.jpg,C:\Users\venka\Documents\Project\data\processed\train\clubbing\Screen-Shot-2021-11-22-at-9-24-37-AM_png.rf.5ef329ea4a059b93b6b53a7cb4385ac5.jpg,Screen-Shot-2021-11-22-at-9-24-37-AM_png.rf.4d09dea1023fdc0d357582f4d4b785f3.jpg,C:\Users\venka\Documents\Project\data\processed\test\clubbing\Screen-Shot-2021-11-22-at-9-24-37-AM_png.rf.4d09dea1023fdc0d357582f4d4b785f3.jpg
Screen-Shot-2021-11-22-at-9-44-21-AM_png,1,1,2,clubbing,clubbing,True,Screen-Shot-2021-11-22-at-9-44-21-AM_png.rf.4d891e528462aa99eb2bf39062c0c10c.jpg,C:\Users\venka\Documents\Project\data\processed\train\clubbing\Screen-Shot-2021-11-22-at-9-44-21-AM_png.rf.4d891e528462aa99eb2bf39062c0c10c.jpg,Screen-Shot-2021-11-22-at-9-44-21-AM_png.rf.50b585f50a7a4210279659b499d803d4.jpg,C:\Users\venka\Documents\Project\data\processed\test\clubbing\Screen-Shot-2021-11-22-at-9-44-21-AM_png.rf.50b585f50a7a4210279659b499d803d4.jpg
Screen-Shot-2021-11-22-at-9-46-05-PM_png,1,1,2,blue_finger,blue_finger,True,Screen-Shot-2021-11-22-at-9-46-05-PM_png.rf.6e6d49c5ff1ada369930ec632b50b128.jpg,C:\Users\venka\Documents\Project\data\processed\train\blue_finger\Screen-Shot-2021-11-22-at-9-46-05-PM_png.rf.6e6d49c5ff1ada369930ec632b50b128.jpg,Screen-Shot-2021-11-22-at-9-46-05-PM_png.rf.13a0a4edd6a71541b44ff9c5c285767d.jpg,C:\Users\venka\Documents\Project\data\processed\test\blue_finger\Screen-Shot-2021-11-22-at-9-46-05-PM_png.rf.13a0a4edd6a71541b44ff9c5c285767d.jpg
Screen-Shot-2021-11-22-at-9-46-26-AM_png,1,1,2,clubbing,clubbing,True,Screen-Shot-2021-11-22-at-9-46-26-AM_png.rf.9ef3fc1a7d71d37fdfce7ea3f543b22c.jpg,C:\Users\venka\Documents\Project\data\processed\train\clubbing\Screen-Shot-2021-11-22-at-9-46-26-AM_png.rf.9ef3fc1a7d71d37fdfce7ea3f543b22c.jpg,Screen-Shot-2021-11-22-at-9-46-26-AM_png.rf.d3740348b45a14f9b95d15cb5e006885.jpg,C:\Users\venka\Documents\Project\data\processed\test\clubbing\Screen-Shot-2021-11-22-at-9-46-26-AM_png.rf.d3740348b45a14f9b95d15cb5e006885.jpg
Screen-Shot-2021-11-22-at-9-48-12-PM_png,1,1,2,blue_finger,blue_finger,True,Screen-Shot-2021-11-22-at-9-48-12-PM_png.rf.c43e2a20099ea54120061f0d2cc0f8d6.jpg,C:\Users\venka\Documents\Project\data\processed\train\blue_finger\Screen-Shot-2021-11-22-at-9-48-12-PM_png.rf.c43e2a20099ea54120061f0d2cc0f8d6.jpg,Screen-Shot-2021-11-22-at-9-48-12-PM_png.rf.053a264251be1a0ec09ec9bfc2afbe6f.jpg,C:\Users\venka\Documents\Project\data\processed\test\blue_finger\Screen-Shot-2021-11-22-at-9-48-12-PM_png.rf.053a264251be1a0ec09ec9bfc2afbe6f.jpg
Screen-Shot-2021-11-22-at-9-52-28-PM_png,1,1,2,blue_finger,blue_finger,True,Screen-Shot-2021-11-22-at-9-52-28-PM_png.rf.f9132516c927a58c64706d4e9426fe60.jpg,C:\Users\venka\Documents\Project\data\processed\train\blue_finger\Screen-Shot-2021-11-22-at-9-52-28-PM_png.rf.f9132516c927a58c64706d4e9426fe60.jpg,Screen-Shot-2021-11-22-at-9-52-28-PM_png.rf.5fbfb09ce288bf9a626d87bc6a112df1.jpg,C:\Users\venka\Documents\Project\data\processed\test\blue_finger\Screen-Shot-2021-11-22-at-9-52-28-PM_png.rf.5fbfb09ce288bf9a626d87bc6a112df1.jpg
Screen-Shot-2021-11-22-at-9-56-30-AM_png,1,1,2,clubbing,clubbing,True,Screen-Shot-2021-11-22-at-9-56-30-AM_png.rf.7ba58b3105ebb978d40c99694fab8e7d.jpg,C:\Users\venka\Documents\Project\data\processed\train\clubbing\Screen-Shot-2021-11-22-at-9-56-30-AM_png.rf.7ba58b3105ebb978d40c99694fab8e7d.jpg,Screen-Shot-2021-11-22-at-9-56-30-AM_png.rf.10eeab93960298c89432e2b5f9c7706b.jpg,C:\Users\venka\Documents\Project\data\processed\test\clubbing\Screen-Shot-2021-11-22-at-9-56-30-AM_png.rf.10eeab93960298c89432e2b5f9c7706b.jpg
Screenshot-2021-11-19-004140_png,1,1,2,Onychogryphosis,Onychogryphosis,True,Screenshot-2021-11-19-004140_png.rf.04c8fd1c3564ea3bfc5f51945e697290.jpg,C:\Users\venka\Documents\Project\data\processed\train\Onychogryphosis\Screenshot-2021-11-19-004140_png.rf.04c8fd1c3564ea3bfc5f51945e697290.jpg,Screenshot-2021-11-19-004140_png.rf.00e67b96eef54f23a92447e9b71b4f6c.jpg,C:\Users\venka\Documents\Project\data\processed\test\Onychogryphosis\Screenshot-2021-11-19-004140_png.rf.00e67b96eef54f23a92447e9b71b4f6c.jpg
Screenshot-2021-11-19-004228_png,1,1,2,Onychogryphosis,Onychogryphosis,True,Screenshot-2021-11-19-004228_png.rf.a22fb45e1edd0fd33248a66ef40a8eb3.jpg,C:\Users\venka\Documents\Project\data\processed\train\Onychogryphosis\Screenshot-2021-11-19-004228_png.rf.a22fb45e1edd0fd33248a66ef40a8eb3.jpg,Screenshot-2021-11-19-004228_png.rf.e5493d6cdc6a7e0e490c8ec4c9b2cc94.jpg,C:\Users\venka\Documents\Project\data\processed\test\Onychogryphosis\Screenshot-2021-11-19-004228_png.rf.e5493d6cdc6a7e0e490c8ec4c9b2cc94.jpg
Screenshot-2021-11-19-005611_png,1,1,2,Onychogryphosis,Onychogryphosis,True,Screenshot-2021-11-19-005611_png.rf.a93204a5659df89ff47e7bc7e6e68190.jpg,C:\Users\venka\Documents\Project\data\processed\train\Onychogryphosis\Screenshot-2021-11-19-005611_png.rf.a93204a5659df89ff47e7bc7e6e68190.jpg,Screenshot-2021-11-19-005611_png.rf.badd7102a280d9b29b9f998722a66fcc.jpg,C:\Users\venka\Documents\Project\data\processed\test\Onychogryphosis\Screenshot-2021-11-19-005611_png.rf.badd7102a280d9b29b9f998722a66fcc.jpg
Screenshot-2021-11-19-010147_png,1,1,2,Onychogryphosis,Onychogryphosis,True,Screenshot-2021-11-19-010147_png.rf.f8c16eb95e9680989205dad0217ce2b1.jpg,C:\Users\venka\Documents\Project\data\processed\train\Onychogryphosis\Screenshot-2021-11-19-010147_png.rf.f8c16eb95e9680989205dad0217ce2b1.jpg,Screenshot-2021-11-19-010147_png.rf.7cb20510a2d6d2d9c6fea995c8764380.jpg,C:\Users\venka\Documents\Project\data\processed\test\Onychogryphosis\Screenshot-2021-11-19-010147_png.rf.7cb20510a2d6d2d9c6fea995c8764380.jpg
Screenshot-2021-11-19-010332_png,1,1,2,Onychogryphosis,Onychogryphosis,True,Screenshot-2021-11-19-010332_png.rf.26d9a9207125ce5953f6872fff748731.jpg,C:\Users\venka\Documents\Project\data\processed\train\Onychogryphosis\Screenshot-2021-11-19-010332_png.rf.26d9a9207125ce5953f6872fff748731.jpg,Screenshot-2021-11-19-010332_png.rf.9eb9e9cf26c4acb3e5bb99ac776dce38.jpg,C:\Users\venka\Documents\Project\data\processed\test\Onychogryphosis\Screenshot-2021-11-19-010332_png.rf.9eb9e9cf26c4acb3e5bb99ac776dce38.jpg
Screenshot-2021-11-19-010444_png,1,1,2,Onychogryphosis,Onychogryphosis,True,Screenshot-2021-11-19-010444_png.rf.75518266430c1bf9ca65b59ccf07607b.jpg,C:\Users\venka\Documents\Project\data\processed\train\Onychogryphosis\Screenshot-2021-11-19-010444_png.rf.75518266430c1bf9ca65b59ccf07607b.jpg,Screenshot-2021-11-19-010444_png.rf.c6835fd9b7be3bffdc635448d9751568.jpg,C:\Users\venka\Documents\Project\data\processed\test\Onychogryphosis\Screenshot-2021-11-19-010444_png.rf.c6835fd9b7be3bffdc635448d9751568.jpg
Screenshot-2021-11-19-010857_png,1,1,2,Onychogryphosis,Onychogryphosis,True,Screenshot-2021-11-19-010857_png.rf.f1fb791af0d38eea5abef63cd062c983.jpg,C:\Users\venka\Documents\Project\data\processed\train\Onychogryphosis\Screenshot-2021-11-19-010857_png.rf.f1fb791af0d38eea5abef63cd062c983.jpg,Screenshot-2021-11-19-010857_png.rf.61b1ae126dc25100b5d7f41dfdc67b40.jpg,C:\Users\venka\Documents\Project\data\processed\test\Onychogryphosis\Screenshot-2021-11-19-010857_png.rf.61b1ae126dc25100b5d7f41dfdc67b40.jpg
Screenshot-2021-11-19-011259_png,1,1,2,Onychogryphosis,Onychogryphosis,True,Screenshot-2021-11-19-011259_png.rf.60ba314ad8f65b2328edb2f9635339c4.jpg,C:\Users\venka\Documents\Project\data\processed\train\Onychogryphosis\Screenshot-2021-11-19-011259_png.rf.60ba314ad8f65b2328edb2f9635339c4.jpg,Screenshot-2021-11-19-011259_png.rf.ef2619caa9f4d49f21250d6f16f5ef8d.jpg,C:\Users\venka\Documents\Project\data\processed\test\Onychogryphosis\Screenshot-2021-11-19-011259_png.rf.ef2619caa9f4d49f21250d6f16f5ef8d.jpg
Screenshot-2021-11-19-015033_png,1,1,2,Onychogryphosis,Onychogryphosis,True,Screenshot-2021-11-19-015033_png.rf.63c34c037b02d0b1b39cbd541f5babbc.jpg,C:\Users\venka\Documents\Project\data\processed\train\Onychogryphosis\Screenshot-2021-11-19-015033_png.rf.63c34c037b02d0b1b39cbd541f5babbc.jpg,Screenshot-2021-11-19-015033_png.rf.16a31ac1de4e4089667075fb82e0b289.jpg,C:\Users\venka\Documents\Project\data\processed\test\Onychogryphosis\Screenshot-2021-11-19-015033_png.rf.16a31ac1de4e4089667075fb82e0b289.jpg
Screenshot-2021-11-19-020017_png,1,1,2,Onychogryphosis,Onychogryphosis,True,Screenshot-2021-11-19-020017_png.rf.1d9afde373541b445f0fee1585ac50a1.jpg,C:\Users\venka\Documents\Project\data\processed\train\Onychogryphosis\Screenshot-2021-11-19-020017_png.rf.1d9afde373541b445f0fee1585ac50a1.jpg,Screenshot-2021-11-19-020017_png.rf.867654faa6bb4b6ae653b6a7083d6464.jpg,C:\Users\venka\Documents\Project\data\processed\test\Onychogryphosis\Screenshot-2021-11-19-020017_png.rf.867654faa6bb4b6ae653b6a7083d6464.jpg
Screenshot-2021-11-19-021309_png,1,1,2,Onychogryphosis,Onychogryphosis,True,Screenshot-2021-11-19-021309_png.rf.57d45b543b4e38fb2d569e1291ab0f9d.jpg,C:\Users\venka\Documents\Project\data\processed\train\Onychogryphosis\Screenshot-2021-11-19-021309_png.rf.57d45b543b4e38fb2d569e1291ab0f9d.jpg,Screenshot-2021-11-19-021309_png.rf.3a42324585aa4ef80b266c50b38b4044.jpg,C:\Users\venka\Documents\Project\data\processed\test\Onychogryphosis\Screenshot-2021-11-19-021309_png.rf.3a42324585aa4ef80b266c50b38b4044.jpg
Screenshot-2021-11-19-022255_png,1,1,2,Onychogryphosis,Onychogryphosis,True,Screenshot-2021-11-19-022255_png.rf.f85bb5cffac52ca9691871d12e0dd381.jpg,C:\Users\venka\Documents\Project\data\processed\train\Onychogryphosis\Screenshot-2021-11-19-022255_png.rf.f85bb5cffac52ca9691871d12e0dd381.jpg,Screenshot-2021-11-19-022255_png.rf.66aa41f8614fa9cdf519c9d7239576a0.jpg,C:\Users\venka\Documents\Project\data\processed\test\Onychogryphosis\Screenshot-2021-11-19-022255_png.rf.66aa41f8614fa9cdf519c9d7239576a0.jpg
Screenshot-2021-11-19-024347_png,1,1,2,Onychogryphosis,Onychogryphosis,True,Screenshot-2021-11-19-024347_png.rf.b3fc9065471d487d6be4c2b1e59f2773.jpg,C:\Users\venka\Documents\Project\data\processed\train\Onychogryphosis\Screenshot-2021-11-19-024347_png.rf.b3fc9065471d487d6be4c2b1e59f2773.jpg,Screenshot-2021-11-19-024347_png.rf.06ee00379d1bdc0464e3282da47540e0.jpg,C:\Users\venka\Documents\Project\data\processed\test\Onychogryphosis\Screenshot-2021-11-19-024347_png.rf.06ee00379d1bdc0464e3282da47540e0.jpg
Screenshot-2021-11-19-025646_png,1,1,2,Onychogryphosis,Onychogryphosis,True,Screenshot-2021-11-19-025646_png.rf.90c965be8972e08f2d492557ed254c26.jpg,C:\Users\venka\Documents\Project\data\processed\train\Onychogryphosis\Screenshot-2021-11-19-025646_png.rf.90c965be8972e08f2d492557ed254c26.jpg,Screenshot-2021-11-19-025646_png.rf.80fedb750f0f05269de3b43f65a6cb30.jpg,C:\Users\venka\Documents\Project\data\processed\test\Onychogryphosis\Screenshot-2021-11-19-025646_png.rf.80fedb750f0f05269de3b43f65a6cb30.jpg
Screenshot-2021-11-21-173027_png,1,1,2,Onychogryphosis,Onychogryphosis,True,Screenshot-2021-11-21-173027_png.rf.b3c3171af48932e676f51777ceda8cfb.jpg,C:\Users\venka\Documents\Project\data\processed\train\Onychogryphosis\Screenshot-2021-11-21-173027_png.rf.b3c3171af48932e676f51777ceda8cfb.jpg,Screenshot-2021-11-21-173027_png.rf.18c8ea745ca4a5f5f405ac8c7734fa45.jpg,C:\Users\venka\Documents\Project\data\processed\test\Onychogryphosis\Screenshot-2021-11-21-173027_png.rf.18c8ea745ca4a5f5f405ac8c7734fa45.jpg
Screenshot-2021-11-21-174132_png,1,1,2,Onychogryphosis,Onychogryphosis,True,Screenshot-2021-11-21-174132_png.rf.1d3637f39370b61650ff3cd30c7d963d.jpg,C:\Users\venka\Documents\Project\data\processed\train\Onychogryphosis\Screenshot-2021-11-21-174132_png.rf.1d3637f39370b61650ff3cd30c7d963d.jpg,Screenshot-2021-11-21-174132_png.rf.2a50016efcab5a3c211600718701d457.jpg,C:\Users\venka\Documents\Project\data\processed\test\Onychogryphosis\Screenshot-2021-11-21-174132_png.rf.2a50016efcab5a3c211600718701d457.jpg
Screenshot-2021-11-21-192708_png,1,1,2,Onychogryphosis,Onychogryphosis,True,Screenshot-2021-11-21-192708_png.rf.4692177d8dede6b336b30e34a9df23c0.jpg,C:\Users\venka\Documents\Project\data\processed\train\Onychogryphosis\Screenshot-2021-11-21-192708_png.rf.4692177d8dede6b336b30e34a9df23c0.jpg,Screenshot-2021-11-21-192708_png.rf.9c71b339f437329051ad8145887a74c4.jpg,C:\Users\venka\Documents\Project\data\processed\test\Onychogryphosis\Screenshot-2021-11-21-192708_png.rf.9c71b339f437329051ad8145887a74c4.jpg
Screenshot-2021-11-21-230252_png,1,1,2,Onychogryphosis,Onychogryphosis,True,Screenshot-2021-11-21-230252_png.rf.9ea7515c33865930bda515e2205f514e.jpg,C:\Users\venka\Documents\Project\data\processed\train\Onychogryphosis\Screenshot-2021-11-21-230252_png.rf.9ea7515c33865930bda515e2205f514e.jpg,Screenshot-2021-11-21-230252_png.rf.6cc27efcf4e5ccca5466427d6b73e829.jpg,C:\Users\venka\Documents\Project\data\processed\test\Onychogryphosis\Screenshot-2021-11-21-230252_png.rf.6cc27efcf4e5ccca5466427d6b73e829.jpg
Screenshot-2021-11-21-235210_png,1,1,2,Onychogryphosis,Onychogryphosis,True,Screenshot-2021-11-21-235210_png.rf.da927c69ce2d5ff952fe5f22bed1123c.jpg,C:\Users\venka\Documents\Project\data\processed\train\Onychogryphosis\Screenshot-2021-11-21-235210_png.rf.da927c69ce2d5ff952fe5f22bed1123c.jpg,Screenshot-2021-11-21-235210_png.rf.bd4fc90a5cf2e6eed3ff147800e9ffdd.jpg,C:\Users\venka\Documents\Project\data\processed\test\Onychogryphosis\Screenshot-2021-11-21-235210_png.rf.bd4fc90a5cf2e6eed3ff147800e9ffdd.jpg
Screenshot-2021-11-22-015244_png,1,1,2,Onychogryphosis,Onychogryphosis,True,Screenshot-2021-11-22-015244_png.rf.3e28cfa83eaf7f18f219cfacfe88776a.jpg,C:\Users\venka\Documents\Project\data\processed\train\Onychogryphosis\Screenshot-2021-11-22-015244_png.rf.3e28cfa83eaf7f18f219cfacfe88776a.jpg,Screenshot-2021-11-22-015244_png.rf.9709ccbc3f00d355405b3d61be96ea93.jpg,C:\Users\venka\Documents\Project\data\processed\test\Onychogryphosis\Screenshot-2021-11-22-015244_png.rf.9709ccbc3f00d355405b3d61be96ea93.jpg
Screenshot-2021-11-22-020018_png,1,1,2,Onychogryphosis,Onychogryphosis,True,Screenshot-2021-11-22-020018_png.rf.dfd44267115d56fa7372298e0f243ed8.jpg,C:\Users\venka\Documents\Project\data\processed\train\Onychogryphosis\Screenshot-2021-11-22-020018_png.rf.dfd44267115d56fa7372298e0f243ed8.jpg,Screenshot-2021-11-22-020018_png.rf.829122f77e2386494bf903ffb53ec004.jpg,C:\Users\venka\Documents\Project\data\processed\test\Onychogryphosis\Screenshot-2021-11-22-020018_png.rf.829122f77e2386494bf903ffb53ec004.jpg
h104_png,1,1,2,Healthy_Nail,Healthy_Nail,True,h104_png.rf.bc317ab5c0327a81557e505317410383.jpg,C:\Users\venka\Documents\Project\data\processed\train\Healthy_Nail\h104_png.rf.bc317ab5c0327a81557e505317410383.jpg,h104_png.rf.a9d878a9da04641c85603d3e42c8360a.jpg,C:\Users\venka\Documents\Project\data\processed\test\Healthy_Nail\h104_png.rf.a9d878a9da04641c85603d3e42c8360a.jpg
h111_png,1,1,2,Healthy_Nail,Healthy_Nail,True,h111_png.rf.2798e970f4a3fadd652084a876714168.jpg,C:\Users\venka\Documents\Project\data\processed\train\Healthy_Nail\h111_png.rf.2798e970f4a3fadd652084a876714168.jpg,h111_png.rf.ebeeca767049de4f1ab0698fe11c4cd9.jpg,C:\Users\venka\Documents\Project\data\processed\test\Healthy_Nail\h111_png.rf.ebeeca767049de4f1ab0698fe11c4cd9.jpg
h118_png,1,1,2,Healthy_Nail,Healthy_Nail,True,h118_png.rf.247d6937c0d9ba74e56c2ee9498efd50.jpg,C:\Users\venka\Documents\Project\data\processed\train\Healthy_Nail\h118_png.rf.247d6937c0d9ba74e56c2ee9498efd50.jpg,h118_png.rf.923dc61b6027a6ac9b5645c1758b0cc7.jpg,C:\Users\venka\Documents\Project\data\processed\test\Healthy_Nail\h118_png.rf.923dc61b6027a6ac9b5645c1758b0cc7.jpg
h126_png,1,1,2,Healthy_Nail,Healthy_Nail,True,h126_png.rf.45a9277446901346356573d3ebeb27fa.jpg,C:\Users\venka\Documents\Project\data\processed\train\Healthy_Nail\h126_png.rf.45a9277446901346356573d3ebeb27fa.jpg,h126_png.rf.fe389450428b17b72749de4debe2a368.jpg,C:\Users\venka\Documents\Project\data\processed\test\Healthy_Nail\h126_png.rf.fe389450428b17b72749de4debe2a368.jpg
h132_png,1,1,2,Healthy_Nail,Healthy_Nail,True,h132_png.rf.55e9a589a1bd19814c7a04abd18eead1.jpg,C:\Users\venka\Documents\Project\data\processed\train\Healthy_Nail\h132_png.rf.55e9a589a1bd19814c7a04abd18eead1.jpg,h132_png.rf.f837aa21de478ec2bff354d8fb39afff.jpg,C:\Users\venka\Documents\Project\data\processed\test\Healthy_Nail\h132_png.rf.f837aa21de478ec2bff354d8fb39afff.jpg
h139_png,1,1,2,Healthy_Nail,Healthy_Nail,True,h139_png.rf.d7d757a6f7bf36e7ccd4b94444a2f7aa.jpg,C:\Users\venka\Documents\Project\data\processed\train\Healthy_Nail\h139_png.rf.d7d757a6f7bf36e7ccd4b94444a2f7aa.jpg,h139_png.rf.d49706dd9198a3b97dbc61179887a4d6.jpg,C:\Users\venka\Documents\Project\data\processed\test\Healthy_Nail\h139_png.rf.d49706dd9198a3b97dbc61179887a4d6.jpg
h14_png,1,1,2,Healthy_Nail,Healthy_Nail,True,h14_png.rf.9e48f154edf68fa4094ba876c23615f1.jpg,C:\Users\venka\Documents\Project\data\processed\train\Healthy_Nail\h14_png.rf.9e48f154edf68fa4094ba876c23615f1.jpg,h14_png.rf.2e14dbbd69dfe15e888521fd5a4a9f5f.jpg,C:\Users\venka\Documents\Project\data\processed\test\Healthy_Nail\h14_png.rf.2e14dbbd69dfe15e888521fd5a4a9f5f.jpg
h156_png,1,1,2,Healthy_Nail,Healthy_Nail,True,h156_png.rf.4b18f484ec2effed3a4a1e905946cc03.jpg,C:\Users\venka\Documents\Project\data\processed\train\Healthy_Nail\h156_png.rf.4b18f484ec2effed3a4a1e905946cc03.jpg,h156_png.rf.16a36faf90963d495bf9253a70dcdb06.jpg,C:\Users\venka\Documents\Project\data\processed\test\Healthy_Nail\h156_png.rf.16a36faf90963d495bf9253a70dcdb06.jpg
h160_png,1,1,2,Healthy_Nail,Healthy_Nail,True,h160_png.rf.cc67aa19e376322a70bac05f51244ad0.jpg,C:\Users\venka\Documents\Project\data\processed\train\Healthy_Nail\h160_png.rf.cc67aa19e376322a70bac05f51244ad0.jpg,h160_png.rf.e2ec562dc82ec424d5df6a526273650e.jpg,C:\Users\venka\Documents\Project\data\processed\test\Healthy_Nail\h160_png.rf.e2ec562dc82ec424d5df6a526273650e.jpg
h161_png,1,1,2,Healthy_Nail,Healthy_Nail,True,h161_png.rf.297f658ae4e2c92786a48c7ac6a8f2f2.jpg,C:\Users\venka\Documents\Project\data\processed\train\Healthy_Nail\h161_png.rf.297f658ae4e2c92786a48c7ac6a8f2f2.jpg,h161_png.rf.edfd3c4123fcd7262eb94b254e1f1ee7.jpg,C:\Users\venka\Documents\Project\data\processed\test\Healthy_Nail\h161_png.rf.edfd3c4123fcd7262eb94b254e1f1ee7.jpg
h175_png,1,1,2,Healthy_Nail,Healthy_Nail,True,h175_png.rf.1769619900e50a1836ed9f7130c7fe1a.jpg,C:\Users\venka\Documents\Project\data\processed\train\Healthy_Nail\h175_png.rf.1769619900e50a1836ed9f7130c7fe1a.jpg,h175_png.rf.f8e029cd77f6bd4fb36dbcfafd845975.jpg,C:\Users\venka\Documents\Project\data\processed\test\Healthy_Nail\h175_png.rf.f8e029cd77f6bd4fb36dbcfafd845975.jpg
h180_png,1,1,2,Healthy_Nail,Healthy_Nail,True,h180_png.rf.6a23519fd10e3c7cd815c6477e5a60df.jpg,C:\Users\venka\Documents\Project\data\processed\train\Healthy_Nail\h180_png.rf.6a23519fd10e3c7cd815c6477e5a60df.jpg,h180_png.rf.b496b2324621bf7de58f06d2c6f7eaf6.jpg,C:\Users\venka\Documents\Project\data\processed\test\Healthy_Nail\h180_png.rf.b496b2324621bf7de58f06d2c6f7eaf6.jpg
h184_png,1,1,2,Healthy_Nail,Healthy_Nail,True,h184_png.rf.573b3d0e4d7c5b2771dfa7bfa15f63be.jpg,C:\Users\venka\Documents\Project\data\processed\train\Healthy_Nail\h184_png.rf.573b3d0e4d7c5b2771dfa7bfa15f63be.jpg,h184_png.rf.84c32ebbc134638d6fb6a2ce6b36dd43.jpg,C:\Users\venka\Documents\Project\data\processed\test\Healthy_Nail\h184_png.rf.84c32ebbc134638d6fb6a2ce6b36dd43.jpg
h200_png,1,1,2,Healthy_Nail,Healthy_Nail,True,h200_png.rf.b027f5846efdb52b6b6b14a83f416a2b.jpg,C:\Users\venka\Documents\Project\data\processed\train\Healthy_Nail\h200_png.rf.b027f5846efdb52b6b6b14a83f416a2b.jpg,h200_png.rf.13175718027e6970f4d6bf5219118ed2.jpg,C:\Users\venka\Documents\Project\data\processed\test\Healthy_Nail\h200_png.rf.13175718027e6970f4d6bf5219118ed2.jpg
h220_png,1,1,2,Healthy_Nail,Healthy_Nail,True,h220_png.rf.7d51f9a73cfefa36988bc3a49b9559dc.jpg,C:\Users\venka\Documents\Project\data\processed\train\Healthy_Nail\h220_png.rf.7d51f9a73cfefa36988bc3a49b9559dc.jpg,h220_png.rf.90f50aaad882dd8340f5d84f517b2cc7.jpg,C:\Users\venka\Documents\Project\data\processed\test\Healthy_Nail\h220_png.rf.90f50aaad882dd8340f5d84f517b2cc7.jpg
h232_png,1,1,2,Healthy_Nail,Healthy_Nail,True,h232_png.rf.b0d4864b189e2364890e5918d4e9961f.jpg,C:\Users\venka\Documents\Project\data\processed\train\Healthy_Nail\h232_png.rf.b0d4864b189e2364890e5918d4e9961f.jpg,h232_png.rf.12d122e6d592038cc3dd3baecf93057a.jpg,C:\Users\venka\Documents\Project\data\processed\test\Healthy_Nail\h232_png.rf.12d122e6d592038cc3dd3baecf93057a.jpg
h255_png,1,1,2,Healthy_Nail,Healthy_Nail,True,h255_png.rf.2d64aa1e1b6cd09b8a9f98937ae409a7.jpg,C:\Users\venka\Documents\Project\data\processed\train\Healthy_Nail\h255_png.rf.2d64aa1e1b6cd09b8a9f98937ae409a7.jpg,h255_png.rf.bb2f41470ed0423b54e19a94711d27fd.jpg,C:\Users\venka\Documents\Project\data\processed\test\Healthy_Nail\h255_png.rf.bb2f41470ed0423b54e19a94711d27fd.jpg
h260_png,1,1,2,Healthy_Nail,Healthy_Nail,True,h260_png.rf.f2fbef94c6dd26d8acbc91d79f994d5b.jpg,C:\Users\venka\Documents\Project\data\processed\train\Healthy_Nail\h260_png.rf.f2fbef94c6dd26d8acbc91d79f994d5b.jpg,h260_png.rf.3dc359076d07fc4e618fff2f186f030f.jpg,C:\Users\venka\Documents\Project\data\processed\test\Healthy_Nail\h260_png.rf.3dc359076d07fc4e618fff2f186f030f.jpg
h270_png,1,1,2,Healthy_Nail,Healthy_Nail,True,h270_png.rf.1a91edf5ad6ec14d7daf909c770d5c5c.jpg,C:\Users\venka\Documents\Project\data\processed\train\Healthy_Nail\h270_png.rf.1a91edf5ad6ec14d7daf909c770d5c5c.jpg,h270_png.rf.bf8b27a483b7a12f179ac401c7f4eb7b.jpg,C:\Users\venka\Documents\Project\data\processed\test\Healthy_Nail\h270_png.rf.bf8b27a483b7a12f179ac401c7f4eb7b.jpg
h27_png,1,1,2,Healthy_Nail,Healthy_Nail,True,h27_png.rf.a132936cf5a62b232230cb627aca10e6.jpg,C:\Users\venka\Documents\Project\data\processed\train\Healthy_Nail\h27_png.rf.a132936cf5a62b232230cb627aca10e6.jpg,h27_png.rf.9b007d56afacd71d36f9bde6bc96de28.jpg,C:\Users\venka\Documents\Project\data\processed\test\Healthy_Nail\h27_png.rf.9b007d56afacd71d36f9bde6bc96de28.jpg
h287_png,1,1,2,Healthy_Nail,Healthy_Nail,True,h287_png.rf.749d527411642fb1270c97c52df8d1aa.jpg,C:\Users\venka\Documents\Project\data\processed\train\Healthy_Nail\h287_png.rf.749d527411642fb1270c97c52df8d1aa.jpg,h287_png.rf.13ce89991698acbba2b72de1a24c1f21.jpg,C:\Users\venka\Documents\Project\data\processed\test\Healthy_Nail\h287_png.rf.13ce89991698acbba2b72de1a24c1f21.jpg
h30_png,1,1,2,Healthy_Nail,Healthy_Nail,True,h30_png.rf.13729f3d9e2e120cb66205de0eab8e23.jpg,C:\Users\venka\Documents\Project\data\processed\train\Healthy_Nail\h30_png.rf.13729f3d9e2e120cb66205de0eab8e23.jpg,h30_png.rf.d024b6b6f73a9a4c7d5e3b6037195d6d.jpg,C:\Users\venka\Documents\Project\data\processed\test\Healthy_Nail\h30_png.rf.d024b6b6f73a9a4c7d5e3b6037195d6d.jpg
h32_png,1,1,2,Healthy_Nail,Healthy_Nail,True,h32_png.rf.b85221a5be1d5dcbd6ed6f8f2036df6f.jpg,C:\Users\venka\Documents\Project\data\processed\train\Healthy_Nail\h32_png.rf.b85221a5be1d5dcbd6ed6f8f2036df6f.jpg,h32_png.rf.359367efa0a82fcebecb401b28687641.jpg,C:\Users\venka\Documents\Project\data\processed\test\Healthy_Nail\h32_png.rf.359367efa0a82fcebecb401b28687641.jpg
h33_png,1,1,2,Healthy_Nail,Healthy_Nail,True,h33_png.rf.b300a39e8d6896a2544016da61d5bfe0.jpg,C:\Users\venka\Documents\Project\data\processed\train\Healthy_Nail\h33_png.rf.b300a39e8d6896a2544016da61d5bfe0.jpg,h33_png.rf.c731aa01b059058e8fa6c0b62238c493.jpg,C:\Users\venka\Documents\Project\data\processed\test\Healthy_Nail\h33_png.rf.c731aa01b059058e8fa6c0b62238c493.jpg
h43_png,1,1,2,Healthy_Nail,Healthy_Nail,True,h43_png.rf.f615e1b1c195e96166e560426612ddba.jpg,C:\Users\venka\Documents\Project\data\processed\train\Healthy_Nail\h43_png.rf.f615e1b1c195e96166e560426612ddba.jpg,h43_png.rf.f72020a819108f8cb3c030e350a598c9.jpg,C:\Users\venka\Documents\Project\data\processed\test\Healthy_Nail\h43_png.rf.f72020a819108f8cb3c030e350a598c9.jpg
h44_png,1,1,2,Healthy_Nail,Healthy_Nail,True,h44_png.rf.40682f3bdb65cc32d2c25954cff61316.jpg,C:\Users\venka\Documents\Project\data\processed\train\Healthy_Nail\h44_png.rf.40682f3bdb65cc32d2c25954cff61316.jpg,h44_png.rf.5bac7734223249eb4a86d8ce0b85d37e.jpg,C:\Users\venka\Documents\Project\data\processed\test\Healthy_Nail\h44_png.rf.5bac7734223249eb4a86d8ce0b85d37e.jpg
h45_png,1,1,2,Healthy_Nail,Healthy_Nail,True,h45_png.rf.85aa349d6960492da89c1ab0a2275053.jpg,C:\Users\venka\Documents\Project\data\processed\train\Healthy_Nail\h45_png.rf.85aa349d6960492da89c1ab0a2275053.jpg,h45_png.rf.ab5e1ddce36707185521a8c2686ffdc5.jpg,C:\Users\venka\Documents\Project\data\processed\test\Healthy_Nail\h45_png.rf.ab5e1ddce36707185521a8c2686ffdc5.jpg
h50_png,1,1,2,Healthy_Nail,Healthy_Nail,True,h50_png.rf.f97d3f64fb68832546289314c7509963.jpg,C:\Users\venka\Documents\Project\data\processed\train\Healthy_Nail\h50_png.rf.f97d3f64fb68832546289314c7509963.jpg,h50_png.rf.57de926113e49f4d35dcea713fd75da9.jpg,C:\Users\venka\Documents\Project\data\processed\test\Healthy_Nail\h50_png.rf.57de926113e49f4d35dcea713fd75da9.jpg
h53_png,1,1,2,Healthy_Nail,Healthy_Nail,True,h53_png.rf.83b0ac2c88cc382fb8749ca92352cbc7.jpg,C:\Users\venka\Documents\Project\data\processed\train\Healthy_Nail\h53_png.rf.83b0ac2c88cc382fb8749ca92352cbc7.jpg,h53_png.rf.a395cd41b3201ea7ddf73762e4f42903.jpg,C:\Users\venka\Documents\Project\data\processed\test\Healthy_Nail\h53_png.rf.a395cd41b3201ea7ddf73762e4f42903.jpg
h61_png,1,1,2,Healthy_Nail,Healthy_Nail,True,h61_png.rf.552163a6f04105e3843a5220c98ce2c4.jpg,C:\Users\venka\Documents\Project\data\processed\train\Healthy_Nail\h61_png.rf.552163a6f04105e3843a5220c98ce2c4.jpg,h61_png.rf.9991b929612f1c1295f496f4d4f9055f.jpg,C:\Users\venka\Documents\Project\data\processed\test\Healthy_Nail\h61_png.rf.9991b929612f1c1295f496f4d4f9055f.jpg
h68_png,1,1,2,Healthy_Nail,Healthy_Nail,True,h68_png.rf.2539943a046f334d2197263b5c3d56d2.jpg,C:\Users\venka\Documents\Project\data\processed\train\Healthy_Nail\h68_png.rf.2539943a046f334d2197263b5c3d56d2.jpg,h68_png.rf.96bbb14eab5b7a57d29c989530ce9923.jpg,C:\Users\venka\Documents\Project\data\processed\test\Healthy_Nail\h68_png.rf.96bbb14eab5b7a57d29c989530ce9923.jpg
h71_png,1,1,2,Healthy_Nail,Healthy_Nail,True,h71_png.rf.d2486e6febaa21aa474a177ce1427440.jpg,C:\Users\venka\Documents\Project\data\processed\train\Healthy_Nail\h71_png.rf.d2486e6febaa21aa474a177ce1427440.jpg,h71_png.rf.04f738cd92eb9e66495d71a6f42653bf.jpg,C:\Users\venka\Documents\Project\data\processed\test\Healthy_Nail\h71_png.rf.04f738cd92eb9e66495d71a6f42653bf.jpg
h79_png,1,1,2,Healthy_Nail,Healthy_Nail,True,h79_png.rf.53c66c75b40b9a635650b308c324c2a4.jpg,C:\Users\venka\Documents\Project\data\processed\train\Healthy_Nail\h79_png.rf.53c66c75b40b9a635650b308c324c2a4.jpg,h79_png.rf.12e27c25eb06da801e6eb883f678e13f.jpg,C:\Users\venka\Documents\Project\data\processed\test\Healthy_Nail\h79_png.rf.12e27c25eb06da801e6eb883f678e13f.jpg
h7_png,1,1,2,Healthy_Nail,Healthy_Nail,True,h7_png.rf.a3d7790a47b4e0b7c3a5c13cc27c21e8.jpg,C:\Users\venka\Documents\Project\data\processed\train\Healthy_Nail\h7_png.rf.a3d7790a47b4e0b7c3a5c13cc27c21e8.jpg,h7_png.rf.d3e5329860a2f1204ffcfa7f7b723337.jpg,C:\Users\venka\Documents\Project\data\processed\test\Healthy_Nail\h7_png.rf.d3e5329860a2f1204ffcfa7f7b723337.jpg
h82_png,1,1,2,Healthy_Nail,Healthy_Nail,True,h82_png.rf.16201cfa37a0f90feeea767113ce70d9.jpg,C:\Users\venka\Documents\Project\data\processed\train\Healthy_Nail\h82_png.rf.16201cfa37a0f90feeea767113ce70d9.jpg,h82_png.rf.fa3a523852b26d85a11351f7f5024d11.jpg,C:\Users\venka\Documents\Project\data\processed\test\Healthy_Nail\h82_png.rf.fa3a523852b26d85a11351f7f5024d11.jpg
h8_png,1,1,2,Healthy_Nail,Healthy_Nail,True,h8_png.rf.bc8690caa659de5fc6042b614895c376.jpg,C:\Users\venka\Documents\Project\data\processed\train\Healthy_Nail\h8_png.rf.bc8690caa659de5fc6042b614895c376.jpg,h8_png.rf.18cf8f42edd727f5773d16367ea90206.jpg,C:\Users\venka\Documents\Project\data\processed\test\Healthy_Nail\h8_png.rf.18cf8f42edd727f5773d16367ea90206.jpg
h94_png,1,1,2,Healthy_Nail,Healthy_Nail,True,h94_png.rf.3b6e3afa1aba718bbd5e31ef99c59f40.jpg,C:\Users\venka\Documents\Project\data\processed\train\Healthy_Nail\h94_png.rf.3b6e3afa1aba718bbd5e31ef99c59f40.jpg,h94_png.rf.28b247a7026c205d5fac12f94c9eb0d1.jpg,C:\Users\venka\Documents\Project\data\processed\test\Healthy_Nail\h94_png.rf.28b247a7026c205d5fac12f94c9eb0d1.jpg
h96_png,1,1,2,Healthy_Nail,Healthy_Nail,True,h96_png.rf.a86bf7b86aebb82a11f5f310ec8b0365.jpg,C:\Users\venka\Documents\Project\data\processed\train\Healthy_Nail\h96_png.rf.a86bf7b86aebb82a11f5f310ec8b0365.jpg,h96_png.rf.4c9214d277495117ddd887e99a368924.jpg,C:\Users\venka\Documents\Project\data\processed\test\Healthy_Nail\h96_png.rf.4c9214d277495117ddd887e99a368924.jpg
images--7hiLgj_jpeg,1,1,2,Onychogryphosis,Onychogryphosis,True,images--7hiLgj_jpeg.rf.72db456b197aa67d290dbad009ec89f2.jpg,C:\Users\venka\Documents\Project\data\processed\train\Onychogryphosis\images--7hiLgj_jpeg.rf.72db456b197aa67d290dbad009ec89f2.jpg,images--7hiLgj_jpeg.rf.07badc72cc0a18d2ce89778c0eb02028.jpg,C:\Users\venka\Documents\Project\data\processed\test\Onychogryphosis\images--7hiLgj_jpeg.rf.07badc72cc0a18d2ce89778c0eb02028.jpg
images--sqWhaj_jpeg,1,1,2,Onychogryphosis,Onychogryphosis,True,images--sqWhaj_jpeg.rf.7b552753930536238cccc94877931a57.jpg,C:\Users\venka\Documents\Project\data\processed\train\Onychogryphosis\images--sqWhaj_jpeg.rf.7b552753930536238cccc94877931a57.jpg,images--sqWhaj_jpeg.rf.2815459cd3bf1013f31390cc0d957f4c.jpg,C:\Users\venka\Documents\Project\data\processed\test\Onychogryphosis\images--sqWhaj_jpeg.rf.2815459cd3bf1013f31390cc0d957f4c.jpg
