split,class,file_name,file_path,phash
train,Acral_Lentiginous_Melanoma,1124-Subungual_Melanoma-642x361-slide3_jpg.rf.0dac8bb63db59e791970223a68db4b3e.jpg,C:\Users\venka\Documents\Project\data\processed\train\Acral_Lentiginous_Melanoma\1124-Subungual_Melanoma-642x361-slide3_jpg.rf.0dac8bb63db59e791970223a68db4b3e.jpg,c673398c32cc67cc
train,Acral_Lentiginous_Melanoma,1124-Subungual_Melanoma-642x361-slide3_jpg.rf.3de4faf4d64a0103c78ab6b6224a21d5.jpg,C:\Users\venka\Documents\Project\data\processed\train\Acral_Lentiginous_Melanoma\1124-Subungual_Melanoma-642x361-slide3_jpg.rf.3de4faf4d64a0103c78ab6b6224a21d5.jpg,c39c39d336e46c8c
train,Acral_Lentiginous_Melanoma,4229e494114681c808066e262f2f82ad1c89676d_jpg.rf.9d151d7348b779653542fc6cd8cfb04f.jpg,C:\Users\venka\Documents\Project\data\processed\train\Acral_Lentiginous_Melanoma\4229e494114681c808066e262f2f82ad1c89676d_jpg.rf.9d151d7348b779653542fc6cd8cfb04f.jpg,c0ca2b81373fca9b
train,Acral_Lentiginous_Melanoma,4229e494114681c808066e262f2f82ad1c89676d_jpg.rf.e50fbd6607bf6a1c7dd7a3804e808c92.jpg,C:\Users\venka\Documents\Project\data\processed\train\Acral_Lentiginous_Melanoma\4229e494114681c808066e262f2f82ad1c89676d_jpg.rf.e50fbd6607bf6a1c7dd7a3804e808c92.jpg,93c76d9c6c188e93
train,Acral_Lentiginous_Melanoma,4494_jpg.rf.36a86d22d015d849dd1cca246c540d00.jpg,C:\Users\venka\Documents\Project\data\processed\train\Acral_Lentiginous_Melanoma\4494_jpg.rf.36a86d22d015d849dd1cca246c540d00.jpg,954a6c63cd626e36
train,Acral_Lentiginous_Melanoma,4494_jpg.rf.41f531ec11b70699f8563986b9fe4fd9.jpg,C:\Users\venka\Documents\Project\data\processed\train\Acral_Lentiginous_Melanoma\4494_jpg.rf.41f531ec11b70699f8563986b9fe4fd9.jpg,906a2f076b3d6939
train,Acral_Lentiginous_Melanoma,4494_jpg.rf.6ff7bf08f66b965df5f0ef4c3cb91031.jpg,C:\Users\venka\Documents\Project\data\processed\train\Acral_Lentiginous_Melanoma\4494_jpg.rf.6ff7bf08f66b965df5f0ef4c3cb91031.jpg,ac40527f179c2f95
train,Acral_Lentiginous_Melanoma,978-3-319-65649-6_2_Fig6_HTML_png.rf.30d6f74b2741f4f7b702e9a4a3f2278b.jpg,C:\Users\venka\Documents\Project\data\processed\train\Acral_Lentiginous_Melanoma\978-3-319-65649-6_2_Fig6_HTML_png.rf.30d6f74b2741f4f7b702e9a4a3f2278b.jpg,c0fd578707870787
train,Acral_Lentiginous_Melanoma,978-3-319-65649-6_2_Fig6_HTML_png.rf.4aa6947b826055c06936954d5def62b7.jpg,C:\Users\venka\Documents\Project\data\processed\train\Acral_Lentiginous_Melanoma\978-3-319-65649-6_2_Fig6_HTML_png.rf.4aa6947b826055c06936954d5def62b7.jpg,d52972857ba43bc4
train,Acral_Lentiginous_Melanoma,978-3-319-65649-6_2_Fig6_HTML_png.rf.db780daffacbe1002fc2b6b965f94cd8.jpg,C:\Users\venka\Documents\Project\data\processed\train\Acral_Lentiginous_Melanoma\978-3-319-65649-6_2_Fig6_HTML_png.rf.db780daffacbe1002fc2b6b965f94cd8.jpg,815d5738572a5e2b
train,Acral_Lentiginous_Melanoma,CuvmX-dWIAAv_PX_jpeg.rf.489e2938110ea64e39008cb97ce0542d.jpg,C:\Users\venka\Documents\Project\data\processed\train\Acral_Lentiginous_Melanoma\CuvmX-dWIAAv_PX_jpeg.rf.489e2938110ea64e39008cb97ce0542d.jpg,947c6161f193d6c6
train,Acral_Lentiginous_Melanoma,hutchinsons-nail-melanoma-Nameer-Al-Sudany_png.rf.bd1235ab3ab9ed9109c4ef4abc5732a1.jpg,C:\Users\venka\Documents\Project\data\processed\train\Acral_Lentiginous_Melanoma\hutchinsons-nail-melanoma-Nameer-Al-Sudany_png.rf.bd1235ab3ab9ed9109c4ef4abc5732a1.jpg,a0bd7f40ca4a3fe0
train,Acral_Lentiginous_Melanoma,images-2_jpeg.rf.0b82ab05e3199fc2d90c01a77d9aace9.jpg,C:\Users\venka\Documents\Project\data\processed\train\Acral_Lentiginous_Melanoma\images-2_jpeg.rf.0b82ab05e3199fc2d90c01a77d9aace9.jpg,e11f18636e266ed8
train,Acral_Lentiginous_Melanoma,images-2_jpeg.rf.3a816d1c560c64d563ecef354b17bc50.jpg,C:\Users\venka\Documents\Project\data\processed\train\Acral_Lentiginous_Melanoma\images-2_jpeg.rf.3a816d1c560c64d563ecef354b17bc50.jpg,c4254a5e697920ff
train,Acral_Lentiginous_Melanoma,images-2_jpeg.rf.910b53e8e95fd8ea08e1434c93b1c5b2.jpg,C:\Users\venka\Documents\Project\data\processed\train\Acral_Lentiginous_Melanoma\images-2_jpeg.rf.910b53e8e95fd8ea08e1434c93b1c5b2.jpg,a0514fc53f2c33a7
train,Acral_Lentiginous_Melanoma,images-3_jpeg.rf.39a9a61b735c0025e6696fa7556995c5.jpg,C:\Users\venka\Documents\Project\data\processed\train\Acral_Lentiginous_Melanoma\images-3_jpeg.rf.39a9a61b735c0025e6696fa7556995c5.jpg,d23d366c61693365
train,Acral_Lentiginous_Melanoma,images-3_jpeg.rf.7007f2a2cfec3a5a7b60d0c8f42c2aa3.jpg,C:\Users\venka\Documents\Project\data\processed\train\Acral_Lentiginous_Melanoma\images-3_jpeg.rf.7007f2a2cfec3a5a7b60d0c8f42c2aa3.jpg,a0ab7f0d4554d672
train,Acral_Lentiginous_Melanoma,images-3_jpeg.rf.ebf1d6f1e675dfa0d39f2257736531bc.jpg,C:\Users\venka\Documents\Project\data\processed\train\Acral_Lentiginous_Melanoma\images-3_jpeg.rf.ebf1d6f1e675dfa0d39f2257736531bc.jpg,80403fb47f37d23c
train,Acral_Lentiginous_Melanoma,Nail-apparatus-lentigo-in-an-adult_Q320_jpg.rf.1ad858d5f7c92b329deffac49b34c4d1.jpg,C:\Users\venka\Documents\Project\data\processed\train\Acral_Lentiginous_Melanoma\Nail-apparatus-lentigo-in-an-adult_Q320_jpg.rf.1ad858d5f7c92b329deffac49b34c4d1.jpg,af0e507c57545754
train,Acral_Lentiginous_Melanoma,Nail-apparatus-lentigo-in-an-adult_Q320_jpg.rf.6ebd65828d989753b7c4b0c06c7f6358.jpg,C:\Users\venka\Documents\Project\data\processed\train\Acral_Lentiginous_Melanoma\Nail-apparatus-lentigo-in-an-adult_Q320_jpg.rf.6ebd65828d989753b7c4b0c06c7f6358.jpg,ffaa50b542844af5
train,Acral_Lentiginous_Melanoma,nail-melanoma-2-300x180_jpg.rf.4237689a19295abc7320a279a4b298ce.jpg,C:\Users\venka\Documents\Project\data\processed\train\Acral_Lentiginous_Melanoma\nail-melanoma-2-300x180_jpg.rf.4237689a19295abc7320a279a4b298ce.jpg,976c7171616a7662
train,Acral_Lentiginous_Melanoma,nail-melanoma-2-300x180_jpg.rf.a96c7a57e883bf173a9119a2b7895a49.jpg,C:\Users\venka\Documents\Project\data\processed\train\Acral_Lentiginous_Melanoma\nail-melanoma-2-300x180_jpg.rf.a96c7a57e883bf173a9119a2b7895a49.jpg,c3963dc136c11dce
train,Acral_Lentiginous_Melanoma,p-1-womans-story-shows-why-you-should-never-ignore-black-line-on-your-nail-1506429403_jpg.rf.5132c5b76fc63ee817884973ddd0d005.jpg,C:\Users\venka\Documents\Project\data\processed\train\Acral_Lentiginous_Melanoma\p-1-womans-story-shows-why-you-should-never-ignore-black-line-on-your-nail-1506429403_jpg.rf.5132c5b76fc63ee817884973ddd0d005.jpg,95873b58ca4a4e6b
train,Acral_Lentiginous_Melanoma,p-1-womans-story-shows-why-you-should-never-ignore-black-line-on-your-nail-1506429403_jpg.rf.7183adb8f5934f917fab4e14667c4bb0.jpg,C:\Users\venka\Documents\Project\data\processed\train\Acral_Lentiginous_Melanoma\p-1-womans-story-shows-why-you-should-never-ignore-black-line-on-your-nail-1506429403_jpg.rf.7183adb8f5934f917fab4e14667c4bb0.jpg,88af57107a68ddc6
train,Acral_Lentiginous_Melanoma,prf_11_18_11_jpg.rf.77b26521101f27faefc2351f392643ea.jpg,C:\Users\venka\Documents\Project\data\processed\train\Acral_Lentiginous_Melanoma\prf_11_18_11_jpg.rf.77b26521101f27faefc2351f392643ea.jpg,bb644c9bb3644d92
train,Acral_Lentiginous_Melanoma,prf_11_18_11_jpg.rf.cf147deddc7702fe79de0bb9a54f704b.jpg,C:\Users\venka\Documents\Project\data\processed\train\Acral_Lentiginous_Melanoma\prf_11_18_11_jpg.rf.cf147deddc7702fe79de0bb9a54f704b.jpg,9d85767acbc24c4c
train,Acral_Lentiginous_Melanoma,Pseudo-Hutchinsons-sign-with-homogeneous-brownish-and-grayish-longitudinal-bands-and_png.rf.50538135841a0230e1235b53ec99c0c5.jpg,C:\Users\venka\Documents\Project\data\processed\train\Acral_Lentiginous_Melanoma\Pseudo-Hutchinsons-sign-with-homogeneous-brownish-and-grayish-longitudinal-bands-and_png.rf.50538135841a0230e1235b53ec99c0c5.jpg,d43f22956fc16dc0
train,Acral_Lentiginous_Melanoma,Pseudo-Hutchinsons-sign-with-homogeneous-brownish-and-grayish-longitudinal-bands-and_png.rf.e79eb4007048e6ed3c2ad743a4b8324f.jpg,C:\Users\venka\Documents\Project\data\processed\train\Acral_Lentiginous_Melanoma\Pseudo-Hutchinsons-sign-with-homogeneous-brownish-and-grayish-longitudinal-bands-and_png.rf.e79eb4007048e6ed3c2ad743a4b8324f.jpg,81ca6f957a373834
train,Acral_Lentiginous_Melanoma,Pseudo-Hutchinsons-sign-with-homogeneous-brownish-and-grayish-longitudinal-bands-and_png.rf.eb4013b27bed39c30627ff291d356011.jpg,C:\Users\venka\Documents\Project\data\processed\train\Acral_Lentiginous_Melanoma\Pseudo-Hutchinsons-sign-with-homogeneous-brownish-and-grayish-longitudinal-bands-and_png.rf.eb4013b27bed39c30627ff291d356011.jpg,c2973d382dc83ee8
train,Acral_Lentiginous_Melanoma,RB-Tiny-Red-Lines_jpg.rf.2b83f979a518747791c04cb591535176.jpg,C:\Users\venka\Documents\Project\data\processed\train\Acral_Lentiginous_Melanoma\RB-Tiny-Red-Lines_jpg.rf.2b83f979a518747791c04cb591535176.jpg,95305a32c76e6d4e
train,Acral_Lentiginous_Melanoma,RB-Tiny-Red-Lines_jpg.rf.680472f52d5adf5a1d4193be5b7e4b30.jpg,C:\Users\venka\Documents\Project\data\processed\train\Acral_Lentiginous_Melanoma\RB-Tiny-Red-Lines_jpg.rf.680472f52d5adf5a1d4193be5b7e4b30.jpg,c2656d6d963266d2
train,Acral_Lentiginous_Melanoma,RB-Tiny-Red-Lines_jpg.rf.8bf867d594a337fadb6dfef4a9b9bf0d.jpg,C:\Users\venka\Documents\Project\data\processed\train\Acral_Lentiginous_Melanoma\RB-Tiny-Red-Lines_jpg.rf.8bf867d594a337fadb6dfef4a9b9bf0d.jpg,d07f2fa165905ad8
train,Acral_Lentiginous_Melanoma,Screen-Shot-2021-11-16-at-6-57-22-PM_png.rf.c6ddbb3ca1ef3a9137645c8c21712bb9.jpg,C:\Users\venka\Documents\Project\data\processed\train\Acral_Lentiginous_Melanoma\Screen-Shot-2021-11-16-at-6-57-22-PM_png.rf.c6ddbb3ca1ef3a9137645c8c21712bb9.jpg,90234e5e407f6b6b
train,Acral_Lentiginous_Melanoma,Screen-Shot-2021-11-16-at-6-57-22-PM_png.rf.ec6e992690d1addee83ca314a263ed66.jpg,C:\Users\venka\Documents\Project\data\processed\train\Acral_Lentiginous_Melanoma\Screen-Shot-2021-11-16-at-6-57-22-PM_png.rf.ec6e992690d1addee83ca314a263ed66.jpg,912e4e6cce6c4e6c
train,Acral_Lentiginous_Melanoma,Screen-Shot-2021-11-16-at-6-57-44-PM_png.rf.14620009abfa1fd4bf1357afa02104ed.jpg,C:\Users\venka\Documents\Project\data\processed\train\Acral_Lentiginous_Melanoma\Screen-Shot-2021-11-16-at-6-57-44-PM_png.rf.14620009abfa1fd4bf1357afa02104ed.jpg,d4df6b6065d06362
train,Acral_Lentiginous_Melanoma,Screen-Shot-2021-11-16-at-6-57-44-PM_png.rf.daa45ff36593d9ad355db22b40be353a.jpg,C:\Users\venka\Documents\Project\data\processed\train\Acral_Lentiginous_Melanoma\Screen-Shot-2021-11-16-at-6-57-44-PM_png.rf.daa45ff36593d9ad355db22b40be353a.jpg,87e57d94323266ca
train,Acral_Lentiginous_Melanoma,Screen-Shot-2021-11-16-at-6-58-00-PM_png.rf.a58b88ffc29670a9925e1e7c89abb947.jpg,C:\Users\venka\Documents\Project\data\processed\train\Acral_Lentiginous_Melanoma\Screen-Shot-2021-11-16-at-6-58-00-PM_png.rf.a58b88ffc29670a9925e1e7c89abb947.jpg,c0b55783c98d5b9c
train,Acral_Lentiginous_Melanoma,Screen-Shot-2021-11-16-at-6-58-00-PM_png.rf.cea9be0659da8b9e6e36d4ee8e066d20.jpg,C:\Users\venka\Documents\Project\data\processed\train\Acral_Lentiginous_Melanoma\Screen-Shot-2021-11-16-at-6-58-00-PM_png.rf.cea9be0659da8b9e6e36d4ee8e066d20.jpg,d52a0a4d6966ce7a
train,Acral_Lentiginous_Melanoma,Screen-Shot-2021-11-16-at-6-58-09-PM_png.rf.71db003b5c5201114277b6c29b212b12.jpg,C:\Users\venka\Documents\Project\data\processed\train\Acral_Lentiginous_Melanoma\Screen-Shot-2021-11-16-at-6-58-09-PM_png.rf.71db003b5c5201114277b6c29b212b12.jpg,f4ff01080f281f3f
train,Acral_Lentiginous_Melanoma,Screen-Shot-2021-11-16-at-6-58-19-PM_png.rf.9cddffff309be9e3f7890509edb9bb07.jpg,C:\Users\venka\Documents\Project\data\processed\train\Acral_Lentiginous_Melanoma\Screen-Shot-2021-11-16-at-6-58-19-PM_png.rf.9cddffff309be9e3f7890509edb9bb07.jpg,d528635a74c3d87a
train,Acral_Lentiginous_Melanoma,Screen-Shot-2021-11-16-at-6-58-19-PM_png.rf.fdfebd7de58d45f45cd22c526cbef1dc.jpg,C:\Users\venka\Documents\Project\data\processed\train\Acral_Lentiginous_Melanoma\Screen-Shot-2021-11-16-at-6-58-19-PM_png.rf.fdfebd7de58d45f45cd22c526cbef1dc.jpg,b46b491705353f1b
train,Acral_Lentiginous_Melanoma,Screen-Shot-2021-11-16-at-6-58-26-PM_png.rf.3d0e902c8ee1e42b7b2c0da71f8f995d.jpg,C:\Users\venka\Documents\Project\data\processed\train\Acral_Lentiginous_Melanoma\Screen-Shot-2021-11-16-at-6-58-26-PM_png.rf.3d0e902c8ee1e42b7b2c0da71f8f995d.jpg,953f5e9560954a95
train,Acral_Lentiginous_Melanoma,Screen-Shot-2021-11-16-at-6-58-26-PM_png.rf.a515edb93b93f88e416f098c2b6838cc.jpg,C:\Users\venka\Documents\Project\data\processed\train\Acral_Lentiginous_Melanoma\Screen-Shot-2021-11-16-at-6-58-26-PM_png.rf.a515edb93b93f88e416f098c2b6838cc.jpg,c59516831a957bd6
train,Acral_Lentiginous_Melanoma,Screen-Shot-2021-11-16-at-6-58-46-PM_png.rf.242f369d5b372c5fc416c980201f6bbb.jpg,C:\Users\venka\Documents\Project\data\processed\train\Acral_Lentiginous_Melanoma\Screen-Shot-2021-11-16-at-6-58-46-PM_png.rf.242f369d5b372c5fc416c980201f6bbb.jpg,c5c81e954a1c3fce
train,Acral_Lentiginous_Melanoma,Screen-Shot-2021-11-16-at-6-58-46-PM_png.rf.a8a250abe6e60e4f778c110d2f81889a.jpg,C:\Users\venka\Documents\Project\data\processed\train\Acral_Lentiginous_Melanoma\Screen-Shot-2021-11-16-at-6-58-46-PM_png.rf.a8a250abe6e60e4f778c110d2f81889a.jpg,843c677338666d6c
train,Acral_Lentiginous_Melanoma,Screen-Shot-2021-11-16-at-6-58-46-PM_png.rf.d6692f9e39da9fc76a78693507b4ec3e.jpg,C:\Users\venka\Documents\Project\data\processed\train\Acral_Lentiginous_Melanoma\Screen-Shot-2021-11-16-at-6-58-46-PM_png.rf.d6692f9e39da9fc76a78693507b4ec3e.jpg,9597668576947a4a
train,Acral_Lentiginous_Melanoma,Screen-Shot-2021-11-16-at-6-58-51-PM_png.rf.5ab786f6b512875343c5b0b019e96528.jpg,C:\Users\venka\Documents\Project\data\processed\train\Acral_Lentiginous_Melanoma\Screen-Shot-2021-11-16-at-6-58-51-PM_png.rf.5ab786f6b512875343c5b0b019e96528.jpg,c07f17281c275aaf
train,Acral_Lentiginous_Melanoma,Screen-Shot-2021-11-16-at-6-58-51-PM_png.rf.8588ece81a822f421b85e6ef95ea4f13.jpg,C:\Users\venka\Documents\Project\data\processed\train\Acral_Lentiginous_Melanoma\Screen-Shot-2021-11-16-at-6-58-51-PM_png.rf.8588ece81a822f421b85e6ef95ea4f13.jpg,c07a43c00f5737cf
train,Acral_Lentiginous_Melanoma,Screen-Shot-2021-11-16-at-6-59-08-PM_png.rf.64f237491806a842d0ebbe86ffedb507.jpg,C:\Users\venka\Documents\Project\data\processed\train\Acral_Lentiginous_Melanoma\Screen-Shot-2021-11-16-at-6-59-08-PM_png.rf.64f237491806a842d0ebbe86ffedb507.jpg,81ad3e953e42e17a
train,Acral_Lentiginous_Melanoma,Screen-Shot-2021-11-16-at-6-59-08-PM_png.rf.83fa46b93854548da5075ba88bd8e0d5.jpg,C:\Users\venka\Documents\Project\data\processed\train\Acral_Lentiginous_Melanoma\Screen-Shot-2021-11-16-at-6-59-08-PM_png.rf.83fa46b93854548da5075ba88bd8e0d5.jpg,857e6b7860612767
train,Acral_Lentiginous_Melanoma,Screen-Shot-2021-11-16-at-6-59-08-PM_png.rf.b2f2d0bda362ef2a2638deb53e566868.jpg,C:\Users\venka\Documents\Project\data\processed\train\Acral_Lentiginous_Melanoma\Screen-Shot-2021-11-16-at-6-59-08-PM_png.rf.b2f2d0bda362ef2a2638deb53e566868.jpg,d0d02fc035c36f4f
train,Acral_Lentiginous_Melanoma,Screen-Shot-2021-11-16-at-6-59-24-PM_png.rf.0c20339ea5e37c2a34d6635fb7465544.jpg,C:\Users\venka\Documents\Project\data\processed\train\Acral_Lentiginous_Melanoma\Screen-Shot-2021-11-16-at-6-59-24-PM_png.rf.0c20339ea5e37c2a34d6635fb7465544.jpg,843f5b684b684b7a
train,Acral_Lentiginous_Melanoma,Screen-Shot-2021-11-16-at-6-59-24-PM_png.rf.8dc6dd45b3c84afe2c4f3af14c85edce.jpg,C:\Users\venka\Documents\Project\data\processed\train\Acral_Lentiginous_Melanoma\Screen-Shot-2021-11-16-at-6-59-24-PM_png.rf.8dc6dd45b3c84afe2c4f3af14c85edce.jpg,d59520952fca9f68
train,Acral_Lentiginous_Melanoma,Screen-Shot-2021-11-16-at-6-59-38-PM_png.rf.8ba9300877e1784e2a3571659bafe133.jpg,C:\Users\venka\Documents\Project\data\processed\train\Acral_Lentiginous_Melanoma\Screen-Shot-2021-11-16-at-6-59-38-PM_png.rf.8ba9300877e1784e2a3571659bafe133.jpg,85d740824a8f5f9f
train,Acral_Lentiginous_Melanoma,Screen-Shot-2021-11-16-at-6-59-38-PM_png.rf.b683857fd2f4957223a89992ef8670b7.jpg,C:\Users\venka\Documents\Project\data\processed\train\Acral_Lentiginous_Melanoma\Screen-Shot-2021-11-16-at-6-59-38-PM_png.rf.b683857fd2f4957223a89992ef8670b7.jpg,95aa427d43751f68
train,Acral_Lentiginous_Melanoma,Screen-Shot-2021-11-16-at-6-59-38-PM_png.rf.bf41e1f0d6743b1af2a2360812cc8bd8.jpg,C:\Users\venka\Documents\Project\data\processed\train\Acral_Lentiginous_Melanoma\Screen-Shot-2021-11-16-at-6-59-38-PM_png.rf.bf41e1f0d6743b1af2a2360812cc8bd8.jpg,c0bb0b801fb11fb7
train,Acral_Lentiginous_Melanoma,Screen-Shot-2021-11-16-at-6-59-48-PM_png.rf.66049a85053fb2a45d401a342ff99c77.jpg,C:\Users\venka\Documents\Project\data\processed\train\Acral_Lentiginous_Melanoma\Screen-Shot-2021-11-16-at-6-59-48-PM_png.rf.66049a85053fb2a45d401a342ff99c77.jpg,95e5d5a5ca954992
train,Acral_Lentiginous_Melanoma,Screen-Shot-2021-11-16-at-6-59-48-PM_png.rf.e69bffe0a7bc7ed69d2cf5edbb2dcf26.jpg,C:\Users\venka\Documents\Project\data\processed\train\Acral_Lentiginous_Melanoma\Screen-Shot-2021-11-16-at-6-59-48-PM_png.rf.e69bffe0a7bc7ed69d2cf5edbb2dcf26.jpg,f4bf15141e0a1b1f
train,Acral_Lentiginous_Melanoma,Screen-Shot-2021-11-16-at-7-00-05-PM_png.rf.7b10565b51ee6cb2cfdce7c62db3d4eb.jpg,C:\Users\venka\Documents\Project\data\processed\train\Acral_Lentiginous_Melanoma\Screen-Shot-2021-11-16-at-7-00-05-PM_png.rf.7b10565b51ee6cb2cfdce7c62db3d4eb.jpg,f51fd03a421a0f3b
train,Acral_Lentiginous_Melanoma,Screen-Shot-2021-11-16-at-7-00-05-PM_png.rf.97520614583286868b8981fa99ed1d3e.jpg,C:\Users\venka\Documents\Project\data\processed\train\Acral_Lentiginous_Melanoma\Screen-Shot-2021-11-16-at-7-00-05-PM_png.rf.97520614583286868b8981fa99ed1d3e.jpg,b0fdc565139a0b8b
train,Acral_Lentiginous_Melanoma,Screen-Shot-2021-11-16-at-7-00-57-PM_png.rf.6f6c4ca5497d9cfae7b6ea37745f5664.jpg,C:\Users\venka\Documents\Project\data\processed\train\Acral_Lentiginous_Melanoma\Screen-Shot-2021-11-16-at-7-00-57-PM_png.rf.6f6c4ca5497d9cfae7b6ea37745f5664.jpg,c09049785f7c7f68
train,Acral_Lentiginous_Melanoma,Screen-Shot-2021-11-16-at-7-00-57-PM_png.rf.bbb74e2dba347f667f673827ac9211a9.jpg,C:\Users\venka\Documents\Project\data\processed\train\Acral_Lentiginous_Melanoma\Screen-Shot-2021-11-16-at-7-00-57-PM_png.rf.bbb74e2dba347f667f673827ac9211a9.jpg,d597429522972fca
train,Acral_Lentiginous_Melanoma,Screen-Shot-2021-11-16-at-7-01-06-PM_png.rf.31722a3ca621f4b11d3b12029123078e.jpg,C:\Users\venka\Documents\Project\data\processed\train\Acral_Lentiginous_Melanoma\Screen-Shot-2021-11-16-at-7-01-06-PM_png.rf.31722a3ca621f4b11d3b12029123078e.jpg,a914717b56594a67
train,Acral_Lentiginous_Melanoma,Screen-Shot-2021-11-16-at-7-01-06-PM_png.rf.4a9c7c9d3429f48cada88f437478cf74.jpg,C:\Users\venka\Documents\Project\data\processed\train\Acral_Lentiginous_Melanoma\Screen-Shot-2021-11-16-at-7-01-06-PM_png.rf.4a9c7c9d3429f48cada88f437478cf74.jpg,b05f412e0f3c4e3b
train,Acral_Lentiginous_Melanoma,Screen-Shot-2021-11-16-at-7-01-06-PM_png.rf.758203c6d78860b6f9894aed577735b4.jpg,C:\Users\venka\Documents\Project\data\processed\train\Acral_Lentiginous_Melanoma\Screen-Shot-2021-11-16-at-7-01-06-PM_png.rf.758203c6d78860b6f9894aed577735b4.jpg,d5ead2c70a52487b
train,Acral_Lentiginous_Melanoma,Screen-Shot-2021-11-16-at-7-01-17-PM_png.rf.065a88659d49bfd645a7cc8eeaa30ef6.jpg,C:\Users\venka\Documents\Project\data\processed\train\Acral_Lentiginous_Melanoma\Screen-Shot-2021-11-16-at-7-01-17-PM_png.rf.065a88659d49bfd645a7cc8eeaa30ef6.jpg,d5190a932beea5e8
train,Acral_Lentiginous_Melanoma,Screen-Shot-2021-11-16-at-7-01-17-PM_png.rf.27d29550d4afa598085df6e3a222f226.jpg,C:\Users\venka\Documents\Project\data\processed\train\Acral_Lentiginous_Melanoma\Screen-Shot-2021-11-16-at-7-01-17-PM_png.rf.27d29550d4afa598085df6e3a222f226.jpg,85c27a271b2f1b35
train,Acral_Lentiginous_Melanoma,Screen-Shot-2021-11-16-at-7-01-30-PM_png.rf.06bfce8ca0898c23caab05af6cdd9cd3.jpg,C:\Users\venka\Documents\Project\data\processed\train\Acral_Lentiginous_Melanoma\Screen-Shot-2021-11-16-at-7-01-30-PM_png.rf.06bfce8ca0898c23caab05af6cdd9cd3.jpg,80a73c9a47b472b7
train,Acral_Lentiginous_Melanoma,Screen-Shot-2021-11-16-at-7-01-30-PM_png.rf.7f8e0f761ee322511de2644700a4d4c2.jpg,C:\Users\venka\Documents\Project\data\processed\train\Acral_Lentiginous_Melanoma\Screen-Shot-2021-11-16-at-7-01-30-PM_png.rf.7f8e0f761ee322511de2644700a4d4c2.jpg,c7b8384365cf43c5
train,Acral_Lentiginous_Melanoma,Screen-Shot-2021-11-16-at-7-01-30-PM_png.rf.bad039f0ed6aa1042cf3cf18808fa1b4.jpg,C:\Users\venka\Documents\Project\data\processed\train\Acral_Lentiginous_Melanoma\Screen-Shot-2021-11-16-at-7-01-30-PM_png.rf.bad039f0ed6aa1042cf3cf18808fa1b4.jpg,c4b51d86321f733c
train,Acral_Lentiginous_Melanoma,Screen-Shot-2021-11-16-at-7-01-38-PM_png.rf.7125cdf8190cb6d2aeed32058d287d14.jpg,C:\Users\venka\Documents\Project\data\processed\train\Acral_Lentiginous_Melanoma\Screen-Shot-2021-11-16-at-7-01-38-PM_png.rf.7125cdf8190cb6d2aeed32058d287d14.jpg,e1572e5931622aaf
train,Acral_Lentiginous_Melanoma,Screen-Shot-2021-11-16-at-7-01-38-PM_png.rf.745be1fedb2848b3b90a60800f8ae414.jpg,C:\Users\venka\Documents\Project\data\processed\train\Acral_Lentiginous_Melanoma\Screen-Shot-2021-11-16-at-7-01-38-PM_png.rf.745be1fedb2848b3b90a60800f8ae414.jpg,90d429fb75cc5a23
train,Acral_Lentiginous_Melanoma,Screen-Shot-2021-11-16-at-7-01-38-PM_png.rf.788e6ef1c40c0fba79afad5dc88dd75a.jpg,C:\Users\venka\Documents\Project\data\processed\train\Acral_Lentiginous_Melanoma\Screen-Shot-2021-11-16-at-7-01-38-PM_png.rf.788e6ef1c40c0fba79afad5dc88dd75a.jpg,c03f2f1d71a26ac9
train,Acral_Lentiginous_Melanoma,Screen-Shot-2021-11-16-at-7-02-13-PM_png.rf.1b4430908da79116b428fc5c1a39167b.jpg,C:\Users\venka\Documents\Project\data\processed\train\Acral_Lentiginous_Melanoma\Screen-Shot-2021-11-16-at-7-02-13-PM_png.rf.1b4430908da79116b428fc5c1a39167b.jpg,c69739182761eee2
train,Acral_Lentiginous_Melanoma,Screen-Shot-2021-11-16-at-7-02-13-PM_png.rf.1ecd05368cd1aa37f01ee266daa2fbc3.jpg,C:\Users\venka\Documents\Project\data\processed\train\Acral_Lentiginous_Melanoma\Screen-Shot-2021-11-16-at-7-02-13-PM_png.rf.1ecd05368cd1aa37f01ee266daa2fbc3.jpg,956238346f9d9e61
train,Acral_Lentiginous_Melanoma,Screen-Shot-2021-11-16-at-7-05-43-PM_png.rf.412266322b338237d67603e98ec45d1d.jpg,C:\Users\venka\Documents\Project\data\processed\train\Acral_Lentiginous_Melanoma\Screen-Shot-2021-11-16-at-7-05-43-PM_png.rf.412266322b338237d67603e98ec45d1d.jpg,95a16a1d3fc74439
train,Acral_Lentiginous_Melanoma,Screen-Shot-2021-11-16-at-7-05-43-PM_png.rf.a8b131cc08e9dc4f2b718215c8bb7314.jpg,C:\Users\venka\Documents\Project\data\processed\train\Acral_Lentiginous_Melanoma\Screen-Shot-2021-11-16-at-7-05-43-PM_png.rf.a8b131cc08e9dc4f2b718215c8bb7314.jpg,817d1c6a6b6b6a0e
train,Acral_Lentiginous_Melanoma,Screen-Shot-2021-11-16-at-7-05-43-PM_png.rf.c22ee1a1778d59cc236ddfa0e68d2e89.jpg,C:\Users\venka\Documents\Project\data\processed\train\Acral_Lentiginous_Melanoma\Screen-Shot-2021-11-16-at-7-05-43-PM_png.rf.c22ee1a1778d59cc236ddfa0e68d2e89.jpg,d56a2a351d66186f
train,Acral_Lentiginous_Melanoma,Screen-Shot-2021-11-16-at-7-05-55-PM_png.rf.8ae18bd5d3c105c8ffbf750cfdb76502.jpg,C:\Users\venka\Documents\Project\data\processed\train\Acral_Lentiginous_Melanoma\Screen-Shot-2021-11-16-at-7-05-55-PM_png.rf.8ae18bd5d3c105c8ffbf750cfdb76502.jpg,c5a122976987679d
train,Acral_Lentiginous_Melanoma,Screen-Shot-2021-11-16-at-7-05-55-PM_png.rf.bc64587d6f7d9508de823c52d4112520.jpg,C:\Users\venka\Documents\Project\data\processed\train\Acral_Lentiginous_Melanoma\Screen-Shot-2021-11-16-at-7-05-55-PM_png.rf.bc64587d6f7d9508de823c52d4112520.jpg,c03f4094039f3f9f
train,Acral_Lentiginous_Melanoma,Screen-Shot-2021-11-16-at-7-06-38-PM_png.rf.945bf6999de3cdfcee479e0e0f2ae6cd.jpg,C:\Users\venka\Documents\Project\data\processed\train\Acral_Lentiginous_Melanoma\Screen-Shot-2021-11-16-at-7-06-38-PM_png.rf.945bf6999de3cdfcee479e0e0f2ae6cd.jpg,905e6f343e292727
train,Acral_Lentiginous_Melanoma,Screen-Shot-2021-11-16-at-7-06-38-PM_png.rf.d47613e2a3d0ee72ab34516f532e935c.jpg,C:\Users\venka\Documents\Project\data\processed\train\Acral_Lentiginous_Melanoma\Screen-Shot-2021-11-16-at-7-06-38-PM_png.rf.d47613e2a3d0ee72ab34516f532e935c.jpg,b1d5453831257e2f
train,Acral_Lentiginous_Melanoma,Screen-Shot-2021-11-16-at-7-06-53-PM_png.rf.0c6e5c12cef5b8ee058a679b30a9f423.jpg,C:\Users\venka\Documents\Project\data\processed\train\Acral_Lentiginous_Melanoma\Screen-Shot-2021-11-16-at-7-06-53-PM_png.rf.0c6e5c12cef5b8ee058a679b30a9f423.jpg,c51a3ca423f3ade4
train,Acral_Lentiginous_Melanoma,Screen-Shot-2021-11-16-at-7-06-53-PM_png.rf.e4801b5809a6b157de640dab1a344608.jpg,C:\Users\venka\Documents\Project\data\processed\train\Acral_Lentiginous_Melanoma\Screen-Shot-2021-11-16-at-7-06-53-PM_png.rf.e4801b5809a6b157de640dab1a344608.jpg,97ca38b762ac49b2
train,Acral_Lentiginous_Melanoma,Screen-Shot-2021-11-16-at-7-07-21-PM_png.rf.0220b7453113f3f446dd7fa5919ba07f.jpg,C:\Users\venka\Documents\Project\data\processed\train\Acral_Lentiginous_Melanoma\Screen-Shot-2021-11-16-at-7-07-21-PM_png.rf.0220b7453113f3f446dd7fa5919ba07f.jpg,b0da416557475f83
train,Acral_Lentiginous_Melanoma,Screen-Shot-2021-11-16-at-7-07-21-PM_png.rf.08583b1593a7879784d6c63a6663218f.jpg,C:\Users\venka\Documents\Project\data\processed\train\Acral_Lentiginous_Melanoma\Screen-Shot-2021-11-16-at-7-07-21-PM_png.rf.08583b1593a7879784d6c63a6663218f.jpg,bd4a452542fa4ee9
train,Acral_Lentiginous_Melanoma,Screen-Shot-2021-11-16-at-7-07-35-PM_png.rf.2dfba60e99ee0db481a6003540c33c7f.jpg,C:\Users\venka\Documents\Project\data\processed\train\Acral_Lentiginous_Melanoma\Screen-Shot-2021-11-16-at-7-07-35-PM_png.rf.2dfba60e99ee0db481a6003540c33c7f.jpg,a14a156b5a9f2e8d
train,Acral_Lentiginous_Melanoma,Screen-Shot-2021-11-16-at-7-07-35-PM_png.rf.50e1cab9355055ca8d0564ff42f9d7fd.jpg,C:\Users\venka\Documents\Project\data\processed\train\Acral_Lentiginous_Melanoma\Screen-Shot-2021-11-16-at-7-07-35-PM_png.rf.50e1cab9355055ca8d0564ff42f9d7fd.jpg,f49f401d27c03f66
train,Acral_Lentiginous_Melanoma,Screen-Shot-2021-11-16-at-7-07-46-PM_png.rf.a48a686aef013dd63447d4d69a29081d.jpg,C:\Users\venka\Documents\Project\data\processed\train\Acral_Lentiginous_Melanoma\Screen-Shot-2021-11-16-at-7-07-46-PM_png.rf.a48a686aef013dd63447d4d69a29081d.jpg,c15f402d374e5a7a
train,Acral_Lentiginous_Melanoma,Screen-Shot-2021-11-16-at-7-07-46-PM_png.rf.ec54e68f32ccb695fca57be01e7a7c62.jpg,C:\Users\venka\Documents\Project\data\processed\train\Acral_Lentiginous_Melanoma\Screen-Shot-2021-11-16-at-7-07-46-PM_png.rf.ec54e68f32ccb695fca57be01e7a7c62.jpg,805f9c74c1523f6d
train,Acral_Lentiginous_Melanoma,Screen-Shot-2021-11-16-at-7-07-58-PM_png.rf.8520c2ccb79299311e08229e9d543de1.jpg,C:\Users\venka\Documents\Project\data\processed\train\Acral_Lentiginous_Melanoma\Screen-Shot-2021-11-16-at-7-07-58-PM_png.rf.8520c2ccb79299311e08229e9d543de1.jpg,d44a0a6d339c5bd3
train,Acral_Lentiginous_Melanoma,Screen-Shot-2021-11-16-at-7-07-58-PM_png.rf.91610abb952301d9af64a4afd416073d.jpg,C:\Users\venka\Documents\Project\data\processed\train\Acral_Lentiginous_Melanoma\Screen-Shot-2021-11-16-at-7-07-58-PM_png.rf.91610abb952301d9af64a4afd416073d.jpg,823e5dc736904fc3
train,Acral_Lentiginous_Melanoma,Screen-Shot-2021-11-16-at-7-08-26-PM_png.rf.ffa552ff4d6a7c277e37e5d2928f8dab.jpg,C:\Users\venka\Documents\Project\data\processed\train\Acral_Lentiginous_Melanoma\Screen-Shot-2021-11-16-at-7-08-26-PM_png.rf.ffa552ff4d6a7c277e37e5d2928f8dab.jpg,95c53f9e60986b32
train,Acral_Lentiginous_Melanoma,Screen-Shot-2021-11-16-at-7-08-45-PM_png.rf.2a5d5d4d49cfddefe728790eb13ae1fe.jpg,C:\Users\venka\Documents\Project\data\processed\train\Acral_Lentiginous_Melanoma\Screen-Shot-2021-11-16-at-7-08-45-PM_png.rf.2a5d5d4d49cfddefe728790eb13ae1fe.jpg,942b6a5557da0ad3
train,Acral_Lentiginous_Melanoma,Screen-Shot-2021-11-16-at-7-08-45-PM_png.rf.ce14d12e31a21c34e1f31e765e149538.jpg,C:\Users\venka\Documents\Project\data\processed\train\Acral_Lentiginous_Melanoma\Screen-Shot-2021-11-16-at-7-08-45-PM_png.rf.ce14d12e31a21c34e1f31e765e149538.jpg,c0803a7e11df1f7a
train,Acral_Lentiginous_Melanoma,Screen-Shot-2021-11-16-at-7-08-45-PM_png.rf.fec1c5267bd7ae7e66c472b18c53ec7c.jpg,C:\Users\venka\Documents\Project\data\processed\train\Acral_Lentiginous_Melanoma\Screen-Shot-2021-11-16-at-7-08-45-PM_png.rf.fec1c5267bd7ae7e66c472b18c53ec7c.jpg,8ccc636f3f7430a2
train,Acral_Lentiginous_Melanoma,Screen-Shot-2021-11-16-at-7-10-55-PM_png.rf.0cca29b2e977cc1c016f633825b3bec5.jpg,C:\Users\venka\Documents\Project\data\processed\train\Acral_Lentiginous_Melanoma\Screen-Shot-2021-11-16-at-7-10-55-PM_png.rf.0cca29b2e977cc1c016f633825b3bec5.jpg,cd1f76a501812f8f
train,Acral_Lentiginous_Melanoma,Screen-Shot-2021-11-16-at-7-10-55-PM_png.rf.bd41165e66b67222ae25901980013c89.jpg,C:\Users\venka\Documents\Project\data\processed\train\Acral_Lentiginous_Melanoma\Screen-Shot-2021-11-16-at-7-10-55-PM_png.rf.bd41165e66b67222ae25901980013c89.jpg,c0bf2f903db53780
train,Acral_Lentiginous_Melanoma,Screen-Shot-2021-11-16-at-7-11-18-PM_png.rf.0d1f0a1b72f3d95367c2926dea30a90c.jpg,C:\Users\venka\Documents\Project\data\processed\train\Acral_Lentiginous_Melanoma\Screen-Shot-2021-11-16-at-7-11-18-PM_png.rf.0d1f0a1b72f3d95367c2926dea30a90c.jpg,9597705e6258636b
train,Acral_Lentiginous_Melanoma,Screen-Shot-2021-11-16-at-7-11-18-PM_png.rf.5cbb9a433660de33778404739b5ef124.jpg,C:\Users\venka\Documents\Project\data\processed\train\Acral_Lentiginous_Melanoma\Screen-Shot-2021-11-16-at-7-11-18-PM_png.rf.5cbb9a433660de33778404739b5ef124.jpg,fc9e08f02103f33f
train,Acral_Lentiginous_Melanoma,Screen-Shot-2021-11-16-at-7-11-18-PM_png.rf.70f45d1082d2f646186d2e2d62720656.jpg,C:\Users\venka\Documents\Project\data\processed\train\Acral_Lentiginous_Melanoma\Screen-Shot-2021-11-16-at-7-11-18-PM_png.rf.70f45d1082d2f646186d2e2d62720656.jpg,95b0da4a6b2d6d0e
train,Acral_Lentiginous_Melanoma,Screen-Shot-2021-11-16-at-7-11-28-PM_png.rf.21d3812d9b43022abde0e5e8ab6910d8.jpg,C:\Users\venka\Documents\Project\data\processed\train\Acral_Lentiginous_Melanoma\Screen-Shot-2021-11-16-at-7-11-28-PM_png.rf.21d3812d9b43022abde0e5e8ab6910d8.jpg,814a7fbcc0a59ac7
train,Acral_Lentiginous_Melanoma,Screen-Shot-2021-11-16-at-7-11-28-PM_png.rf.259aee05097adbda02130a8a87e0f485.jpg,C:\Users\venka\Documents\Project\data\processed\train\Acral_Lentiginous_Melanoma\Screen-Shot-2021-11-16-at-7-11-28-PM_png.rf.259aee05097adbda02130a8a87e0f485.jpg,9e86649967b36662
train,Acral_Lentiginous_Melanoma,Screen-Shot-2021-11-16-at-7-11-28-PM_png.rf.81813daec3ba8af023d137808242ff72.jpg,C:\Users\venka\Documents\Project\data\processed\train\Acral_Lentiginous_Melanoma\Screen-Shot-2021-11-16-at-7-11-28-PM_png.rf.81813daec3ba8af023d137808242ff72.jpg,9e94349d3698636e
train,Acral_Lentiginous_Melanoma,Screen-Shot-2021-11-16-at-7-12-02-PM_png.rf.214c0d5fcc18df4414a537c0df80e818.jpg,C:\Users\venka\Documents\Project\data\processed\train\Acral_Lentiginous_Melanoma\Screen-Shot-2021-11-16-at-7-12-02-PM_png.rf.214c0d5fcc18df4414a537c0df80e818.jpg,c03e6d691f6624f2
train,Acral_Lentiginous_Melanoma,Screen-Shot-2021-11-16-at-7-12-11-PM_png.rf.5330f34e73a289d0f6050f8c6fa429d7.jpg,C:\Users\venka\Documents\Project\data\processed\train\Acral_Lentiginous_Melanoma\Screen-Shot-2021-11-16-at-7-12-11-PM_png.rf.5330f34e73a289d0f6050f8c6fa429d7.jpg,859c3cda72c53d64
train,Acral_Lentiginous_Melanoma,Screen-Shot-2021-11-16-at-7-12-11-PM_png.rf.e999b13f1c2489a0ba93ccffdffeae24.jpg,C:\Users\venka\Documents\Project\data\processed\train\Acral_Lentiginous_Melanoma\Screen-Shot-2021-11-16-at-7-12-11-PM_png.rf.e999b13f1c2489a0ba93ccffdffeae24.jpg,95bd38d261cd664a
train,Acral_Lentiginous_Melanoma,Screen-Shot-2021-11-16-at-7-12-20-PM_png.rf.3908abbbd4e1077dea3e8ef2bcae582d.jpg,C:\Users\venka\Documents\Project\data\processed\train\Acral_Lentiginous_Melanoma\Screen-Shot-2021-11-16-at-7-12-20-PM_png.rf.3908abbbd4e1077dea3e8ef2bcae582d.jpg,959d5d33234e1e32
train,Acral_Lentiginous_Melanoma,Screen-Shot-2021-11-16-at-7-12-20-PM_png.rf.9da69a62e6ab08cad168f29843a2e988.jpg,C:\Users\venka\Documents\Project\data\processed\train\Acral_Lentiginous_Melanoma\Screen-Shot-2021-11-16-at-7-12-20-PM_png.rf.9da69a62e6ab08cad168f29843a2e988.jpg,c29f39dc66981963
train,Acral_Lentiginous_Melanoma,Screen-Shot-2021-11-16-at-7-13-08-PM_png.rf.8a1c3082d41ac5828c6037ad570044ff.jpg,C:\Users\venka\Documents\Project\data\processed\train\Acral_Lentiginous_Melanoma\Screen-Shot-2021-11-16-at-7-13-08-PM_png.rf.8a1c3082d41ac5828c6037ad570044ff.jpg,a00d4fb37bbc2ce0
train,Acral_Lentiginous_Melanoma,Screen-Shot-2021-11-16-at-7-13-16-PM_png.rf.496d05d7a69e1819083fdfaf5fa1b93c.jpg,C:\Users\venka\Documents\Project\data\processed\train\Acral_Lentiginous_Melanoma\Screen-Shot-2021-11-16-at-7-13-16-PM_png.rf.496d05d7a69e1819083fdfaf5fa1b93c.jpg,d0c0683fbb759495
train,Acral_Lentiginous_Melanoma,Screen-Shot-2021-11-16-at-7-13-16-PM_png.rf.b38e7a174651c4f97316e5a93644e9e4.jpg,C:\Users\venka\Documents\Project\data\processed\train\Acral_Lentiginous_Melanoma\Screen-Shot-2021-11-16-at-7-13-16-PM_png.rf.b38e7a174651c4f97316e5a93644e9e4.jpg,cf3c696163613666
train,Acral_Lentiginous_Melanoma,Screen-Shot-2021-11-16-at-7-13-26-PM_png.rf.34ca5120f90095fdcb2a3434e847324d.jpg,C:\Users\venka\Documents\Project\data\processed\train\Acral_Lentiginous_Melanoma\Screen-Shot-2021-11-16-at-7-13-26-PM_png.rf.34ca5120f90095fdcb2a3434e847324d.jpg,a5985a85213f667d
train,Acral_Lentiginous_Melanoma,Screen-Shot-2021-11-16-at-7-13-26-PM_png.rf.b87c54c871899bb92e2c212d2645179d.jpg,C:\Users\venka\Documents\Project\data\processed\train\Acral_Lentiginous_Melanoma\Screen-Shot-2021-11-16-at-7-13-26-PM_png.rf.b87c54c871899bb92e2c212d2645179d.jpg,c07c6b6d2e743998
train,Acral_Lentiginous_Melanoma,Screen-Shot-2021-11-16-at-7-13-26-PM_png.rf.d3f4be296fa586be43f0036cfe51677e.jpg,C:\Users\venka\Documents\Project\data\processed\train\Acral_Lentiginous_Melanoma\Screen-Shot-2021-11-16-at-7-13-26-PM_png.rf.d3f4be296fa586be43f0036cfe51677e.jpg,c0228fef28dc27d9
train,Acral_Lentiginous_Melanoma,Screen-Shot-2021-11-16-at-7-13-54-PM_png.rf.604404857e62dbf438faef8b04fc2b8e.jpg,C:\Users\venka\Documents\Project\data\processed\train\Acral_Lentiginous_Melanoma\Screen-Shot-2021-11-16-at-7-13-54-PM_png.rf.604404857e62dbf438faef8b04fc2b8e.jpg,c0853bf435d276ca
train,Acral_Lentiginous_Melanoma,Screen-Shot-2021-11-16-at-7-13-54-PM_png.rf.d1cc1f97a72e2f85aad000ea1125818a.jpg,C:\Users\venka\Documents\Project\data\processed\train\Acral_Lentiginous_Melanoma\Screen-Shot-2021-11-16-at-7-13-54-PM_png.rf.d1cc1f97a72e2f85aad000ea1125818a.jpg,87583e3d34f0f0c3
train,Acral_Lentiginous_Melanoma,Screen-Shot-2021-11-16-at-7-14-06-PM_png.rf.2aecae26b41c6607aa3e8fb82380ee8b.jpg,C:\Users\venka\Documents\Project\data\processed\train\Acral_Lentiginous_Melanoma\Screen-Shot-2021-11-16-at-7-14-06-PM_png.rf.2aecae26b41c6607aa3e8fb82380ee8b.jpg,c0c02b2fe7761eca
train,Acral_Lentiginous_Melanoma,Screen-Shot-2021-11-16-at-7-14-06-PM_png.rf.71506cba626290c8517383e9bebef152.jpg,C:\Users\venka\Documents\Project\data\processed\train\Acral_Lentiginous_Melanoma\Screen-Shot-2021-11-16-at-7-14-06-PM_png.rf.71506cba626290c8517383e9bebef152.jpg,94974b987232796d
train,Acral_Lentiginous_Melanoma,Screen-Shot-2021-11-16-at-7-14-19-PM_png.rf.480dc024039f5b0d5920f638b6260513.jpg,C:\Users\venka\Documents\Project\data\processed\train\Acral_Lentiginous_Melanoma\Screen-Shot-2021-11-16-at-7-14-19-PM_png.rf.480dc024039f5b0d5920f638b6260513.jpg,977a6a6978653131
train,Acral_Lentiginous_Melanoma,Screen-Shot-2021-11-16-at-7-14-19-PM_png.rf.8d5bfda9cf22f331e0e38f29d81ef806.jpg,C:\Users\venka\Documents\Project\data\processed\train\Acral_Lentiginous_Melanoma\Screen-Shot-2021-11-16-at-7-14-19-PM_png.rf.8d5bfda9cf22f331e0e38f29d81ef806.jpg,d5e12a1a2d2db533
train,Acral_Lentiginous_Melanoma,Screen-Shot-2021-11-16-at-7-14-31-PM_png.rf.e9c7680a19d75a58b2e4d91320006a13.jpg,C:\Users\venka\Documents\Project\data\processed\train\Acral_Lentiginous_Melanoma\Screen-Shot-2021-11-16-at-7-14-31-PM_png.rf.e9c7680a19d75a58b2e4d91320006a13.jpg,95e26a7034957a97
train,Acral_Lentiginous_Melanoma,Screen-Shot-2021-11-16-at-7-14-31-PM_png.rf.ee98af0f5dd65c175a60174f820b42b1.jpg,C:\Users\venka\Documents\Project\data\processed\train\Acral_Lentiginous_Melanoma\Screen-Shot-2021-11-16-at-7-14-31-PM_png.rf.ee98af0f5dd65c175a60174f820b42b1.jpg,c46d3132c7f272ca
train,Acral_Lentiginous_Melanoma,Screen-Shot-2021-11-16-at-7-14-39-PM_png.rf.6a30261b770aecb8c632fc2054145411.jpg,C:\Users\venka\Documents\Project\data\processed\train\Acral_Lentiginous_Melanoma\Screen-Shot-2021-11-16-at-7-14-39-PM_png.rf.6a30261b770aecb8c632fc2054145411.jpg,d2973c34e19b3896
train,Acral_Lentiginous_Melanoma,Screen-Shot-2021-11-16-at-7-14-39-PM_png.rf.7ffbb2f19dc7d79e9868393f7baa6b6d.jpg,C:\Users\venka\Documents\Project\data\processed\train\Acral_Lentiginous_Melanoma\Screen-Shot-2021-11-16-at-7-14-39-PM_png.rf.7ffbb2f19dc7d79e9868393f7baa6b6d.jpg,991566287bd2b3d8
train,Acral_Lentiginous_Melanoma,Screen-Shot-2021-11-16-at-7-15-08-PM_png.rf.01b22816fb4f7dd6beabdd509ffdfacf.jpg,C:\Users\venka\Documents\Project\data\processed\train\Acral_Lentiginous_Melanoma\Screen-Shot-2021-11-16-at-7-15-08-PM_png.rf.01b22816fb4f7dd6beabdd509ffdfacf.jpg,d05e0a2f6b2f2a2d
train,Acral_Lentiginous_Melanoma,Screen-Shot-2021-11-16-at-7-15-08-PM_png.rf.0b405de7405f0e6ee0bb9f4440332e1b.jpg,C:\Users\venka\Documents\Project\data\processed\train\Acral_Lentiginous_Melanoma\Screen-Shot-2021-11-16-at-7-15-08-PM_png.rf.0b405de7405f0e6ee0bb9f4440332e1b.jpg,85867b3569c6953c
train,Acral_Lentiginous_Melanoma,Screen-Shot-2021-11-16-at-7-15-08-PM_png.rf.4e05312d87e8a037ab9717b4da833571.jpg,C:\Users\venka\Documents\Project\data\processed\train\Acral_Lentiginous_Melanoma\Screen-Shot-2021-11-16-at-7-15-08-PM_png.rf.4e05312d87e8a037ab9717b4da833571.jpg,d1952fc03d6e6b60
train,Acral_Lentiginous_Melanoma,Screen-Shot-2021-11-16-at-7-16-03-PM_png.rf.67e0a5ea8b0d6332e69d5129d3c5cba9.jpg,C:\Users\venka\Documents\Project\data\processed\train\Acral_Lentiginous_Melanoma\Screen-Shot-2021-11-16-at-7-16-03-PM_png.rf.67e0a5ea8b0d6332e69d5129d3c5cba9.jpg,c0c056966b6b2d3f
train,Acral_Lentiginous_Melanoma,Screen-Shot-2021-11-16-at-7-16-03-PM_png.rf.d14dc928d49af155e84e534cdffaa9e6.jpg,C:\Users\venka\Documents\Project\data\processed\train\Acral_Lentiginous_Melanoma\Screen-Shot-2021-11-16-at-7-16-03-PM_png.rf.d14dc928d49af155e84e534cdffaa9e6.jpg,c4b50bda2d6626d3
train,Acral_Lentiginous_Melanoma,Screen-Shot-2021-11-16-at-7-17-15-PM_png.rf.093b2d3e9732d94a518ced58b1a6fe85.jpg,C:\Users\venka\Documents\Project\data\processed\train\Acral_Lentiginous_Melanoma\Screen-Shot-2021-11-16-at-7-17-15-PM_png.rf.093b2d3e9732d94a518ced58b1a6fe85.jpg,d025cb1b5a6c6b66
train,Acral_Lentiginous_Melanoma,Screen-Shot-2021-11-16-at-7-17-15-PM_png.rf.7e00057af1076afc4748f800520dfbd9.jpg,C:\Users\venka\Documents\Project\data\processed\train\Acral_Lentiginous_Melanoma\Screen-Shot-2021-11-16-at-7-17-15-PM_png.rf.7e00057af1076afc4748f800520dfbd9.jpg,d0c09eb658334f9d
train,Acral_Lentiginous_Melanoma,Screen-Shot-2021-11-16-at-7-17-15-PM_png.rf.f7fffa742ee65ff361f171c45241e29b.jpg,C:\Users\venka\Documents\Project\data\processed\train\Acral_Lentiginous_Melanoma\Screen-Shot-2021-11-16-at-7-17-15-PM_png.rf.f7fffa742ee65ff361f171c45241e29b.jpg,c03d17346acbe8d6
train,Acral_Lentiginous_Melanoma,Screen-Shot-2021-11-16-at-7-17-45-PM_png.rf.4e961ed41504e15b9379f69e0142e801.jpg,C:\Users\venka\Documents\Project\data\processed\train\Acral_Lentiginous_Melanoma\Screen-Shot-2021-11-16-at-7-17-45-PM_png.rf.4e961ed41504e15b9379f69e0142e801.jpg,c5ea0a4d6733387c
train,Acral_Lentiginous_Melanoma,Screen-Shot-2021-11-16-at-7-17-45-PM_png.rf.e071c80477762bd3c1f24c54996f6b9b.jpg,C:\Users\venka\Documents\Project\data\processed\train\Acral_Lentiginous_Melanoma\Screen-Shot-2021-11-16-at-7-17-45-PM_png.rf.e071c80477762bd3c1f24c54996f6b9b.jpg,80c21fcc76b25bf1
train,Acral_Lentiginous_Melanoma,Screen-Shot-2021-11-19-at-1-00-57-AM_png.rf.08ee0d1d0382f4a438110d36516edb0a.jpg,C:\Users\venka\Documents\Project\data\processed\train\Acral_Lentiginous_Melanoma\Screen-Shot-2021-11-19-at-1-00-57-AM_png.rf.08ee0d1d0382f4a438110d36516edb0a.jpg,b3674e18407c30ff
train,Acral_Lentiginous_Melanoma,Screen-Shot-2021-11-19-at-1-00-57-AM_png.rf.37362a12715b3225ae3f2bbc59562233.jpg,C:\Users\venka\Documents\Project\data\processed\train\Acral_Lentiginous_Melanoma\Screen-Shot-2021-11-19-at-1-00-57-AM_png.rf.37362a12715b3225ae3f2bbc59562233.jpg,c0cf1f3068963c6f
train,Acral_Lentiginous_Melanoma,Screen-Shot-2021-11-19-at-1-22-03-AM_png.rf.3d4b8b698e5c20c08cae68a3a5b5a212.jpg,C:\Users\venka\Documents\Project\data\processed\train\Acral_Lentiginous_Melanoma\Screen-Shot-2021-11-19-at-1-22-03-AM_png.rf.3d4b8b698e5c20c08cae68a3a5b5a212.jpg,94c2542fc0fe25f9
train,Acral_Lentiginous_Melanoma,Screen-Shot-2021-11-19-at-1-22-03-AM_png.rf.9fbe5eb225e298661096510dca547072.jpg,C:\Users\venka\Documents\Project\data\processed\train\Acral_Lentiginous_Melanoma\Screen-Shot-2021-11-19-at-1-22-03-AM_png.rf.9fbe5eb225e298661096510dca547072.jpg,989f449f439c4799
train,Acral_Lentiginous_Melanoma,Screen-Shot-2021-11-19-at-1-22-03-AM_png.rf.bab51c3618004aa18658c7314051f32b.jpg,C:\Users\venka\Documents\Project\data\processed\train\Acral_Lentiginous_Melanoma\Screen-Shot-2021-11-19-at-1-22-03-AM_png.rf.bab51c3618004aa18658c7314051f32b.jpg,c0522d697f6c3e23
train,Acral_Lentiginous_Melanoma,Screen-Shot-2021-11-19-at-1-23-01-AM_png.rf.0cdd10023b2015ee189eeb05ef471b06.jpg,C:\Users\venka\Documents\Project\data\processed\train\Acral_Lentiginous_Melanoma\Screen-Shot-2021-11-19-at-1-23-01-AM_png.rf.0cdd10023b2015ee189eeb05ef471b06.jpg,d5813e163e923de1
train,Acral_Lentiginous_Melanoma,Screen-Shot-2021-11-19-at-1-23-01-AM_png.rf.314f15112c3230ce7391a69321568d85.jpg,C:\Users\venka\Documents\Project\data\processed\train\Acral_Lentiginous_Melanoma\Screen-Shot-2021-11-19-at-1-23-01-AM_png.rf.314f15112c3230ce7391a69321568d85.jpg,c05f4ab8e97c7170
train,Acral_Lentiginous_Melanoma,Screen-Shot-2021-11-19-at-1-23-01-AM_png.rf.a5a42421d850e3437bb837ab5c762820.jpg,C:\Users\venka\Documents\Project\data\processed\train\Acral_Lentiginous_Melanoma\Screen-Shot-2021-11-19-at-1-23-01-AM_png.rf.a5a42421d850e3437bb837ab5c762820.jpg,811f3f3c3d607562
train,Acral_Lentiginous_Melanoma,Screen-Shot-2021-11-19-at-1-24-44-AM_png.rf.17ea88ddf9d3b6e4362278b37fccb157.jpg,C:\Users\venka\Documents\Project\data\processed\train\Acral_Lentiginous_Melanoma\Screen-Shot-2021-11-19-at-1-24-44-AM_png.rf.17ea88ddf9d3b6e4362278b37fccb157.jpg,943741923a3a7af3
train,Acral_Lentiginous_Melanoma,Screen-Shot-2021-11-19-at-1-24-44-AM_png.rf.5f4b3532ac477028e0abe391f8e9e3df.jpg,C:\Users\venka\Documents\Project\data\processed\train\Acral_Lentiginous_Melanoma\Screen-Shot-2021-11-19-at-1-24-44-AM_png.rf.5f4b3532ac477028e0abe391f8e9e3df.jpg,95f44fa21e8f449c
train,Acral_Lentiginous_Melanoma,Screen-Shot-2021-11-19-at-1-24-44-AM_png.rf.da6f85209c5aa23b76731a04c8e6ff94.jpg,C:\Users\venka\Documents\Project\data\processed\train\Acral_Lentiginous_Melanoma\Screen-Shot-2021-11-19-at-1-24-44-AM_png.rf.da6f85209c5aa23b76731a04c8e6ff94.jpg,b0df52366d907685
train,Acral_Lentiginous_Melanoma,Screen-Shot-2021-11-19-at-1-25-41-AM_png.rf.6e79cb2369a2537c5d5c93af5cc18d20.jpg,C:\Users\venka\Documents\Project\data\processed\train\Acral_Lentiginous_Melanoma\Screen-Shot-2021-11-19-at-1-25-41-AM_png.rf.6e79cb2369a2537c5d5c93af5cc18d20.jpg,c5291a5e5a7a5a78
train,Acral_Lentiginous_Melanoma,Screen-Shot-2021-11-19-at-1-25-41-AM_png.rf.9ca706b594f1b77b01aaab7eed0b46c1.jpg,C:\Users\venka\Documents\Project\data\processed\train\Acral_Lentiginous_Melanoma\Screen-Shot-2021-11-19-at-1-25-41-AM_png.rf.9ca706b594f1b77b01aaab7eed0b46c1.jpg,e5085a595b79296d
train,Acral_Lentiginous_Melanoma,Screen-Shot-2021-11-19-at-1-25-41-AM_png.rf.fce1f9028c869f4b1d4501b30bf8bf42.jpg,C:\Users\venka\Documents\Project\data\processed\train\Acral_Lentiginous_Melanoma\Screen-Shot-2021-11-19-at-1-25-41-AM_png.rf.fce1f9028c869f4b1d4501b30bf8bf42.jpg,d0234fdf0ada0bd8
train,Acral_Lentiginous_Melanoma,Screen-Shot-2021-11-19-at-1-25-53-AM_png.rf.a943a42c42f6dd6a379d6e66c8fb9e9a.jpg,C:\Users\venka\Documents\Project\data\processed\train\Acral_Lentiginous_Melanoma\Screen-Shot-2021-11-19-at-1-25-53-AM_png.rf.a943a42c42f6dd6a379d6e66c8fb9e9a.jpg,85741e8b5b8c1e2f
train,Acral_Lentiginous_Melanoma,Screen-Shot-2021-11-19-at-1-25-53-AM_png.rf.b958ae6c4c52d72245afa1854975dc26.jpg,C:\Users\venka\Documents\Project\data\processed\train\Acral_Lentiginous_Melanoma\Screen-Shot-2021-11-19-at-1-25-53-AM_png.rf.b958ae6c4c52d72245afa1854975dc26.jpg,b64841753f3f2b81
train,Acral_Lentiginous_Melanoma,Screen-Shot-2021-11-19-at-1-26-44-AM_png.rf.69987dd26624413eeabf5faaaa779592.jpg,C:\Users\venka\Documents\Project\data\processed\train\Acral_Lentiginous_Melanoma\Screen-Shot-2021-11-19-at-1-26-44-AM_png.rf.69987dd26624413eeabf5faaaa779592.jpg,818b3ef40ff40f94
train,Acral_Lentiginous_Melanoma,Screen-Shot-2021-11-19-at-1-27-17-AM_png.rf.3bbecb691c28d9b4e27471951769a72a.jpg,C:\Users\venka\Documents\Project\data\processed\train\Acral_Lentiginous_Melanoma\Screen-Shot-2021-11-19-at-1-27-17-AM_png.rf.3bbecb691c28d9b4e27471951769a72a.jpg,85703f2b1e2d1e0f
train,Acral_Lentiginous_Melanoma,Screen-Shot-2021-11-19-at-1-27-44-AM_png.rf.186705f64f1791069d1d6fda9d81a3ce.jpg,C:\Users\venka\Documents\Project\data\processed\train\Acral_Lentiginous_Melanoma\Screen-Shot-2021-11-19-at-1-27-44-AM_png.rf.186705f64f1791069d1d6fda9d81a3ce.jpg,91a32f962b962bd4
train,Acral_Lentiginous_Melanoma,Screen-Shot-2021-11-19-at-1-27-44-AM_png.rf.7d335a64bfa341f5f6116e5b00d81beb.jpg,C:\Users\venka\Documents\Project\data\processed\train\Acral_Lentiginous_Melanoma\Screen-Shot-2021-11-19-at-1-27-44-AM_png.rf.7d335a64bfa341f5f6116e5b00d81beb.jpg,d53f609d213d6a8a
train,Acral_Lentiginous_Melanoma,Screen-Shot-2021-11-19-at-1-27-44-AM_png.rf.f78ec711031f63ef9028a325e8d724c6.jpg,C:\Users\venka\Documents\Project\data\processed\train\Acral_Lentiginous_Melanoma\Screen-Shot-2021-11-19-at-1-27-44-AM_png.rf.f78ec711031f63ef9028a325e8d724c6.jpg,d5c000d52a7b6f3d
train,Acral_Lentiginous_Melanoma,Screen-Shot-2021-11-19-at-1-31-02-AM_png.rf.00e0ab7c16d8bdf06a936ffc5d3e85a4.jpg,C:\Users\venka\Documents\Project\data\processed\train\Acral_Lentiginous_Melanoma\Screen-Shot-2021-11-19-at-1-31-02-AM_png.rf.00e0ab7c16d8bdf06a936ffc5d3e85a4.jpg,d0692bb79d653249
train,Acral_Lentiginous_Melanoma,Screen-Shot-2021-11-19-at-1-31-02-AM_png.rf.4095d0b366b95bb7304838ef0965c2ee.jpg,C:\Users\venka\Documents\Project\data\processed\train\Acral_Lentiginous_Melanoma\Screen-Shot-2021-11-19-at-1-31-02-AM_png.rf.4095d0b366b95bb7304838ef0965c2ee.jpg,d16a6e6820f519f3
train,Acral_Lentiginous_Melanoma,Screen-Shot-2021-11-19-at-1-31-21-AM_png.rf.4085cf3ec51108bae11eb0cbb95cf221.jpg,C:\Users\venka\Documents\Project\data\processed\train\Acral_Lentiginous_Melanoma\Screen-Shot-2021-11-19-at-1-31-21-AM_png.rf.4085cf3ec51108bae11eb0cbb95cf221.jpg,d0906d8197db586f
train,Acral_Lentiginous_Melanoma,Screen-Shot-2021-11-19-at-1-31-21-AM_png.rf.74d666d99ae0d5ad7cb66bc3f00f92cf.jpg,C:\Users\venka\Documents\Project\data\processed\train\Acral_Lentiginous_Melanoma\Screen-Shot-2021-11-19-at-1-31-21-AM_png.rf.74d666d99ae0d5ad7cb66bc3f00f92cf.jpg,cd38f421c29d6ac7
train,Acral_Lentiginous_Melanoma,Screen-Shot-2021-11-19-at-1-31-46-AM_png.rf.96c8f57a2041b3d0dd2b17c98f31f810.jpg,C:\Users\venka\Documents\Project\data\processed\train\Acral_Lentiginous_Melanoma\Screen-Shot-2021-11-19-at-1-31-46-AM_png.rf.96c8f57a2041b3d0dd2b17c98f31f810.jpg,8a5f651e75383619
train,Acral_Lentiginous_Melanoma,Screen-Shot-2021-11-19-at-1-33-18-AM_png.rf.086dd111f550d3a8136f81c3834f348a.jpg,C:\Users\venka\Documents\Project\data\processed\train\Acral_Lentiginous_Melanoma\Screen-Shot-2021-11-19-at-1-33-18-AM_png.rf.086dd111f550d3a8136f81c3834f348a.jpg,b5e8c257467c6760
train,Acral_Lentiginous_Melanoma,Screen-Shot-2021-11-19-at-1-35-04-AM_png.rf.008ca6f09bd836a6d63b6a723f989ae9.jpg,C:\Users\venka\Documents\Project\data\processed\train\Acral_Lentiginous_Melanoma\Screen-Shot-2021-11-19-at-1-35-04-AM_png.rf.008ca6f09bd836a6d63b6a723f989ae9.jpg,e00f8f3fdc383831
train,Acral_Lentiginous_Melanoma,Screen-Shot-2021-11-19-at-1-35-04-AM_png.rf.bc0db1f4b0fef5e05a4dd1c93c2942e7.jpg,C:\Users\venka\Documents\Project\data\processed\train\Acral_Lentiginous_Melanoma\Screen-Shot-2021-11-19-at-1-35-04-AM_png.rf.bc0db1f4b0fef5e05a4dd1c93c2942e7.jpg,c07d1f2a3f3174e0
train,Acral_Lentiginous_Melanoma,Screen-Shot-2021-11-19-at-1-35-04-AM_png.rf.c6f71ac0c4f3049a270a8c4533f1c7bf.jpg,C:\Users\venka\Documents\Project\data\processed\train\Acral_Lentiginous_Melanoma\Screen-Shot-2021-11-19-at-1-35-04-AM_png.rf.c6f71ac0c4f3049a270a8c4533f1c7bf.jpg,d5df42692f2d2434
train,Acral_Lentiginous_Melanoma,Screen-Shot-2021-11-19-at-1-36-01-AM_png.rf.235e2fdce98051f6fc820c97a8d811e8.jpg,C:\Users\venka\Documents\Project\data\processed\train\Acral_Lentiginous_Melanoma\Screen-Shot-2021-11-19-at-1-36-01-AM_png.rf.235e2fdce98051f6fc820c97a8d811e8.jpg,80e73d3c63c41fc5
train,Acral_Lentiginous_Melanoma,Screen-Shot-2021-11-19-at-1-36-01-AM_png.rf.accba50217fbb2327a3a84f434247d69.jpg,C:\Users\venka\Documents\Project\data\processed\train\Acral_Lentiginous_Melanoma\Screen-Shot-2021-11-19-at-1-36-01-AM_png.rf.accba50217fbb2327a3a84f434247d69.jpg,dde13c3e620f4a2a
train,Acral_Lentiginous_Melanoma,Screen-Shot-2021-11-19-at-1-36-01-AM_png.rf.f2a1c40ebaf1a9cde3cf39a8f8acd33a.jpg,C:\Users\venka\Documents\Project\data\processed\train\Acral_Lentiginous_Melanoma\Screen-Shot-2021-11-19-at-1-36-01-AM_png.rf.f2a1c40ebaf1a9cde3cf39a8f8acd33a.jpg,80d7744a6a656d7a
train,Acral_Lentiginous_Melanoma,Screen-Shot-2021-11-19-at-1-36-14-AM_png.rf.2c62f63cd2834e1e396d583763e4a24d.jpg,C:\Users\venka\Documents\Project\data\processed\train\Acral_Lentiginous_Melanoma\Screen-Shot-2021-11-19-at-1-36-14-AM_png.rf.2c62f63cd2834e1e396d583763e4a24d.jpg,e8e0e1c9d5d55153
train,Acral_Lentiginous_Melanoma,Screen-Shot-2021-11-19-at-1-36-14-AM_png.rf.f2aeecdf29433a162df47228bbc87689.jpg,C:\Users\venka\Documents\Project\data\processed\train\Acral_Lentiginous_Melanoma\Screen-Shot-2021-11-19-at-1-36-14-AM_png.rf.f2aeecdf29433a162df47228bbc87689.jpg,959d7f354a80688f
train,Acral_Lentiginous_Melanoma,Screen-Shot-2021-11-19-at-1-37-53-AM_png.rf.f511cd781d9b147578221170aa89ea90.jpg,C:\Users\venka\Documents\Project\data\processed\train\Acral_Lentiginous_Melanoma\Screen-Shot-2021-11-19-at-1-37-53-AM_png.rf.f511cd781d9b147578221170aa89ea90.jpg,f5879e914b0d0f16
train,Acral_Lentiginous_Melanoma,Screen-Shot-2021-11-19-at-1-38-32-AM_png.rf.aa55264afb5ff1a71979bd2bd3daed90.jpg,C:\Users\venka\Documents\Project\data\processed\train\Acral_Lentiginous_Melanoma\Screen-Shot-2021-11-19-at-1-38-32-AM_png.rf.aa55264afb5ff1a71979bd2bd3daed90.jpg,916847456a6f2aaf
train,Acral_Lentiginous_Melanoma,Screen-Shot-2021-11-19-at-1-38-32-AM_png.rf.e0d109e50123045f7f52d6134c28385a.jpg,C:\Users\venka\Documents\Project\data\processed\train\Acral_Lentiginous_Melanoma\Screen-Shot-2021-11-19-at-1-38-32-AM_png.rf.e0d109e50123045f7f52d6134c28385a.jpg,90e856457a6f686d
train,Acral_Lentiginous_Melanoma,Screen-Shot-2021-11-19-at-1-38-40-AM_png.rf.1ac3e3db64655a0b6cc6cefb4d9ebd62.jpg,C:\Users\venka\Documents\Project\data\processed\train\Acral_Lentiginous_Melanoma\Screen-Shot-2021-11-19-at-1-38-40-AM_png.rf.1ac3e3db64655a0b6cc6cefb4d9ebd62.jpg,80c34f6e3eca761a
train,Acral_Lentiginous_Melanoma,Screen-Shot-2021-11-19-at-1-38-40-AM_png.rf.35ae689c653c3f7734c0e156f7ff4c8e.jpg,C:\Users\venka\Documents\Project\data\processed\train\Acral_Lentiginous_Melanoma\Screen-Shot-2021-11-19-at-1-38-40-AM_png.rf.35ae689c653c3f7734c0e156f7ff4c8e.jpg,9d0b159516ff3072
train,Acral_Lentiginous_Melanoma,Screen-Shot-2021-11-19-at-1-38-51-AM_png.rf.0358dfc17ce7b29e72ff3afb832f3df0.jpg,C:\Users\venka\Documents\Project\data\processed\train\Acral_Lentiginous_Melanoma\Screen-Shot-2021-11-19-at-1-38-51-AM_png.rf.0358dfc17ce7b29e72ff3afb832f3df0.jpg,c0804bd74ece2cdf
train,Acral_Lentiginous_Melanoma,Screen-Shot-2021-11-19-at-1-38-51-AM_png.rf.ba6f47b681e7f396b6fa25036ff79e93.jpg,C:\Users\venka\Documents\Project\data\processed\train\Acral_Lentiginous_Melanoma\Screen-Shot-2021-11-19-at-1-38-51-AM_png.rf.ba6f47b681e7f396b6fa25036ff79e93.jpg,d540006f2ffd25e5
train,Acral_Lentiginous_Melanoma,Screen-Shot-2021-11-19-at-1-38-51-AM_png.rf.d393b249cd7c4635acb335fb5de0935c.jpg,C:\Users\venka\Documents\Project\data\processed\train\Acral_Lentiginous_Melanoma\Screen-Shot-2021-11-19-at-1-38-51-AM_png.rf.d393b249cd7c4635acb335fb5de0935c.jpg,c0814bd74dc66dea
train,Acral_Lentiginous_Melanoma,Screen-Shot-2021-11-19-at-1-38-57-AM_png.rf.28b1d2d0df0e12f68151cdc1c1c1e6ab.jpg,C:\Users\venka\Documents\Project\data\processed\train\Acral_Lentiginous_Melanoma\Screen-Shot-2021-11-19-at-1-38-57-AM_png.rf.28b1d2d0df0e12f68151cdc1c1c1e6ab.jpg,d52b2ad156694acb
train,Acral_Lentiginous_Melanoma,Screen-Shot-2021-11-19-at-1-38-57-AM_png.rf.421e144b48644453a0e97b492be7e7a2.jpg,C:\Users\venka\Documents\Project\data\processed\train\Acral_Lentiginous_Melanoma\Screen-Shot-2021-11-19-at-1-38-57-AM_png.rf.421e144b48644453a0e97b492be7e7a2.jpg,81c07e6f75b84a99
train,Acral_Lentiginous_Melanoma,Screen-Shot-2021-11-19-at-1-41-42-AM_png.rf.4506921b7a77a7d472762163498ee136.jpg,C:\Users\venka\Documents\Project\data\processed\train\Acral_Lentiginous_Melanoma\Screen-Shot-2021-11-19-at-1-41-42-AM_png.rf.4506921b7a77a7d472762163498ee136.jpg,952d4a626b6a6f61
train,Acral_Lentiginous_Melanoma,Screen-Shot-2021-11-19-at-1-42-38-AM_png.rf.2e12079d63259aab1c87d8df12c3c61a.jpg,C:\Users\venka\Documents\Project\data\processed\train\Acral_Lentiginous_Melanoma\Screen-Shot-2021-11-19-at-1-42-38-AM_png.rf.2e12079d63259aab1c87d8df12c3c61a.jpg,96c2780d3f2715a7
train,Acral_Lentiginous_Melanoma,Screen-Shot-2021-11-19-at-1-42-38-AM_png.rf.7c57939b02ce5c23ae80d9859343844a.jpg,C:\Users\venka\Documents\Project\data\processed\train\Acral_Lentiginous_Melanoma\Screen-Shot-2021-11-19-at-1-42-38-AM_png.rf.7c57939b02ce5c23ae80d9859343844a.jpg,80c07b846f1fd43f
train,Acral_Lentiginous_Melanoma,Screen-Shot-2021-11-19-at-1-42-38-AM_png.rf.dc51b77f07779ba3d671bb93018f2baa.jpg,C:\Users\venka\Documents\Project\data\processed\train\Acral_Lentiginous_Melanoma\Screen-Shot-2021-11-19-at-1-42-38-AM_png.rf.dc51b77f07779ba3d671bb93018f2baa.jpg,9760d84b76323c67
train,Acral_Lentiginous_Melanoma,Screen-Shot-2021-11-19-at-1-42-59-AM_png.rf.34541f3913ac996e85f1b538933832e4.jpg,C:\Users\venka\Documents\Project\data\processed\train\Acral_Lentiginous_Melanoma\Screen-Shot-2021-11-19-at-1-42-59-AM_png.rf.34541f3913ac996e85f1b538933832e4.jpg,c305cf7a08fe20fc
train,Acral_Lentiginous_Melanoma,Screen-Shot-2021-11-19-at-1-42-59-AM_png.rf.4fdfd01688e31debf8b884181b53aec2.jpg,C:\Users\venka\Documents\Project\data\processed\train\Acral_Lentiginous_Melanoma\Screen-Shot-2021-11-19-at-1-42-59-AM_png.rf.4fdfd01688e31debf8b884181b53aec2.jpg,85979a9b38646ec6
train,Acral_Lentiginous_Melanoma,Screen-Shot-2021-11-19-at-1-42-59-AM_png.rf.ebcb1eb933c5bf03330a2564cc641056.jpg,C:\Users\venka\Documents\Project\data\processed\train\Acral_Lentiginous_Melanoma\Screen-Shot-2021-11-19-at-1-42-59-AM_png.rf.ebcb1eb933c5bf03330a2564cc641056.jpg,95e84a152e275f2b
train,Acral_Lentiginous_Melanoma,Screen-Shot-2021-11-19-at-1-43-17-AM_png.rf.1e261de98548c7717d13dde86d352773.jpg,C:\Users\venka\Documents\Project\data\processed\train\Acral_Lentiginous_Melanoma\Screen-Shot-2021-11-19-at-1-43-17-AM_png.rf.1e261de98548c7717d13dde86d352773.jpg,942f7ad24e686d68
train,Acral_Lentiginous_Melanoma,Screen-Shot-2021-11-19-at-1-43-17-AM_png.rf.52d9636c5b237f995f620f7245ec1007.jpg,C:\Users\venka\Documents\Project\data\processed\train\Acral_Lentiginous_Melanoma\Screen-Shot-2021-11-19-at-1-43-17-AM_png.rf.52d9636c5b237f995f620f7245ec1007.jpg,c5303aaf2ac675d2
train,Acral_Lentiginous_Melanoma,Screen-Shot-2021-11-19-at-1-45-52-AM_png.rf.8a74536f93e4c00f09e806e756c2ac08.jpg,C:\Users\venka\Documents\Project\data\processed\train\Acral_Lentiginous_Melanoma\Screen-Shot-2021-11-19-at-1-45-52-AM_png.rf.8a74536f93e4c00f09e806e756c2ac08.jpg,d92026db33fcd921
train,Acral_Lentiginous_Melanoma,Screen-Shot-2021-11-19-at-1-45-52-AM_png.rf.b3ce17f3e8cd6026ef6c0df1e123da41.jpg,C:\Users\venka\Documents\Project\data\processed\train\Acral_Lentiginous_Melanoma\Screen-Shot-2021-11-19-at-1-45-52-AM_png.rf.b3ce17f3e8cd6026ef6c0df1e123da41.jpg,c0603fde571fc861
train,Acral_Lentiginous_Melanoma,Screen-Shot-2021-11-19-at-1-46-05-AM_png.rf.2ffbb36e8b5b8cb2e68e3fa09ed49777.jpg,C:\Users\venka\Documents\Project\data\processed\train\Acral_Lentiginous_Melanoma\Screen-Shot-2021-11-19-at-1-46-05-AM_png.rf.2ffbb36e8b5b8cb2e68e3fa09ed49777.jpg,dc2125df039cfcd0
train,Acral_Lentiginous_Melanoma,Screen-Shot-2021-11-19-at-1-46-05-AM_png.rf.bda32bd618b254da14a1e4c75aeed8aa.jpg,C:\Users\venka\Documents\Project\data\processed\train\Acral_Lentiginous_Melanoma\Screen-Shot-2021-11-19-at-1-46-05-AM_png.rf.bda32bd618b254da14a1e4c75aeed8aa.jpg,d227687017e91ec7
train,Acral_Lentiginous_Melanoma,Screen-Shot-2021-11-19-at-1-47-44-AM_png.rf.e86ad6bbdd7c6c879c3f1ebc6c601107.jpg,C:\Users\venka\Documents\Project\data\processed\train\Acral_Lentiginous_Melanoma\Screen-Shot-2021-11-19-at-1-47-44-AM_png.rf.e86ad6bbdd7c6c879c3f1ebc6c601107.jpg,9790786e6365cd92
train,Acral_Lentiginous_Melanoma,Screen-Shot-2021-11-19-at-1-49-47-AM_png.rf.070dacc68cb69fc56c8e87522abf7612.jpg,C:\Users\venka\Documents\Project\data\processed\train\Acral_Lentiginous_Melanoma\Screen-Shot-2021-11-19-at-1-49-47-AM_png.rf.070dacc68cb69fc56c8e87522abf7612.jpg,80407f8fa1b45fcb
train,Acral_Lentiginous_Melanoma,Screen-Shot-2021-11-19-at-1-49-47-AM_png.rf.555731aae2d3a2b62f1ea415debed47d.jpg,C:\Users\venka\Documents\Project\data\processed\train\Acral_Lentiginous_Melanoma\Screen-Shot-2021-11-19-at-1-49-47-AM_png.rf.555731aae2d3a2b62f1ea415debed47d.jpg,923669cb39c16dc3
train,Acral_Lentiginous_Melanoma,Screen-Shot-2021-11-19-at-1-49-47-AM_png.rf.6ee89590a4ff2cd46eb69e235d2b84c2.jpg,C:\Users\venka\Documents\Project\data\processed\train\Acral_Lentiginous_Melanoma\Screen-Shot-2021-11-19-at-1-49-47-AM_png.rf.6ee89590a4ff2cd46eb69e235d2b84c2.jpg,9f6739383c34313c
train,Acral_Lentiginous_Melanoma,Screen-Shot-2021-11-19-at-1-52-48-AM_png.rf.cd401061549060961da6c10bbf646c29.jpg,C:\Users\venka\Documents\Project\data\processed\train\Acral_Lentiginous_Melanoma\Screen-Shot-2021-11-19-at-1-52-48-AM_png.rf.cd401061549060961da6c10bbf646c29.jpg,8558af790e1b0f2b
train,Acral_Lentiginous_Melanoma,Screen-Shot-2021-11-19-at-1-52-48-AM_png.rf.d2e807d0946ccc827245c4e2c85a3880.jpg,C:\Users\venka\Documents\Project\data\processed\train\Acral_Lentiginous_Melanoma\Screen-Shot-2021-11-19-at-1-52-48-AM_png.rf.d2e807d0946ccc827245c4e2c85a3880.jpg,c1a54f5a52625e7a
train,Acral_Lentiginous_Melanoma,Screen-Shot-2021-11-19-at-1-52-59-AM_png.rf.1aeaa2c332c7ed97387a595860493b33.jpg,C:\Users\venka\Documents\Project\data\processed\train\Acral_Lentiginous_Melanoma\Screen-Shot-2021-11-19-at-1-52-59-AM_png.rf.1aeaa2c332c7ed97387a595860493b33.jpg,d5956a953a813b53
train,Acral_Lentiginous_Melanoma,Screen-Shot-2021-11-19-at-1-52-59-AM_png.rf.79696f974d3c334fc025622488d17a80.jpg,C:\Users\venka\Documents\Project\data\processed\train\Acral_Lentiginous_Melanoma\Screen-Shot-2021-11-19-at-1-52-59-AM_png.rf.79696f974d3c334fc025622488d17a80.jpg,d56a52613be52b23
train,Acral_Lentiginous_Melanoma,Screen-Shot-2021-11-19-at-1-53-28-AM_png.rf.5ab55ade8f790ecc2fbd522ad3b41f31.jpg,C:\Users\venka\Documents\Project\data\processed\train\Acral_Lentiginous_Melanoma\Screen-Shot-2021-11-19-at-1-53-28-AM_png.rf.5ab55ade8f790ecc2fbd522ad3b41f31.jpg,c1973fd8f008ca6e
train,Acral_Lentiginous_Melanoma,Screen-Shot-2021-11-19-at-1-53-28-AM_png.rf.a0dbf0c64827c49f8efeceb53b648186.jpg,C:\Users\venka\Documents\Project\data\processed\train\Acral_Lentiginous_Melanoma\Screen-Shot-2021-11-19-at-1-53-28-AM_png.rf.a0dbf0c64827c49f8efeceb53b648186.jpg,8d8975746a72cb4a
train,Acral_Lentiginous_Melanoma,Screen-Shot-2021-11-19-at-1-53-28-AM_png.rf.a2884de40fd8adaf33ae89293da22b69.jpg,C:\Users\venka\Documents\Project\data\processed\train\Acral_Lentiginous_Melanoma\Screen-Shot-2021-11-19-at-1-53-28-AM_png.rf.a2884de40fd8adaf33ae89293da22b69.jpg,95d0c7de97949690
train,Acral_Lentiginous_Melanoma,Screen-Shot-2021-11-19-at-1-53-47-AM_png.rf.26c000f945caefae854d0aa6487d0b11.jpg,C:\Users\venka\Documents\Project\data\processed\train\Acral_Lentiginous_Melanoma\Screen-Shot-2021-11-19-at-1-53-47-AM_png.rf.26c000f945caefae854d0aa6487d0b11.jpg,85891ade39c639d6
train,Acral_Lentiginous_Melanoma,Screen-Shot-2021-11-19-at-1-54-25-AM_png.rf.acd80b0893b770fec3b558dc7dd40286.jpg,C:\Users\venka\Documents\Project\data\processed\train\Acral_Lentiginous_Melanoma\Screen-Shot-2021-11-19-at-1-54-25-AM_png.rf.acd80b0893b770fec3b558dc7dd40286.jpg,81d47a4a5f4b4e4b
train,Acral_Lentiginous_Melanoma,Screen-Shot-2021-11-19-at-1-54-25-AM_png.rf.e353940e381c225c1b4b45bf563c173c.jpg,C:\Users\venka\Documents\Project\data\processed\train\Acral_Lentiginous_Melanoma\Screen-Shot-2021-11-19-at-1-54-25-AM_png.rf.e353940e381c225c1b4b45bf563c173c.jpg,90dcef344f224d2b
train,Acral_Lentiginous_Melanoma,Screen-Shot-2021-11-19-at-1-54-57-AM_png.rf.78e522d7a56bc1af55a625aac84f9eb7.jpg,C:\Users\venka\Documents\Project\data\processed\train\Acral_Lentiginous_Melanoma\Screen-Shot-2021-11-19-at-1-54-57-AM_png.rf.78e522d7a56bc1af55a625aac84f9eb7.jpg,c01b33b43d367ca5
train,Acral_Lentiginous_Melanoma,Screen-Shot-2021-11-19-at-1-54-57-AM_png.rf.bc576916eadbd69c6d35860ea73c3ac9.jpg,C:\Users\venka\Documents\Project\data\processed\train\Acral_Lentiginous_Melanoma\Screen-Shot-2021-11-19-at-1-54-57-AM_png.rf.bc576916eadbd69c6d35860ea73c3ac9.jpg,91743f8a4a633537
train,Acral_Lentiginous_Melanoma,Screen-Shot-2021-11-19-at-1-55-04-AM_png.rf.2d175e3989539881845c596d8e4cbd6d.jpg,C:\Users\venka\Documents\Project\data\processed\train\Acral_Lentiginous_Melanoma\Screen-Shot-2021-11-19-at-1-55-04-AM_png.rf.2d175e3989539881845c596d8e4cbd6d.jpg,d171630e3c6c3d0f
train,Acral_Lentiginous_Melanoma,Screen-Shot-2021-11-19-at-1-55-04-AM_png.rf.4485ae73d567cc03c6574d4e62971e41.jpg,C:\Users\venka\Documents\Project\data\processed\train\Acral_Lentiginous_Melanoma\Screen-Shot-2021-11-19-at-1-55-04-AM_png.rf.4485ae73d567cc03c6574d4e62971e41.jpg,c5991b962c133e6b
train,Acral_Lentiginous_Melanoma,Screen-Shot-2021-11-19-at-1-56-09-AM_png.rf.b3ff6e906c189adfe13d84f2dfc83de3.jpg,C:\Users\venka\Documents\Project\data\processed\train\Acral_Lentiginous_Melanoma\Screen-Shot-2021-11-19-at-1-56-09-AM_png.rf.b3ff6e906c189adfe13d84f2dfc83de3.jpg,80bd57907b982ed9
train,Acral_Lentiginous_Melanoma,Screen-Shot-2021-11-19-at-1-56-09-AM_png.rf.b74d2006aa9c418d882190e6e17693f2.jpg,C:\Users\venka\Documents\Project\data\processed\train\Acral_Lentiginous_Melanoma\Screen-Shot-2021-11-19-at-1-56-09-AM_png.rf.b74d2006aa9c418d882190e6e17693f2.jpg,d52a527169787179
train,Acral_Lentiginous_Melanoma,Screen-Shot-2021-11-19-at-1-56-53-AM_png.rf.379b0d343cbb4b9f9e7b1de7530659e7.jpg,C:\Users\venka\Documents\Project\data\processed\train\Acral_Lentiginous_Melanoma\Screen-Shot-2021-11-19-at-1-56-53-AM_png.rf.379b0d343cbb4b9f9e7b1de7530659e7.jpg,8170cdb4ca334b7e
train,Acral_Lentiginous_Melanoma,Screen-Shot-2021-11-19-at-1-56-53-AM_png.rf.5a24b85e65c7c05052ef8f7a9d4a6050.jpg,C:\Users\venka\Documents\Project\data\processed\train\Acral_Lentiginous_Melanoma\Screen-Shot-2021-11-19-at-1-56-53-AM_png.rf.5a24b85e65c7c05052ef8f7a9d4a6050.jpg,b00f40d64b6a5b6f
train,Acral_Lentiginous_Melanoma,Screen-Shot-2021-11-19-at-1-58-05-AM_png.rf.74dcf1ff3b7a690ff0ba344af38415bf.jpg,C:\Users\venka\Documents\Project\data\processed\train\Acral_Lentiginous_Melanoma\Screen-Shot-2021-11-19-at-1-58-05-AM_png.rf.74dcf1ff3b7a690ff0ba344af38415bf.jpg,d4a10bd706de03de
train,Acral_Lentiginous_Melanoma,Screen-Shot-2021-11-19-at-1-58-05-AM_png.rf.946b3bd1afd8b5a1d898837ade443822.jpg,C:\Users\venka\Documents\Project\data\processed\train\Acral_Lentiginous_Melanoma\Screen-Shot-2021-11-19-at-1-58-05-AM_png.rf.946b3bd1afd8b5a1d898837ade443822.jpg,d52a683e2a5a3ee1
train,Acral_Lentiginous_Melanoma,Screen-Shot-2021-11-19-at-1-58-05-AM_png.rf.a0013a44bbcb7b18e49257d2dd19704e.jpg,C:\Users\venka\Documents\Project\data\processed\train\Acral_Lentiginous_Melanoma\Screen-Shot-2021-11-19-at-1-58-05-AM_png.rf.a0013a44bbcb7b18e49257d2dd19704e.jpg,f56ac061116f3fe0
train,Acral_Lentiginous_Melanoma,Screen-Shot-2021-11-19-at-1-59-07-AM_png.rf.2887bb9d9d76416302e1008a74c5d2d5.jpg,C:\Users\venka\Documents\Project\data\processed\train\Acral_Lentiginous_Melanoma\Screen-Shot-2021-11-19-at-1-59-07-AM_png.rf.2887bb9d9d76416302e1008a74c5d2d5.jpg,80be67b16c9d2d15
train,Acral_Lentiginous_Melanoma,Screen-Shot-2021-11-19-at-1-59-07-AM_png.rf.f3079ac457f78caa55aacf32b190e3e9.jpg,C:\Users\venka\Documents\Project\data\processed\train\Acral_Lentiginous_Melanoma\Screen-Shot-2021-11-19-at-1-59-07-AM_png.rf.f3079ac457f78caa55aacf32b190e3e9.jpg,a06255d57ed66cc8
train,Acral_Lentiginous_Melanoma,Screen-Shot-2021-11-19-at-1-59-34-AM_png.rf.25366d2aef32722ee09d7b52b4698616.jpg,C:\Users\venka\Documents\Project\data\processed\train\Acral_Lentiginous_Melanoma\Screen-Shot-2021-11-19-at-1-59-34-AM_png.rf.25366d2aef32722ee09d7b52b4698616.jpg,d5951495357b3d60
train,Acral_Lentiginous_Melanoma,Screen-Shot-2021-11-19-at-1-59-34-AM_png.rf.299f69016421a9c25ef6abbbd09bf967.jpg,C:\Users\venka\Documents\Project\data\processed\train\Acral_Lentiginous_Melanoma\Screen-Shot-2021-11-19-at-1-59-34-AM_png.rf.299f69016421a9c25ef6abbbd09bf967.jpg,c0744bb71a854f97
train,Acral_Lentiginous_Melanoma,Screen-Shot-2021-11-19-at-12-16-49-AM_png.rf.20ba8ba2b2f99a4aad2b4ca5955d3642.jpg,C:\Users\venka\Documents\Project\data\processed\train\Acral_Lentiginous_Melanoma\Screen-Shot-2021-11-19-at-12-16-49-AM_png.rf.20ba8ba2b2f99a4aad2b4ca5955d3642.jpg,c00f4fcb2d3c3dd0
train,Acral_Lentiginous_Melanoma,Screen-Shot-2021-11-19-at-12-16-49-AM_png.rf.a5c3ab425586b1146605182211d943c2.jpg,C:\Users\venka\Documents\Project\data\processed\train\Acral_Lentiginous_Melanoma\Screen-Shot-2021-11-19-at-12-16-49-AM_png.rf.a5c3ab425586b1146605182211d943c2.jpg,e5c01a31399f351f
train,Acral_Lentiginous_Melanoma,Screen-Shot-2021-11-19-at-12-16-56-AM_png.rf.47b36876329cdd36dbffea274b4f5133.jpg,C:\Users\venka\Documents\Project\data\processed\train\Acral_Lentiginous_Melanoma\Screen-Shot-2021-11-19-at-12-16-56-AM_png.rf.47b36876329cdd36dbffea274b4f5133.jpg,c2d8c8963bad6596
train,Acral_Lentiginous_Melanoma,Screen-Shot-2021-11-19-at-12-16-56-AM_png.rf.ac5d802e6237c3338a04088417e73a95.jpg,C:\Users\venka\Documents\Project\data\processed\train\Acral_Lentiginous_Melanoma\Screen-Shot-2021-11-19-at-12-16-56-AM_png.rf.ac5d802e6237c3338a04088417e73a95.jpg,c66fc9693a366530
train,Acral_Lentiginous_Melanoma,Screen-Shot-2021-11-19-at-12-19-04-AM_png.rf.0311028dd5e930d894e8f383e84347ba.jpg,C:\Users\venka\Documents\Project\data\processed\train\Acral_Lentiginous_Melanoma\Screen-Shot-2021-11-19-at-12-19-04-AM_png.rf.0311028dd5e930d894e8f383e84347ba.jpg,c11f3ae1edc0963a
train,Acral_Lentiginous_Melanoma,Screen-Shot-2021-11-19-at-12-19-04-AM_png.rf.6b564598851cdc3efcdb5c1ef29914cd.jpg,C:\Users\venka\Documents\Project\data\processed\train\Acral_Lentiginous_Melanoma\Screen-Shot-2021-11-19-at-12-19-04-AM_png.rf.6b564598851cdc3efcdb5c1ef29914cd.jpg,ce3e606939f12764
train,Acral_Lentiginous_Melanoma,Screen-Shot-2021-11-19-at-12-19-04-AM_png.rf.8104da59b21cb296d52e84426f6b624e.jpg,C:\Users\venka\Documents\Project\data\processed\train\Acral_Lentiginous_Melanoma\Screen-Shot-2021-11-19-at-12-19-04-AM_png.rf.8104da59b21cb296d52e84426f6b624e.jpg,9e34616939b72666
train,Acral_Lentiginous_Melanoma,Screen-Shot-2021-11-19-at-12-22-33-AM_png.rf.50b8368645f50361254e5bc9387ec0c0.jpg,C:\Users\venka\Documents\Project\data\processed\train\Acral_Lentiginous_Melanoma\Screen-Shot-2021-11-19-at-12-22-33-AM_png.rf.50b8368645f50361254e5bc9387ec0c0.jpg,f83f60f235816a8b
train,Acral_Lentiginous_Melanoma,Screen-Shot-2021-11-19-at-12-22-33-AM_png.rf.9ad2679e2ec23fa5aba66c03ecb824a9.jpg,C:\Users\venka\Documents\Project\data\processed\train\Acral_Lentiginous_Melanoma\Screen-Shot-2021-11-19-at-12-22-33-AM_png.rf.9ad2679e2ec23fa5aba66c03ecb824a9.jpg,dd87638d42a54b96
train,Acral_Lentiginous_Melanoma,Screen-Shot-2021-11-19-at-12-37-14-AM_png.rf.3b727e95e0bd55c53792de10a574da8c.jpg,C:\Users\venka\Documents\Project\data\processed\train\Acral_Lentiginous_Melanoma\Screen-Shot-2021-11-19-at-12-37-14-AM_png.rf.3b727e95e0bd55c53792de10a574da8c.jpg,84d47e8b71832b4f
train,Acral_Lentiginous_Melanoma,Screen-Shot-2021-11-19-at-12-37-14-AM_png.rf.47ba0f2754d6c14d5855b23762a347f5.jpg,C:\Users\venka\Documents\Project\data\processed\train\Acral_Lentiginous_Melanoma\Screen-Shot-2021-11-19-at-12-37-14-AM_png.rf.47ba0f2754d6c14d5855b23762a347f5.jpg,d468264f1b6f92d8
train,Acral_Lentiginous_Melanoma,Screen-Shot-2021-11-19-at-12-38-04-AM_png.rf.402c111a83e6e7b2028e813289c9bbd2.jpg,C:\Users\venka\Documents\Project\data\processed\train\Acral_Lentiginous_Melanoma\Screen-Shot-2021-11-19-at-12-38-04-AM_png.rf.402c111a83e6e7b2028e813289c9bbd2.jpg,817e6e7820b3a796
train,Acral_Lentiginous_Melanoma,Screen-Shot-2021-11-19-at-12-38-04-AM_png.rf.98550d359d708f4c2ae79bd32a6d29d8.jpg,C:\Users\venka\Documents\Project\data\processed\train\Acral_Lentiginous_Melanoma\Screen-Shot-2021-11-19-at-12-38-04-AM_png.rf.98550d359d708f4c2ae79bd32a6d29d8.jpg,85751f32782362e7
train,Acral_Lentiginous_Melanoma,Screen-Shot-2021-11-19-at-12-38-04-AM_png.rf.c8f80445c8d40addd33261f3872cc1a0.jpg,C:\Users\venka\Documents\Project\data\processed\train\Acral_Lentiginous_Melanoma\Screen-Shot-2021-11-19-at-12-38-04-AM_png.rf.c8f80445c8d40addd33261f3872cc1a0.jpg,d58121e70fc72f94
train,Acral_Lentiginous_Melanoma,Screen-Shot-2021-11-19-at-12-39-46-AM_png.rf.9b4b9a4996b4e1b0ed5b3c37635d243d.jpg,C:\Users\venka\Documents\Project\data\processed\train\Acral_Lentiginous_Melanoma\Screen-Shot-2021-11-19-at-12-39-46-AM_png.rf.9b4b9a4996b4e1b0ed5b3c37635d243d.jpg,c18216e51ade7bd2
train,Acral_Lentiginous_Melanoma,Screen-Shot-2021-11-19-at-12-39-46-AM_png.rf.e07dc89ff981fc78e3d4b8c476b45228.jpg,C:\Users\venka\Documents\Project\data\processed\train\Acral_Lentiginous_Melanoma\Screen-Shot-2021-11-19-at-12-39-46-AM_png.rf.e07dc89ff981fc78e3d4b8c476b45228.jpg,806a3f9795cfc84a
train,Acral_Lentiginous_Melanoma,Screen-Shot-2021-11-19-at-12-41-44-AM_png.rf.c9b5696b3f12313ae5e70239285cee51.jpg,C:\Users\venka\Documents\Project\data\processed\train\Acral_Lentiginous_Melanoma\Screen-Shot-2021-11-19-at-12-41-44-AM_png.rf.c9b5696b3f12313ae5e70239285cee51.jpg,806f6d94c58c4fad
train,Acral_Lentiginous_Melanoma,Screen-Shot-2021-11-19-at-12-45-12-AM_png.rf.0071966d88e25ca66e2c4f557d703e02.jpg,C:\Users\venka\Documents\Project\data\processed\train\Acral_Lentiginous_Melanoma\Screen-Shot-2021-11-19-at-12-45-12-AM_png.rf.0071966d88e25ca66e2c4f557d703e02.jpg,b07043c61fca5fc9
train,Acral_Lentiginous_Melanoma,Screen-Shot-2021-11-19-at-12-45-12-AM_png.rf.b3020cf32342a0de980ba2b3efdcf5e5.jpg,C:\Users\venka\Documents\Project\data\processed\train\Acral_Lentiginous_Melanoma\Screen-Shot-2021-11-19-at-12-45-12-AM_png.rf.b3020cf32342a0de980ba2b3efdcf5e5.jpg,c028c3e70f743fd2
train,Acral_Lentiginous_Melanoma,Screen-Shot-2021-11-19-at-12-45-12-AM_png.rf.c4c0fbb55ca37e040981abb977ede839.jpg,C:\Users\venka\Documents\Project\data\processed\train\Acral_Lentiginous_Melanoma\Screen-Shot-2021-11-19-at-12-45-12-AM_png.rf.c4c0fbb55ca37e040981abb977ede839.jpg,e5a81ed01a9f34da
train,Acral_Lentiginous_Melanoma,Screen-Shot-2021-11-19-at-12-48-20-AM_png.rf.74a3e7534f3c7c84000420596ef1527c.jpg,C:\Users\venka\Documents\Project\data\processed\train\Acral_Lentiginous_Melanoma\Screen-Shot-2021-11-19-at-12-48-20-AM_png.rf.74a3e7534f3c7c84000420596ef1527c.jpg,80755f587e702f70
train,Acral_Lentiginous_Melanoma,Screen-Shot-2021-11-19-at-12-48-20-AM_png.rf.9bd7383d03d1e6d343587da333b05cab.jpg,C:\Users\venka\Documents\Project\data\processed\train\Acral_Lentiginous_Melanoma\Screen-Shot-2021-11-19-at-12-48-20-AM_png.rf.9bd7383d03d1e6d343587da333b05cab.jpg,d5154a976a9d6a94
train,Acral_Lentiginous_Melanoma,Screen-Shot-2021-11-19-at-12-48-20-AM_png.rf.fdce9c929100b50f99cfd446caffa143.jpg,C:\Users\venka\Documents\Project\data\processed\train\Acral_Lentiginous_Melanoma\Screen-Shot-2021-11-19-at-12-48-20-AM_png.rf.fdce9c929100b50f99cfd446caffa143.jpg,806437537e63786b
train,Acral_Lentiginous_Melanoma,Screen-Shot-2021-11-19-at-12-48-45-AM_png.rf.294141286503c3a82c52c76536fdd130.jpg,C:\Users\venka\Documents\Project\data\processed\train\Acral_Lentiginous_Melanoma\Screen-Shot-2021-11-19-at-12-48-45-AM_png.rf.294141286503c3a82c52c76536fdd130.jpg,c09755325e274b8f
train,Acral_Lentiginous_Melanoma,Screen-Shot-2021-11-19-at-12-48-45-AM_png.rf.94e5e45366d5f12e4bcf11dd63ee31ba.jpg,C:\Users\venka\Documents\Project\data\processed\train\Acral_Lentiginous_Melanoma\Screen-Shot-2021-11-19-at-12-48-45-AM_png.rf.94e5e45366d5f12e4bcf11dd63ee31ba.jpg,d58212790b671ee7
train,Acral_Lentiginous_Melanoma,Screen-Shot-2021-11-19-at-12-49-30-AM_png.rf.52335ccea64296f87fbe5885a1f4f00e.jpg,C:\Users\venka\Documents\Project\data\processed\train\Acral_Lentiginous_Melanoma\Screen-Shot-2021-11-19-at-12-49-30-AM_png.rf.52335ccea64296f87fbe5885a1f4f00e.jpg,c4e86a3535d7136a
train,Acral_Lentiginous_Melanoma,Screen-Shot-2021-11-19-at-12-49-30-AM_png.rf.6f45d58524c25d83962a2f3221ad36b6.jpg,C:\Users\venka\Documents\Project\data\processed\train\Acral_Lentiginous_Melanoma\Screen-Shot-2021-11-19-at-12-49-30-AM_png.rf.6f45d58524c25d83962a2f3221ad36b6.jpg,c4c02a6a356f92f7
train,Acral_Lentiginous_Melanoma,Screen-Shot-2021-11-19-at-12-49-30-AM_png.rf.a8192af58001eb7801f4afdbbaf46366.jpg,C:\Users\venka\Documents\Project\data\processed\train\Acral_Lentiginous_Melanoma\Screen-Shot-2021-11-19-at-12-49-30-AM_png.rf.a8192af58001eb7801f4afdbbaf46366.jpg,956a1f6578de80e8
train,Acral_Lentiginous_Melanoma,Screen-Shot-2021-11-19-at-12-52-33-AM_png.rf.9bcd9d743d3891e776917921471ff08f.jpg,C:\Users\venka\Documents\Project\data\processed\train\Acral_Lentiginous_Melanoma\Screen-Shot-2021-11-19-at-12-52-33-AM_png.rf.9bcd9d743d3891e776917921471ff08f.jpg,9548420f7f7a3939
train,Acral_Lentiginous_Melanoma,Screen-Shot-2021-11-19-at-12-52-33-AM_png.rf.d01308422291f5112842328db88fb811.jpg,C:\Users\venka\Documents\Project\data\processed\train\Acral_Lentiginous_Melanoma\Screen-Shot-2021-11-19-at-12-52-33-AM_png.rf.d01308422291f5112842328db88fb811.jpg,852a17783f787e60
train,Acral_Lentiginous_Melanoma,Screen-Shot-2021-11-19-at-12-55-05-AM_png.rf.575cf25a8eaae343524270d4b1b426dc.jpg,C:\Users\venka\Documents\Project\data\processed\train\Acral_Lentiginous_Melanoma\Screen-Shot-2021-11-19-at-12-55-05-AM_png.rf.575cf25a8eaae343524270d4b1b426dc.jpg,a946555a4a696b6d
train,Acral_Lentiginous_Melanoma,Screen-Shot-2021-11-19-at-12-55-05-AM_png.rf.d6e322caa6a2b978104b1c6787dd0485.jpg,C:\Users\venka\Documents\Project\data\processed\train\Acral_Lentiginous_Melanoma\Screen-Shot-2021-11-19-at-12-55-05-AM_png.rf.d6e322caa6a2b978104b1c6787dd0485.jpg,fd2ad000423d9b7f
train,Acral_Lentiginous_Melanoma,Screen-Shot-2021-11-19-at-12-55-05-AM_png.rf.ebaf65815b49a2d05dfab0c0aac60dba.jpg,C:\Users\venka\Documents\Project\data\processed\train\Acral_Lentiginous_Melanoma\Screen-Shot-2021-11-19-at-12-55-05-AM_png.rf.ebaf65815b49a2d05dfab0c0aac60dba.jpg,955a442e4a6e4f6e
train,Acral_Lentiginous_Melanoma,Screen-Shot-2021-11-19-at-12-55-17-AM_png.rf.41668fe93f3bf220870903e0c291c289.jpg,C:\Users\venka\Documents\Project\data\processed\train\Acral_Lentiginous_Melanoma\Screen-Shot-2021-11-19-at-12-55-17-AM_png.rf.41668fe93f3bf220870903e0c291c289.jpg,d4632ade3cd471d0
train,Acral_Lentiginous_Melanoma,Screen-Shot-2021-11-19-at-12-55-17-AM_png.rf.f4c20eb4714dfcd9933ee8305c5353f2.jpg,C:\Users\venka\Documents\Project\data\processed\train\Acral_Lentiginous_Melanoma\Screen-Shot-2021-11-19-at-12-55-17-AM_png.rf.f4c20eb4714dfcd9933ee8305c5353f2.jpg,c5373a996d483365
train,Acral_Lentiginous_Melanoma,Screen-Shot-2021-11-19-at-12-55-27-AM_png.rf.7e3beeba3a3da7a47d76dad3846fa1df.jpg,C:\Users\venka\Documents\Project\data\processed\train\Acral_Lentiginous_Melanoma\Screen-Shot-2021-11-19-at-12-55-27-AM_png.rf.7e3beeba3a3da7a47d76dad3846fa1df.jpg,d0a002d52fd72ed7
train,Acral_Lentiginous_Melanoma,Screen-Shot-2021-11-19-at-12-55-27-AM_png.rf.b66cd0d0e14c3e5f8bb042650bacfc4c.jpg,C:\Users\venka\Documents\Project\data\processed\train\Acral_Lentiginous_Melanoma\Screen-Shot-2021-11-19-at-12-55-27-AM_png.rf.b66cd0d0e14c3e5f8bb042650bacfc4c.jpg,945d72243b8d3d95
train,Acral_Lentiginous_Melanoma,Screen-Shot-2021-11-19-at-12-55-39-AM_png.rf.3f382c20cdd7b5bab086cbda3732aca3.jpg,C:\Users\venka\Documents\Project\data\processed\train\Acral_Lentiginous_Melanoma\Screen-Shot-2021-11-19-at-12-55-39-AM_png.rf.3f382c20cdd7b5bab086cbda3732aca3.jpg,94a52f7e30d6619a
train,Acral_Lentiginous_Melanoma,Screen-Shot-2021-11-19-at-12-55-39-AM_png.rf.b6943cfff6c0bcd3915e12167472db85.jpg,C:\Users\venka\Documents\Project\data\processed\train\Acral_Lentiginous_Melanoma\Screen-Shot-2021-11-19-at-12-55-39-AM_png.rf.b6943cfff6c0bcd3915e12167472db85.jpg,95257a46626ac7ce
train,Acral_Lentiginous_Melanoma,Screen-Shot-2021-11-19-at-12-56-04-AM_png.rf.591aad84ea163863284ff54dd3275cf2.jpg,C:\Users\venka\Documents\Project\data\processed\train\Acral_Lentiginous_Melanoma\Screen-Shot-2021-11-19-at-12-56-04-AM_png.rf.591aad84ea163863284ff54dd3275cf2.jpg,957f6a0a4f352a31
train,Acral_Lentiginous_Melanoma,Screen-Shot-2021-11-19-at-12-56-15-AM_png.rf.84e56de047f5feb0259b30e551628693.jpg,C:\Users\venka\Documents\Project\data\processed\train\Acral_Lentiginous_Melanoma\Screen-Shot-2021-11-19-at-12-56-15-AM_png.rf.84e56de047f5feb0259b30e551628693.jpg,c49439cb324f726e
train,Acral_Lentiginous_Melanoma,Screen-Shot-2021-11-19-at-12-56-15-AM_png.rf.ceae6e65420f2f00d0d51edf6c0142c1.jpg,C:\Users\venka\Documents\Project\data\processed\train\Acral_Lentiginous_Melanoma\Screen-Shot-2021-11-19-at-12-56-15-AM_png.rf.ceae6e65420f2f00d0d51edf6c0142c1.jpg,d01f2ff060e127e5
train,Acral_Lentiginous_Melanoma,Screen-Shot-2021-11-19-at-12-56-31-AM_png.rf.476b10bc6fc9e62338710c883d7de4c1.jpg,C:\Users\venka\Documents\Project\data\processed\train\Acral_Lentiginous_Melanoma\Screen-Shot-2021-11-19-at-12-56-31-AM_png.rf.476b10bc6fc9e62338710c883d7de4c1.jpg,807d52423f69dc1f
train,Acral_Lentiginous_Melanoma,Screen-Shot-2021-11-19-at-12-56-31-AM_png.rf.d4e007a752dda5128c7ffa964ed97419.jpg,C:\Users\venka\Documents\Project\data\processed\train\Acral_Lentiginous_Melanoma\Screen-Shot-2021-11-19-at-12-56-31-AM_png.rf.d4e007a752dda5128c7ffa964ed97419.jpg,d7664c714b696943
train,Acral_Lentiginous_Melanoma,Screen-Shot-2021-11-19-at-12-56-31-AM_png.rf.dd7d7c0965ef0fc48d8b3d9fa0727d32.jpg,C:\Users\venka\Documents\Project\data\processed\train\Acral_Lentiginous_Melanoma\Screen-Shot-2021-11-19-at-12-56-31-AM_png.rf.dd7d7c0965ef0fc48d8b3d9fa0727d32.jpg,807c1f5f783a436a
train,Acral_Lentiginous_Melanoma,Screen-Shot-2021-11-19-at-2-05-59-AM_png.rf.0f7c3b50aad8c7ce11244ed69bbd3d73.jpg,C:\Users\venka\Documents\Project\data\processed\train\Acral_Lentiginous_Melanoma\Screen-Shot-2021-11-19-at-2-05-59-AM_png.rf.0f7c3b50aad8c7ce11244ed69bbd3d73.jpg,d57d18231e373a0e
train,Acral_Lentiginous_Melanoma,Screen-Shot-2021-11-19-at-2-05-59-AM_png.rf.e8547a520c91a1b113a22f20641625f9.jpg,C:\Users\venka\Documents\Project\data\processed\train\Acral_Lentiginous_Melanoma\Screen-Shot-2021-11-19-at-2-05-59-AM_png.rf.e8547a520c91a1b113a22f20641625f9.jpg,80c05fd85f815adf
train,Acral_Lentiginous_Melanoma,Screen-Shot-2021-11-19-at-2-05-59-AM_png.rf.eb6b2860ec46baea8eb676a872b749b4.jpg,C:\Users\venka\Documents\Project\data\processed\train\Acral_Lentiginous_Melanoma\Screen-Shot-2021-11-19-at-2-05-59-AM_png.rf.eb6b2860ec46baea8eb676a872b749b4.jpg,80f03f97782e7a8c
train,Acral_Lentiginous_Melanoma,Screen-Shot-2021-11-19-at-2-06-15-AM_png.rf.721bbdb5d89e3ecebd977d793c13d475.jpg,C:\Users\venka\Documents\Project\data\processed\train\Acral_Lentiginous_Melanoma\Screen-Shot-2021-11-19-at-2-06-15-AM_png.rf.721bbdb5d89e3ecebd977d793c13d475.jpg,878f788566bc6ab0
train,Acral_Lentiginous_Melanoma,Screen-Shot-2021-11-19-at-2-06-15-AM_png.rf.daa5081589dd39ec3f572bd8f47232aa.jpg,C:\Users\venka\Documents\Project\data\processed\train\Acral_Lentiginous_Melanoma\Screen-Shot-2021-11-19-at-2-06-15-AM_png.rf.daa5081589dd39ec3f572bd8f47232aa.jpg,80173f786fc04bcd
train,Acral_Lentiginous_Melanoma,Screen-Shot-2021-11-19-at-2-08-22-AM_png.rf.3770719fb888d1a5eea4977dfb63c409.jpg,C:\Users\venka\Documents\Project\data\processed\train\Acral_Lentiginous_Melanoma\Screen-Shot-2021-11-19-at-2-08-22-AM_png.rf.3770719fb888d1a5eea4977dfb63c409.jpg,9597709a27713e61
train,Acral_Lentiginous_Melanoma,Screen-Shot-2021-11-19-at-2-08-22-AM_png.rf.38e1a20b3e537a13e6be78ef8ac1e1e5.jpg,C:\Users\venka\Documents\Project\data\processed\train\Acral_Lentiginous_Melanoma\Screen-Shot-2021-11-19-at-2-08-22-AM_png.rf.38e1a20b3e537a13e6be78ef8ac1e1e5.jpg,c1bd2dc172c79386
train,Acral_Lentiginous_Melanoma,Screen-Shot-2021-11-19-at-2-08-22-AM_png.rf.b5f5f0599eacdfcbcf04c0eecd1b1016.jpg,C:\Users\venka\Documents\Project\data\processed\train\Acral_Lentiginous_Melanoma\Screen-Shot-2021-11-19-at-2-08-22-AM_png.rf.b5f5f0599eacdfcbcf04c0eecd1b1016.jpg,9595796a63614e27
train,Acral_Lentiginous_Melanoma,Screen-Shot-2021-11-19-at-2-08-47-AM_png.rf.5799fe9280f8be71b0bad413d915c906.jpg,C:\Users\venka\Documents\Project\data\processed\train\Acral_Lentiginous_Melanoma\Screen-Shot-2021-11-19-at-2-08-47-AM_png.rf.5799fe9280f8be71b0bad413d915c906.jpg,81a97c9e74366371
train,Acral_Lentiginous_Melanoma,Screen-Shot-2021-11-19-at-2-08-47-AM_png.rf.9d19ecb685dc0ece8575bb1ef69e6f2a.jpg,C:\Users\venka\Documents\Project\data\processed\train\Acral_Lentiginous_Melanoma\Screen-Shot-2021-11-19-at-2-08-47-AM_png.rf.9d19ecb685dc0ece8575bb1ef69e6f2a.jpg,84b07a65694b696f
train,Acral_Lentiginous_Melanoma,Screen-Shot-2021-11-19-at-2-08-47-AM_png.rf.9ee401b66520c447446c98d188fee07a.jpg,C:\Users\venka\Documents\Project\data\processed\train\Acral_Lentiginous_Melanoma\Screen-Shot-2021-11-19-at-2-08-47-AM_png.rf.9ee401b66520c447446c98d188fee07a.jpg,d5062b67259236dd
train,Acral_Lentiginous_Melanoma,Screen-Shot-2021-11-19-at-2-08-55-AM_png.rf.b1c932ae19e43f66c02cf88e08ee4b28.jpg,C:\Users\venka\Documents\Project\data\processed\train\Acral_Lentiginous_Melanoma\Screen-Shot-2021-11-19-at-2-08-55-AM_png.rf.b1c932ae19e43f66c02cf88e08ee4b28.jpg,81637b45685e69ae
train,Acral_Lentiginous_Melanoma,Screen-Shot-2021-11-19-at-2-08-55-AM_png.rf.ea7e28d52471748b524d689406c88743.jpg,C:\Users\venka\Documents\Project\data\processed\train\Acral_Lentiginous_Melanoma\Screen-Shot-2021-11-19-at-2-08-55-AM_png.rf.ea7e28d52471748b524d689406c88743.jpg,80ab3fb570a6714b
train,Acral_Lentiginous_Melanoma,Screen-Shot-2021-11-19-at-2-09-03-AM_png.rf.6e73403822df31858b13c7d788e39f33.jpg,C:\Users\venka\Documents\Project\data\processed\train\Acral_Lentiginous_Melanoma\Screen-Shot-2021-11-19-at-2-09-03-AM_png.rf.6e73403822df31858b13c7d788e39f33.jpg,d6294a7d20756765
train,Acral_Lentiginous_Melanoma,Screen-Shot-2021-11-19-at-2-09-03-AM_png.rf.b5e50a530db5587436b1d7377a313b45.jpg,C:\Users\venka\Documents\Project\data\processed\train\Acral_Lentiginous_Melanoma\Screen-Shot-2021-11-19-at-2-09-03-AM_png.rf.b5e50a530db5587436b1d7377a313b45.jpg,c1e149d06c973ecb
train,Acral_Lentiginous_Melanoma,Screen-Shot-2021-11-19-at-2-09-03-AM_png.rf.f8ecef3a1a4d32caa5f3610e51fbd194.jpg,C:\Users\venka\Documents\Project\data\processed\train\Acral_Lentiginous_Melanoma\Screen-Shot-2021-11-19-at-2-09-03-AM_png.rf.f8ecef3a1a4d32caa5f3610e51fbd194.jpg,95687a6378426b4f
train,Acral_Lentiginous_Melanoma,Screen-Shot-2021-11-19-at-2-10-05-AM_png.rf.bc4eceb8986640e3050ce5226fd04bfa.jpg,C:\Users\venka\Documents\Project\data\processed\train\Acral_Lentiginous_Melanoma\Screen-Shot-2021-11-19-at-2-10-05-AM_png.rf.bc4eceb8986640e3050ce5226fd04bfa.jpg,d59622153a6639f3
train,Acral_Lentiginous_Melanoma,Screen-Shot-2021-11-19-at-2-10-19-AM_png.rf.48a88f4a3330edd6667f3ad99fa5b793.jpg,C:\Users\venka\Documents\Project\data\processed\train\Acral_Lentiginous_Melanoma\Screen-Shot-2021-11-19-at-2-10-19-AM_png.rf.48a88f4a3330edd6667f3ad99fa5b793.jpg,c0907b7732c3c6ce
train,Acral_Lentiginous_Melanoma,Screen-Shot-2021-11-19-at-2-10-19-AM_png.rf.cb5ca0e87c8a9f81433cde4f21f6b59d.jpg,C:\Users\venka\Documents\Project\data\processed\train\Acral_Lentiginous_Melanoma\Screen-Shot-2021-11-19-at-2-10-19-AM_png.rf.cb5ca0e87c8a9f81433cde4f21f6b59d.jpg,d59540073b1b6e3b
train,Acral_Lentiginous_Melanoma,Screen-Shot-2021-11-19-at-2-11-28-AM_png.rf.521a58b07bb8d4c5b8ae089a6218d248.jpg,C:\Users\venka\Documents\Project\data\processed\train\Acral_Lentiginous_Melanoma\Screen-Shot-2021-11-19-at-2-11-28-AM_png.rf.521a58b07bb8d4c5b8ae089a6218d248.jpg,c060c78f0f9c2f97
train,Acral_Lentiginous_Melanoma,Screen-Shot-2021-11-19-at-2-11-49-AM_png.rf.2292588171e0f13bcbaee50b8a75cb9e.jpg,C:\Users\venka\Documents\Project\data\processed\train\Acral_Lentiginous_Melanoma\Screen-Shot-2021-11-19-at-2-11-49-AM_png.rf.2292588171e0f13bcbaee50b8a75cb9e.jpg,c54a1ef56ac66a94
train,Acral_Lentiginous_Melanoma,Screen-Shot-2021-11-19-at-2-11-49-AM_png.rf.2b7a7fd03f5d9ed4aa6e3b1f775d8516.jpg,C:\Users\venka\Documents\Project\data\processed\train\Acral_Lentiginous_Melanoma\Screen-Shot-2021-11-19-at-2-11-49-AM_png.rf.2b7a7fd03f5d9ed4aa6e3b1f775d8516.jpg,85761e974a917a95
train,Acral_Lentiginous_Melanoma,Screen-Shot-2021-11-19-at-2-11-49-AM_png.rf.59d3d8ca967b3fc326f5716829266531.jpg,C:\Users\venka\Documents\Project\data\processed\train\Acral_Lentiginous_Melanoma\Screen-Shot-2021-11-19-at-2-11-49-AM_png.rf.59d3d8ca967b3fc326f5716829266531.jpg,85d597a24ab56a93
train,Acral_Lentiginous_Melanoma,Screen-Shot-2021-11-19-at-2-13-04-AM_png.rf.cbd17513af1372a668d17c3f310499e0.jpg,C:\Users\venka\Documents\Project\data\processed\train\Acral_Lentiginous_Melanoma\Screen-Shot-2021-11-19-at-2-13-04-AM_png.rf.cbd17513af1372a668d17c3f310499e0.jpg,c0856b6e6e72686e
train,Acral_Lentiginous_Melanoma,Screen-Shot-2021-11-19-at-2-13-48-AM_png.rf.7a713b76894a6397aa8ef02b5f603c36.jpg,C:\Users\venka\Documents\Project\data\processed\train\Acral_Lentiginous_Melanoma\Screen-Shot-2021-11-19-at-2-13-48-AM_png.rf.7a713b76894a6397aa8ef02b5f603c36.jpg,f56a01e23f8f2391
train,Acral_Lentiginous_Melanoma,Screen-Shot-2021-11-19-at-2-13-55-AM_png.rf.12855c446e666f1fd3c44c029a084bf6.jpg,C:\Users\venka\Documents\Project\data\processed\train\Acral_Lentiginous_Melanoma\Screen-Shot-2021-11-19-at-2-13-55-AM_png.rf.12855c446e666f1fd3c44c029a084bf6.jpg,d04bc96d2f245b96
train,Acral_Lentiginous_Melanoma,Screen-Shot-2021-11-19-at-2-13-55-AM_png.rf.5733f14cb50a96f7954b1dce6f25ad60.jpg,C:\Users\venka\Documents\Project\data\processed\train\Acral_Lentiginous_Melanoma\Screen-Shot-2021-11-19-at-2-13-55-AM_png.rf.5733f14cb50a96f7954b1dce6f25ad60.jpg,a0b51585621ded6f
train,Acral_Lentiginous_Melanoma,Screen-Shot-2021-11-19-at-2-13-55-AM_png.rf.74d032be161132ec420c951728451504.jpg,C:\Users\venka\Documents\Project\data\processed\train\Acral_Lentiginous_Melanoma\Screen-Shot-2021-11-19-at-2-13-55-AM_png.rf.74d032be161132ec420c951728451504.jpg,e04007b07f9b3d1f
train,Acral_Lentiginous_Melanoma,Screen-Shot-2021-11-19-at-2-14-13-AM_png.rf.3ddd543b89fc333b02f32ac639f0b103.jpg,C:\Users\venka\Documents\Project\data\processed\train\Acral_Lentiginous_Melanoma\Screen-Shot-2021-11-19-at-2-14-13-AM_png.rf.3ddd543b89fc333b02f32ac639f0b103.jpg,919754973f523662
train,Acral_Lentiginous_Melanoma,Screen-Shot-2021-11-19-at-2-14-13-AM_png.rf.b3ccec6e24b358775d363aa6f315a566.jpg,C:\Users\venka\Documents\Project\data\processed\train\Acral_Lentiginous_Melanoma\Screen-Shot-2021-11-19-at-2-14-13-AM_png.rf.b3ccec6e24b358775d363aa6f315a566.jpg,d51516376a6a6bc8
train,Acral_Lentiginous_Melanoma,Screen-Shot-2021-11-19-at-2-17-07-AM_png.rf.7df2e98a6c0070d76cae3d81bd26277c.jpg,C:\Users\venka\Documents\Project\data\processed\train\Acral_Lentiginous_Melanoma\Screen-Shot-2021-11-19-at-2-17-07-AM_png.rf.7df2e98a6c0070d76cae3d81bd26277c.jpg,852fb53c52d54ad2
train,Acral_Lentiginous_Melanoma,Screen-Shot-2021-11-19-at-2-17-25-AM_png.rf.8fe28dc2f1a4f9d7627e249727186336.jpg,C:\Users\venka\Documents\Project\data\processed\train\Acral_Lentiginous_Melanoma\Screen-Shot-2021-11-19-at-2-17-25-AM_png.rf.8fe28dc2f1a4f9d7627e249727186336.jpg,d5e06b7f3c11209e
train,Acral_Lentiginous_Melanoma,Screen-Shot-2021-11-19-at-2-17-25-AM_png.rf.d4f0e0705a016d312711aad180985226.jpg,C:\Users\venka\Documents\Project\data\processed\train\Acral_Lentiginous_Melanoma\Screen-Shot-2021-11-19-at-2-17-25-AM_png.rf.d4f0e0705a016d312711aad180985226.jpg,804a3fd568b4779a
train,Acral_Lentiginous_Melanoma,Screen-Shot-2021-11-19-at-2-26-44-AM_png.rf.221a3532a21c066edf5ab7e74e37dafc.jpg,C:\Users\venka\Documents\Project\data\processed\train\Acral_Lentiginous_Melanoma\Screen-Shot-2021-11-19-at-2-26-44-AM_png.rf.221a3532a21c066edf5ab7e74e37dafc.jpg,d085a7660fca4fca
train,Acral_Lentiginous_Melanoma,Screen-Shot-2021-11-19-at-2-26-44-AM_png.rf.cb854a8246f48c1eee183f80f482afa1.jpg,C:\Users\venka\Documents\Project\data\processed\train\Acral_Lentiginous_Melanoma\Screen-Shot-2021-11-19-at-2-26-44-AM_png.rf.cb854a8246f48c1eee183f80f482afa1.jpg,f5f93ae600072f19
train,Acral_Lentiginous_Melanoma,Screen-Shot-2021-11-19-at-2-27-01-AM_png.rf.55868fcd912459fd87e7e26a7c7dcaec.jpg,C:\Users\venka\Documents\Project\data\processed\train\Acral_Lentiginous_Melanoma\Screen-Shot-2021-11-19-at-2-27-01-AM_png.rf.55868fcd912459fd87e7e26a7c7dcaec.jpg,91684cdf7333388d
train,Acral_Lentiginous_Melanoma,Screen-Shot-2021-11-19-at-2-27-01-AM_png.rf.d6a289d226d16be3b7507d3f3ffa2793.jpg,C:\Users\venka\Documents\Project\data\processed\train\Acral_Lentiginous_Melanoma\Screen-Shot-2021-11-19-at-2-27-01-AM_png.rf.d6a289d226d16be3b7507d3f3ffa2793.jpg,d5952e20397a876b
train,Acral_Lentiginous_Melanoma,Screen-Shot-2021-11-19-at-2-27-33-AM_png.rf.33cd4df35512715e393ea296ace2b81c.jpg,C:\Users\venka\Documents\Project\data\processed\train\Acral_Lentiginous_Melanoma\Screen-Shot-2021-11-19-at-2-27-33-AM_png.rf.33cd4df35512715e393ea296ace2b81c.jpg,95c56a906e7a496e
train,Acral_Lentiginous_Melanoma,Screen-Shot-2021-11-19-at-2-27-33-AM_png.rf.7844aaced29932babacddc8296cab76e.jpg,C:\Users\venka\Documents\Project\data\processed\train\Acral_Lentiginous_Melanoma\Screen-Shot-2021-11-19-at-2-27-33-AM_png.rf.7844aaced29932babacddc8296cab76e.jpg,df3024cf399e88f0
train,Acral_Lentiginous_Melanoma,Screen-Shot-2021-11-19-at-2-27-56-AM_png.rf.c1e0af8818fe89b72124236344917e15.jpg,C:\Users\venka\Documents\Project\data\processed\train\Acral_Lentiginous_Melanoma\Screen-Shot-2021-11-19-at-2-27-56-AM_png.rf.c1e0af8818fe89b72124236344917e15.jpg,803d7fc070c7c3dc
train,Acral_Lentiginous_Melanoma,Screen-Shot-2021-11-19-at-2-28-32-AM_png.rf.2e57d34fbe0aeec16139783d6dd0479c.jpg,C:\Users\venka\Documents\Project\data\processed\train\Acral_Lentiginous_Melanoma\Screen-Shot-2021-11-19-at-2-28-32-AM_png.rf.2e57d34fbe0aeec16139783d6dd0479c.jpg,c0c0336a3f3c3e97
train,Acral_Lentiginous_Melanoma,Screen-Shot-2021-11-19-at-2-28-32-AM_png.rf.70c6069a51327470f33475c8c021a610.jpg,C:\Users\venka\Documents\Project\data\processed\train\Acral_Lentiginous_Melanoma\Screen-Shot-2021-11-19-at-2-28-32-AM_png.rf.70c6069a51327470f33475c8c021a610.jpg,9552ca6d496b8d6c
train,Acral_Lentiginous_Melanoma,Screen-Shot-2021-11-19-at-2-28-45-AM_png.rf.0ce45b64b01afe3a8fb1247084b73258.jpg,C:\Users\venka\Documents\Project\data\processed\train\Acral_Lentiginous_Melanoma\Screen-Shot-2021-11-19-at-2-28-45-AM_png.rf.0ce45b64b01afe3a8fb1247084b73258.jpg,80c07f2b37323b1f
train,Acral_Lentiginous_Melanoma,Screen-Shot-2021-11-19-at-2-28-45-AM_png.rf.54104b9f68be3260a342bdf36ceb3ab6.jpg,C:\Users\venka\Documents\Project\data\processed\train\Acral_Lentiginous_Melanoma\Screen-Shot-2021-11-19-at-2-28-45-AM_png.rf.54104b9f68be3260a342bdf36ceb3ab6.jpg,caaa2555b59fc864
train,Acral_Lentiginous_Melanoma,Screen-Shot-2021-11-19-at-2-28-45-AM_png.rf.760843e269844644d897f22ae095643e.jpg,C:\Users\venka\Documents\Project\data\processed\train\Acral_Lentiginous_Melanoma\Screen-Shot-2021-11-19-at-2-28-45-AM_png.rf.760843e269844644d897f22ae095643e.jpg,d53f6a402e9931a7
train,Acral_Lentiginous_Melanoma,Screen-Shot-2021-11-19-at-2-29-26-AM_png.rf.d6da01d87ac03dba1eb55d2f19d7fb19.jpg,C:\Users\venka\Documents\Project\data\processed\train\Acral_Lentiginous_Melanoma\Screen-Shot-2021-11-19-at-2-29-26-AM_png.rf.d6da01d87ac03dba1eb55d2f19d7fb19.jpg,84f05e8b498f1b9d
train,Acral_Lentiginous_Melanoma,Screen-Shot-2021-11-19-at-2-29-26-AM_png.rf.e5a8426324c5d4f149474c7e28128700.jpg,C:\Users\venka\Documents\Project\data\processed\train\Acral_Lentiginous_Melanoma\Screen-Shot-2021-11-19-at-2-29-26-AM_png.rf.e5a8426324c5d4f149474c7e28128700.jpg,c123cede5e4e4e48
train,Acral_Lentiginous_Melanoma,Screen-Shot-2021-11-19-at-2-29-26-AM_png.rf.ef57a1ce99b35e3bf1040b179b73e6fc.jpg,C:\Users\venka\Documents\Project\data\processed\train\Acral_Lentiginous_Melanoma\Screen-Shot-2021-11-19-at-2-29-26-AM_png.rf.ef57a1ce99b35e3bf1040b179b73e6fc.jpg,81d05e8e5f072b97
train,Acral_Lentiginous_Melanoma,Screen-Shot-2021-11-19-at-2-30-18-AM_png.rf.1c07897cd6389289a3a454afa8acc53d.jpg,C:\Users\venka\Documents\Project\data\processed\train\Acral_Lentiginous_Melanoma\Screen-Shot-2021-11-19-at-2-30-18-AM_png.rf.1c07897cd6389289a3a454afa8acc53d.jpg,d4d64a9b1b9b0d98
train,Acral_Lentiginous_Melanoma,Screen-Shot-2021-11-19-at-2-30-18-AM_png.rf.ff765b161fb50ae0ace4542400950278.jpg,C:\Users\venka\Documents\Project\data\processed\train\Acral_Lentiginous_Melanoma\Screen-Shot-2021-11-19-at-2-30-18-AM_png.rf.ff765b161fb50ae0ace4542400950278.jpg,85504aa759ad539f
train,Acral_Lentiginous_Melanoma,Screen-Shot-2021-11-19-at-2-30-31-AM_png.rf.7321cfebc74543e874c817ebd2a1e4a8.jpg,C:\Users\venka\Documents\Project\data\processed\train\Acral_Lentiginous_Melanoma\Screen-Shot-2021-11-19-at-2-30-31-AM_png.rf.7321cfebc74543e874c817ebd2a1e4a8.jpg,85586a363b69783b
train,Acral_Lentiginous_Melanoma,Screen-Shot-2021-11-19-at-2-30-31-AM_png.rf.cd42f7dc259988f0d718db6f7d9320da.jpg,C:\Users\venka\Documents\Project\data\processed\train\Acral_Lentiginous_Melanoma\Screen-Shot-2021-11-19-at-2-30-31-AM_png.rf.cd42f7dc259988f0d718db6f7d9320da.jpg,941f24aa7baa7896
train,Acral_Lentiginous_Melanoma,Screen-Shot-2021-11-19-at-2-30-31-AM_png.rf.f08b6827a504624b5b87f6ea7b70a69d.jpg,C:\Users\venka\Documents\Project\data\processed\train\Acral_Lentiginous_Melanoma\Screen-Shot-2021-11-19-at-2-30-31-AM_png.rf.f08b6827a504624b5b87f6ea7b70a69d.jpg,d0720d1c6b6f2f62
train,Acral_Lentiginous_Melanoma,Screen-Shot-2021-11-19-at-2-31-01-AM_png.rf.260fd35e1c9ca4cb938aa9a971ace4f5.jpg,C:\Users\venka\Documents\Project\data\processed\train\Acral_Lentiginous_Melanoma\Screen-Shot-2021-11-19-at-2-31-01-AM_png.rf.260fd35e1c9ca4cb938aa9a971ace4f5.jpg,857ec3686d4b686c
train,Acral_Lentiginous_Melanoma,Screen-Shot-2021-11-19-at-2-31-01-AM_png.rf.c79d9af954af49792229ab72192bc767.jpg,C:\Users\venka\Documents\Project\data\processed\train\Acral_Lentiginous_Melanoma\Screen-Shot-2021-11-19-at-2-31-01-AM_png.rf.c79d9af954af49792229ab72192bc767.jpg,85a5f89b392766c4
train,Acral_Lentiginous_Melanoma,Screen-Shot-2021-11-19-at-2-31-01-AM_png.rf.e213cd84ab24bb47a0658c83ddf0e9b1.jpg,C:\Users\venka\Documents\Project\data\processed\train\Acral_Lentiginous_Melanoma\Screen-Shot-2021-11-19-at-2-31-01-AM_png.rf.e213cd84ab24bb47a0658c83ddf0e9b1.jpg,d007ff254bca491b
train,Acral_Lentiginous_Melanoma,Screen-Shot-2021-11-19-at-2-32-17-AM_png.rf.33a7716f996096e1b8047bcb3dc2fa12.jpg,C:\Users\venka\Documents\Project\data\processed\train\Acral_Lentiginous_Melanoma\Screen-Shot-2021-11-19-at-2-32-17-AM_png.rf.33a7716f996096e1b8047bcb3dc2fa12.jpg,d5952c853e243fd4
train,Acral_Lentiginous_Melanoma,Screen-Shot-2021-11-19-at-2-32-17-AM_png.rf.c669e3aae6bc8517aaf7af4e1f9c4e99.jpg,C:\Users\venka\Documents\Project\data\processed\train\Acral_Lentiginous_Melanoma\Screen-Shot-2021-11-19-at-2-32-17-AM_png.rf.c669e3aae6bc8517aaf7af4e1f9c4e99.jpg,80c057c26bef274f
train,Acral_Lentiginous_Melanoma,Screen-Shot-2021-11-20-at-10-04-45-PM_png.rf.4a30661d8bfbef62573c5de0134b63b0.jpg,C:\Users\venka\Documents\Project\data\processed\train\Acral_Lentiginous_Melanoma\Screen-Shot-2021-11-20-at-10-04-45-PM_png.rf.4a30661d8bfbef62573c5de0134b63b0.jpg,95371fb534876415
train,Acral_Lentiginous_Melanoma,Screen-Shot-2021-11-20-at-10-04-45-PM_png.rf.53be391adde1327bb3503290c45f65ea.jpg,C:\Users\venka\Documents\Project\data\processed\train\Acral_Lentiginous_Melanoma\Screen-Shot-2021-11-20-at-10-04-45-PM_png.rf.53be391adde1327bb3503290c45f65ea.jpg,d5a40a932a9f279d
train,Acral_Lentiginous_Melanoma,Screen-Shot-2021-11-20-at-10-04-59-PM_png.rf.9733367e7c41b80056790a2bd733dd4c.jpg,C:\Users\venka\Documents\Project\data\processed\train\Acral_Lentiginous_Melanoma\Screen-Shot-2021-11-20-at-10-04-59-PM_png.rf.9733367e7c41b80056790a2bd733dd4c.jpg,803c57856e4f3e1e
train,Acral_Lentiginous_Melanoma,Screen-Shot-2021-11-20-at-10-04-59-PM_png.rf.db82243937dd226b522c03fbfaa61ead.jpg,C:\Users\venka\Documents\Project\data\processed\train\Acral_Lentiginous_Melanoma\Screen-Shot-2021-11-20-at-10-04-59-PM_png.rf.db82243937dd226b522c03fbfaa61ead.jpg,d5e52c912d92378b
train,Acral_Lentiginous_Melanoma,Screen-Shot-2021-11-20-at-10-05-38-PM_png.rf.4766122d320dd524091ea85567d2213a.jpg,C:\Users\venka\Documents\Project\data\processed\train\Acral_Lentiginous_Melanoma\Screen-Shot-2021-11-20-at-10-05-38-PM_png.rf.4766122d320dd524091ea85567d2213a.jpg,d5880c68417f4f7d
train,Acral_Lentiginous_Melanoma,Screen-Shot-2021-11-20-at-10-05-38-PM_png.rf.6cdd7636b87090074aa7d21fc4213dc3.jpg,C:\Users\venka\Documents\Project\data\processed\train\Acral_Lentiginous_Melanoma\Screen-Shot-2021-11-20-at-10-05-38-PM_png.rf.6cdd7636b87090074aa7d21fc4213dc3.jpg,c07e0b851797279e
train,Acral_Lentiginous_Melanoma,Screen-Shot-2021-11-20-at-10-05-38-PM_png.rf.9d540b6722ab1f91618ff8c12981e803.jpg,C:\Users\venka\Documents\Project\data\processed\train\Acral_Lentiginous_Melanoma\Screen-Shot-2021-11-20-at-10-05-38-PM_png.rf.9d540b6722ab1f91618ff8c12981e803.jpg,952a406d41fd077f
train,Acral_Lentiginous_Melanoma,Screen-Shot-2021-11-20-at-10-23-58-PM_png.rf.77ba8bbc58eedc533bc58ff0424a2377.jpg,C:\Users\venka\Documents\Project\data\processed\train\Acral_Lentiginous_Melanoma\Screen-Shot-2021-11-20-at-10-23-58-PM_png.rf.77ba8bbc58eedc533bc58ff0424a2377.jpg,c22f2f78697035f0
train,Acral_Lentiginous_Melanoma,Screen-Shot-2021-11-20-at-10-23-58-PM_png.rf.8c029588f21ef80516b488b5a106c937.jpg,C:\Users\venka\Documents\Project\data\processed\train\Acral_Lentiginous_Melanoma\Screen-Shot-2021-11-20-at-10-23-58-PM_png.rf.8c029588f21ef80516b488b5a106c937.jpg,d22f6b70217525f2
train,Acral_Lentiginous_Melanoma,Screen-Shot-2021-11-20-at-10-23-58-PM_png.rf.aa512c2508f2eb95d91965c39aa1e54d.jpg,C:\Users\venka\Documents\Project\data\processed\train\Acral_Lentiginous_Melanoma\Screen-Shot-2021-11-20-at-10-23-58-PM_png.rf.aa512c2508f2eb95d91965c39aa1e54d.jpg,d5152a4b35ed32e4
train,Acral_Lentiginous_Melanoma,Screen-Shot-2021-11-20-at-10-24-17-PM_png.rf.14d7922513062b989b40e24a7ed63cd8.jpg,C:\Users\venka\Documents\Project\data\processed\train\Acral_Lentiginous_Melanoma\Screen-Shot-2021-11-20-at-10-24-17-PM_png.rf.14d7922513062b989b40e24a7ed63cd8.jpg,e58b3e3c38b43871
train,Acral_Lentiginous_Melanoma,Screen-Shot-2021-11-20-at-10-24-17-PM_png.rf.7b11cfb89b4221fc02132ab938e713fe.jpg,C:\Users\venka\Documents\Project\data\processed\train\Acral_Lentiginous_Melanoma\Screen-Shot-2021-11-20-at-10-24-17-PM_png.rf.7b11cfb89b4221fc02132ab938e713fe.jpg,905f6a3c631e6b2a
train,Acral_Lentiginous_Melanoma,Screen-Shot-2021-11-20-at-10-24-29-PM_png.rf.3bd6f025742de786e7c8729fec2d1d5f.jpg,C:\Users\venka\Documents\Project\data\processed\train\Acral_Lentiginous_Melanoma\Screen-Shot-2021-11-20-at-10-24-29-PM_png.rf.3bd6f025742de786e7c8729fec2d1d5f.jpg,d5aa9085e9966dc3
train,Acral_Lentiginous_Melanoma,Screen-Shot-2021-11-20-at-10-24-56-PM_png.rf.05b3d9fad048ffaaab850e23babc9ebd.jpg,C:\Users\venka\Documents\Project\data\processed\train\Acral_Lentiginous_Melanoma\Screen-Shot-2021-11-20-at-10-24-56-PM_png.rf.05b3d9fad048ffaaab850e23babc9ebd.jpg,d0850f7d2d8d3ec4
train,Acral_Lentiginous_Melanoma,Screen-Shot-2021-11-20-at-10-24-56-PM_png.rf.5001ca7daba199cfacb7241938846eff.jpg,C:\Users\venka\Documents\Project\data\processed\train\Acral_Lentiginous_Melanoma\Screen-Shot-2021-11-20-at-10-24-56-PM_png.rf.5001ca7daba199cfacb7241938846eff.jpg,d0de4b351b252d1e
train,Acral_Lentiginous_Melanoma,Screen-Shot-2021-11-20-at-10-27-47-PM_png.rf.468219e8d6b97efc0e76a894ab65911e.jpg,C:\Users\venka\Documents\Project\data\processed\train\Acral_Lentiginous_Melanoma\Screen-Shot-2021-11-20-at-10-27-47-PM_png.rf.468219e8d6b97efc0e76a894ab65911e.jpg,d4ff2bc03d0c3607
train,Acral_Lentiginous_Melanoma,Screen-Shot-2021-11-20-at-10-27-47-PM_png.rf.c6d6e05d7dfbc70d433bdc352452d4ea.jpg,C:\Users\venka\Documents\Project\data\processed\train\Acral_Lentiginous_Melanoma\Screen-Shot-2021-11-20-at-10-27-47-PM_png.rf.c6d6e05d7dfbc70d433bdc352452d4ea.jpg,858c7eb768d86352
train,Acral_Lentiginous_Melanoma,Screen-Shot-2021-11-20-at-10-28-12-PM_png.rf.05f58b3ce8d75794d35658b8a47d2649.jpg,C:\Users\venka\Documents\Project\data\processed\train\Acral_Lentiginous_Melanoma\Screen-Shot-2021-11-20-at-10-28-12-PM_png.rf.05f58b3ce8d75794d35658b8a47d2649.jpg,c5fd17940a9e1e98
train,Acral_Lentiginous_Melanoma,Screen-Shot-2021-11-20-at-10-28-12-PM_png.rf.cf99e9430d96231332dd00b57b236c02.jpg,C:\Users\venka\Documents\Project\data\processed\train\Acral_Lentiginous_Melanoma\Screen-Shot-2021-11-20-at-10-28-12-PM_png.rf.cf99e9430d96231332dd00b57b236c02.jpg,8075177a7e2a682f
train,Acral_Lentiginous_Melanoma,Screen-Shot-2021-11-20-at-10-29-37-PM_png.rf.1e1077689e5ce9d3c63d20dd538ea185.jpg,C:\Users\venka\Documents\Project\data\processed\train\Acral_Lentiginous_Melanoma\Screen-Shot-2021-11-20-at-10-29-37-PM_png.rf.1e1077689e5ce9d3c63d20dd538ea185.jpg,9250296b356d96cf
train,Acral_Lentiginous_Melanoma,Screen-Shot-2021-11-20-at-10-29-37-PM_png.rf.2ac01f174c607bd8a5d6ace326e6c00d.jpg,C:\Users\venka\Documents\Project\data\processed\train\Acral_Lentiginous_Melanoma\Screen-Shot-2021-11-20-at-10-29-37-PM_png.rf.2ac01f174c607bd8a5d6ace326e6c00d.jpg,d4957a3a21696acd
train,Acral_Lentiginous_Melanoma,Screen-Shot-2021-11-20-at-10-29-37-PM_png.rf.cc7d9c7ad960c34585dff8d7b4926d4f.jpg,C:\Users\venka\Documents\Project\data\processed\train\Acral_Lentiginous_Melanoma\Screen-Shot-2021-11-20-at-10-29-37-PM_png.rf.cc7d9c7ad960c34585dff8d7b4926d4f.jpg,d5856a7a6b2a3585
train,Acral_Lentiginous_Melanoma,Screen-Shot-2021-11-20-at-10-30-41-PM_png.rf.cd4e19503a997af169f5dd87b2ca8471.jpg,C:\Users\venka\Documents\Project\data\processed\train\Acral_Lentiginous_Melanoma\Screen-Shot-2021-11-20-at-10-30-41-PM_png.rf.cd4e19503a997af169f5dd87b2ca8471.jpg,d56aecd460d26563
train,Acral_Lentiginous_Melanoma,Screen-Shot-2021-11-20-at-10-38-08-PM_png.rf.0b708148be6d0b366df62a851890f5c9.jpg,C:\Users\venka\Documents\Project\data\processed\train\Acral_Lentiginous_Melanoma\Screen-Shot-2021-11-20-at-10-38-08-PM_png.rf.0b708148be6d0b366df62a851890f5c9.jpg,d5e04b4a374b3a4e
train,Acral_Lentiginous_Melanoma,Screen-Shot-2021-11-20-at-10-38-08-PM_png.rf.f03d160f73a05222c75058f62b9c9445.jpg,C:\Users\venka\Documents\Project\data\processed\train\Acral_Lentiginous_Melanoma\Screen-Shot-2021-11-20-at-10-38-08-PM_png.rf.f03d160f73a05222c75058f62b9c9445.jpg,82a7799c65ed7850
train,Acral_Lentiginous_Melanoma,Screen-Shot-2021-11-20-at-10-38-08-PM_png.rf.f8ccc22e4530b1b8d4f34c991b0badee.jpg,C:\Users\venka\Documents\Project\data\processed\train\Acral_Lentiginous_Melanoma\Screen-Shot-2021-11-20-at-10-38-08-PM_png.rf.f8ccc22e4530b1b8d4f34c991b0badee.jpg,b05ea9301f0f962f
train,Acral_Lentiginous_Melanoma,Screen-Shot-2021-11-20-at-10-38-37-PM_png.rf.1d201c77c14187d706f53883822298d7.jpg,C:\Users\venka\Documents\Project\data\processed\train\Acral_Lentiginous_Melanoma\Screen-Shot-2021-11-20-at-10-38-37-PM_png.rf.1d201c77c14187d706f53883822298d7.jpg,95f4d2626b4c6d0e
train,Acral_Lentiginous_Melanoma,Screen-Shot-2021-11-20-at-10-38-37-PM_png.rf.94b6aa4777ec403f0aaebfb675ca202e.jpg,C:\Users\venka\Documents\Project\data\processed\train\Acral_Lentiginous_Melanoma\Screen-Shot-2021-11-20-at-10-38-37-PM_png.rf.94b6aa4777ec403f0aaebfb675ca202e.jpg,85855a925adaad5b
train,Acral_Lentiginous_Melanoma,Screen-Shot-2021-11-20-at-10-38-37-PM_png.rf.e8068eae304fc0ee5219d6d2bf92b86d.jpg,C:\Users\venka\Documents\Project\data\processed\train\Acral_Lentiginous_Melanoma\Screen-Shot-2021-11-20-at-10-38-37-PM_png.rf.e8068eae304fc0ee5219d6d2bf92b86d.jpg,956ad2f068e169e5
train,Acral_Lentiginous_Melanoma,Screen-Shot-2021-11-20-at-10-40-50-PM_png.rf.677e771045c7f46dd9e2e90987a93400.jpg,C:\Users\venka\Documents\Project\data\processed\train\Acral_Lentiginous_Melanoma\Screen-Shot-2021-11-20-at-10-40-50-PM_png.rf.677e771045c7f46dd9e2e90987a93400.jpg,956a0553355a5b6d
train,Acral_Lentiginous_Melanoma,Screen-Shot-2021-11-20-at-10-40-50-PM_png.rf.de69e54a4d18dac91fe77e5270660f24.jpg,C:\Users\venka\Documents\Project\data\processed\train\Acral_Lentiginous_Melanoma\Screen-Shot-2021-11-20-at-10-40-50-PM_png.rf.de69e54a4d18dac91fe77e5270660f24.jpg,80bb609f5ba6718e
train,Acral_Lentiginous_Melanoma,Screen-Shot-2021-11-20-at-10-40-57-PM_png.rf.2ce78fbdcb465062ffc44589b4e3ae00.jpg,C:\Users\venka\Documents\Project\data\processed\train\Acral_Lentiginous_Melanoma\Screen-Shot-2021-11-20-at-10-40-57-PM_png.rf.2ce78fbdcb465062ffc44589b4e3ae00.jpg,c03f081c6f73f4ca
train,Acral_Lentiginous_Melanoma,Screen-Shot-2021-11-20-at-10-40-57-PM_png.rf.c71153d971865f9444d41e10cb249cfc.jpg,C:\Users\venka\Documents\Project\data\processed\train\Acral_Lentiginous_Melanoma\Screen-Shot-2021-11-20-at-10-40-57-PM_png.rf.c71153d971865f9444d41e10cb249cfc.jpg,d02b1f4c6c787273
train,Acral_Lentiginous_Melanoma,Screen-Shot-2021-11-20-at-10-41-17-PM_png.rf.f8663d1e5a70ff9190a0824539fd48ab.jpg,C:\Users\venka\Documents\Project\data\processed\train\Acral_Lentiginous_Melanoma\Screen-Shot-2021-11-20-at-10-41-17-PM_png.rf.f8663d1e5a70ff9190a0824539fd48ab.jpg,c0c061f83ff057e9
train,Acral_Lentiginous_Melanoma,Screen-Shot-2021-11-20-at-10-43-02-PM_png.rf.6c1599fbbaf1ee81ba8c5f86c4986157.jpg,C:\Users\venka\Documents\Project\data\processed\train\Acral_Lentiginous_Melanoma\Screen-Shot-2021-11-20-at-10-43-02-PM_png.rf.6c1599fbbaf1ee81ba8c5f86c4986157.jpg,c1e27ed5204f6f06
train,Acral_Lentiginous_Melanoma,Screen-Shot-2021-11-20-at-10-43-02-PM_png.rf.897816ebde8686cf71a68f81ede21a62.jpg,C:\Users\venka\Documents\Project\data\processed\train\Acral_Lentiginous_Melanoma\Screen-Shot-2021-11-20-at-10-43-02-PM_png.rf.897816ebde8686cf71a68f81ede21a62.jpg,84743a59c34b4b6f
train,Acral_Lentiginous_Melanoma,Screen-Shot-2021-11-20-at-10-43-27-PM_png.rf.752f9141eb8094c18a0257729f9cda91.jpg,C:\Users\venka\Documents\Project\data\processed\train\Acral_Lentiginous_Melanoma\Screen-Shot-2021-11-20-at-10-43-27-PM_png.rf.752f9141eb8094c18a0257729f9cda91.jpg,c11ec739cf304e35
train,Acral_Lentiginous_Melanoma,Screen-Shot-2021-11-20-at-10-43-27-PM_png.rf.f5f951ea8971006e6994ccc0d4996c37.jpg,C:\Users\venka\Documents\Project\data\processed\train\Acral_Lentiginous_Melanoma\Screen-Shot-2021-11-20-at-10-43-27-PM_png.rf.f5f951ea8971006e6994ccc0d4996c37.jpg,c597709f01483fe3
train,Acral_Lentiginous_Melanoma,Screen-Shot-2021-11-20-at-7-48-45-PM_png.rf.5d95474b897ed2785ab22300dc942b8e.jpg,C:\Users\venka\Documents\Project\data\processed\train\Acral_Lentiginous_Melanoma\Screen-Shot-2021-11-20-at-7-48-45-PM_png.rf.5d95474b897ed2785ab22300dc942b8e.jpg,807f0b204f367bb3
train,Acral_Lentiginous_Melanoma,Screen-Shot-2021-11-20-at-7-48-45-PM_png.rf.c4996a52d31ee06e3d072c8a51ff0c0d.jpg,C:\Users\venka\Documents\Project\data\processed\train\Acral_Lentiginous_Melanoma\Screen-Shot-2021-11-20-at-7-48-45-PM_png.rf.c4996a52d31ee06e3d072c8a51ff0c0d.jpg,d0c040776d7b3f89
train,Acral_Lentiginous_Melanoma,Screen-Shot-2021-11-20-at-7-49-00-PM_png.rf.12535ad4ce67ce99c3eeb8bb0d0aa5f8.jpg,C:\Users\venka\Documents\Project\data\processed\train\Acral_Lentiginous_Melanoma\Screen-Shot-2021-11-20-at-7-49-00-PM_png.rf.12535ad4ce67ce99c3eeb8bb0d0aa5f8.jpg,95546a2b4f4a4f2e
train,Acral_Lentiginous_Melanoma,Screen-Shot-2021-11-20-at-7-49-00-PM_png.rf.8bb9155a92b365a29b1ccd6a780ba512.jpg,C:\Users\venka\Documents\Project\data\processed\train\Acral_Lentiginous_Melanoma\Screen-Shot-2021-11-20-at-7-49-00-PM_png.rf.8bb9155a92b365a29b1ccd6a780ba512.jpg,953b489d36d83359
train,Acral_Lentiginous_Melanoma,Screen-Shot-2021-11-20-at-7-49-26-PM_png.rf.c1c29b06bce6400f132d0feb1ea8d651.jpg,C:\Users\venka\Documents\Project\data\processed\train\Acral_Lentiginous_Melanoma\Screen-Shot-2021-11-20-at-7-49-26-PM_png.rf.c1c29b06bce6400f132d0feb1ea8d651.jpg,903ee23bce6a6923
train,Acral_Lentiginous_Melanoma,Screen-Shot-2021-11-20-at-7-49-38-PM_png.rf.47f08a02ca26102eae05aa8e91bc1d19.jpg,C:\Users\venka\Documents\Project\data\processed\train\Acral_Lentiginous_Melanoma\Screen-Shot-2021-11-20-at-7-49-38-PM_png.rf.47f08a02ca26102eae05aa8e91bc1d19.jpg,904eb778666e4a3c
train,Acral_Lentiginous_Melanoma,Screen-Shot-2021-11-20-at-7-49-46-PM_png.rf.ab356d0f25da976493d91cf60552e94c.jpg,C:\Users\venka\Documents\Project\data\processed\train\Acral_Lentiginous_Melanoma\Screen-Shot-2021-11-20-at-7-49-46-PM_png.rf.ab356d0f25da976493d91cf60552e94c.jpg,95aa40c52bd76a5d
train,Acral_Lentiginous_Melanoma,Screen-Shot-2021-11-20-at-7-49-46-PM_png.rf.b3f03dcb30849b3e3e3dd72a834ed20f.jpg,C:\Users\venka\Documents\Project\data\processed\train\Acral_Lentiginous_Melanoma\Screen-Shot-2021-11-20-at-7-49-46-PM_png.rf.b3f03dcb30849b3e3e3dd72a834ed20f.jpg,b511c92f625a7be0
train,Acral_Lentiginous_Melanoma,Screen-Shot-2021-11-20-at-7-50-42-PM_png.rf.3e0e1726b60b7b9a0d82cb67464e9197.jpg,C:\Users\venka\Documents\Project\data\processed\train\Acral_Lentiginous_Melanoma\Screen-Shot-2021-11-20-at-7-50-42-PM_png.rf.3e0e1726b60b7b9a0d82cb67464e9197.jpg,ee721546729a2799
train,Acral_Lentiginous_Melanoma,Screen-Shot-2021-11-20-at-7-50-42-PM_png.rf.7074c0c2efa51fbf475fa33f95628ff9.jpg,C:\Users\venka\Documents\Project\data\processed\train\Acral_Lentiginous_Melanoma\Screen-Shot-2021-11-20-at-7-50-42-PM_png.rf.7074c0c2efa51fbf475fa33f95628ff9.jpg,f85f443617521b8d
train,Acral_Lentiginous_Melanoma,Screen-Shot-2021-11-20-at-7-50-42-PM_png.rf.9bc60ea4326862f604eab431643e78fa.jpg,C:\Users\venka\Documents\Project\data\processed\train\Acral_Lentiginous_Melanoma\Screen-Shot-2021-11-20-at-7-50-42-PM_png.rf.9bc60ea4326862f604eab431643e78fa.jpg,ad2b1995721d4f70
train,Acral_Lentiginous_Melanoma,Screen-Shot-2021-11-20-at-7-51-08-PM_png.rf.a05c7b1109335397c1f986b554699a4d.jpg,C:\Users\venka\Documents\Project\data\processed\train\Acral_Lentiginous_Melanoma\Screen-Shot-2021-11-20-at-7-51-08-PM_png.rf.a05c7b1109335397c1f986b554699a4d.jpg,c03f37c06a262d7d
train,Acral_Lentiginous_Melanoma,Screen-Shot-2021-11-20-at-7-51-08-PM_png.rf.b81cf33785df47569e2fe673a65c7cbe.jpg,C:\Users\venka\Documents\Project\data\processed\train\Acral_Lentiginous_Melanoma\Screen-Shot-2021-11-20-at-7-51-08-PM_png.rf.b81cf33785df47569e2fe673a65c7cbe.jpg,90bd4f0278cb679c
train,Acral_Lentiginous_Melanoma,Screen-Shot-2021-11-20-at-7-51-08-PM_png.rf.dc6a57ef2abefa8ab092c68a69bc08de.jpg,C:\Users\venka\Documents\Project\data\processed\train\Acral_Lentiginous_Melanoma\Screen-Shot-2021-11-20-at-7-51-08-PM_png.rf.dc6a57ef2abefa8ab092c68a69bc08de.jpg,c50f6e706e6833e4
train,Acral_Lentiginous_Melanoma,Screen-Shot-2021-11-20-at-7-52-57-PM_png.rf.640382fa4b3e038b038d5a2bc5667def.jpg,C:\Users\venka\Documents\Project\data\processed\train\Acral_Lentiginous_Melanoma\Screen-Shot-2021-11-20-at-7-52-57-PM_png.rf.640382fa4b3e038b038d5a2bc5667def.jpg,d10b4e58527e477c
train,Acral_Lentiginous_Melanoma,Screen-Shot-2021-11-20-at-7-52-57-PM_png.rf.b2b1f57f4ff70c199d5ef67ec9eecf31.jpg,C:\Users\venka\Documents\Project\data\processed\train\Acral_Lentiginous_Melanoma\Screen-Shot-2021-11-20-at-7-52-57-PM_png.rf.b2b1f57f4ff70c199d5ef67ec9eecf31.jpg,d72a00c16a767b1f
train,Acral_Lentiginous_Melanoma,Screen-Shot-2021-11-20-at-7-53-27-PM_png.rf.2eeb08dfadb4029f7098dbaa55dfc3de.jpg,C:\Users\venka\Documents\Project\data\processed\train\Acral_Lentiginous_Melanoma\Screen-Shot-2021-11-20-at-7-53-27-PM_png.rf.2eeb08dfadb4029f7098dbaa55dfc3de.jpg,80c05f407f4f673b
train,Acral_Lentiginous_Melanoma,Screen-Shot-2021-11-20-at-7-53-27-PM_png.rf.5072d1f807fb06fd7de2a028c3404060.jpg,C:\Users\venka\Documents\Project\data\processed\train\Acral_Lentiginous_Melanoma\Screen-Shot-2021-11-20-at-7-53-27-PM_png.rf.5072d1f807fb06fd7de2a028c3404060.jpg,95694a7e58742d69
train,Acral_Lentiginous_Melanoma,Screen-Shot-2021-11-20-at-7-53-45-PM_png.rf.67eec4a1f9b41f874482d839927f8bd9.jpg,C:\Users\venka\Documents\Project\data\processed\train\Acral_Lentiginous_Melanoma\Screen-Shot-2021-11-20-at-7-53-45-PM_png.rf.67eec4a1f9b41f874482d839927f8bd9.jpg,951d50952a7e356d
train,Acral_Lentiginous_Melanoma,Screen-Shot-2021-11-20-at-7-53-45-PM_png.rf.97b10374ec8528d2bbc90dd613bb1840.jpg,C:\Users\venka\Documents\Project\data\processed\train\Acral_Lentiginous_Melanoma\Screen-Shot-2021-11-20-at-7-53-45-PM_png.rf.97b10374ec8528d2bbc90dd613bb1840.jpg,95ea50693ea533a9
train,Acral_Lentiginous_Melanoma,Screen-Shot-2021-11-20-at-7-53-45-PM_png.rf.f900e92033de38289ed8c408b49ae98d.jpg,C:\Users\venka\Documents\Project\data\processed\train\Acral_Lentiginous_Melanoma\Screen-Shot-2021-11-20-at-7-53-45-PM_png.rf.f900e92033de38289ed8c408b49ae98d.jpg,d515003f2aa778cf
train,Acral_Lentiginous_Melanoma,Screen-Shot-2021-11-20-at-7-55-42-PM_png.rf.475b46f85c4bdba8521db07264422b8f.jpg,C:\Users\venka\Documents\Project\data\processed\train\Acral_Lentiginous_Melanoma\Screen-Shot-2021-11-20-at-7-55-42-PM_png.rf.475b46f85c4bdba8521db07264422b8f.jpg,f51768ae30e01ee6
train,Acral_Lentiginous_Melanoma,Screen-Shot-2021-11-20-at-7-55-42-PM_png.rf.737d2b2ed8cac78d521bc730322c4f18.jpg,C:\Users\venka\Documents\Project\data\processed\train\Acral_Lentiginous_Melanoma\Screen-Shot-2021-11-20-at-7-55-42-PM_png.rf.737d2b2ed8cac78d521bc730322c4f18.jpg,f77f0080590e6af9
train,Acral_Lentiginous_Melanoma,Screen-Shot-2021-11-20-at-7-55-42-PM_png.rf.f3863158ab3f9b7456c63bc90df63f59.jpg,C:\Users\venka\Documents\Project\data\processed\train\Acral_Lentiginous_Melanoma\Screen-Shot-2021-11-20-at-7-55-42-PM_png.rf.f3863158ab3f9b7456c63bc90df63f59.jpg,d229e6625a6707f1
train,Acral_Lentiginous_Melanoma,Screen-Shot-2021-11-20-at-7-55-55-PM_png.rf.99b62abb2c6416c406fcf4e9fec2c8de.jpg,C:\Users\venka\Documents\Project\data\processed\train\Acral_Lentiginous_Melanoma\Screen-Shot-2021-11-20-at-7-55-55-PM_png.rf.99b62abb2c6416c406fcf4e9fec2c8de.jpg,c1820e771ad979d3
train,Acral_Lentiginous_Melanoma,Screen-Shot-2021-11-20-at-7-55-55-PM_png.rf.fbd2a127a6fb89d6d26d9fa492e66b10.jpg,C:\Users\venka\Documents\Project\data\processed\train\Acral_Lentiginous_Melanoma\Screen-Shot-2021-11-20-at-7-55-55-PM_png.rf.fbd2a127a6fb89d6d26d9fa492e66b10.jpg,c51a6e78594b4dcc
train,Acral_Lentiginous_Melanoma,Screen-Shot-2021-11-20-at-7-55-55-PM_png.rf.ff4514a1b09791fc7c88c3467d4c1327.jpg,C:\Users\venka\Documents\Project\data\processed\train\Acral_Lentiginous_Melanoma\Screen-Shot-2021-11-20-at-7-55-55-PM_png.rf.ff4514a1b09791fc7c88c3467d4c1327.jpg,c5d556a243870e9f
train,Acral_Lentiginous_Melanoma,Screen-Shot-2021-11-20-at-7-55-58-PM_png.rf.2ef079557793cf83f3c39d749c21c284.jpg,C:\Users\venka\Documents\Project\data\processed\train\Acral_Lentiginous_Melanoma\Screen-Shot-2021-11-20-at-7-55-58-PM_png.rf.2ef079557793cf83f3c39d749c21c284.jpg,81425f697f6d2c61
train,Acral_Lentiginous_Melanoma,Screen-Shot-2021-11-20-at-7-55-58-PM_png.rf.30cc430c4c521b78a21dc7c239145452.jpg,C:\Users\venka\Documents\Project\data\processed\train\Acral_Lentiginous_Melanoma\Screen-Shot-2021-11-20-at-7-55-58-PM_png.rf.30cc430c4c521b78a21dc7c239145452.jpg,806f65527e887e9a
train,Acral_Lentiginous_Melanoma,Screen-Shot-2021-11-20-at-7-55-58-PM_png.rf.f9053f0bcdf619ecc6a81627b10c2470.jpg,C:\Users\venka\Documents\Project\data\processed\train\Acral_Lentiginous_Melanoma\Screen-Shot-2021-11-20-at-7-55-58-PM_png.rf.f9053f0bcdf619ecc6a81627b10c2470.jpg,95284a55477f0b6b
train,Acral_Lentiginous_Melanoma,Screen-Shot-2021-11-20-at-7-56-11-PM_png.rf.27cf2a1fdb4db900ea30584fa2df3ad7.jpg,C:\Users\venka\Documents\Project\data\processed\train\Acral_Lentiginous_Melanoma\Screen-Shot-2021-11-20-at-7-56-11-PM_png.rf.27cf2a1fdb4db900ea30584fa2df3ad7.jpg,c5803e7b69e16ae1
train,Acral_Lentiginous_Melanoma,Screen-Shot-2021-11-20-at-7-56-11-PM_png.rf.6f93e6e00ad88f2df4d2a5fa1c315c06.jpg,C:\Users\venka\Documents\Project\data\processed\train\Acral_Lentiginous_Melanoma\Screen-Shot-2021-11-20-at-7-56-11-PM_png.rf.6f93e6e00ad88f2df4d2a5fa1c315c06.jpg,85a0346ad1cdc76f
train,Acral_Lentiginous_Melanoma,Screen-Shot-2021-11-20-at-7-56-11-PM_png.rf.9c2aac7ab2ebc15d8ac1a2b755c850aa.jpg,C:\Users\venka\Documents\Project\data\processed\train\Acral_Lentiginous_Melanoma\Screen-Shot-2021-11-20-at-7-56-11-PM_png.rf.9c2aac7ab2ebc15d8ac1a2b755c850aa.jpg,90fe6a755505674a
train,Acral_Lentiginous_Melanoma,Screen-Shot-2021-11-20-at-7-56-35-PM_png.rf.468afc3ea7624715ff5d90a3bfbcadf8.jpg,C:\Users\venka\Documents\Project\data\processed\train\Acral_Lentiginous_Melanoma\Screen-Shot-2021-11-20-at-7-56-35-PM_png.rf.468afc3ea7624715ff5d90a3bfbcadf8.jpg,945f52394a352f53
train,Acral_Lentiginous_Melanoma,Screen-Shot-2021-11-20-at-7-56-35-PM_png.rf.9849608d8fa4916b3c0cf428f2169f1d.jpg,C:\Users\venka\Documents\Project\data\processed\train\Acral_Lentiginous_Melanoma\Screen-Shot-2021-11-20-at-7-56-35-PM_png.rf.9849608d8fa4916b3c0cf428f2169f1d.jpg,d58f2b1f687430b1
train,Acral_Lentiginous_Melanoma,Screen-Shot-2021-11-20-at-7-57-54-PM_png.rf.034d30e46421e4e39ed17ba50893e3fa.jpg,C:\Users\venka\Documents\Project\data\processed\train\Acral_Lentiginous_Melanoma\Screen-Shot-2021-11-20-at-7-57-54-PM_png.rf.034d30e46421e4e39ed17ba50893e3fa.jpg,809fccb979366626
train,Acral_Lentiginous_Melanoma,Screen-Shot-2021-11-20-at-7-57-54-PM_png.rf.a4d45935781f2782e6e3c88dbc963d13.jpg,C:\Users\venka\Documents\Project\data\processed\train\Acral_Lentiginous_Melanoma\Screen-Shot-2021-11-20-at-7-57-54-PM_png.rf.a4d45935781f2782e6e3c88dbc963d13.jpg,805f7b7b644c361a
train,Acral_Lentiginous_Melanoma,Screen-Shot-2021-11-20-at-8-00-48-PM_png.rf.af2da3f1f8ca654a6a4fbb1dc05f3c02.jpg,C:\Users\venka\Documents\Project\data\processed\train\Acral_Lentiginous_Melanoma\Screen-Shot-2021-11-20-at-8-00-48-PM_png.rf.af2da3f1f8ca654a6a4fbb1dc05f3c02.jpg,966d6934349333cb
train,Acral_Lentiginous_Melanoma,Screen-Shot-2021-11-20-at-8-00-48-PM_png.rf.fc40cbae2bbc4da34b7f6ee61aba0743.jpg,C:\Users\venka\Documents\Project\data\processed\train\Acral_Lentiginous_Melanoma\Screen-Shot-2021-11-20-at-8-00-48-PM_png.rf.fc40cbae2bbc4da34b7f6ee61aba0743.jpg,d03f2f80f6c9d213
train,Acral_Lentiginous_Melanoma,Screen-Shot-2021-11-20-at-8-00-54-PM_png.rf.91d2c99ce840332805fcfe96532e15da.jpg,C:\Users\venka\Documents\Project\data\processed\train\Acral_Lentiginous_Melanoma\Screen-Shot-2021-11-20-at-8-00-54-PM_png.rf.91d2c99ce840332805fcfe96532e15da.jpg,9732cd691ac6699a
train,Acral_Lentiginous_Melanoma,Screen-Shot-2021-11-20-at-8-00-54-PM_png.rf.a9f4c2c631cf6d779e67e41b06b78d9c.jpg,C:\Users\venka\Documents\Project\data\processed\train\Acral_Lentiginous_Melanoma\Screen-Shot-2021-11-20-at-8-00-54-PM_png.rf.a9f4c2c631cf6d779e67e41b06b78d9c.jpg,852c3af339c336c3
train,Acral_Lentiginous_Melanoma,Screen-Shot-2021-11-20-at-8-00-54-PM_png.rf.ba0dc8d9513779f99b5c5bb4722656dc.jpg,C:\Users\venka\Documents\Project\data\processed\train\Acral_Lentiginous_Melanoma\Screen-Shot-2021-11-20-at-8-00-54-PM_png.rf.ba0dc8d9513779f99b5c5bb4722656dc.jpg,85b5753461c32f6a
train,Acral_Lentiginous_Melanoma,Screen-Shot-2021-11-20-at-8-00-58-PM_png.rf.e128314f40907c52eab13603245f3acb.jpg,C:\Users\venka\Documents\Project\data\processed\train\Acral_Lentiginous_Melanoma\Screen-Shot-2021-11-20-at-8-00-58-PM_png.rf.e128314f40907c52eab13603245f3acb.jpg,d0780d272f2d2d3d
train,Acral_Lentiginous_Melanoma,Screen-Shot-2021-11-20-at-8-04-14-PM_png.rf.db26ef4491a865db7d78a8e9df300e80.jpg,C:\Users\venka\Documents\Project\data\processed\train\Acral_Lentiginous_Melanoma\Screen-Shot-2021-11-20-at-8-04-14-PM_png.rf.db26ef4491a865db7d78a8e9df300e80.jpg,8c99352e73664e99
train,Acral_Lentiginous_Melanoma,Screen-Shot-2021-11-20-at-8-08-21-PM_png.rf.0a319990945b34e65666c40fd560b1a3.jpg,C:\Users\venka\Documents\Project\data\processed\train\Acral_Lentiginous_Melanoma\Screen-Shot-2021-11-20-at-8-08-21-PM_png.rf.0a319990945b34e65666c40fd560b1a3.jpg,c66b59659c64c666
train,Acral_Lentiginous_Melanoma,Screen-Shot-2021-11-20-at-8-08-21-PM_png.rf.4487ec3bf9a8f2fbf1caec40fd3c9d1b.jpg,C:\Users\venka\Documents\Project\data\processed\train\Acral_Lentiginous_Melanoma\Screen-Shot-2021-11-20-at-8-08-21-PM_png.rf.4487ec3bf9a8f2fbf1caec40fd3c9d1b.jpg,c41d2f9e2ce236e1
train,Acral_Lentiginous_Melanoma,Screen-Shot-2021-11-20-at-8-10-25-PM_png.rf.91484a49652e27eda0bac23baeafc379.jpg,C:\Users\venka\Documents\Project\data\processed\train\Acral_Lentiginous_Melanoma\Screen-Shot-2021-11-20-at-8-10-25-PM_png.rf.91484a49652e27eda0bac23baeafc379.jpg,84c069cf73576276
train,Acral_Lentiginous_Melanoma,Screen-Shot-2021-11-20-at-8-10-25-PM_png.rf.b1b1d9e4b6ff2cf0feecafed0ba30103.jpg,C:\Users\venka\Documents\Project\data\processed\train\Acral_Lentiginous_Melanoma\Screen-Shot-2021-11-20-at-8-10-25-PM_png.rf.b1b1d9e4b6ff2cf0feecafed0ba30103.jpg,d0212b9e21d70ffa
train,Acral_Lentiginous_Melanoma,Screen-Shot-2021-11-20-at-8-10-25-PM_png.rf.bb661bda71684d336949547a61e8199f.jpg,C:\Users\venka\Documents\Project\data\processed\train\Acral_Lentiginous_Melanoma\Screen-Shot-2021-11-20-at-8-10-25-PM_png.rf.bb661bda71684d336949547a61e8199f.jpg,d4a52f327a4b4a6a
train,Acral_Lentiginous_Melanoma,Screen-Shot-2021-11-20-at-8-11-14-PM_png.rf.7937a372dccc18a8206dc6f38b8e3fec.jpg,C:\Users\venka\Documents\Project\data\processed\train\Acral_Lentiginous_Melanoma\Screen-Shot-2021-11-20-at-8-11-14-PM_png.rf.7937a372dccc18a8206dc6f38b8e3fec.jpg,d1c260f121c7277f
train,Acral_Lentiginous_Melanoma,Screen-Shot-2021-11-20-at-8-11-14-PM_png.rf.d8abbfe931ead26251ffb40059faee36.jpg,C:\Users\venka\Documents\Project\data\processed\train\Acral_Lentiginous_Melanoma\Screen-Shot-2021-11-20-at-8-11-14-PM_png.rf.d8abbfe931ead26251ffb40059faee36.jpg,910a5779527b0f69
train,Acral_Lentiginous_Melanoma,Screen-Shot-2021-11-20-at-8-11-49-PM_png.rf.dc10f5880140f04d07dc89b6f2631f31.jpg,C:\Users\venka\Documents\Project\data\processed\train\Acral_Lentiginous_Melanoma\Screen-Shot-2021-11-20-at-8-11-49-PM_png.rf.dc10f5880140f04d07dc89b6f2631f31.jpg,c58fb5c74e464296
train,Acral_Lentiginous_Melanoma,Screen-Shot-2021-11-20-at-8-17-41-PM_png.rf.1b739cb48c867a03e7f8836fbeb5a99b.jpg,C:\Users\venka\Documents\Project\data\processed\train\Acral_Lentiginous_Melanoma\Screen-Shot-2021-11-20-at-8-17-41-PM_png.rf.1b739cb48c867a03e7f8836fbeb5a99b.jpg,d4a16fc03e913697
train,Acral_Lentiginous_Melanoma,Screen-Shot-2021-11-20-at-8-17-41-PM_png.rf.2d80889c77c5624bbe6b82b83431eaa2.jpg,C:\Users\venka\Documents\Project\data\processed\train\Acral_Lentiginous_Melanoma\Screen-Shot-2021-11-20-at-8-17-41-PM_png.rf.2d80889c77c5624bbe6b82b83431eaa2.jpg,c1a96d853d963cd2
train,Acral_Lentiginous_Melanoma,Screen-Shot-2021-11-20-at-8-18-01-PM_png.rf.013a81f1ad8115fa8e0bfc69fbbcd818.jpg,C:\Users\venka\Documents\Project\data\processed\train\Acral_Lentiginous_Melanoma\Screen-Shot-2021-11-20-at-8-18-01-PM_png.rf.013a81f1ad8115fa8e0bfc69fbbcd818.jpg,9172d6ad5a956c92
train,Acral_Lentiginous_Melanoma,Screen-Shot-2021-11-20-at-8-18-01-PM_png.rf.26d4f9870e37b178a7dc6671a56664bb.jpg,C:\Users\venka\Documents\Project\data\processed\train\Acral_Lentiginous_Melanoma\Screen-Shot-2021-11-20-at-8-18-01-PM_png.rf.26d4f9870e37b178a7dc6671a56664bb.jpg,87d95fa040b71796
train,Acral_Lentiginous_Melanoma,Screen-Shot-2021-11-20-at-8-18-01-PM_png.rf.3b3cc46e6de57233a7603732c02384ee.jpg,C:\Users\venka\Documents\Project\data\processed\train\Acral_Lentiginous_Melanoma\Screen-Shot-2021-11-20-at-8-18-01-PM_png.rf.3b3cc46e6de57233a7603732c02384ee.jpg,87a30a5f94e816f5
train,Acral_Lentiginous_Melanoma,Screen-Shot-2021-11-20-at-8-18-10-PM_png.rf.70377c454838b479672fe83c5def4e94.jpg,C:\Users\venka\Documents\Project\data\processed\train\Acral_Lentiginous_Melanoma\Screen-Shot-2021-11-20-at-8-18-10-PM_png.rf.70377c454838b479672fe83c5def4e94.jpg,814f7e7e5a518133
train,Acral_Lentiginous_Melanoma,Screen-Shot-2021-11-20-at-8-18-10-PM_png.rf.dd1e79d3c33a8874463fd5e430a19a45.jpg,C:\Users\venka\Documents\Project\data\processed\train\Acral_Lentiginous_Melanoma\Screen-Shot-2021-11-20-at-8-18-10-PM_png.rf.dd1e79d3c33a8874463fd5e430a19a45.jpg,86783f7978707146
train,Acral_Lentiginous_Melanoma,Screen-Shot-2021-11-20-at-8-18-57-PM_png.rf.5beb042cc07d20b499009176cebbadeb.jpg,C:\Users\venka\Documents\Project\data\processed\train\Acral_Lentiginous_Melanoma\Screen-Shot-2021-11-20-at-8-18-57-PM_png.rf.5beb042cc07d20b499009176cebbadeb.jpg,c4852b9a38f92bd5
train,Acral_Lentiginous_Melanoma,Screen-Shot-2021-11-20-at-8-18-57-PM_png.rf.7dd3a636c657595e19e8004b394eedd6.jpg,C:\Users\venka\Documents\Project\data\processed\train\Acral_Lentiginous_Melanoma\Screen-Shot-2021-11-20-at-8-18-57-PM_png.rf.7dd3a636c657595e19e8004b394eedd6.jpg,90764a3a693a6f2b
train,Acral_Lentiginous_Melanoma,Screen-Shot-2021-11-20-at-8-19-24-PM_png.rf.20d27c1a6aee1a0e8825f45a8ef107c5.jpg,C:\Users\venka\Documents\Project\data\processed\train\Acral_Lentiginous_Melanoma\Screen-Shot-2021-11-20-at-8-19-24-PM_png.rf.20d27c1a6aee1a0e8825f45a8ef107c5.jpg,e0bda585c6d2da8a
train,Acral_Lentiginous_Melanoma,Screen-Shot-2021-11-20-at-8-19-24-PM_png.rf.2cdc0f430987c412bec1d86ce584b6ff.jpg,C:\Users\venka\Documents\Project\data\processed\train\Acral_Lentiginous_Melanoma\Screen-Shot-2021-11-20-at-8-19-24-PM_png.rf.2cdc0f430987c412bec1d86ce584b6ff.jpg,94c8017c5f745f72
train,Acral_Lentiginous_Melanoma,Screen-Shot-2021-11-20-at-8-19-24-PM_png.rf.fdd0fdbe7ea085b4d1831765dabdc471.jpg,C:\Users\venka\Documents\Project\data\processed\train\Acral_Lentiginous_Melanoma\Screen-Shot-2021-11-20-at-8-19-24-PM_png.rf.fdd0fdbe7ea085b4d1831765dabdc471.jpg,c09f6ff81fa03826
train,Acral_Lentiginous_Melanoma,Screen-Shot-2021-11-20-at-8-19-36-PM_png.rf.5a6424c27eec35e7a1ece8d80c9ea2d4.jpg,C:\Users\venka\Documents\Project\data\processed\train\Acral_Lentiginous_Melanoma\Screen-Shot-2021-11-20-at-8-19-36-PM_png.rf.5a6424c27eec35e7a1ece8d80c9ea2d4.jpg,80747f6c705a6b6a
train,Acral_Lentiginous_Melanoma,Screen-Shot-2021-11-20-at-8-19-36-PM_png.rf.ee6037e066bf850e4ad8a8846ac65e8f.jpg,C:\Users\venka\Documents\Project\data\processed\train\Acral_Lentiginous_Melanoma\Screen-Shot-2021-11-20-at-8-19-36-PM_png.rf.ee6037e066bf850e4ad8a8846ac65e8f.jpg,80e07865796f633e
train,Acral_Lentiginous_Melanoma,Screen-Shot-2021-11-20-at-8-19-44-PM_png.rf.098e608c1039911dfc4eaa1aa428dcb6.jpg,C:\Users\venka\Documents\Project\data\processed\train\Acral_Lentiginous_Melanoma\Screen-Shot-2021-11-20-at-8-19-44-PM_png.rf.098e608c1039911dfc4eaa1aa428dcb6.jpg,80443fda7fc86d68
train,Acral_Lentiginous_Melanoma,Screen-Shot-2021-11-20-at-8-19-58-PM_png.rf.157e6b2a7260b1ef751fb79c3e71c022.jpg,C:\Users\venka\Documents\Project\data\processed\train\Acral_Lentiginous_Melanoma\Screen-Shot-2021-11-20-at-8-19-58-PM_png.rf.157e6b2a7260b1ef751fb79c3e71c022.jpg,803c67b17ffa2b40
train,Acral_Lentiginous_Melanoma,Screen-Shot-2021-11-20-at-8-19-58-PM_png.rf.1a3c285464fe6c0b72d14e2202e8d85c.jpg,C:\Users\venka\Documents\Project\data\processed\train\Acral_Lentiginous_Melanoma\Screen-Shot-2021-11-20-at-8-19-58-PM_png.rf.1a3c285464fe6c0b72d14e2202e8d85c.jpg,91d06ae74a9769ca
train,Acral_Lentiginous_Melanoma,Screen-Shot-2021-11-20-at-8-20-37-PM_png.rf.67388f02a58be71dfb280cf5d74fd2d3.jpg,C:\Users\venka\Documents\Project\data\processed\train\Acral_Lentiginous_Melanoma\Screen-Shot-2021-11-20-at-8-20-37-PM_png.rf.67388f02a58be71dfb280cf5d74fd2d3.jpg,c0d27ab06b93638f
train,Acral_Lentiginous_Melanoma,Screen-Shot-2021-11-20-at-8-20-37-PM_png.rf.75d6a3841153a21b924bd1002ce46b84.jpg,C:\Users\venka\Documents\Project\data\processed\train\Acral_Lentiginous_Melanoma\Screen-Shot-2021-11-20-at-8-20-37-PM_png.rf.75d6a3841153a21b924bd1002ce46b84.jpg,a8ab252835757a7a
train,Acral_Lentiginous_Melanoma,Screen-Shot-2021-11-20-at-8-20-56-PM_png.rf.ed39697eaa474094dd686c1e448769d3.jpg,C:\Users\venka\Documents\Project\data\processed\train\Acral_Lentiginous_Melanoma\Screen-Shot-2021-11-20-at-8-20-56-PM_png.rf.ed39697eaa474094dd686c1e448769d3.jpg,c5b93fe5b036c013
train,Acral_Lentiginous_Melanoma,Screen-Shot-2021-11-20-at-8-20-56-PM_png.rf.f3f3a5e7ad983ec2defd92181ec03e23.jpg,C:\Users\venka\Documents\Project\data\processed\train\Acral_Lentiginous_Melanoma\Screen-Shot-2021-11-20-at-8-20-56-PM_png.rf.f3f3a5e7ad983ec2defd92181ec03e23.jpg,d60a346910ef8bed
train,Acral_Lentiginous_Melanoma,Screen-Shot-2021-11-20-at-8-20-56-PM_png.rf.f6dbbfc303593bdac065e721d18eb5cc.jpg,C:\Users\venka\Documents\Project\data\processed\train\Acral_Lentiginous_Melanoma\Screen-Shot-2021-11-20-at-8-20-56-PM_png.rf.f6dbbfc303593bdac065e721d18eb5cc.jpg,9dff7083c5854685
train,Acral_Lentiginous_Melanoma,Screen-Shot-2021-11-20-at-8-21-24-PM_png.rf.57da0a2546f506087332549025217121.jpg,C:\Users\venka\Documents\Project\data\processed\train\Acral_Lentiginous_Melanoma\Screen-Shot-2021-11-20-at-8-21-24-PM_png.rf.57da0a2546f506087332549025217121.jpg,81af87818f959e87
train,Acral_Lentiginous_Melanoma,Screen-Shot-2021-11-20-at-8-21-24-PM_png.rf.628acbf568d35529791d804241c31e0a.jpg,C:\Users\venka\Documents\Project\data\processed\train\Acral_Lentiginous_Melanoma\Screen-Shot-2021-11-20-at-8-21-24-PM_png.rf.628acbf568d35529791d804241c31e0a.jpg,ff3a000703cf1fc5
train,Acral_Lentiginous_Melanoma,Screen-Shot-2021-11-20-at-8-21-24-PM_png.rf.d9fc5737863df25b69be62b77cee1922.jpg,C:\Users\venka\Documents\Project\data\processed\train\Acral_Lentiginous_Melanoma\Screen-Shot-2021-11-20-at-8-21-24-PM_png.rf.d9fc5737863df25b69be62b77cee1922.jpg,c52fc26ac2698f65
train,Acral_Lentiginous_Melanoma,Screen-Shot-2021-11-20-at-8-23-12-PM_png.rf.31f7cf06fe9b1350f6600fc7b3494d19.jpg,C:\Users\venka\Documents\Project\data\processed\train\Acral_Lentiginous_Melanoma\Screen-Shot-2021-11-20-at-8-23-12-PM_png.rf.31f7cf06fe9b1350f6600fc7b3494d19.jpg,952a6d85728f3365
train,Acral_Lentiginous_Melanoma,Screen-Shot-2021-11-20-at-8-23-12-PM_png.rf.3a024bc25ee33f6528febbab6e625896.jpg,C:\Users\venka\Documents\Project\data\processed\train\Acral_Lentiginous_Melanoma\Screen-Shot-2021-11-20-at-8-23-12-PM_png.rf.3a024bc25ee33f6528febbab6e625896.jpg,b04b6ad46555565e
train,Acral_Lentiginous_Melanoma,Screen-Shot-2021-11-20-at-8-23-12-PM_png.rf.58314fcaa130b5b66c7b48e2b7b4eeaf.jpg,C:\Users\venka\Documents\Project\data\processed\train\Acral_Lentiginous_Melanoma\Screen-Shot-2021-11-20-at-8-23-12-PM_png.rf.58314fcaa130b5b66c7b48e2b7b4eeaf.jpg,c0273ec6694f603f
train,Acral_Lentiginous_Melanoma,Screen-Shot-2021-11-20-at-8-24-21-PM_png.rf.238ecdb76f90afc5b365f9fe26f8b0a3.jpg,C:\Users\venka\Documents\Project\data\processed\train\Acral_Lentiginous_Melanoma\Screen-Shot-2021-11-20-at-8-24-21-PM_png.rf.238ecdb76f90afc5b365f9fe26f8b0a3.jpg,d7f86c9522952a2d
train,Acral_Lentiginous_Melanoma,Screen-Shot-2021-11-20-at-8-26-37-PM_png.rf.204e60a68fce915816a3ebc41eac9535.jpg,C:\Users\venka\Documents\Project\data\processed\train\Acral_Lentiginous_Melanoma\Screen-Shot-2021-11-20-at-8-26-37-PM_png.rf.204e60a68fce915816a3ebc41eac9535.jpg,8194c66a6e633f33
train,Acral_Lentiginous_Melanoma,Screen-Shot-2021-11-20-at-8-26-37-PM_png.rf.f5e36716d2709e11cf1de8f2f0e8c51b.jpg,C:\Users\venka\Documents\Project\data\processed\train\Acral_Lentiginous_Melanoma\Screen-Shot-2021-11-20-at-8-26-37-PM_png.rf.f5e36716d2709e11cf1de8f2f0e8c51b.jpg,b41f43684d6e6e8a
train,Acral_Lentiginous_Melanoma,Screen-Shot-2021-11-20-at-8-26-51-PM_png.rf.75e4c32b6916367e7a8b8a21735b1cc6.jpg,C:\Users\venka\Documents\Project\data\processed\train\Acral_Lentiginous_Melanoma\Screen-Shot-2021-11-20-at-8-26-51-PM_png.rf.75e4c32b6916367e7a8b8a21735b1cc6.jpg,915d64462f3a3b3a
train,Acral_Lentiginous_Melanoma,Screen-Shot-2021-11-20-at-8-26-51-PM_png.rf.a117dc6815cefcfc414e5727e4b986ef.jpg,C:\Users\venka\Documents\Project\data\processed\train\Acral_Lentiginous_Melanoma\Screen-Shot-2021-11-20-at-8-26-51-PM_png.rf.a117dc6815cefcfc414e5727e4b986ef.jpg,937f4d850d8d1cac
train,Acral_Lentiginous_Melanoma,Screen-Shot-2021-11-20-at-8-26-59-PM_png.rf.0c01e33895476e6b66bfdef2de03db0a.jpg,C:\Users\venka\Documents\Project\data\processed\train\Acral_Lentiginous_Melanoma\Screen-Shot-2021-11-20-at-8-26-59-PM_png.rf.0c01e33895476e6b66bfdef2de03db0a.jpg,d52a70546a5a6b6b
train,Acral_Lentiginous_Melanoma,Screen-Shot-2021-11-20-at-8-26-59-PM_png.rf.9d302007c7002cdf4db7998eeb72dfa3.jpg,C:\Users\venka\Documents\Project\data\processed\train\Acral_Lentiginous_Melanoma\Screen-Shot-2021-11-20-at-8-26-59-PM_png.rf.9d302007c7002cdf4db7998eeb72dfa3.jpg,915d6877415a676a
train,Acral_Lentiginous_Melanoma,Screen-Shot-2021-11-20-at-8-28-25-PM_png.rf.4c24bc183ec88e3134b9edd2b35983f8.jpg,C:\Users\venka\Documents\Project\data\processed\train\Acral_Lentiginous_Melanoma\Screen-Shot-2021-11-20-at-8-28-25-PM_png.rf.4c24bc183ec88e3134b9edd2b35983f8.jpg,9a7c27739c4c9349
train,Acral_Lentiginous_Melanoma,Screen-Shot-2021-11-20-at-8-28-25-PM_png.rf.e6e55ed8e77e9a6556665f39d8dd5c9e.jpg,C:\Users\venka\Documents\Project\data\processed\train\Acral_Lentiginous_Melanoma\Screen-Shot-2021-11-20-at-8-28-25-PM_png.rf.e6e55ed8e77e9a6556665f39d8dd5c9e.jpg,d5803a873a9f42bd
train,Acral_Lentiginous_Melanoma,Screen-Shot-2021-11-20-at-8-28-31-PM_png.rf.106cc6fd752b9059695a0f13231c61b5.jpg,C:\Users\venka\Documents\Project\data\processed\train\Acral_Lentiginous_Melanoma\Screen-Shot-2021-11-20-at-8-28-31-PM_png.rf.106cc6fd752b9059695a0f13231c61b5.jpg,d53a3f25c037449b
train,Acral_Lentiginous_Melanoma,Screen-Shot-2021-11-20-at-8-28-31-PM_png.rf.71ef41731f06c37955a09ba297908ced.jpg,C:\Users\venka\Documents\Project\data\processed\train\Acral_Lentiginous_Melanoma\Screen-Shot-2021-11-20-at-8-28-31-PM_png.rf.71ef41731f06c37955a09ba297908ced.jpg,c20a3ddd9b944f91
train,Acral_Lentiginous_Melanoma,Screen-Shot-2021-11-20-at-8-28-31-PM_png.rf.8dec9275ae0adb89af88816f28f05b1b.jpg,C:\Users\venka\Documents\Project\data\processed\train\Acral_Lentiginous_Melanoma\Screen-Shot-2021-11-20-at-8-28-31-PM_png.rf.8dec9275ae0adb89af88816f28f05b1b.jpg,8af171ce54587a78
train,Acral_Lentiginous_Melanoma,Screen-Shot-2021-11-20-at-8-28-37-PM_png.rf.cf3208cad075d94041cd2b7de61e4fe1.jpg,C:\Users\venka\Documents\Project\data\processed\train\Acral_Lentiginous_Melanoma\Screen-Shot-2021-11-20-at-8-28-37-PM_png.rf.cf3208cad075d94041cd2b7de61e4fe1.jpg,d0200a7d2fe32dd7
train,Acral_Lentiginous_Melanoma,Screen-Shot-2021-11-20-at-8-28-37-PM_png.rf.efd40de54dce01430630d45230e3fe71.jpg,C:\Users\venka\Documents\Project\data\processed\train\Acral_Lentiginous_Melanoma\Screen-Shot-2021-11-20-at-8-28-37-PM_png.rf.efd40de54dce01430630d45230e3fe71.jpg,d2d10d6e2d4a3c6d
train,Acral_Lentiginous_Melanoma,Screen-Shot-2021-11-20-at-8-28-37-PM_png.rf.f8d7cde6c185ad6f4a32961a8d1c0426.jpg,C:\Users\venka\Documents\Project\data\processed\train\Acral_Lentiginous_Melanoma\Screen-Shot-2021-11-20-at-8-28-37-PM_png.rf.f8d7cde6c185ad6f4a32961a8d1c0426.jpg,c0484b6f3ff425e2
train,Acral_Lentiginous_Melanoma,Screen-Shot-2021-11-20-at-8-28-44-PM_png.rf.4fe4835b4e1a92c411a40c12772b0e93.jpg,C:\Users\venka\Documents\Project\data\processed\train\Acral_Lentiginous_Melanoma\Screen-Shot-2021-11-20-at-8-28-44-PM_png.rf.4fe4835b4e1a92c411a40c12772b0e93.jpg,f50a3468d16dc0fb
train,Acral_Lentiginous_Melanoma,Screen-Shot-2021-11-20-at-8-28-44-PM_png.rf.d5aeba760f0565e1cd2f3c711848494f.jpg,C:\Users\venka\Documents\Project\data\processed\train\Acral_Lentiginous_Melanoma\Screen-Shot-2021-11-20-at-8-28-44-PM_png.rf.d5aeba760f0565e1cd2f3c711848494f.jpg,d01f40bb47a17ea5
train,Acral_Lentiginous_Melanoma,Screen-Shot-2021-11-20-at-8-28-44-PM_png.rf.d69183bc6633bffe3ab641960feab576.jpg,C:\Users\venka\Documents\Project\data\processed\train\Acral_Lentiginous_Melanoma\Screen-Shot-2021-11-20-at-8-28-44-PM_png.rf.d69183bc6633bffe3ab641960feab576.jpg,d028701cd15fc77e
train,Acral_Lentiginous_Melanoma,Screen-Shot-2021-11-20-at-8-29-14-PM_png.rf.03fb5f445549e080ea205bbd0efc5712.jpg,C:\Users\venka\Documents\Project\data\processed\train\Acral_Lentiginous_Melanoma\Screen-Shot-2021-11-20-at-8-29-14-PM_png.rf.03fb5f445549e080ea205bbd0efc5712.jpg,d420689190fb6bef
train,Acral_Lentiginous_Melanoma,Screen-Shot-2021-11-20-at-8-29-14-PM_png.rf.7284ec8ef306c8e7260b9ca7e4029510.jpg,C:\Users\venka\Documents\Project\data\processed\train\Acral_Lentiginous_Melanoma\Screen-Shot-2021-11-20-at-8-29-14-PM_png.rf.7284ec8ef306c8e7260b9ca7e4029510.jpg,d537358f143d3234
train,Acral_Lentiginous_Melanoma,Screen-Shot-2021-11-20-at-8-29-20-PM_png.rf.47833fcf8eb8ada6b44777ebf328e0a4.jpg,C:\Users\venka\Documents\Project\data\processed\train\Acral_Lentiginous_Melanoma\Screen-Shot-2021-11-20-at-8-29-20-PM_png.rf.47833fcf8eb8ada6b44777ebf328e0a4.jpg,d52b092f2b3d2a36
train,Acral_Lentiginous_Melanoma,Screen-Shot-2021-11-20-at-8-29-20-PM_png.rf.eee056fc069e685e0b46f407cc122eb9.jpg,C:\Users\venka\Documents\Project\data\processed\train\Acral_Lentiginous_Melanoma\Screen-Shot-2021-11-20-at-8-29-20-PM_png.rf.eee056fc069e685e0b46f407cc122eb9.jpg,802a5fd41bce59ce
train,Acral_Lentiginous_Melanoma,Screen-Shot-2021-11-20-at-8-29-41-PM_png.rf.90ac45c3618b8b748c9723cbeef9df7d.jpg,C:\Users\venka\Documents\Project\data\processed\train\Acral_Lentiginous_Melanoma\Screen-Shot-2021-11-20-at-8-29-41-PM_png.rf.90ac45c3618b8b748c9723cbeef9df7d.jpg,a055a53f95741fc8
train,Acral_Lentiginous_Melanoma,Screen-Shot-2021-11-20-at-8-29-41-PM_png.rf.d8b1fcec3b12162c6b976fc0c8e6a17f.jpg,C:\Users\venka\Documents\Project\data\processed\train\Acral_Lentiginous_Melanoma\Screen-Shot-2021-11-20-at-8-29-41-PM_png.rf.d8b1fcec3b12162c6b976fc0c8e6a17f.jpg,ef59b0a950a54bb4
train,Acral_Lentiginous_Melanoma,Screen-Shot-2021-11-20-at-8-29-41-PM_png.rf.e102e85876de2207df7b2093e9c83244.jpg,C:\Users\venka\Documents\Project\data\processed\train\Acral_Lentiginous_Melanoma\Screen-Shot-2021-11-20-at-8-29-41-PM_png.rf.e102e85876de2207df7b2093e9c83244.jpg,c07f87508f3b0f2a
train,Acral_Lentiginous_Melanoma,Screen-Shot-2021-11-20-at-8-29-56-PM_png.rf.5daeb6147364e4a25e6812e7e0b38ea4.jpg,C:\Users\venka\Documents\Project\data\processed\train\Acral_Lentiginous_Melanoma\Screen-Shot-2021-11-20-at-8-29-56-PM_png.rf.5daeb6147364e4a25e6812e7e0b38ea4.jpg,d0ba2c046fd577c2
train,Acral_Lentiginous_Melanoma,Screen-Shot-2021-11-20-at-8-29-56-PM_png.rf.7985b01079a15df5e1fc5f501b819aef.jpg,C:\Users\venka\Documents\Project\data\processed\train\Acral_Lentiginous_Melanoma\Screen-Shot-2021-11-20-at-8-29-56-PM_png.rf.7985b01079a15df5e1fc5f501b819aef.jpg,ce5321ef30213f1d
train,Acral_Lentiginous_Melanoma,Screen-Shot-2021-11-20-at-8-29-56-PM_png.rf.fd965d022ea5575f035cd37d88ac8071.jpg,C:\Users\venka\Documents\Project\data\processed\train\Acral_Lentiginous_Melanoma\Screen-Shot-2021-11-20-at-8-29-56-PM_png.rf.fd965d022ea5575f035cd37d88ac8071.jpg,87f5799501172e5a
train,Acral_Lentiginous_Melanoma,Screen-Shot-2021-11-20-at-8-34-56-PM_png.rf.06fdb2e664dbff7121dcae6ff2c6fd48.jpg,C:\Users\venka\Documents\Project\data\processed\train\Acral_Lentiginous_Melanoma\Screen-Shot-2021-11-20-at-8-34-56-PM_png.rf.06fdb2e664dbff7121dcae6ff2c6fd48.jpg,952a2d5b6869727c
train,Acral_Lentiginous_Melanoma,Screen-Shot-2021-11-20-at-8-34-56-PM_png.rf.c2dc4cb38c6398636c779436c10b5eb9.jpg,C:\Users\venka\Documents\Project\data\processed\train\Acral_Lentiginous_Melanoma\Screen-Shot-2021-11-20-at-8-34-56-PM_png.rf.c2dc4cb38c6398636c779436c10b5eb9.jpg,95e80663346f725b
train,Acral_Lentiginous_Melanoma,Screen-Shot-2021-11-20-at-8-35-25-PM_png.rf.02a4404b87558f59d067b375eea0793b.jpg,C:\Users\venka\Documents\Project\data\processed\train\Acral_Lentiginous_Melanoma\Screen-Shot-2021-11-20-at-8-35-25-PM_png.rf.02a4404b87558f59d067b375eea0793b.jpg,818b7eb933662c69
train,Acral_Lentiginous_Melanoma,Screen-Shot-2021-11-20-at-8-35-25-PM_png.rf.1a822ba136703a49eb4079b3da16d91e.jpg,C:\Users\venka\Documents\Project\data\processed\train\Acral_Lentiginous_Melanoma\Screen-Shot-2021-11-20-at-8-35-25-PM_png.rf.1a822ba136703a49eb4079b3da16d91e.jpg,905e77216a9334cf
train,Acral_Lentiginous_Melanoma,Screen-Shot-2021-11-20-at-8-35-25-PM_png.rf.9f3f209c80cff89fd8f637d61d8c9cdd.jpg,C:\Users\venka\Documents\Project\data\processed\train\Acral_Lentiginous_Melanoma\Screen-Shot-2021-11-20-at-8-35-25-PM_png.rf.9f3f209c80cff89fd8f637d61d8c9cdd.jpg,dcb13781604f9e4e
train,Acral_Lentiginous_Melanoma,Screen-Shot-2021-11-20-at-8-35-31-PM_png.rf.6a3312d0b79ec6c6b8895845550980a0.jpg,C:\Users\venka\Documents\Project\data\processed\train\Acral_Lentiginous_Melanoma\Screen-Shot-2021-11-20-at-8-35-31-PM_png.rf.6a3312d0b79ec6c6b8895845550980a0.jpg,9498cae771926739
train,Acral_Lentiginous_Melanoma,Screen-Shot-2021-11-20-at-8-35-31-PM_png.rf.fc3c24b2969c6b61b23c2aa1cd809c59.jpg,C:\Users\venka\Documents\Project\data\processed\train\Acral_Lentiginous_Melanoma\Screen-Shot-2021-11-20-at-8-35-31-PM_png.rf.fc3c24b2969c6b61b23c2aa1cd809c59.jpg,95354c9932e6316f
train,Acral_Lentiginous_Melanoma,Screen-Shot-2021-11-20-at-8-35-38-PM_png.rf.5222c903dbacda391cf1b2c579ecebbf.jpg,C:\Users\venka\Documents\Project\data\processed\train\Acral_Lentiginous_Melanoma\Screen-Shot-2021-11-20-at-8-35-38-PM_png.rf.5222c903dbacda391cf1b2c579ecebbf.jpg,c0911f876b9e2dd8
train,Acral_Lentiginous_Melanoma,Screen-Shot-2021-11-20-at-8-35-38-PM_png.rf.af4c22e6692906a877db3d8b190877c3.jpg,C:\Users\venka\Documents\Project\data\processed\train\Acral_Lentiginous_Melanoma\Screen-Shot-2021-11-20-at-8-35-38-PM_png.rf.af4c22e6692906a877db3d8b190877c3.jpg,d53f004a6a9e6bca
train,Acral_Lentiginous_Melanoma,Screen-Shot-2021-11-20-at-8-35-45-PM_png.rf.33e5b664bf7c54c5fd3950167c6956ff.jpg,C:\Users\venka\Documents\Project\data\processed\train\Acral_Lentiginous_Melanoma\Screen-Shot-2021-11-20-at-8-35-45-PM_png.rf.33e5b664bf7c54c5fd3950167c6956ff.jpg,c0258fb03ccd27db
train,Acral_Lentiginous_Melanoma,Screen-Shot-2021-11-20-at-8-35-45-PM_png.rf.d55c1f4edc81db59a23d49d9fe1e5ed1.jpg,C:\Users\venka\Documents\Project\data\processed\train\Acral_Lentiginous_Melanoma\Screen-Shot-2021-11-20-at-8-35-45-PM_png.rf.d55c1f4edc81db59a23d49d9fe1e5ed1.jpg,c0850fd23d8e6f96
train,Acral_Lentiginous_Melanoma,Screen-Shot-2021-11-20-at-8-36-13-PM_png.rf.bdd6c92ef517350b5cc6e7bd21af70a3.jpg,C:\Users\venka\Documents\Project\data\processed\train\Acral_Lentiginous_Melanoma\Screen-Shot-2021-11-20-at-8-36-13-PM_png.rf.bdd6c92ef517350b5cc6e7bd21af70a3.jpg,805275d27fc9c7c1
train,Acral_Lentiginous_Melanoma,Screen-Shot-2021-11-20-at-8-36-13-PM_png.rf.fd5d938ecb4bfa51ebedbdc7a07aa87b.jpg,C:\Users\venka\Documents\Project\data\processed\train\Acral_Lentiginous_Melanoma\Screen-Shot-2021-11-20-at-8-36-13-PM_png.rf.fd5d938ecb4bfa51ebedbdc7a07aa87b.jpg,d17f42ba63c1031f
train,Acral_Lentiginous_Melanoma,Screen-Shot-2021-11-20-at-8-36-28-PM_png.rf.d78507f439cd6f9f6acabb848b8a0ea8.jpg,C:\Users\venka\Documents\Project\data\processed\train\Acral_Lentiginous_Melanoma\Screen-Shot-2021-11-20-at-8-36-28-PM_png.rf.d78507f439cd6f9f6acabb848b8a0ea8.jpg,81626a7f457d4f60
train,Acral_Lentiginous_Melanoma,Screen-Shot-2021-11-20-at-8-37-13-PM_png.rf.1a2008bbd7195e837382a7e4de054ca5.jpg,C:\Users\venka\Documents\Project\data\processed\train\Acral_Lentiginous_Melanoma\Screen-Shot-2021-11-20-at-8-37-13-PM_png.rf.1a2008bbd7195e837382a7e4de054ca5.jpg,d58503953ec6357a
train,Acral_Lentiginous_Melanoma,Screen-Shot-2021-11-20-at-8-37-13-PM_png.rf.32e97fa8f5ec2f6e5ee4d012c61f0e4f.jpg,C:\Users\venka\Documents\Project\data\processed\train\Acral_Lentiginous_Melanoma\Screen-Shot-2021-11-20-at-8-37-13-PM_png.rf.32e97fa8f5ec2f6e5ee4d012c61f0e4f.jpg,e07f0f853c303f61
train,Acral_Lentiginous_Melanoma,Screen-Shot-2021-11-20-at-8-37-13-PM_png.rf.4b47fa16f952918e792d6ee989cf379d.jpg,C:\Users\venka\Documents\Project\data\processed\train\Acral_Lentiginous_Melanoma\Screen-Shot-2021-11-20-at-8-37-13-PM_png.rf.4b47fa16f952918e792d6ee989cf379d.jpg,c129de63da464bd8
train,Acral_Lentiginous_Melanoma,Screen-Shot-2021-11-20-at-8-37-53-PM_png.rf.7140de0f26a07f006fd2727cb774a1fd.jpg,C:\Users\venka\Documents\Project\data\processed\train\Acral_Lentiginous_Melanoma\Screen-Shot-2021-11-20-at-8-37-53-PM_png.rf.7140de0f26a07f006fd2727cb774a1fd.jpg,959a92694b6c6766
train,Acral_Lentiginous_Melanoma,Screen-Shot-2021-11-20-at-8-37-53-PM_png.rf.74bd892c2991c9d4f120cb7738f561a9.jpg,C:\Users\venka\Documents\Project\data\processed\train\Acral_Lentiginous_Melanoma\Screen-Shot-2021-11-20-at-8-37-53-PM_png.rf.74bd892c2991c9d4f120cb7738f561a9.jpg,c07ac33d0f2d0f35
train,Acral_Lentiginous_Melanoma,Screen-Shot-2021-11-20-at-9-40-12-PM_png.rf.b246fee7b461a7c05b307435d19fb2c5.jpg,C:\Users\venka\Documents\Project\data\processed\train\Acral_Lentiginous_Melanoma\Screen-Shot-2021-11-20-at-9-40-12-PM_png.rf.b246fee7b461a7c05b307435d19fb2c5.jpg,c56a32a53b9dca8c
train,Acral_Lentiginous_Melanoma,Screen-Shot-2021-11-20-at-9-40-24-PM_png.rf.3405b395bce7774ecb0795f8cf538024.jpg,C:\Users\venka\Documents\Project\data\processed\train\Acral_Lentiginous_Melanoma\Screen-Shot-2021-11-20-at-9-40-24-PM_png.rf.3405b395bce7774ecb0795f8cf538024.jpg,d17a0ce4b599625d
train,Acral_Lentiginous_Melanoma,Screen-Shot-2021-11-20-at-9-40-40-PM_png.rf.5e155cd58fcbc02cfc07ab87fb4870a6.jpg,C:\Users\venka\Documents\Project\data\processed\train\Acral_Lentiginous_Melanoma\Screen-Shot-2021-11-20-at-9-40-40-PM_png.rf.5e155cd58fcbc02cfc07ab87fb4870a6.jpg,80ed7f1296e5e851
train,Acral_Lentiginous_Melanoma,Screen-Shot-2021-11-20-at-9-40-40-PM_png.rf.ab5ee00cc1236a1b7459a95f910fbe92.jpg,C:\Users\venka\Documents\Project\data\processed\train\Acral_Lentiginous_Melanoma\Screen-Shot-2021-11-20-at-9-40-40-PM_png.rf.ab5ee00cc1236a1b7459a95f910fbe92.jpg,80bf35443f685b72
train,Acral_Lentiginous_Melanoma,Screen-Shot-2021-11-20-at-9-40-46-PM_png.rf.2e1013d70f25e45c83eaff8da9f72d2a.jpg,C:\Users\venka\Documents\Project\data\processed\train\Acral_Lentiginous_Melanoma\Screen-Shot-2021-11-20-at-9-40-46-PM_png.rf.2e1013d70f25e45c83eaff8da9f72d2a.jpg,92ca68976b97259a
train,Acral_Lentiginous_Melanoma,Screen-Shot-2021-11-20-at-9-40-46-PM_png.rf.4528c5e2eb5a02913607a945cd327ad2.jpg,C:\Users\venka\Documents\Project\data\processed\train\Acral_Lentiginous_Melanoma\Screen-Shot-2021-11-20-at-9-40-46-PM_png.rf.4528c5e2eb5a02913607a945cd327ad2.jpg,c0e00a517b1f973f
train,Acral_Lentiginous_Melanoma,Screen-Shot-2021-11-20-at-9-40-46-PM_png.rf.cfffaa71d54bbb60ba8b3057067eb424.jpg,C:\Users\venka\Documents\Project\data\processed\train\Acral_Lentiginous_Melanoma\Screen-Shot-2021-11-20-at-9-40-46-PM_png.rf.cfffaa71d54bbb60ba8b3057067eb424.jpg,c3c8698c2f9f2d83
train,Acral_Lentiginous_Melanoma,Screen-Shot-2021-11-20-at-9-41-10-PM_png.rf.9edad097988ef199d93d31fc1ec35550.jpg,C:\Users\venka\Documents\Project\data\processed\train\Acral_Lentiginous_Melanoma\Screen-Shot-2021-11-20-at-9-41-10-PM_png.rf.9edad097988ef199d93d31fc1ec35550.jpg,9e693c3c6d346836
train,Acral_Lentiginous_Melanoma,Screen-Shot-2021-11-20-at-9-41-10-PM_png.rf.a5c94131e0f2a453335333a16071f083.jpg,C:\Users\venka\Documents\Project\data\processed\train\Acral_Lentiginous_Melanoma\Screen-Shot-2021-11-20-at-9-41-10-PM_png.rf.a5c94131e0f2a453335333a16071f083.jpg,c3693e3e2c363c32
train,Acral_Lentiginous_Melanoma,Screen-Shot-2021-11-20-at-9-41-17-PM_png.rf.8755f2d59a46e53248d2f18c0cc1b6ed.jpg,C:\Users\venka\Documents\Project\data\processed\train\Acral_Lentiginous_Melanoma\Screen-Shot-2021-11-20-at-9-41-17-PM_png.rf.8755f2d59a46e53248d2f18c0cc1b6ed.jpg,91f05e075a1f293e
train,Acral_Lentiginous_Melanoma,Screen-Shot-2021-11-20-at-9-41-17-PM_png.rf.bcea0fb448960b9a661ffaa0e031b7b0.jpg,C:\Users\venka\Documents\Project\data\processed\train\Acral_Lentiginous_Melanoma\Screen-Shot-2021-11-20-at-9-41-17-PM_png.rf.bcea0fb448960b9a661ffaa0e031b7b0.jpg,d0817b2df1346d72
train,Acral_Lentiginous_Melanoma,Screen-Shot-2021-11-20-at-9-41-50-PM_png.rf.9f6905d60ee35d2c4487a7364e0da94a.jpg,C:\Users\venka\Documents\Project\data\processed\train\Acral_Lentiginous_Melanoma\Screen-Shot-2021-11-20-at-9-41-50-PM_png.rf.9f6905d60ee35d2c4487a7364e0da94a.jpg,c76a5f9968913991
train,Acral_Lentiginous_Melanoma,Screen-Shot-2021-11-20-at-9-41-53-PM_png.rf.d6ba03bc423449cc2a996e7e91fcb4d4.jpg,C:\Users\venka\Documents\Project\data\processed\train\Acral_Lentiginous_Melanoma\Screen-Shot-2021-11-20-at-9-41-53-PM_png.rf.d6ba03bc423449cc2a996e7e91fcb4d4.jpg,c0405fc06f6a3fcd
train,Acral_Lentiginous_Melanoma,Screen-Shot-2021-11-20-at-9-41-53-PM_png.rf.d9fb813c55d21bad541adc4a2b83c099.jpg,C:\Users\venka\Documents\Project\data\processed\train\Acral_Lentiginous_Melanoma\Screen-Shot-2021-11-20-at-9-41-53-PM_png.rf.d9fb813c55d21bad541adc4a2b83c099.jpg,d19f46913d943f84
train,Acral_Lentiginous_Melanoma,Screen-Shot-2021-11-20-at-9-43-58-PM_png.rf.2d141728268b959fd8f2e746b4bbf00e.jpg,C:\Users\venka\Documents\Project\data\processed\train\Acral_Lentiginous_Melanoma\Screen-Shot-2021-11-20-at-9-43-58-PM_png.rf.2d141728268b959fd8f2e746b4bbf00e.jpg,d2254f6a6c7b604b
train,Acral_Lentiginous_Melanoma,Screen-Shot-2021-11-20-at-9-43-58-PM_png.rf.642968a43da80a0ff69d5b7cfe56f14f.jpg,C:\Users\venka\Documents\Project\data\processed\train\Acral_Lentiginous_Melanoma\Screen-Shot-2021-11-20-at-9-43-58-PM_png.rf.642968a43da80a0ff69d5b7cfe56f14f.jpg,c0bf1a903d68b5e5
train,Acral_Lentiginous_Melanoma,Screen-Shot-2021-11-20-at-9-44-07-PM_png.rf.5ef96b75d07bd782e2780ca89e58293f.jpg,C:\Users\venka\Documents\Project\data\processed\train\Acral_Lentiginous_Melanoma\Screen-Shot-2021-11-20-at-9-44-07-PM_png.rf.5ef96b75d07bd782e2780ca89e58293f.jpg,807ac7413f447b5b
train,Acral_Lentiginous_Melanoma,Screen-Shot-2021-11-20-at-9-44-07-PM_png.rf.8f1fe7bae05e310a62e0d653fde34a64.jpg,C:\Users\venka\Documents\Project\data\processed\train\Acral_Lentiginous_Melanoma\Screen-Shot-2021-11-20-at-9-44-07-PM_png.rf.8f1fe7bae05e310a62e0d653fde34a64.jpg,850a53674e7d1379
train,Acral_Lentiginous_Melanoma,Screen-Shot-2021-11-20-at-9-44-07-PM_png.rf.bb9211cffbcc8e43df9d261239d69c0a.jpg,C:\Users\venka\Documents\Project\data\processed\train\Acral_Lentiginous_Melanoma\Screen-Shot-2021-11-20-at-9-44-07-PM_png.rf.bb9211cffbcc8e43df9d261239d69c0a.jpg,f50a4a715e7e4471
train,Acral_Lentiginous_Melanoma,Screen-Shot-2021-11-20-at-9-44-17-PM_png.rf.53a83aa2e517c54c0bd2f986fb045c38.jpg,C:\Users\venka\Documents\Project\data\processed\train\Acral_Lentiginous_Melanoma\Screen-Shot-2021-11-20-at-9-44-17-PM_png.rf.53a83aa2e517c54c0bd2f986fb045c38.jpg,c1a33afd3534c712
train,Acral_Lentiginous_Melanoma,Screen-Shot-2021-11-20-at-9-44-17-PM_png.rf.60b9478c4e679daa761f7e1a9314def9.jpg,C:\Users\venka\Documents\Project\data\processed\train\Acral_Lentiginous_Melanoma\Screen-Shot-2021-11-20-at-9-44-17-PM_png.rf.60b9478c4e679daa761f7e1a9314def9.jpg,81997d9f352d9834
train,Acral_Lentiginous_Melanoma,Screen-Shot-2021-11-20-at-9-44-26-PM_png.rf.b03315a54af7949f740dc6640f37e391.jpg,C:\Users\venka\Documents\Project\data\processed\train\Acral_Lentiginous_Melanoma\Screen-Shot-2021-11-20-at-9-44-26-PM_png.rf.b03315a54af7949f740dc6640f37e391.jpg,857e7e2020b56776
train,Acral_Lentiginous_Melanoma,Screen-Shot-2021-11-20-at-9-44-26-PM_png.rf.f9fe6a0b9d36b72af40da987c2dfc939.jpg,C:\Users\venka\Documents\Project\data\processed\train\Acral_Lentiginous_Melanoma\Screen-Shot-2021-11-20-at-9-44-26-PM_png.rf.f9fe6a0b9d36b72af40da987c2dfc939.jpg,d5942edb304b726a
train,Acral_Lentiginous_Melanoma,Screen-Shot-2021-11-20-at-9-44-34-PM_png.rf.42b849f600d44de9811b0681715c2521.jpg,C:\Users\venka\Documents\Project\data\processed\train\Acral_Lentiginous_Melanoma\Screen-Shot-2021-11-20-at-9-44-34-PM_png.rf.42b849f600d44de9811b0681715c2521.jpg,956a60c5623f6b9c
train,Acral_Lentiginous_Melanoma,Screen-Shot-2021-11-20-at-9-44-34-PM_png.rf.ebecb3cd7629ed9c6f6eb7b77e513df8.jpg,C:\Users\venka\Documents\Project\data\processed\train\Acral_Lentiginous_Melanoma\Screen-Shot-2021-11-20-at-9-44-34-PM_png.rf.ebecb3cd7629ed9c6f6eb7b77e513df8.jpg,906a67c5c65e4b69
train,Acral_Lentiginous_Melanoma,Screen-Shot-2021-11-20-at-9-47-39-PM_png.rf.778597abc9fe21d4b451c4db6bac8f07.jpg,C:\Users\venka\Documents\Project\data\processed\train\Acral_Lentiginous_Melanoma\Screen-Shot-2021-11-20-at-9-47-39-PM_png.rf.778597abc9fe21d4b451c4db6bac8f07.jpg,8060a4df7d4b7f42
train,Acral_Lentiginous_Melanoma,Screen-Shot-2021-11-20-at-9-47-39-PM_png.rf.8049e59ed836e388adcf97e5ed9fc3dc.jpg,C:\Users\venka\Documents\Project\data\processed\train\Acral_Lentiginous_Melanoma\Screen-Shot-2021-11-20-at-9-47-39-PM_png.rf.8049e59ed836e388adcf97e5ed9fc3dc.jpg,d56a40404b6d3f6f
train,Acral_Lentiginous_Melanoma,Screen-Shot-2021-11-20-at-9-47-39-PM_png.rf.f1f11c89b5d30417c5e5c4d62dd524f7.jpg,C:\Users\venka\Documents\Project\data\processed\train\Acral_Lentiginous_Melanoma\Screen-Shot-2021-11-20-at-9-47-39-PM_png.rf.f1f11c89b5d30417c5e5c4d62dd524f7.jpg,803d175d4e6a6e2b
train,Acral_Lentiginous_Melanoma,Screen-Shot-2021-11-20-at-9-48-48-PM_png.rf.409700521215824669903f562ef09dce.jpg,C:\Users\venka\Documents\Project\data\processed\train\Acral_Lentiginous_Melanoma\Screen-Shot-2021-11-20-at-9-48-48-PM_png.rf.409700521215824669903f562ef09dce.jpg,d0972fd03eca2cc9
train,Acral_Lentiginous_Melanoma,Screen-Shot-2021-11-20-at-9-48-48-PM_png.rf.c6a65d36de5bd6331a2542708ea9df4b.jpg,C:\Users\venka\Documents\Project\data\processed\train\Acral_Lentiginous_Melanoma\Screen-Shot-2021-11-20-at-9-48-48-PM_png.rf.c6a65d36de5bd6331a2542708ea9df4b.jpg,c6953d3392dc29d2
train,Acral_Lentiginous_Melanoma,Screen-Shot-2021-11-20-at-9-48-48-PM_png.rf.c807edba25f770594570e00f60c4a580.jpg,C:\Users\venka\Documents\Project\data\processed\train\Acral_Lentiginous_Melanoma\Screen-Shot-2021-11-20-at-9-48-48-PM_png.rf.c807edba25f770594570e00f60c4a580.jpg,c0ff3f406a92354e
train,Acral_Lentiginous_Melanoma,Subungual_Melanoma-1_jpg.rf.6c6e69f1bd6253a3434500390ff75fb4.jpg,C:\Users\venka\Documents\Project\data\processed\train\Acral_Lentiginous_Melanoma\Subungual_Melanoma-1_jpg.rf.6c6e69f1bd6253a3434500390ff75fb4.jpg,d0823e252bf62fc9
train,Acral_Lentiginous_Melanoma,Subungual_Melanoma-1_jpg.rf.825ab88a43c3b353f8aa706e81ba12e9.jpg,C:\Users\venka\Documents\Project\data\processed\train\Acral_Lentiginous_Melanoma\Subungual_Melanoma-1_jpg.rf.825ab88a43c3b353f8aa706e81ba12e9.jpg,d4216bcf631c3a9c
train,Acral_Lentiginous_Melanoma,Subungual_Melanoma-1_jpg.rf.baa04ff6516b45ad602b9fe9ba4a116e.jpg,C:\Users\venka\Documents\Project\data\processed\train\Acral_Lentiginous_Melanoma\Subungual_Melanoma-1_jpg.rf.baa04ff6516b45ad602b9fe9ba4a116e.jpg,949e6b3963c30e63
train,Acral_Lentiginous_Melanoma,Traumatic-melanonychia-following-a-fracture-of-the-great-toe_Q640_jpg.rf.b0c176a6ba7bdb1c33e17b5f2e3f1233.jpg,C:\Users\venka\Documents\Project\data\processed\train\Acral_Lentiginous_Melanoma\Traumatic-melanonychia-following-a-fracture-of-the-great-toe_Q640_jpg.rf.b0c176a6ba7bdb1c33e17b5f2e3f1233.jpg,c74f05695769466c
train,Acral_Lentiginous_Melanoma,Traumatic-melanonychia-following-a-fracture-of-the-great-toe_Q640_jpg.rf.eed18de6d1d5755c6ad4900ca4c5f9f8.jpg,C:\Users\venka\Documents\Project\data\processed\train\Acral_Lentiginous_Melanoma\Traumatic-melanonychia-following-a-fracture-of-the-great-toe_Q640_jpg.rf.eed18de6d1d5755c6ad4900ca4c5f9f8.jpg,84731c1f772a5a2b
train,Acral_Lentiginous_Melanoma,vZXDEmh_jpg.rf.e975250cf43513e269bebb79f1af1c4a.jpg,C:\Users\venka\Documents\Project\data\processed\train\Acral_Lentiginous_Melanoma\vZXDEmh_jpg.rf.e975250cf43513e269bebb79f1af1c4a.jpg,d6962cb831db18cb
train,blue_finger,3537c880a6f711e688859b4b6be08695-Fig_3A_red-purple_discoloration_JPG.rf.fc2c3f684022d800e190d34a49b861d2.jpg,C:\Users\venka\Documents\Project\data\processed\train\blue_finger\3537c880a6f711e688859b4b6be08695-Fig_3A_red-purple_discoloration_JPG.rf.fc2c3f684022d800e190d34a49b861d2.jpg,956a63a50e996e27
train,blue_finger,Screen-Shot-2021-10-15-at-10-36-10-AM_png.rf.be3e9fedd27a64aaff98f52df8ff9f4a.jpg,C:\Users\venka\Documents\Project\data\processed\train\blue_finger\Screen-Shot-2021-10-15-at-10-36-10-AM_png.rf.be3e9fedd27a64aaff98f52df8ff9f4a.jpg,c4e0606639bf3d36
train,blue_finger,Screen-Shot-2021-10-15-at-10-36-10-AM_png.rf.f581f7db3527e733165b351385592330.jpg,C:\Users\venka\Documents\Project\data\processed\train\blue_finger\Screen-Shot-2021-10-15-at-10-36-10-AM_png.rf.f581f7db3527e733165b351385592330.jpg,a5215d955ad66a5a
train,blue_finger,Screen-Shot-2021-10-15-at-10-36-15-AM_png.rf.630e34a3991ea4e3cbe7687696b545e0.jpg,C:\Users\venka\Documents\Project\data\processed\train\blue_finger\Screen-Shot-2021-10-15-at-10-36-15-AM_png.rf.630e34a3991ea4e3cbe7687696b545e0.jpg,d405db344fb40fd2
train,blue_finger,Screen-Shot-2021-10-15-at-10-36-37-AM_png.rf.227669e2b2368073a855df3e61632938.jpg,C:\Users\venka\Documents\Project\data\processed\train\blue_finger\Screen-Shot-2021-10-15-at-10-36-37-AM_png.rf.227669e2b2368073a855df3e61632938.jpg,dd27009d2fcc7ce0
train,blue_finger,Screen-Shot-2021-10-15-at-10-36-41-AM_png.rf.d392dd9a7f5d7fbdf29bcab52d53c7a5.jpg,C:\Users\venka\Documents\Project\data\processed\train\blue_finger\Screen-Shot-2021-10-15-at-10-36-41-AM_png.rf.d392dd9a7f5d7fbdf29bcab52d53c7a5.jpg,d025cb366c396bca
train,blue_finger,Screen-Shot-2021-10-15-at-10-36-41-AM_png.rf.ef3d6ca6301122fade9091f7d1386569.jpg,C:\Users\venka\Documents\Project\data\processed\train\blue_finger\Screen-Shot-2021-10-15-at-10-36-41-AM_png.rf.ef3d6ca6301122fade9091f7d1386569.jpg,95780f6318a57b2d
train,blue_finger,Screen-Shot-2021-10-15-at-10-36-46-AM_png.rf.935283c1a874d032d39bbb0289daee3d.jpg,C:\Users\venka\Documents\Project\data\processed\train\blue_finger\Screen-Shot-2021-10-15-at-10-36-46-AM_png.rf.935283c1a874d032d39bbb0289daee3d.jpg,c52f5e605f601fe0
train,blue_finger,Screen-Shot-2021-10-15-at-10-36-46-AM_png.rf.bf9f623157fffac83f1c47476459b956.jpg,C:\Users\venka\Documents\Project\data\processed\train\blue_finger\Screen-Shot-2021-10-15-at-10-36-46-AM_png.rf.bf9f623157fffac83f1c47476459b956.jpg,c0858fde1a6a6b6a
train,blue_finger,Screen-Shot-2021-10-15-at-10-36-46-AM_png.rf.cdbe220dd734ce4187eada289b7b3bb2.jpg,C:\Users\venka\Documents\Project\data\processed\train\blue_finger\Screen-Shot-2021-10-15-at-10-36-46-AM_png.rf.cdbe220dd734ce4187eada289b7b3bb2.jpg,fd6a06613e87389c
train,blue_finger,Screen-Shot-2021-10-15-at-10-38-28-AM_png.rf.01f1b411314c8f22d53d17a8a658fe72.jpg,C:\Users\venka\Documents\Project\data\processed\train\blue_finger\Screen-Shot-2021-10-15-at-10-38-28-AM_png.rf.01f1b411314c8f22d53d17a8a658fe72.jpg,80bd579a1f191f15
train,blue_finger,Screen-Shot-2021-10-15-at-10-38-37-AM_png.rf.114a90af2ccf0acf753866f12dc37795.jpg,C:\Users\venka\Documents\Project\data\processed\train\blue_finger\Screen-Shot-2021-10-15-at-10-38-37-AM_png.rf.114a90af2ccf0acf753866f12dc37795.jpg,952a4ad46ad56f25
train,blue_finger,Screen-Shot-2021-10-15-at-10-38-53-AM_png.rf.1950c2c43537283c3d7f77da1d6f9194.jpg,C:\Users\venka\Documents\Project\data\processed\train\blue_finger\Screen-Shot-2021-10-15-at-10-38-53-AM_png.rf.1950c2c43537283c3d7f77da1d6f9194.jpg,d0253939c666e73c
train,blue_finger,Screen-Shot-2021-10-15-at-10-38-53-AM_png.rf.9a97e42cff1827ef3cc84a2b8dab33c1.jpg,C:\Users\venka\Documents\Project\data\processed\train\blue_finger\Screen-Shot-2021-10-15-at-10-38-53-AM_png.rf.9a97e42cff1827ef3cc84a2b8dab33c1.jpg,951a4ae135976a3e
train,blue_finger,Screen-Shot-2021-10-15-at-10-38-53-AM_png.rf.b3b5de27c816ef9cba32f304aeb7638c.jpg,C:\Users\venka\Documents\Project\data\processed\train\blue_finger\Screen-Shot-2021-10-15-at-10-38-53-AM_png.rf.b3b5de27c816ef9cba32f304aeb7638c.jpg,d0b53dcb206e6768
train,blue_finger,Screen-Shot-2021-10-15-at-10-38-58-AM_png.rf.630a1aa590f81ee260f56c3cf1bc34dd.jpg,C:\Users\venka\Documents\Project\data\processed\train\blue_finger\Screen-Shot-2021-10-15-at-10-38-58-AM_png.rf.630a1aa590f81ee260f56c3cf1bc34dd.jpg,d0253dcf613a6939
train,blue_finger,Screen-Shot-2021-10-15-at-10-38-58-AM_png.rf.93b455b4e872aba37c0bc351a0a6ee70.jpg,C:\Users\venka\Documents\Project\data\processed\train\blue_finger\Screen-Shot-2021-10-15-at-10-38-58-AM_png.rf.93b455b4e872aba37c0bc351a0a6ee70.jpg,908d6d321fce3ec2
train,blue_finger,Screen-Shot-2021-10-15-at-10-39-10-AM_png.rf.81c179841360487bf3662c6dd307ea4d.jpg,C:\Users\venka\Documents\Project\data\processed\train\blue_finger\Screen-Shot-2021-10-15-at-10-39-10-AM_png.rf.81c179841360487bf3662c6dd307ea4d.jpg,d55a5b00272f3e3c
train,blue_finger,Screen-Shot-2021-10-15-at-10-39-10-AM_png.rf.a307002ccf32566de22ebdb5c509d6be.jpg,C:\Users\venka\Documents\Project\data\processed\train\blue_finger\Screen-Shot-2021-10-15-at-10-39-10-AM_png.rf.a307002ccf32566de22ebdb5c509d6be.jpg,805f776826b82fb1
train,blue_finger,Screen-Shot-2021-10-15-at-10-39-10-AM_png.rf.ecd0a0437bdeb7a80d6e8e3df87d41dd.jpg,C:\Users\venka\Documents\Project\data\processed\train\blue_finger\Screen-Shot-2021-10-15-at-10-39-10-AM_png.rf.ecd0a0437bdeb7a80d6e8e3df87d41dd.jpg,d5950af02b8f3d0d
train,blue_finger,Screen-Shot-2021-10-15-at-10-39-17-AM_png.rf.08662d7ad2c77050943ee4efd1daaad2.jpg,C:\Users\venka\Documents\Project\data\processed\train\blue_finger\Screen-Shot-2021-10-15-at-10-39-17-AM_png.rf.08662d7ad2c77050943ee4efd1daaad2.jpg,89d635cb12c97d2c
train,blue_finger,Screen-Shot-2021-10-15-at-10-39-17-AM_png.rf.7bcd41c0521cf43efdc68d3ebf649a79.jpg,C:\Users\venka\Documents\Project\data\processed\train\blue_finger\Screen-Shot-2021-10-15-at-10-39-17-AM_png.rf.7bcd41c0521cf43efdc68d3ebf649a79.jpg,85da3c6a525d4b69
train,blue_finger,Screen-Shot-2021-10-15-at-10-39-29-AM_png.rf.43dea15ff5f2e8319e6530692f83e83e.jpg,C:\Users\venka\Documents\Project\data\processed\train\blue_finger\Screen-Shot-2021-10-15-at-10-39-29-AM_png.rf.43dea15ff5f2e8319e6530692f83e83e.jpg,d51e6d631a072b9c
train,blue_finger,Screen-Shot-2021-10-15-at-10-39-29-AM_png.rf.65323d01327b33113cda4a5df66e2ea8.jpg,C:\Users\venka\Documents\Project\data\processed\train\blue_finger\Screen-Shot-2021-10-15-at-10-39-29-AM_png.rf.65323d01327b33113cda4a5df66e2ea8.jpg,d0812db62587b6de
train,blue_finger,Screen-Shot-2021-10-15-at-10-39-33-AM_png.rf.53348eb0a023272046c376eba0ba140a.jpg,C:\Users\venka\Documents\Project\data\processed\train\blue_finger\Screen-Shot-2021-10-15-at-10-39-33-AM_png.rf.53348eb0a023272046c376eba0ba140a.jpg,d56a30cd287237b9
train,blue_finger,Screen-Shot-2021-10-15-at-10-39-33-AM_png.rf.72c01aa41c5dcd9f9eaa0c3b68ccb8ef.jpg,C:\Users\venka\Documents\Project\data\processed\train\blue_finger\Screen-Shot-2021-10-15-at-10-39-33-AM_png.rf.72c01aa41c5dcd9f9eaa0c3b68ccb8ef.jpg,d5e820617edc3993
train,blue_finger,Screen-Shot-2021-10-15-at-10-39-33-AM_png.rf.87adca9025796d166afc56fa4fcd5c67.jpg,C:\Users\venka\Documents\Project\data\processed\train\blue_finger\Screen-Shot-2021-10-15-at-10-39-33-AM_png.rf.87adca9025796d166afc56fa4fcd5c67.jpg,d5e81ac56852733d
train,blue_finger,Screen-Shot-2021-10-15-at-10-39-37-AM_png.rf.3cfa1f6010b3ff435758371214ea58a7.jpg,C:\Users\venka\Documents\Project\data\processed\train\blue_finger\Screen-Shot-2021-10-15-at-10-39-37-AM_png.rf.3cfa1f6010b3ff435758371214ea58a7.jpg,d0296b7f24f422ba
train,blue_finger,Screen-Shot-2021-10-15-at-10-39-37-AM_png.rf.cc81cec6a0cb8adab07b8de5e0b4f332.jpg,C:\Users\venka\Documents\Project\data\processed\train\blue_finger\Screen-Shot-2021-10-15-at-10-39-37-AM_png.rf.cc81cec6a0cb8adab07b8de5e0b4f332.jpg,c0f03f8f36073396
train,blue_finger,Screen-Shot-2021-10-15-at-10-40-02-AM_png.rf.2af02d912c1b0e8ea91286101bae6493.jpg,C:\Users\venka\Documents\Project\data\processed\train\blue_finger\Screen-Shot-2021-10-15-at-10-40-02-AM_png.rf.2af02d912c1b0e8ea91286101bae6493.jpg,c595151738373a75
train,blue_finger,Screen-Shot-2021-10-15-at-10-40-02-AM_png.rf.565c0203d68af2847372ad3fa8983960.jpg,C:\Users\venka\Documents\Project\data\processed\train\blue_finger\Screen-Shot-2021-10-15-at-10-40-02-AM_png.rf.565c0203d68af2847372ad3fa8983960.jpg,d53778952e9435c2
train,blue_finger,Screen-Shot-2021-10-15-at-10-40-02-AM_png.rf.87b5e0e1cbf8843724af2ac763277fd4.jpg,C:\Users\venka\Documents\Project\data\processed\train\blue_finger\Screen-Shot-2021-10-15-at-10-40-02-AM_png.rf.87b5e0e1cbf8843724af2ac763277fd4.jpg,c0830fff0cf535d0
train,blue_finger,Screen-Shot-2021-10-15-at-10-40-07-AM_png.rf.72e7211045099ae996482c659fc70f6c.jpg,C:\Users\venka\Documents\Project\data\processed\train\blue_finger\Screen-Shot-2021-10-15-at-10-40-07-AM_png.rf.72e7211045099ae996482c659fc70f6c.jpg,fdc040c74fd07f41
train,blue_finger,Screen-Shot-2021-10-15-at-10-40-07-AM_png.rf.ce1377336d3cfe8a5956c7822d0f3536.jpg,C:\Users\venka\Documents\Project\data\processed\train\blue_finger\Screen-Shot-2021-10-15-at-10-40-07-AM_png.rf.ce1377336d3cfe8a5956c7822d0f3536.jpg,956a54493e2d3a8f
train,blue_finger,Screen-Shot-2021-10-15-at-10-41-24-AM_png.rf.79aabe37924d244e8c96e49f030e57bf.jpg,C:\Users\venka\Documents\Project\data\processed\train\blue_finger\Screen-Shot-2021-10-15-at-10-41-24-AM_png.rf.79aabe37924d244e8c96e49f030e57bf.jpg,c17a3e95c03a95da
train,blue_finger,Screen-Shot-2021-10-15-at-10-41-24-AM_png.rf.bdde356a2421172ea0805096ea0a4e17.jpg,C:\Users\venka\Documents\Project\data\processed\train\blue_finger\Screen-Shot-2021-10-15-at-10-41-24-AM_png.rf.bdde356a2421172ea0805096ea0a4e17.jpg,c63ff13b60303e61
train,blue_finger,Screen-Shot-2021-10-15-at-10-41-24-AM_png.rf.f609fcae2b4d6149238596c20e92c9c2.jpg,C:\Users\venka\Documents\Project\data\processed\train\blue_finger\Screen-Shot-2021-10-15-at-10-41-24-AM_png.rf.f609fcae2b4d6149238596c20e92c9c2.jpg,a13f56803e6385dd
train,blue_finger,Screen-Shot-2021-10-15-at-10-41-59-AM_png.rf.0449668d891b2f25cb581da64db629fb.jpg,C:\Users\venka\Documents\Project\data\processed\train\blue_finger\Screen-Shot-2021-10-15-at-10-41-59-AM_png.rf.0449668d891b2f25cb581da64db629fb.jpg,d0256bca6f4a6a6a
train,blue_finger,Screen-Shot-2021-10-15-at-10-41-59-AM_png.rf.6be054c0be2ebfa513cff0f53044d900.jpg,C:\Users\venka\Documents\Project\data\processed\train\blue_finger\Screen-Shot-2021-10-15-at-10-41-59-AM_png.rf.6be054c0be2ebfa513cff0f53044d900.jpg,d0506a603fb53f17
train,blue_finger,Screen-Shot-2021-10-15-at-10-41-59-AM_png.rf.a1dadc7dac367f4bbdadfa54e19ccf14.jpg,C:\Users\venka\Documents\Project\data\processed\train\blue_finger\Screen-Shot-2021-10-15-at-10-41-59-AM_png.rf.a1dadc7dac367f4bbdadfa54e19ccf14.jpg,81b0ccb5ca9c759e
train,blue_finger,Screen-Shot-2021-10-15-at-10-42-05-AM_png.rf.048c08823c937895f93937607c38339d.jpg,C:\Users\venka\Documents\Project\data\processed\train\blue_finger\Screen-Shot-2021-10-15-at-10-42-05-AM_png.rf.048c08823c937895f93937607c38339d.jpg,81bd2597302f3a7c
train,blue_finger,Screen-Shot-2021-10-15-at-10-42-05-AM_png.rf.05ef6fbab5357f407982ba2cc79c1c4d.jpg,C:\Users\venka\Documents\Project\data\processed\train\blue_finger\Screen-Shot-2021-10-15-at-10-42-05-AM_png.rf.05ef6fbab5357f407982ba2cc79c1c4d.jpg,9560684f6b6b6a6a
train,blue_finger,Screen-Shot-2021-10-15-at-10-42-05-AM_png.rf.4b2f1c256e5f561d5d27d136d413d761.jpg,C:\Users\venka\Documents\Project\data\processed\train\blue_finger\Screen-Shot-2021-10-15-at-10-42-05-AM_png.rf.4b2f1c256e5f561d5d27d136d413d761.jpg,90804a547f675d6f
train,blue_finger,Screen-Shot-2021-10-15-at-10-43-24-AM_png.rf.6aaded179b1c51749f86213a29a6784b.jpg,C:\Users\venka\Documents\Project\data\processed\train\blue_finger\Screen-Shot-2021-10-15-at-10-43-24-AM_png.rf.6aaded179b1c51749f86213a29a6784b.jpg,d0f105643f5e3f09
train,blue_finger,Screen-Shot-2021-10-15-at-10-43-24-AM_png.rf.97c573e8bf4dfa915df53fa99e3b33fb.jpg,C:\Users\venka\Documents\Project\data\processed\train\blue_finger\Screen-Shot-2021-10-15-at-10-43-24-AM_png.rf.97c573e8bf4dfa915df53fa99e3b33fb.jpg,d03f01343f3a7ac9
train,blue_finger,Screen-Shot-2021-10-15-at-10-43-29-AM_png.rf.5ad468e58cd936dc0d5306b02e2c5be6.jpg,C:\Users\venka\Documents\Project\data\processed\train\blue_finger\Screen-Shot-2021-10-15-at-10-43-29-AM_png.rf.5ad468e58cd936dc0d5306b02e2c5be6.jpg,c0948e9b4b2d3bb5
train,blue_finger,Screen-Shot-2021-10-15-at-10-43-29-AM_png.rf.85d63894bb0d6b436431b3dd7f6becd5.jpg,C:\Users\venka\Documents\Project\data\processed\train\blue_finger\Screen-Shot-2021-10-15-at-10-43-29-AM_png.rf.85d63894bb0d6b436431b3dd7f6becd5.jpg,d56a05d836de3b41
train,blue_finger,Screen-Shot-2021-10-15-at-10-43-43-AM_png.rf.11512bd2b2d8f6eed358c5672dd20019.jpg,C:\Users\venka\Documents\Project\data\processed\train\blue_finger\Screen-Shot-2021-10-15-at-10-43-43-AM_png.rf.11512bd2b2d8f6eed358c5672dd20019.jpg,a01f55285f97618f
train,blue_finger,Screen-Shot-2021-10-15-at-10-43-43-AM_png.rf.6c50787b57cda69b76af2eaf659f507e.jpg,C:\Users\venka\Documents\Project\data\processed\train\blue_finger\Screen-Shot-2021-10-15-at-10-43-43-AM_png.rf.6c50787b57cda69b76af2eaf659f507e.jpg,80751d1e336a6a6f
train,blue_finger,Screen-Shot-2021-10-15-at-10-43-43-AM_png.rf.f768964cbbba0714fd693e7fa5253a9f.jpg,C:\Users\venka\Documents\Project\data\processed\train\blue_finger\Screen-Shot-2021-10-15-at-10-43-43-AM_png.rf.f768964cbbba0714fd693e7fa5253a9f.jpg,80a0c7d71ec31fd5
train,blue_finger,Screen-Shot-2021-10-15-at-10-43-46-AM_png.rf.2ec017a0008bf0a37eabcbef562a0a65.jpg,C:\Users\venka\Documents\Project\data\processed\train\blue_finger\Screen-Shot-2021-10-15-at-10-43-46-AM_png.rf.2ec017a0008bf0a37eabcbef562a0a65.jpg,d420407f4b7d03fe
train,blue_finger,Screen-Shot-2021-10-15-at-10-44-09-AM_png.rf.566ededfd4f7c5eba89b0fb37afbb544.jpg,C:\Users\venka\Documents\Project\data\processed\train\blue_finger\Screen-Shot-2021-10-15-at-10-44-09-AM_png.rf.566ededfd4f7c5eba89b0fb37afbb544.jpg,a8d085c27f4a6b7a
train,blue_finger,Screen-Shot-2021-10-15-at-10-44-24-AM_png.rf.4240c80dea7f7e961db681725c6db17f.jpg,C:\Users\venka\Documents\Project\data\processed\train\blue_finger\Screen-Shot-2021-10-15-at-10-44-24-AM_png.rf.4240c80dea7f7e961db681725c6db17f.jpg,f8ea02d51e171d3a
train,blue_finger,Screen-Shot-2021-10-15-at-10-44-24-AM_png.rf.476683395646d58920ac8a787b12e749.jpg,C:\Users\venka\Documents\Project\data\processed\train\blue_finger\Screen-Shot-2021-10-15-at-10-44-24-AM_png.rf.476683395646d58920ac8a787b12e749.jpg,c56a166d3a393a8d
train,blue_finger,Screen-Shot-2021-10-15-at-10-44-53-AM_png.rf.7a05ab50a8c15f196ef600bac0fe2fbe.jpg,C:\Users\venka\Documents\Project\data\processed\train\blue_finger\Screen-Shot-2021-10-15-at-10-44-53-AM_png.rf.7a05ab50a8c15f196ef600bac0fe2fbe.jpg,84bd6521752b68de
train,blue_finger,Screen-Shot-2021-10-15-at-10-44-53-AM_png.rf.98ae4d9cca4e1348cea4db88f1450495.jpg,C:\Users\venka\Documents\Project\data\processed\train\blue_finger\Screen-Shot-2021-10-15-at-10-44-53-AM_png.rf.98ae4d9cca4e1348cea4db88f1450495.jpg,944e2d3e333d4b29
train,blue_finger,Screen-Shot-2021-10-15-at-10-44-53-AM_png.rf.bb2196dcebce05a92dd2439f17cd1d9c.jpg,C:\Users\venka\Documents\Project\data\processed\train\blue_finger\Screen-Shot-2021-10-15-at-10-44-53-AM_png.rf.bb2196dcebce05a92dd2439f17cd1d9c.jpg,954a617a31a19fad
train,blue_finger,Screen-Shot-2021-10-15-at-10-45-38-AM_png.rf.1be9fc53ae8f1660057ebf32d7daf40a.jpg,C:\Users\venka\Documents\Project\data\processed\train\blue_finger\Screen-Shot-2021-10-15-at-10-45-38-AM_png.rf.1be9fc53ae8f1660057ebf32d7daf40a.jpg,e07f073c4f906999
train,blue_finger,Screen-Shot-2021-10-15-at-10-45-38-AM_png.rf.2d03589b251827c76e25a183e87873e1.jpg,C:\Users\venka\Documents\Project\data\processed\train\blue_finger\Screen-Shot-2021-10-15-at-10-45-38-AM_png.rf.2d03589b251827c76e25a183e87873e1.jpg,81740f6b3b2a1b2f
train,blue_finger,Screen-Shot-2021-10-15-at-10-45-38-AM_png.rf.f228ad6354f46e1a1b711e572f852752.jpg,C:\Users\venka\Documents\Project\data\processed\train\blue_finger\Screen-Shot-2021-10-15-at-10-45-38-AM_png.rf.f228ad6354f46e1a1b711e572f852752.jpg,c0bf4f407f443f30
train,blue_finger,Screen-Shot-2021-10-15-at-10-45-42-AM_png.rf.326d4f81e4fec4f8bf52c5c762b9451b.jpg,C:\Users\venka\Documents\Project\data\processed\train\blue_finger\Screen-Shot-2021-10-15-at-10-45-42-AM_png.rf.326d4f81e4fec4f8bf52c5c762b9451b.jpg,95ea12c56a156a5f
train,blue_finger,Screen-Shot-2021-10-15-at-10-45-42-AM_png.rf.466036e682587312533c23df9f807aa4.jpg,C:\Users\venka\Documents\Project\data\processed\train\blue_finger\Screen-Shot-2021-10-15-at-10-45-42-AM_png.rf.466036e682587312533c23df9f807aa4.jpg,88d4775b6e361925
train,blue_finger,Screen-Shot-2021-10-15-at-10-45-42-AM_png.rf.4c983ff9ff5af59de5eb8dfb0a23955d.jpg,C:\Users\venka\Documents\Project\data\processed\train\blue_finger\Screen-Shot-2021-10-15-at-10-45-42-AM_png.rf.4c983ff9ff5af59de5eb8dfb0a23955d.jpg,8554532adeab59a5
train,blue_finger,Screen-Shot-2021-10-15-at-10-45-45-AM_png.rf.2b524e4b7cc0149037078fb263e2edd1.jpg,C:\Users\venka\Documents\Project\data\processed\train\blue_finger\Screen-Shot-2021-10-15-at-10-45-45-AM_png.rf.2b524e4b7cc0149037078fb263e2edd1.jpg,85705fa95a976196
train,blue_finger,Screen-Shot-2021-10-15-at-10-45-45-AM_png.rf.5fa8ca4c463e039e1ab061aab8b3fc9b.jpg,C:\Users\venka\Documents\Project\data\processed\train\blue_finger\Screen-Shot-2021-10-15-at-10-45-45-AM_png.rf.5fa8ca4c463e039e1ab061aab8b3fc9b.jpg,dd24621b221d6afe
train,blue_finger,Screen-Shot-2021-10-15-at-10-45-45-AM_png.rf.b3b584cddfe52efb1dd98b2085470baf.jpg,C:\Users\venka\Documents\Project\data\processed\train\blue_finger\Screen-Shot-2021-10-15-at-10-45-45-AM_png.rf.b3b584cddfe52efb1dd98b2085470baf.jpg,81a35bd657c05bca
train,blue_finger,Screen-Shot-2021-10-15-at-10-46-00-AM_png.rf.09c87bd93e98584a54f91c6b9e5bc071.jpg,C:\Users\venka\Documents\Project\data\processed\train\blue_finger\Screen-Shot-2021-10-15-at-10-46-00-AM_png.rf.09c87bd93e98584a54f91c6b9e5bc071.jpg,c0c045c0677f3b6f
train,blue_finger,Screen-Shot-2021-10-15-at-10-46-00-AM_png.rf.2e4c70496b85936f560d23039a4c7448.jpg,C:\Users\venka\Documents\Project\data\processed\train\blue_finger\Screen-Shot-2021-10-15-at-10-46-00-AM_png.rf.2e4c70496b85936f560d23039a4c7448.jpg,d06041e93fc56b97
train,blue_finger,Screen-Shot-2021-10-15-at-10-51-13-AM_png.rf.1188a13bb6645b2bd2be529a1f9558e8.jpg,C:\Users\venka\Documents\Project\data\processed\train\blue_finger\Screen-Shot-2021-10-15-at-10-51-13-AM_png.rf.1188a13bb6645b2bd2be529a1f9558e8.jpg,c20f3be43db42db0
train,blue_finger,Screen-Shot-2021-10-15-at-10-51-21-AM_png.rf.45c71bb267dc9c831d4766bc3a8389a4.jpg,C:\Users\venka\Documents\Project\data\processed\train\blue_finger\Screen-Shot-2021-10-15-at-10-51-21-AM_png.rf.45c71bb267dc9c831d4766bc3a8389a4.jpg,c49c31b336b23697
train,blue_finger,Screen-Shot-2021-10-15-at-10-51-21-AM_png.rf.502f394d4bbef8824cbd7a68cc4bd4e8.jpg,C:\Users\venka\Documents\Project\data\processed\train\blue_finger\Screen-Shot-2021-10-15-at-10-51-21-AM_png.rf.502f394d4bbef8824cbd7a68cc4bd4e8.jpg,ff0168de12702bf2
train,blue_finger,Screen-Shot-2021-10-15-at-10-51-21-AM_png.rf.c17223659c288b600fce028b001f004a.jpg,C:\Users\venka\Documents\Project\data\processed\train\blue_finger\Screen-Shot-2021-10-15-at-10-51-21-AM_png.rf.c17223659c288b600fce028b001f004a.jpg,d0e0283a1f8f2f9e
train,blue_finger,Screen-Shot-2021-10-15-at-10-51-25-AM_png.rf.60e4fb7f10ec022e5fedd823738ea07b.jpg,C:\Users\venka\Documents\Project\data\processed\train\blue_finger\Screen-Shot-2021-10-15-at-10-51-25-AM_png.rf.60e4fb7f10ec022e5fedd823738ea07b.jpg,c69d397306f207f0
train,blue_finger,Screen-Shot-2021-10-15-at-10-51-25-AM_png.rf.797b2b4fdbe280a1bcae2e5da022b160.jpg,C:\Users\venka\Documents\Project\data\processed\train\blue_finger\Screen-Shot-2021-10-15-at-10-51-25-AM_png.rf.797b2b4fdbe280a1bcae2e5da022b160.jpg,d53d00c23f776e48
train,blue_finger,Screen-Shot-2021-10-15-at-10-51-34-AM_png.rf.8e55a7d552035e0a595b2436179b26c1.jpg,C:\Users\venka\Documents\Project\data\processed\train\blue_finger\Screen-Shot-2021-10-15-at-10-51-34-AM_png.rf.8e55a7d552035e0a595b2436179b26c1.jpg,95609a373bb06ab5
train,blue_finger,Screen-Shot-2021-10-15-at-10-51-34-AM_png.rf.981825cfdad0cc11fd377fd0640f6e9f.jpg,C:\Users\venka\Documents\Project\data\processed\train\blue_finger\Screen-Shot-2021-10-15-at-10-51-34-AM_png.rf.981825cfdad0cc11fd377fd0640f6e9f.jpg,c036c7334d1d399e
train,blue_finger,Screen-Shot-2021-10-15-at-10-51-34-AM_png.rf.9d58901ebe89d925a7abd3aeaf4f8343.jpg,C:\Users\venka\Documents\Project\data\processed\train\blue_finger\Screen-Shot-2021-10-15-at-10-51-34-AM_png.rf.9d58901ebe89d925a7abd3aeaf4f8343.jpg,c297399837da36d0
train,blue_finger,Screen-Shot-2021-10-15-at-11-05-02-AM_png.rf.24fb0d62bda522b7d13f6621cbddfc1c.jpg,C:\Users\venka\Documents\Project\data\processed\train\blue_finger\Screen-Shot-2021-10-15-at-11-05-02-AM_png.rf.24fb0d62bda522b7d13f6621cbddfc1c.jpg,95a54a5e4a4c7b4b
train,blue_finger,Screen-Shot-2021-10-15-at-11-05-02-AM_png.rf.6f9d76e0ff4f50ba55c07c29be26222f.jpg,C:\Users\venka\Documents\Project\data\processed\train\blue_finger\Screen-Shot-2021-10-15-at-11-05-02-AM_png.rf.6f9d76e0ff4f50ba55c07c29be26222f.jpg,80c06a6a7f3f393a
train,blue_finger,Screen-Shot-2021-10-15-at-11-05-02-AM_png.rf.783b9cfbfc39909a01ed0dc2299b3d8a.jpg,C:\Users\venka\Documents\Project\data\processed\train\blue_finger\Screen-Shot-2021-10-15-at-11-05-02-AM_png.rf.783b9cfbfc39909a01ed0dc2299b3d8a.jpg,952d7f953ee028c2
train,blue_finger,Screen-Shot-2021-10-15-at-11-05-07-AM_png.rf.34b8542606bc0dd84e9167e389c403f7.jpg,C:\Users\venka\Documents\Project\data\processed\train\blue_finger\Screen-Shot-2021-10-15-at-11-05-07-AM_png.rf.34b8542606bc0dd84e9167e389c403f7.jpg,c03f2fc21e615af2
train,blue_finger,Screen-Shot-2021-10-15-at-11-05-07-AM_png.rf.eb4b1322eacc8af297f605ca7535ec47.jpg,C:\Users\venka\Documents\Project\data\processed\train\blue_finger\Screen-Shot-2021-10-15-at-11-05-07-AM_png.rf.eb4b1322eacc8af297f605ca7535ec47.jpg,c76433986c9e789c
train,blue_finger,Screen-Shot-2021-10-15-at-11-05-16-AM_png.rf.0caa0c53bc68390516fa37a08deb523b.jpg,C:\Users\venka\Documents\Project\data\processed\train\blue_finger\Screen-Shot-2021-10-15-at-11-05-16-AM_png.rf.0caa0c53bc68390516fa37a08deb523b.jpg,85b13ac23adecb58
train,blue_finger,Screen-Shot-2021-10-15-at-11-05-16-AM_png.rf.6eec4b606ffd42ad78eee5297b7a27cb.jpg,C:\Users\venka\Documents\Project\data\processed\train\blue_finger\Screen-Shot-2021-10-15-at-11-05-16-AM_png.rf.6eec4b606ffd42ad78eee5297b7a27cb.jpg,85899a1ada7b5a4b
train,blue_finger,Screen-Shot-2021-10-15-at-11-05-16-AM_png.rf.aa6fee8dbd60331ab76537a394bbdf43.jpg,C:\Users\venka\Documents\Project\data\processed\train\blue_finger\Screen-Shot-2021-10-15-at-11-05-16-AM_png.rf.aa6fee8dbd60331ab76537a394bbdf43.jpg,b47a4b6816613a9f
train,blue_finger,Screen-Shot-2021-10-15-at-11-10-13-AM_png.rf.4da16e750ba76f7575b8a15012648f75.jpg,C:\Users\venka\Documents\Project\data\processed\train\blue_finger\Screen-Shot-2021-10-15-at-11-10-13-AM_png.rf.4da16e750ba76f7575b8a15012648f75.jpg,95354e9262cb658f
train,blue_finger,Screen-Shot-2021-10-15-at-11-10-19-AM_png.rf.595a0f971cbb47492326743151e6108f.jpg,C:\Users\venka\Documents\Project\data\processed\train\blue_finger\Screen-Shot-2021-10-15-at-11-10-19-AM_png.rf.595a0f971cbb47492326743151e6108f.jpg,958f4b7830e7724a
train,blue_finger,Screen-Shot-2021-10-15-at-11-10-19-AM_png.rf.8345a4818c1913a7452bb35edac083b2.jpg,C:\Users\venka\Documents\Project\data\processed\train\blue_finger\Screen-Shot-2021-10-15-at-11-10-19-AM_png.rf.8345a4818c1913a7452bb35edac083b2.jpg,97ca6aa549974297
train,blue_finger,Screen-Shot-2021-10-15-at-11-11-08-AM_png.rf.3fabf08fbcf6e0033d5bbb263a11e2af.jpg,C:\Users\venka\Documents\Project\data\processed\train\blue_finger\Screen-Shot-2021-10-15-at-11-11-08-AM_png.rf.3fabf08fbcf6e0033d5bbb263a11e2af.jpg,c2873fc3383d613c
train,blue_finger,Screen-Shot-2021-10-15-at-11-11-08-AM_png.rf.a2bc7e8dca77a012adc147cdd086447b.jpg,C:\Users\venka\Documents\Project\data\processed\train\blue_finger\Screen-Shot-2021-10-15-at-11-11-08-AM_png.rf.a2bc7e8dca77a012adc147cdd086447b.jpg,8762383d65c7c78c
train,blue_finger,Screen-Shot-2021-10-15-at-11-11-08-AM_png.rf.ed88dd9ee58ecce94a8ad6df40f70b1f.jpg,C:\Users\venka\Documents\Project\data\processed\train\blue_finger\Screen-Shot-2021-10-15-at-11-11-08-AM_png.rf.ed88dd9ee58ecce94a8ad6df40f70b1f.jpg,d03f2fc03fd0d6c0
train,blue_finger,Screen-Shot-2021-10-15-at-11-11-16-AM_png.rf.00e40dff13b4b8b4947a0c4dbe41b008.jpg,C:\Users\venka\Documents\Project\data\processed\train\blue_finger\Screen-Shot-2021-10-15-at-11-11-16-AM_png.rf.00e40dff13b4b8b4947a0c4dbe41b008.jpg,8742388f351e373e
train,blue_finger,Screen-Shot-2021-10-15-at-11-11-16-AM_png.rf.1af700b0fca44546d1998b9b39d0e5ae.jpg,C:\Users\venka\Documents\Project\data\processed\train\blue_finger\Screen-Shot-2021-10-15-at-11-11-16-AM_png.rf.1af700b0fca44546d1998b9b39d0e5ae.jpg,e7c340963f15d82d
train,blue_finger,Screen-Shot-2021-10-15-at-11-11-25-AM_png.rf.553c39a411c6facdbd5142f7f6b58f91.jpg,C:\Users\venka\Documents\Project\data\processed\train\blue_finger\Screen-Shot-2021-10-15-at-11-11-25-AM_png.rf.553c39a411c6facdbd5142f7f6b58f91.jpg,85d1b2ce3e4a3c4e
train,blue_finger,Screen-Shot-2021-10-15-at-9-30-50-AM_png.rf.5e0aeaa69c6a4a470c5374d7042b3b41.jpg,C:\Users\venka\Documents\Project\data\processed\train\blue_finger\Screen-Shot-2021-10-15-at-9-30-50-AM_png.rf.5e0aeaa69c6a4a470c5374d7042b3b41.jpg,905f63a03f9fc078
train,blue_finger,Screen-Shot-2021-10-15-at-9-30-55-AM_png.rf.25dd510176cef5fec6db091cee9c759d.jpg,C:\Users\venka\Documents\Project\data\processed\train\blue_finger\Screen-Shot-2021-10-15-at-9-30-55-AM_png.rf.25dd510176cef5fec6db091cee9c759d.jpg,f5850a7afc62c295
train,blue_finger,Screen-Shot-2021-10-15-at-9-30-55-AM_png.rf.37a9a666b9d63791e1d12f464fbf75bb.jpg,C:\Users\venka\Documents\Project\data\processed\train\blue_finger\Screen-Shot-2021-10-15-at-9-30-55-AM_png.rf.37a9a666b9d63791e1d12f464fbf75bb.jpg,f5810a7ff44ac1a5
train,blue_finger,Screen-Shot-2021-10-15-at-9-31-06-AM_png.rf.367953b94d1d239ee5952f60dca70463.jpg,C:\Users\venka\Documents\Project\data\processed\train\blue_finger\Screen-Shot-2021-10-15-at-9-31-06-AM_png.rf.367953b94d1d239ee5952f60dca70463.jpg,9ec79162b56a3136
train,blue_finger,Screen-Shot-2021-10-15-at-9-31-17-AM_png.rf.23c79aa541f8ef8b9dac674088e3d173.jpg,C:\Users\venka\Documents\Project\data\processed\train\blue_finger\Screen-Shot-2021-10-15-at-9-31-17-AM_png.rf.23c79aa541f8ef8b9dac674088e3d173.jpg,97706e67394a6668
train,blue_finger,Screen-Shot-2021-10-15-at-9-31-17-AM_png.rf.c3fa5d65339c3d1278758db86b6a77d0.jpg,C:\Users\venka\Documents\Project\data\processed\train\blue_finger\Screen-Shot-2021-10-15-at-9-31-17-AM_png.rf.c3fa5d65339c3d1278758db86b6a77d0.jpg,c07f3f806ccee264
train,blue_finger,Screen-Shot-2021-10-15-at-9-40-06-AM_png.rf.73d37b3a61c1ccf9fbb646a7db977e69.jpg,C:\Users\venka\Documents\Project\data\processed\train\blue_finger\Screen-Shot-2021-10-15-at-9-40-06-AM_png.rf.73d37b3a61c1ccf9fbb646a7db977e69.jpg,81b57d153b4ae86a
train,blue_finger,Screen-Shot-2021-10-15-at-9-40-06-AM_png.rf.f03b85224996aa34fa89c1e2ee5ac2d7.jpg,C:\Users\venka\Documents\Project\data\processed\train\blue_finger\Screen-Shot-2021-10-15-at-9-40-06-AM_png.rf.f03b85224996aa34fa89c1e2ee5ac2d7.jpg,d296c1c387cf2c3c
train,blue_finger,Screen-Shot-2021-10-15-at-9-40-14-AM_png.rf.1b169b2ab18ead3ce1367fa94645154d.jpg,C:\Users\venka\Documents\Project\data\processed\train\blue_finger\Screen-Shot-2021-10-15-at-9-40-14-AM_png.rf.1b169b2ab18ead3ce1367fa94645154d.jpg,c1f45f970e861297
train,blue_finger,Screen-Shot-2021-10-15-at-9-40-14-AM_png.rf.2609ebb74c1ae5140c956be069097d9d.jpg,C:\Users\venka\Documents\Project\data\processed\train\blue_finger\Screen-Shot-2021-10-15-at-9-40-14-AM_png.rf.2609ebb74c1ae5140c956be069097d9d.jpg,955e423cd33854af
train,blue_finger,Screen-Shot-2021-10-15-at-9-40-14-AM_png.rf.50fef477de41106977635fb51fb00a0b.jpg,C:\Users\venka\Documents\Project\data\processed\train\blue_finger\Screen-Shot-2021-10-15-at-9-40-14-AM_png.rf.50fef477de41106977635fb51fb00a0b.jpg,dd85331b083e2f78
train,blue_finger,Screen-Shot-2021-10-15-at-9-40-42-AM_png.rf.009a89f9f6f86460d1aff6f5aa4f46b2.jpg,C:\Users\venka\Documents\Project\data\processed\train\blue_finger\Screen-Shot-2021-10-15-at-9-40-42-AM_png.rf.009a89f9f6f86460d1aff6f5aa4f46b2.jpg,9567d2ca6e625869
train,blue_finger,Screen-Shot-2021-10-15-at-9-40-42-AM_png.rf.5b0f3309cbcd0da687f043279ea63bc1.jpg,C:\Users\venka\Documents\Project\data\processed\train\blue_finger\Screen-Shot-2021-10-15-at-9-40-42-AM_png.rf.5b0f3309cbcd0da687f043279ea63bc1.jpg,ef55100a67fa1f90
train,blue_finger,Screen-Shot-2021-10-15-at-9-40-42-AM_png.rf.bbe7162e8dceb1ca21b83ef485a3efcf.jpg,C:\Users\venka\Documents\Project\data\processed\train\blue_finger\Screen-Shot-2021-10-15-at-9-40-42-AM_png.rf.bbe7162e8dceb1ca21b83ef485a3efcf.jpg,85b2c59bc6276b32
train,blue_finger,Screen-Shot-2021-10-15-at-9-40-46-AM_png.rf.2889329baf755b08043180d60a700ec3.jpg,C:\Users\venka\Documents\Project\data\processed\train\blue_finger\Screen-Shot-2021-10-15-at-9-40-46-AM_png.rf.2889329baf755b08043180d60a700ec3.jpg,c46221bd37da2d8d
train,blue_finger,Screen-Shot-2021-10-15-at-9-40-46-AM_png.rf.5e1b09c06e2b4d2cffddd46278c1fcef.jpg,C:\Users\venka\Documents\Project\data\processed\train\blue_finger\Screen-Shot-2021-10-15-at-9-40-46-AM_png.rf.5e1b09c06e2b4d2cffddd46278c1fcef.jpg,c0699c66673b2b3a
train,blue_finger,Screen-Shot-2021-10-15-at-9-40-46-AM_png.rf.8d7dd8af6e00f5a7bc3f996b2fd25fbf.jpg,C:\Users\venka\Documents\Project\data\processed\train\blue_finger\Screen-Shot-2021-10-15-at-9-40-46-AM_png.rf.8d7dd8af6e00f5a7bc3f996b2fd25fbf.jpg,91603a2f2f392f2d
train,blue_finger,Screen-Shot-2021-10-15-at-9-40-58-AM_png.rf.6ad3f46677a65d13fe1a7f9a0d4104c8.jpg,C:\Users\venka\Documents\Project\data\processed\train\blue_finger\Screen-Shot-2021-10-15-at-9-40-58-AM_png.rf.6ad3f46677a65d13fe1a7f9a0d4104c8.jpg,d58a2a156a7a2f72
train,blue_finger,Screen-Shot-2021-11-22-at-10-05-11-PM_png.rf.0bf20abc5b1e3ca7fe1c9196bbb99f28.jpg,C:\Users\venka\Documents\Project\data\processed\train\blue_finger\Screen-Shot-2021-11-22-at-10-05-11-PM_png.rf.0bf20abc5b1e3ca7fe1c9196bbb99f28.jpg,818295c51fe57bc5
train,blue_finger,Screen-Shot-2021-11-22-at-10-05-11-PM_png.rf.c24b076313e3ce50d06928d61419bc9e.jpg,C:\Users\venka\Documents\Project\data\processed\train\blue_finger\Screen-Shot-2021-11-22-at-10-05-11-PM_png.rf.c24b076313e3ce50d06928d61419bc9e.jpg,c1f555925a972696
train,blue_finger,Screen-Shot-2021-11-22-at-10-05-11-PM_png.rf.ef663e64581f67f84b13b70404ec5038.jpg,C:\Users\venka\Documents\Project\data\processed\train\blue_finger\Screen-Shot-2021-11-22-at-10-05-11-PM_png.rf.ef663e64581f67f84b13b70404ec5038.jpg,bf8059a74e3b260d
train,blue_finger,Screen-Shot-2021-11-22-at-10-05-18-PM_png.rf.c59da59d7511eab4ed43c6b9262848f4.jpg,C:\Users\venka\Documents\Project\data\processed\train\blue_finger\Screen-Shot-2021-11-22-at-10-05-18-PM_png.rf.c59da59d7511eab4ed43c6b9262848f4.jpg,c07f402a4f3a5e3b
train,blue_finger,Screen-Shot-2021-11-22-at-10-06-28-PM_png.rf.38ef55f9d27249c222944c5e51c80fe4.jpg,C:\Users\venka\Documents\Project\data\processed\train\blue_finger\Screen-Shot-2021-11-22-at-10-06-28-PM_png.rf.38ef55f9d27249c222944c5e51c80fe4.jpg,8155715a2d3a2f6e
train,blue_finger,Screen-Shot-2021-11-22-at-10-06-28-PM_png.rf.7738e72ac345b5d7385dbef6232a87fc.jpg,C:\Users\venka\Documents\Project\data\processed\train\blue_finger\Screen-Shot-2021-11-22-at-10-06-28-PM_png.rf.7738e72ac345b5d7385dbef6232a87fc.jpg,98dc669f473068b3
train,blue_finger,Screen-Shot-2021-11-22-at-10-06-33-PM_png.rf.db6e705fb4bea13b78ceee6e8efbf2cc.jpg,C:\Users\venka\Documents\Project\data\processed\train\blue_finger\Screen-Shot-2021-11-22-at-10-06-33-PM_png.rf.db6e705fb4bea13b78ceee6e8efbf2cc.jpg,d80727da5aac9497
train,blue_finger,Screen-Shot-2021-11-22-at-10-06-37-PM_png.rf.501bcf745149b98c7ff686091ba669ae.jpg,C:\Users\venka\Documents\Project\data\processed\train\blue_finger\Screen-Shot-2021-11-22-at-10-06-37-PM_png.rf.501bcf745149b98c7ff686091ba669ae.jpg,da3665c936c127cc
train,blue_finger,Screen-Shot-2021-11-22-at-10-06-37-PM_png.rf.c0cbd95dff44f0b6d54c9f6b339dcc3f.jpg,C:\Users\venka\Documents\Project\data\processed\train\blue_finger\Screen-Shot-2021-11-22-at-10-06-37-PM_png.rf.c0cbd95dff44f0b6d54c9f6b339dcc3f.jpg,c22f3dc0013f9fe4
train,blue_finger,Screen-Shot-2021-11-22-at-10-06-57-PM_png.rf.b9f81c2e1646aad66c912a698e6d9f13.jpg,C:\Users\venka\Documents\Project\data\processed\train\blue_finger\Screen-Shot-2021-11-22-at-10-06-57-PM_png.rf.b9f81c2e1646aad66c912a698e6d9f13.jpg,958858d46af56bd1
train,blue_finger,Screen-Shot-2021-11-22-at-10-07-05-PM_png.rf.046b719fb94cf7f4812a4aab31bebd36.jpg,C:\Users\venka\Documents\Project\data\processed\train\blue_finger\Screen-Shot-2021-11-22-at-10-07-05-PM_png.rf.046b719fb94cf7f4812a4aab31bebd36.jpg,80bf3f003f62fe60
train,blue_finger,Screen-Shot-2021-11-22-at-10-07-05-PM_png.rf.16029e355eba3a789cadc8c50a2b07b4.jpg,C:\Users\venka\Documents\Project\data\processed\train\blue_finger\Screen-Shot-2021-11-22-at-10-07-05-PM_png.rf.16029e355eba3a789cadc8c50a2b07b4.jpg,d2074ff00e4b7e68
train,blue_finger,Screen-Shot-2021-11-22-at-10-07-05-PM_png.rf.881bed6b71cd6a13a9ac8eb486b23716.jpg,C:\Users\venka\Documents\Project\data\processed\train\blue_finger\Screen-Shot-2021-11-22-at-10-07-05-PM_png.rf.881bed6b71cd6a13a9ac8eb486b23716.jpg,87c258b963956a97
train,blue_finger,Screen-Shot-2021-11-22-at-10-08-12-PM_png.rf.3e480dc49841582d8d338d0243aaf5c0.jpg,C:\Users\venka\Documents\Project\data\processed\train\blue_finger\Screen-Shot-2021-11-22-at-10-08-12-PM_png.rf.3e480dc49841582d8d338d0243aaf5c0.jpg,f557104e2f3c722a
train,blue_finger,Screen-Shot-2021-11-22-at-10-08-12-PM_png.rf.b7fe057c1a77a9e03481c9d8f6506cbd.jpg,C:\Users\venka\Documents\Project\data\processed\train\blue_finger\Screen-Shot-2021-11-22-at-10-08-12-PM_png.rf.b7fe057c1a77a9e03481c9d8f6506cbd.jpg,d55f0a0a6d27037b
train,blue_finger,Screen-Shot-2021-11-22-at-10-08-12-PM_png.rf.ddf2c95a89999913c64bd2d175ea9236.jpg,C:\Users\venka\Documents\Project\data\processed\train\blue_finger\Screen-Shot-2021-11-22-at-10-08-12-PM_png.rf.ddf2c95a89999913c64bd2d175ea9236.jpg,d56852451b7c6b63
train,blue_finger,Screen-Shot-2021-11-22-at-10-09-17-PM_png.rf.6e3b3e8d57af2af1c7299e80aef391b0.jpg,C:\Users\venka\Documents\Project\data\processed\train\blue_finger\Screen-Shot-2021-11-22-at-10-09-17-PM_png.rf.6e3b3e8d57af2af1c7299e80aef391b0.jpg,80b77f48c13da617
train,blue_finger,Screen-Shot-2021-11-22-at-10-09-17-PM_png.rf.81490ec585612e2cdd0eb8baaf4891c1.jpg,C:\Users\venka\Documents\Project\data\processed\train\blue_finger\Screen-Shot-2021-11-22-at-10-09-17-PM_png.rf.81490ec585612e2cdd0eb8baaf4891c1.jpg,d52a2ad50dd53666
train,blue_finger,Screen-Shot-2021-11-22-at-10-09-17-PM_png.rf.b813b578768ba44c87041eeaeea9852a.jpg,C:\Users\venka\Documents\Project\data\processed\train\blue_finger\Screen-Shot-2021-11-22-at-10-09-17-PM_png.rf.b813b578768ba44c87041eeaeea9852a.jpg,93696c27337c3433
train,blue_finger,Screen-Shot-2021-11-22-at-10-09-28-PM_png.rf.ea0bb2d504467df9479bfe8878116d7f.jpg,C:\Users\venka\Documents\Project\data\processed\train\blue_finger\Screen-Shot-2021-11-22-at-10-09-28-PM_png.rf.ea0bb2d504467df9479bfe8878116d7f.jpg,a01b5f2473f2a4d9
train,blue_finger,Screen-Shot-2021-11-22-at-10-09-28-PM_png.rf.fc6645ce881f95b6682f6958e5acf20a.jpg,C:\Users\venka\Documents\Project\data\processed\train\blue_finger\Screen-Shot-2021-11-22-at-10-09-28-PM_png.rf.fc6645ce881f95b6682f6958e5acf20a.jpg,866d3a6d64c66b32
train,blue_finger,Screen-Shot-2021-11-22-at-10-09-35-PM_png.rf.b8e02b5de3352b745735039fdc253d78.jpg,C:\Users\venka\Documents\Project\data\processed\train\blue_finger\Screen-Shot-2021-11-22-at-10-09-35-PM_png.rf.b8e02b5de3352b745735039fdc253d78.jpg,963d7a685a623e61
train,blue_finger,Screen-Shot-2021-11-22-at-10-09-51-PM_png.rf.77b73b486651506a8598d29428d815fe.jpg,C:\Users\venka\Documents\Project\data\processed\train\blue_finger\Screen-Shot-2021-11-22-at-10-09-51-PM_png.rf.77b73b486651506a8598d29428d815fe.jpg,80f56fe03dc2744b
train,blue_finger,Screen-Shot-2021-11-22-at-10-09-51-PM_png.rf.b35fb792d1ff4d32d52ab7baeee617fc.jpg,C:\Users\venka\Documents\Project\data\processed\train\blue_finger\Screen-Shot-2021-11-22-at-10-09-51-PM_png.rf.b35fb792d1ff4d32d52ab7baeee617fc.jpg,803f6f553e52615a
train,blue_finger,Screen-Shot-2021-11-22-at-10-10-02-PM_png.rf.39d01b7ad323e211dbc2eb29cb246b74.jpg,C:\Users\venka\Documents\Project\data\processed\train\blue_finger\Screen-Shot-2021-11-22-at-10-10-02-PM_png.rf.39d01b7ad323e211dbc2eb29cb246b74.jpg,813f35524a6f6c72
train,blue_finger,Screen-Shot-2021-11-22-at-10-10-02-PM_png.rf.a518b18c1594ba9895e2f7c1139bf957.jpg,C:\Users\venka\Documents\Project\data\processed\train\blue_finger\Screen-Shot-2021-11-22-at-10-10-02-PM_png.rf.a518b18c1594ba9895e2f7c1139bf957.jpg,80403f6b3f3f35d0
train,blue_finger,Screen-Shot-2021-11-22-at-10-10-02-PM_png.rf.ff3bee7eeb3f9538c504b46daa76d73e.jpg,C:\Users\venka\Documents\Project\data\processed\train\blue_finger\Screen-Shot-2021-11-22-at-10-10-02-PM_png.rf.ff3bee7eeb3f9538c504b46daa76d73e.jpg,825a1f696d3d2d25
train,blue_finger,Screen-Shot-2021-11-22-at-10-10-34-PM_png.rf.7a4bd7903d1a0ec2806728902c82bf1d.jpg,C:\Users\venka\Documents\Project\data\processed\train\blue_finger\Screen-Shot-2021-11-22-at-10-10-34-PM_png.rf.7a4bd7903d1a0ec2806728902c82bf1d.jpg,80bd15215d956f9b
train,blue_finger,Screen-Shot-2021-11-22-at-10-10-34-PM_png.rf.90c372cfaa609b790b8807e55e6bd3e1.jpg,C:\Users\venka\Documents\Project\data\processed\train\blue_finger\Screen-Shot-2021-11-22-at-10-10-34-PM_png.rf.90c372cfaa609b790b8807e55e6bd3e1.jpg,d5bd199a0a2f1a2e
train,blue_finger,Screen-Shot-2021-11-22-at-10-10-34-PM_png.rf.92c7baf84e28ef8327549aa0c28ab0c0.jpg,C:\Users\venka\Documents\Project\data\processed\train\blue_finger\Screen-Shot-2021-11-22-at-10-10-34-PM_png.rf.92c7baf84e28ef8327549aa0c28ab0c0.jpg,8535149c72b76795
train,blue_finger,Screen-Shot-2021-11-22-at-10-10-37-PM_png.rf.3ede6f6a9ba43dfc7a56d748adb67786.jpg,C:\Users\venka\Documents\Project\data\processed\train\blue_finger\Screen-Shot-2021-11-22-at-10-10-37-PM_png.rf.3ede6f6a9ba43dfc7a56d748adb67786.jpg,d0e040d24fe71f6d
train,blue_finger,Screen-Shot-2021-11-22-at-10-10-37-PM_png.rf.c83b133681246f6155e9b7381bf1cb6a.jpg,C:\Users\venka\Documents\Project\data\processed\train\blue_finger\Screen-Shot-2021-11-22-at-10-10-37-PM_png.rf.c83b133681246f6155e9b7381bf1cb6a.jpg,d0c043623fe3376d
train,blue_finger,Screen-Shot-2021-11-22-at-10-10-37-PM_png.rf.f28038d615bb11342c1a4ca25d5223e6.jpg,C:\Users\venka\Documents\Project\data\processed\train\blue_finger\Screen-Shot-2021-11-22-at-10-10-37-PM_png.rf.f28038d615bb11342c1a4ca25d5223e6.jpg,f50ac238ce6b686e
train,blue_finger,Screen-Shot-2021-11-22-at-10-10-41-PM_png.rf.3f0411354c2c0f60f2573c68d2e04fb5.jpg,C:\Users\venka\Documents\Project\data\processed\train\blue_finger\Screen-Shot-2021-11-22-at-10-10-41-PM_png.rf.3f0411354c2c0f60f2573c68d2e04fb5.jpg,b5e8c2c7988f5338
train,blue_finger,Screen-Shot-2021-11-22-at-10-10-41-PM_png.rf.7bcae8bde7efffb4b54a144c2aedc458.jpg,C:\Users\venka\Documents\Project\data\processed\train\blue_finger\Screen-Shot-2021-11-22-at-10-10-41-PM_png.rf.7bcae8bde7efffb4b54a144c2aedc458.jpg,d66ac0c10de53f96
train,blue_finger,Screen-Shot-2021-11-22-at-4-48-34-PM_png.rf.24cbf4314a448890109700b784547185.jpg,C:\Users\venka\Documents\Project\data\processed\train\blue_finger\Screen-Shot-2021-11-22-at-4-48-34-PM_png.rf.24cbf4314a448890109700b784547185.jpg,91b767687e42aa4a
train,blue_finger,Screen-Shot-2021-11-22-at-4-48-34-PM_png.rf.b392c46cce3ef128d147a0ec115b317e.jpg,C:\Users\venka\Documents\Project\data\processed\train\blue_finger\Screen-Shot-2021-11-22-at-4-48-34-PM_png.rf.b392c46cce3ef128d147a0ec115b317e.jpg,80af7f8269709d59
train,blue_finger,Screen-Shot-2021-11-22-at-4-48-34-PM_png.rf.ce0915a5ff1d49edc66f9e40d76f1b0a.jpg,C:\Users\venka\Documents\Project\data\processed\train\blue_finger\Screen-Shot-2021-11-22-at-4-48-34-PM_png.rf.ce0915a5ff1d49edc66f9e40d76f1b0a.jpg,97c2343c1c3a6b6b
train,blue_finger,Screen-Shot-2021-11-22-at-4-48-41-PM_png.rf.3182f9347696d13610650d877bba9475.jpg,C:\Users\venka\Documents\Project\data\processed\train\blue_finger\Screen-Shot-2021-11-22-at-4-48-41-PM_png.rf.3182f9347696d13610650d877bba9475.jpg,808b3fd03ad169d7
train,blue_finger,Screen-Shot-2021-11-22-at-4-48-41-PM_png.rf.580936e8a0f80333d2b8eeebe05a8e02.jpg,C:\Users\venka\Documents\Project\data\processed\train\blue_finger\Screen-Shot-2021-11-22-at-4-48-41-PM_png.rf.580936e8a0f80333d2b8eeebe05a8e02.jpg,f07f3c8a46ea47a0
train,blue_finger,Screen-Shot-2021-11-22-at-4-48-47-PM_png.rf.7ba6eb1b11072d83994b759ec58fdd46.jpg,C:\Users\venka\Documents\Project\data\processed\train\blue_finger\Screen-Shot-2021-11-22-at-4-48-47-PM_png.rf.7ba6eb1b11072d83994b759ec58fdd46.jpg,d5952d253e73684a
train,blue_finger,Screen-Shot-2021-11-22-at-4-48-57-PM_png.rf.6314a0dbf67551cdf8393ebfb2c15518.jpg,C:\Users\venka\Documents\Project\data\processed\train\blue_finger\Screen-Shot-2021-11-22-at-4-48-57-PM_png.rf.6314a0dbf67551cdf8393ebfb2c15518.jpg,d49f699426c13e87
train,blue_finger,Screen-Shot-2021-11-22-at-4-48-57-PM_png.rf.76a5f9d036af93305301083e5c3d1f12.jpg,C:\Users\venka\Documents\Project\data\processed\train\blue_finger\Screen-Shot-2021-11-22-at-4-48-57-PM_png.rf.76a5f9d036af93305301083e5c3d1f12.jpg,80bd759d3d5131d8
train,blue_finger,Screen-Shot-2021-11-22-at-4-49-11-PM_png.rf.3f7339ec091545c461dfaac7107678c5.jpg,C:\Users\venka\Documents\Project\data\processed\train\blue_finger\Screen-Shot-2021-11-22-at-4-49-11-PM_png.rf.3f7339ec091545c461dfaac7107678c5.jpg,d54a216b17c43f95
train,blue_finger,Screen-Shot-2021-11-22-at-4-49-11-PM_png.rf.4450d2e91c90ca08e77e18b230554076.jpg,C:\Users\venka\Documents\Project\data\processed\train\blue_finger\Screen-Shot-2021-11-22-at-4-49-11-PM_png.rf.4450d2e91c90ca08e77e18b230554076.jpg,d4b52195171f3974
train,blue_finger,Screen-Shot-2021-11-22-at-4-49-11-PM_png.rf.a2e7c3e114e96a80471bf0f7a58cf989.jpg,C:\Users\venka\Documents\Project\data\processed\train\blue_finger\Screen-Shot-2021-11-22-at-4-49-11-PM_png.rf.a2e7c3e114e96a80471bf0f7a58cf989.jpg,ad54d66aca4b0b0f
train,blue_finger,Screen-Shot-2021-11-22-at-4-49-53-PM_png.rf.29025ab2b34a5f4653f7d1baa9c69968.jpg,C:\Users\venka\Documents\Project\data\processed\train\blue_finger\Screen-Shot-2021-11-22-at-4-49-53-PM_png.rf.29025ab2b34a5f4653f7d1baa9c69968.jpg,954a27bd9ac51ac3
train,blue_finger,Screen-Shot-2021-11-22-at-4-49-53-PM_png.rf.bc4ee4fa65d3db032d6c73248fda436b.jpg,C:\Users\venka\Documents\Project\data\processed\train\blue_finger\Screen-Shot-2021-11-22-at-4-49-53-PM_png.rf.bc4ee4fa65d3db032d6c73248fda436b.jpg,95967a95689c659a
train,blue_finger,Screen-Shot-2021-11-22-at-4-50-45-PM_png.rf.5de6c7eb64f43a134dc97bb2ee436793.jpg,C:\Users\venka\Documents\Project\data\processed\train\blue_finger\Screen-Shot-2021-11-22-at-4-50-45-PM_png.rf.5de6c7eb64f43a134dc97bb2ee436793.jpg,906867733d3d2c2e
train,blue_finger,Screen-Shot-2021-11-22-at-4-50-45-PM_png.rf.6b94e4d92a169b2ab2e5594c38c7b437.jpg,C:\Users\venka\Documents\Project\data\processed\train\blue_finger\Screen-Shot-2021-11-22-at-4-50-45-PM_png.rf.6b94e4d92a169b2ab2e5594c38c7b437.jpg,959796594a4a5bd2
train,blue_finger,Screen-Shot-2021-11-22-at-4-50-49-PM_png.rf.064f6a290bd872243874470984ac6f94.jpg,C:\Users\venka\Documents\Project\data\processed\train\blue_finger\Screen-Shot-2021-11-22-at-4-50-49-PM_png.rf.064f6a290bd872243874470984ac6f94.jpg,d57223dc2aa56687
train,blue_finger,Screen-Shot-2021-11-22-at-4-50-49-PM_png.rf.dd2fa69dfa01dad0f37d6fc93835eb5c.jpg,C:\Users\venka\Documents\Project\data\processed\train\blue_finger\Screen-Shot-2021-11-22-at-4-50-49-PM_png.rf.dd2fa69dfa01dad0f37d6fc93835eb5c.jpg,c0743f9a3e05669b
train,blue_finger,Screen-Shot-2021-11-22-at-4-50-49-PM_png.rf.e0b24de405b88df12953c0af91c48c77.jpg,C:\Users\venka\Documents\Project\data\processed\train\blue_finger\Screen-Shot-2021-11-22-at-4-50-49-PM_png.rf.e0b24de405b88df12953c0af91c48c77.jpg,e0e01f951f0e4d1f
train,blue_finger,Screen-Shot-2021-11-22-at-4-50-57-PM_png.rf.ee5b49939e4d77717ac97748bd84b819.jpg,C:\Users\venka\Documents\Project\data\processed\train\blue_finger\Screen-Shot-2021-11-22-at-4-50-57-PM_png.rf.ee5b49939e4d77717ac97748bd84b819.jpg,9b6d64c9324f2636
train,blue_finger,Screen-Shot-2021-11-22-at-4-50-57-PM_png.rf.f8a277fca5460071cecf29bcf19e30ee.jpg,C:\Users\venka\Documents\Project\data\processed\train\blue_finger\Screen-Shot-2021-11-22-at-4-50-57-PM_png.rf.f8a277fca5460071cecf29bcf19e30ee.jpg,84316fcaf8ccb724
train,blue_finger,Screen-Shot-2021-11-22-at-4-51-58-PM_png.rf.7d13e2302b2b275ef6c21c1e075f8967.jpg,C:\Users\venka\Documents\Project\data\processed\train\blue_finger\Screen-Shot-2021-11-22-at-4-51-58-PM_png.rf.7d13e2302b2b275ef6c21c1e075f8967.jpg,b5145a2a6a3b6a2f
train,blue_finger,Screen-Shot-2021-11-22-at-4-51-58-PM_png.rf.955b42bba7c2eef8920d85795c3c160f.jpg,C:\Users\venka\Documents\Project\data\processed\train\blue_finger\Screen-Shot-2021-11-22-at-4-51-58-PM_png.rf.955b42bba7c2eef8920d85795c3c160f.jpg,80ff3e8b67a05f20
train,blue_finger,Screen-Shot-2021-11-22-at-4-51-58-PM_png.rf.ae553ccaea075888db7092efd4ec347b.jpg,C:\Users\venka\Documents\Project\data\processed\train\blue_finger\Screen-Shot-2021-11-22-at-4-51-58-PM_png.rf.ae553ccaea075888db7092efd4ec347b.jpg,fce0c0ff01f01fc1
train,blue_finger,Screen-Shot-2021-11-22-at-4-52-16-PM_png.rf.b8528246ebbca849dfcb2389e1826b83.jpg,C:\Users\venka\Documents\Project\data\processed\train\blue_finger\Screen-Shot-2021-11-22-at-4-52-16-PM_png.rf.b8528246ebbca849dfcb2389e1826b83.jpg,d0076f696b682f61
train,blue_finger,Screen-Shot-2021-11-22-at-4-52-19-PM_png.rf.489effb6d5687a230ba2160bab879d77.jpg,C:\Users\venka\Documents\Project\data\processed\train\blue_finger\Screen-Shot-2021-11-22-at-4-52-19-PM_png.rf.489effb6d5687a230ba2160bab879d77.jpg,c58f3261386a6bf2
train,blue_finger,Screen-Shot-2021-11-22-at-4-52-19-PM_png.rf.70a74c19f08deca5280ec2b135e91783.jpg,C:\Users\venka\Documents\Project\data\processed\train\blue_finger\Screen-Shot-2021-11-22-at-4-52-19-PM_png.rf.70a74c19f08deca5280ec2b135e91783.jpg,85c597c39e87ca85
train,blue_finger,Screen-Shot-2021-11-22-at-4-57-31-PM_png.rf.6d2a261c9968f3d9d1b2b320a2051341.jpg,C:\Users\venka\Documents\Project\data\processed\train\blue_finger\Screen-Shot-2021-11-22-at-4-57-31-PM_png.rf.6d2a261c9968f3d9d1b2b320a2051341.jpg,c83f35885ff02ec2
train,blue_finger,Screen-Shot-2021-11-22-at-4-57-31-PM_png.rf.a303a47e0128228e20343039c422d3de.jpg,C:\Users\venka\Documents\Project\data\processed\train\blue_finger\Screen-Shot-2021-11-22-at-4-57-31-PM_png.rf.a303a47e0128228e20343039c422d3de.jpg,d2852f862d9a2dd3
train,blue_finger,Screen-Shot-2021-11-22-at-4-57-37-PM_png.rf.0ce6036108dc01efc06fc52e4e129c6f.jpg,C:\Users\venka\Documents\Project\data\processed\train\blue_finger\Screen-Shot-2021-11-22-at-4-57-37-PM_png.rf.0ce6036108dc01efc06fc52e4e129c6f.jpg,d3852ffe04d906d8
train,blue_finger,Screen-Shot-2021-11-22-at-4-57-37-PM_png.rf.712ca3fd03981aa651f8bf7f6056f79b.jpg,C:\Users\venka\Documents\Project\data\processed\train\blue_finger\Screen-Shot-2021-11-22-at-4-57-37-PM_png.rf.712ca3fd03981aa651f8bf7f6056f79b.jpg,d0878fd027d22fd8
train,blue_finger,Screen-Shot-2021-11-22-at-4-57-37-PM_png.rf.a3f1f7f9266856afba79785c1028f16d.jpg,C:\Users\venka\Documents\Project\data\processed\train\blue_finger\Screen-Shot-2021-11-22-at-4-57-37-PM_png.rf.a3f1f7f9266856afba79785c1028f16d.jpg,a15f443a5f903dc3
train,blue_finger,Screen-Shot-2021-11-22-at-4-57-46-PM_png.rf.265aa238990e41e7f05f49c5f592c6da.jpg,C:\Users\venka\Documents\Project\data\processed\train\blue_finger\Screen-Shot-2021-11-22-at-4-57-46-PM_png.rf.265aa238990e41e7f05f49c5f592c6da.jpg,9578666ccee26949
train,blue_finger,Screen-Shot-2021-11-22-at-4-57-51-PM_png.rf.46cf65510fd6e06261f2232fc3d3fde4.jpg,C:\Users\venka\Documents\Project\data\processed\train\blue_finger\Screen-Shot-2021-11-22-at-4-57-51-PM_png.rf.46cf65510fd6e06261f2232fc3d3fde4.jpg,d56a2a3f0a958b95
train,blue_finger,Screen-Shot-2021-11-22-at-4-57-57-PM_png.rf.5e60f5c9942f47b5ca03cf5e2f450700.jpg,C:\Users\venka\Documents\Project\data\processed\train\blue_finger\Screen-Shot-2021-11-22-at-4-57-57-PM_png.rf.5e60f5c9942f47b5ca03cf5e2f450700.jpg,c48123f1479e3fe4
train,blue_finger,Screen-Shot-2021-11-22-at-4-57-57-PM_png.rf.a51bdc18c7b9038d0201b94dd5a5759a.jpg,C:\Users\venka\Documents\Project\data\processed\train\blue_finger\Screen-Shot-2021-11-22-at-4-57-57-PM_png.rf.a51bdc18c7b9038d0201b94dd5a5759a.jpg,84b535137aad6955
train,blue_finger,Screen-Shot-2021-11-22-at-4-57-57-PM_png.rf.b8fc2bb82beaedb22c62ebaa6310fbad.jpg,C:\Users\venka\Documents\Project\data\processed\train\blue_finger\Screen-Shot-2021-11-22-at-4-57-57-PM_png.rf.b8fc2bb82beaedb22c62ebaa6310fbad.jpg,956a40641fe03bbf
train,blue_finger,Screen-Shot-2021-11-22-at-5-01-41-PM_png.rf.f6fc9d8119ef5f7fdc9142669b9a37d4.jpg,C:\Users\venka\Documents\Project\data\processed\train\blue_finger\Screen-Shot-2021-11-22-at-5-01-41-PM_png.rf.f6fc9d8119ef5f7fdc9142669b9a37d4.jpg,d5e02a1d673eb930
train,blue_finger,Screen-Shot-2021-11-22-at-5-01-45-PM_png.rf.0e5abe8684f353b45b69d94082bb857b.jpg,C:\Users\venka\Documents\Project\data\processed\train\blue_finger\Screen-Shot-2021-11-22-at-5-01-45-PM_png.rf.0e5abe8684f353b45b69d94082bb857b.jpg,966a3037393c6e27
train,blue_finger,Screen-Shot-2021-11-22-at-5-01-45-PM_png.rf.1869c13ac308035985f6e2a60b6366c1.jpg,C:\Users\venka\Documents\Project\data\processed\train\blue_finger\Screen-Shot-2021-11-22-at-5-01-45-PM_png.rf.1869c13ac308035985f6e2a60b6366c1.jpg,923469ca97b46d4b
train,blue_finger,Screen-Shot-2021-11-22-at-5-01-45-PM_png.rf.5d5ad85a24a43b7283acbe110fd83a4d.jpg,C:\Users\venka\Documents\Project\data\processed\train\blue_finger\Screen-Shot-2021-11-22-at-5-01-45-PM_png.rf.5d5ad85a24a43b7283acbe110fd83a4d.jpg,d5972a690a62ee6c
train,blue_finger,Screen-Shot-2021-11-22-at-5-02-19-PM_png.rf.178e7be25e6d5b4825dbeef2bd552baa.jpg,C:\Users\venka\Documents\Project\data\processed\train\blue_finger\Screen-Shot-2021-11-22-at-5-02-19-PM_png.rf.178e7be25e6d5b4825dbeef2bd552baa.jpg,e0bf07803fc63378
train,blue_finger,Screen-Shot-2021-11-22-at-5-02-19-PM_png.rf.87b20a07bcfa218e4c248877e8d47b31.jpg,C:\Users\venka\Documents\Project\data\processed\train\blue_finger\Screen-Shot-2021-11-22-at-5-02-19-PM_png.rf.87b20a07bcfa218e4c248877e8d47b31.jpg,a0c055c54b3f6c3f
train,blue_finger,Screen-Shot-2021-11-22-at-5-02-25-PM_png.rf.4dd3511ded394f4d4efe6c2f15cde1a9.jpg,C:\Users\venka\Documents\Project\data\processed\train\blue_finger\Screen-Shot-2021-11-22-at-5-02-25-PM_png.rf.4dd3511ded394f4d4efe6c2f15cde1a9.jpg,90a1e7941fd03dc7
train,blue_finger,Screen-Shot-2021-11-22-at-5-02-25-PM_png.rf.86db5a0e9dad6f13d98a2abe7ffeb45f.jpg,C:\Users\venka\Documents\Project\data\processed\train\blue_finger\Screen-Shot-2021-11-22-at-5-02-25-PM_png.rf.86db5a0e9dad6f13d98a2abe7ffeb45f.jpg,95dcc6875a851e87
train,blue_finger,Screen-Shot-2021-11-22-at-5-02-29-PM_png.rf.75b2feab1d3de09edc3a137fc8162bc3.jpg,C:\Users\venka\Documents\Project\data\processed\train\blue_finger\Screen-Shot-2021-11-22-at-5-02-29-PM_png.rf.75b2feab1d3de09edc3a137fc8162bc3.jpg,d0216fde0ef00bd6
train,blue_finger,Screen-Shot-2021-11-22-at-5-02-29-PM_png.rf.a72428e0df790a8f2d2a48c9c209fa96.jpg,C:\Users\venka\Documents\Project\data\processed\train\blue_finger\Screen-Shot-2021-11-22-at-5-02-29-PM_png.rf.a72428e0df790a8f2d2a48c9c209fa96.jpg,c6017b7f826d037c
train,blue_finger,Screen-Shot-2021-11-22-at-5-02-32-PM_png.rf.a704b55da047d8b580b896875720a8e9.jpg,C:\Users\venka\Documents\Project\data\processed\train\blue_finger\Screen-Shot-2021-11-22-at-5-02-32-PM_png.rf.a704b55da047d8b580b896875720a8e9.jpg,c1ce57611e713927
train,blue_finger,Screen-Shot-2021-11-22-at-5-02-32-PM_png.rf.cbdf7c3322d12e3587439c0bbb9bf260.jpg,C:\Users\venka\Documents\Project\data\processed\train\blue_finger\Screen-Shot-2021-11-22-at-5-02-32-PM_png.rf.cbdf7c3322d12e3587439c0bbb9bf260.jpg,f0df21300f891f9d
train,blue_finger,Screen-Shot-2021-11-22-at-5-02-32-PM_png.rf.cfabd97872aa41d1753054fc4269b145.jpg,C:\Users\venka\Documents\Project\data\processed\train\blue_finger\Screen-Shot-2021-11-22-at-5-02-32-PM_png.rf.cfabd97872aa41d1753054fc4269b145.jpg,81aba3a535d71e86
train,blue_finger,Screen-Shot-2021-11-22-at-5-03-01-PM_png.rf.9e048cd8f250acdb7038910d38a89d64.jpg,C:\Users\venka\Documents\Project\data\processed\train\blue_finger\Screen-Shot-2021-11-22-at-5-03-01-PM_png.rf.9e048cd8f250acdb7038910d38a89d64.jpg,fdb802850778347f
train,blue_finger,Screen-Shot-2021-11-22-at-5-03-08-PM_png.rf.8a27a0120d758672c1e76a6cbb680c62.jpg,C:\Users\venka\Documents\Project\data\processed\train\blue_finger\Screen-Shot-2021-11-22-at-5-03-08-PM_png.rf.8a27a0120d758672c1e76a6cbb680c62.jpg,c0da3d4b382f293d
train,blue_finger,Screen-Shot-2021-11-22-at-5-03-08-PM_png.rf.9284ef6311c72845fff92568f21dfbb2.jpg,C:\Users\venka\Documents\Project\data\processed\train\blue_finger\Screen-Shot-2021-11-22-at-5-03-08-PM_png.rf.9284ef6311c72845fff92568f21dfbb2.jpg,85957a4717786be0
train,blue_finger,Screen-Shot-2021-11-22-at-5-03-08-PM_png.rf.ea0cc3e6158ec384aed9407e557a1533.jpg,C:\Users\venka\Documents\Project\data\processed\train\blue_finger\Screen-Shot-2021-11-22-at-5-03-08-PM_png.rf.ea0cc3e6158ec384aed9407e557a1533.jpg,c1d26f857aa54a35
train,blue_finger,Screen-Shot-2021-11-22-at-5-03-11-PM_png.rf.16bcbf1b61441757528827d014c87b22.jpg,C:\Users\venka\Documents\Project\data\processed\train\blue_finger\Screen-Shot-2021-11-22-at-5-03-11-PM_png.rf.16bcbf1b61441757528827d014c87b22.jpg,a425421a6fce3fe4
train,blue_finger,Screen-Shot-2021-11-22-at-5-03-11-PM_png.rf.68d2bef07f74de0699f85b1410dface5.jpg,C:\Users\venka\Documents\Project\data\processed\train\blue_finger\Screen-Shot-2021-11-22-at-5-03-11-PM_png.rf.68d2bef07f74de0699f85b1410dface5.jpg,95c4ca9b499978b3
train,blue_finger,Screen-Shot-2021-11-22-at-5-05-36-PM_png.rf.a09a0b99f565c4a1d275d151d82cb563.jpg,C:\Users\venka\Documents\Project\data\processed\train\blue_finger\Screen-Shot-2021-11-22-at-5-05-36-PM_png.rf.a09a0b99f565c4a1d275d151d82cb563.jpg,d5813a3f689769c1
train,blue_finger,Screen-Shot-2021-11-22-at-5-05-36-PM_png.rf.ad7ac49756fb07eb3cda7fa365a2901b.jpg,C:\Users\venka\Documents\Project\data\processed\train\blue_finger\Screen-Shot-2021-11-22-at-5-05-36-PM_png.rf.ad7ac49756fb07eb3cda7fa365a2901b.jpg,d5d742250b870f1f
train,blue_finger,Screen-Shot-2021-11-22-at-5-05-36-PM_png.rf.bdea4f06408e42f5b0bda7a0ac169815.jpg,C:\Users\venka\Documents\Project\data\processed\train\blue_finger\Screen-Shot-2021-11-22-at-5-05-36-PM_png.rf.bdea4f06408e42f5b0bda7a0ac169815.jpg,95156f376a346a4a
train,blue_finger,Screen-Shot-2021-11-22-at-5-05-41-PM_png.rf.8808740ef7426de88535bf99186cb1f8.jpg,C:\Users\venka\Documents\Project\data\processed\train\blue_finger\Screen-Shot-2021-11-22-at-5-05-41-PM_png.rf.8808740ef7426de88535bf99186cb1f8.jpg,80a936d763c66772
train,blue_finger,Screen-Shot-2021-11-22-at-5-05-41-PM_png.rf.ac18f647cbacdf0c36f10eaa89592d2e.jpg,C:\Users\venka\Documents\Project\data\processed\train\blue_finger\Screen-Shot-2021-11-22-at-5-05-41-PM_png.rf.ac18f647cbacdf0c36f10eaa89592d2e.jpg,c0c03be756874e9e
train,blue_finger,Screen-Shot-2021-11-22-at-5-05-43-PM_png.rf.2000f89abed8261809c9c22aaefc1a98.jpg,C:\Users\venka\Documents\Project\data\processed\train\blue_finger\Screen-Shot-2021-11-22-at-5-05-43-PM_png.rf.2000f89abed8261809c9c22aaefc1a98.jpg,dddf02a5270e160f
train,blue_finger,Screen-Shot-2021-11-22-at-5-06-00-PM_png.rf.47e1c3e28d373e730b0c37e2bae8060d.jpg,C:\Users\venka\Documents\Project\data\processed\train\blue_finger\Screen-Shot-2021-11-22-at-5-06-00-PM_png.rf.47e1c3e28d373e730b0c37e2bae8060d.jpg,80e037a65b9b5b99
train,blue_finger,Screen-Shot-2021-11-22-at-5-06-03-PM_png.rf.5ffff093c1e2e23eca6f74cbf755a1cc.jpg,C:\Users\venka\Documents\Project\data\processed\train\blue_finger\Screen-Shot-2021-11-22-at-5-06-03-PM_png.rf.5ffff093c1e2e23eca6f74cbf755a1cc.jpg,814f34b4c89f469f
train,blue_finger,Screen-Shot-2021-11-22-at-5-06-03-PM_png.rf.64c009ed38f4e72b161cc0b488e5b062.jpg,C:\Users\venka\Documents\Project\data\processed\train\blue_finger\Screen-Shot-2021-11-22-at-5-06-03-PM_png.rf.64c009ed38f4e72b161cc0b488e5b062.jpg,91b5359ad8e06f91
train,blue_finger,Screen-Shot-2021-11-22-at-5-06-03-PM_png.rf.97d1956f4642b8f9a66b948894c0309f.jpg,C:\Users\venka\Documents\Project\data\processed\train\blue_finger\Screen-Shot-2021-11-22-at-5-06-03-PM_png.rf.97d1956f4642b8f9a66b948894c0309f.jpg,d54b963560164f8f
train,blue_finger,Screen-Shot-2021-11-22-at-5-06-33-PM_png.rf.778b8c5721e02db8a1f6532d62a40987.jpg,C:\Users\venka\Documents\Project\data\processed\train\blue_finger\Screen-Shot-2021-11-22-at-5-06-33-PM_png.rf.778b8c5721e02db8a1f6532d62a40987.jpg,a8d4d66c4b617c66
train,blue_finger,Screen-Shot-2021-11-22-at-5-07-23-PM_png.rf.dd56ab1f05c0baf20707136b7ad54e82.jpg,C:\Users\venka\Documents\Project\data\processed\train\blue_finger\Screen-Shot-2021-11-22-at-5-07-23-PM_png.rf.dd56ab1f05c0baf20707136b7ad54e82.jpg,90c867315c76339f
train,blue_finger,Screen-Shot-2021-11-22-at-5-07-23-PM_png.rf.f9ce32b0c67585013b33193d0c0fe3ff.jpg,C:\Users\venka\Documents\Project\data\processed\train\blue_finger\Screen-Shot-2021-11-22-at-5-07-23-PM_png.rf.f9ce32b0c67585013b33193d0c0fe3ff.jpg,c48f3ec42bd239d2
train,blue_finger,Screen-Shot-2021-11-22-at-5-09-59-PM_png.rf.7a9cc921dfffe97ddfd84b7981918c4e.jpg,C:\Users\venka\Documents\Project\data\processed\train\blue_finger\Screen-Shot-2021-11-22-at-5-09-59-PM_png.rf.7a9cc921dfffe97ddfd84b7981918c4e.jpg,c03c0f007e9f63de
train,blue_finger,Screen-Shot-2021-11-22-at-5-10-07-PM_png.rf.7e7c3891d9a2725b19470d79b43f20e5.jpg,C:\Users\venka\Documents\Project\data\processed\train\blue_finger\Screen-Shot-2021-11-22-at-5-10-07-PM_png.rf.7e7c3891d9a2725b19470d79b43f20e5.jpg,d00a47790e7b0f7c
train,blue_finger,Screen-Shot-2021-11-22-at-5-10-19-PM_png.rf.5d4de7ded1e3613e6827276b87e5d5b3.jpg,C:\Users\venka\Documents\Project\data\processed\train\blue_finger\Screen-Shot-2021-11-22-at-5-10-19-PM_png.rf.5d4de7ded1e3613e6827276b87e5d5b3.jpg,956a9665daa6499a
train,blue_finger,Screen-Shot-2021-11-22-at-5-11-21-PM_png.rf.254b662282421dae3d7ddcbd791b7fd7.jpg,C:\Users\venka\Documents\Project\data\processed\train\blue_finger\Screen-Shot-2021-11-22-at-5-11-21-PM_png.rf.254b662282421dae3d7ddcbd791b7fd7.jpg,f6e040d70f3f1b12
train,blue_finger,Screen-Shot-2021-11-22-at-5-11-21-PM_png.rf.54e125bbdac895774eb0be5b5901c880.jpg,C:\Users\venka\Documents\Project\data\processed\train\blue_finger\Screen-Shot-2021-11-22-at-5-11-21-PM_png.rf.54e125bbdac895774eb0be5b5901c880.jpg,c1f04e8747970f96
train,blue_finger,Screen-Shot-2021-11-22-at-5-13-05-PM_png.rf.e31da9e3331ab64ed38a10a449ab7d74.jpg,C:\Users\venka\Documents\Project\data\processed\train\blue_finger\Screen-Shot-2021-11-22-at-5-13-05-PM_png.rf.e31da9e3331ab64ed38a10a449ab7d74.jpg,e0bf0fc21f686370
train,blue_finger,Screen-Shot-2021-11-22-at-5-14-49-PM_png.rf.122fe2ea4ebc13cae565706ace0c8f1f.jpg,C:\Users\venka\Documents\Project\data\processed\train\blue_finger\Screen-Shot-2021-11-22-at-5-14-49-PM_png.rf.122fe2ea4ebc13cae565706ace0c8f1f.jpg,d0632d166e966e96
train,blue_finger,Screen-Shot-2021-11-22-at-5-14-49-PM_png.rf.2278b7ef5dde324b942ed5b45d909116.jpg,C:\Users\venka\Documents\Project\data\processed\train\blue_finger\Screen-Shot-2021-11-22-at-5-14-49-PM_png.rf.2278b7ef5dde324b942ed5b45d909116.jpg,90c069d47e393b97
train,blue_finger,Screen-Shot-2021-11-22-at-5-17-24-PM_png.rf.5e2ba52bf76dff2d2bbc14f9f8639eb9.jpg,C:\Users\venka\Documents\Project\data\processed\train\blue_finger\Screen-Shot-2021-11-22-at-5-17-24-PM_png.rf.5e2ba52bf76dff2d2bbc14f9f8639eb9.jpg,d5ea60420f7138bf
train,blue_finger,Screen-Shot-2021-11-22-at-5-17-24-PM_png.rf.7330c1082d7a5312962c31053461d2ea.jpg,C:\Users\venka\Documents\Project\data\processed\train\blue_finger\Screen-Shot-2021-11-22-at-5-17-24-PM_png.rf.7330c1082d7a5312962c31053461d2ea.jpg,814060f67d5f6b4d
train,blue_finger,Screen-Shot-2021-11-22-at-5-17-24-PM_png.rf.e393d6febd579e6d5ab2e5682ce65137.jpg,C:\Users\venka\Documents\Project\data\processed\train\blue_finger\Screen-Shot-2021-11-22-at-5-17-24-PM_png.rf.e393d6febd579e6d5ab2e5682ce65137.jpg,ad8f16be2192266d
train,blue_finger,Screen-Shot-2021-11-22-at-5-17-31-PM_png.rf.063ab6e3d1188b198a16e5cbcd142605.jpg,C:\Users\venka\Documents\Project\data\processed\train\blue_finger\Screen-Shot-2021-11-22-at-5-17-31-PM_png.rf.063ab6e3d1188b198a16e5cbcd142605.jpg,d5ca40d54adf0bd2
train,blue_finger,Screen-Shot-2021-11-22-at-5-17-31-PM_png.rf.6a11475513751c5b3c13c5a2d9b740fe.jpg,C:\Users\venka\Documents\Project\data\processed\train\blue_finger\Screen-Shot-2021-11-22-at-5-17-31-PM_png.rf.6a11475513751c5b3c13c5a2d9b740fe.jpg,d020ce9d98913bdf
train,blue_finger,Screen-Shot-2021-11-22-at-5-17-31-PM_png.rf.8038e79d0b3027bd3b4914cf431b3f9e.jpg,C:\Users\venka\Documents\Project\data\processed\train\blue_finger\Screen-Shot-2021-11-22-at-5-17-31-PM_png.rf.8038e79d0b3027bd3b4914cf431b3f9e.jpg,c03f15305fb25a3b
train,blue_finger,Screen-Shot-2021-11-22-at-5-17-34-PM_png.rf.87366cc04fcf9742a84289d59659b61d.jpg,C:\Users\venka\Documents\Project\data\processed\train\blue_finger\Screen-Shot-2021-11-22-at-5-17-34-PM_png.rf.87366cc04fcf9742a84289d59659b61d.jpg,c0bd1510172e7b3f
train,blue_finger,Screen-Shot-2021-11-22-at-5-17-34-PM_png.rf.adfcc87ae941bf75b8ddf22c405c94ce.jpg,C:\Users\venka\Documents\Project\data\processed\train\blue_finger\Screen-Shot-2021-11-22-at-5-17-34-PM_png.rf.adfcc87ae941bf75b8ddf22c405c94ce.jpg,80745d627ee83ee8
train,blue_finger,Screen-Shot-2021-11-22-at-5-18-17-PM_png.rf.9d418f1c5af68a512c4353b980e70f30.jpg,C:\Users\venka\Documents\Project\data\processed\train\blue_finger\Screen-Shot-2021-11-22-at-5-18-17-PM_png.rf.9d418f1c5af68a512c4353b980e70f30.jpg,88d42f2b392d296f
train,blue_finger,Screen-Shot-2021-11-22-at-5-18-17-PM_png.rf.9ee368deb9f85cb089885da79d77335f.jpg,C:\Users\venka\Documents\Project\data\processed\train\blue_finger\Screen-Shot-2021-11-22-at-5-18-17-PM_png.rf.9ee368deb9f85cb089885da79d77335f.jpg,e1f5150e1a3e6d32
train,blue_finger,Screen-Shot-2021-11-22-at-5-18-17-PM_png.rf.bcb1bf65f90d73f589ad7c38909388f8.jpg,C:\Users\venka\Documents\Project\data\processed\train\blue_finger\Screen-Shot-2021-11-22-at-5-18-17-PM_png.rf.bcb1bf65f90d73f589ad7c38909388f8.jpg,e0490fae5f903b9a
train,blue_finger,Screen-Shot-2021-11-22-at-5-18-20-PM_png.rf.6a54b12f85962ae547483735e84a53f6.jpg,C:\Users\venka\Documents\Project\data\processed\train\blue_finger\Screen-Shot-2021-11-22-at-5-18-20-PM_png.rf.6a54b12f85962ae547483735e84a53f6.jpg,a57f52a449922d9b
train,blue_finger,Screen-Shot-2021-11-22-at-5-18-20-PM_png.rf.be633495cd0a19474a70f5940700d1e1.jpg,C:\Users\venka\Documents\Project\data\processed\train\blue_finger\Screen-Shot-2021-11-22-at-5-18-20-PM_png.rf.be633495cd0a19474a70f5940700d1e1.jpg,f07f010c3c3e3a3b
train,blue_finger,Screen-Shot-2021-11-22-at-5-18-28-PM_png.rf.40eefe22bbb965ddff860fcbc05408e0.jpg,C:\Users\venka\Documents\Project\data\processed\train\blue_finger\Screen-Shot-2021-11-22-at-5-18-28-PM_png.rf.40eefe22bbb965ddff860fcbc05408e0.jpg,906c2f978d6a3987
train,blue_finger,Screen-Shot-2021-11-22-at-5-18-28-PM_png.rf.8faa496c37a6da9fd4f62d64a1bd21e9.jpg,C:\Users\venka\Documents\Project\data\processed\train\blue_finger\Screen-Shot-2021-11-22-at-5-18-28-PM_png.rf.8faa496c37a6da9fd4f62d64a1bd21e9.jpg,a2c2d15ad64b6b69
train,blue_finger,Screen-Shot-2021-11-22-at-5-18-28-PM_png.rf.a751994abdc47b356a4e9dd0e34aeabc.jpg,C:\Users\venka\Documents\Project\data\processed\train\blue_finger\Screen-Shot-2021-11-22-at-5-18-28-PM_png.rf.a751994abdc47b356a4e9dd0e34aeabc.jpg,d5e8223f2ac12f95
train,blue_finger,Screen-Shot-2021-11-22-at-5-19-05-PM_png.rf.fe188b1b973697d330ea080eeb5183ba.jpg,C:\Users\venka\Documents\Project\data\processed\train\blue_finger\Screen-Shot-2021-11-22-at-5-19-05-PM_png.rf.fe188b1b973697d330ea080eeb5183ba.jpg,dd0564816a1f2b3f
train,blue_finger,Screen-Shot-2021-11-22-at-5-19-22-PM_png.rf.446bc61b65f7313a0a251a5774082bb7.jpg,C:\Users\venka\Documents\Project\data\processed\train\blue_finger\Screen-Shot-2021-11-22-at-5-19-22-PM_png.rf.446bc61b65f7313a0a251a5774082bb7.jpg,815d3f1e3c1a34e9
train,blue_finger,Screen-Shot-2021-11-22-at-5-19-22-PM_png.rf.e5bef54a84f6a61a48c25c5654f03309.jpg,C:\Users\venka\Documents\Project\data\processed\train\blue_finger\Screen-Shot-2021-11-22-at-5-19-22-PM_png.rf.e5bef54a84f6a61a48c25c5654f03309.jpg,d47f6a2c69304b3a
train,blue_finger,Screen-Shot-2021-11-22-at-5-19-22-PM_png.rf.eee2894528afaf8033be4a1f1419c81c.jpg,C:\Users\venka\Documents\Project\data\processed\train\blue_finger\Screen-Shot-2021-11-22-at-5-19-22-PM_png.rf.eee2894528afaf8033be4a1f1419c81c.jpg,80a36bc42fda35e9
train,blue_finger,Screen-Shot-2021-11-22-at-5-19-45-PM_png.rf.2824da17f63a480286d44811f9c282b3.jpg,C:\Users\venka\Documents\Project\data\processed\train\blue_finger\Screen-Shot-2021-11-22-at-5-19-45-PM_png.rf.2824da17f63a480286d44811f9c282b3.jpg,d56a3b96641922bd
train,blue_finger,Screen-Shot-2021-11-22-at-5-19-45-PM_png.rf.ae393a5c9b194f7c1f831fcb3dabaced.jpg,C:\Users\venka\Documents\Project\data\processed\train\blue_finger\Screen-Shot-2021-11-22-at-5-19-45-PM_png.rf.ae393a5c9b194f7c1f831fcb3dabaced.jpg,80bf5d81719d6791
train,blue_finger,Screen-Shot-2021-11-22-at-5-19-45-PM_png.rf.cd63782ff082dd59fe7a63b5f5ce61c7.jpg,C:\Users\venka\Documents\Project\data\processed\train\blue_finger\Screen-Shot-2021-11-22-at-5-19-45-PM_png.rf.cd63782ff082dd59fe7a63b5f5ce61c7.jpg,f46b3a9521172f34
train,blue_finger,Screen-Shot-2021-11-22-at-5-19-49-PM_png.rf.6f4171ec0431ad53a109b6e8cd705aaa.jpg,C:\Users\venka\Documents\Project\data\processed\train\blue_finger\Screen-Shot-2021-11-22-at-5-19-49-PM_png.rf.6f4171ec0431ad53a109b6e8cd705aaa.jpg,90cb499d65e857a5
train,blue_finger,Screen-Shot-2021-11-22-at-5-19-49-PM_png.rf.8b3490c87eff1c8a4ed68717a66b2b1f.jpg,C:\Users\venka\Documents\Project\data\processed\train\blue_finger\Screen-Shot-2021-11-22-at-5-19-49-PM_png.rf.8b3490c87eff1c8a4ed68717a66b2b1f.jpg,d5ca48f530f072e5
train,blue_finger,Screen-Shot-2021-11-22-at-5-19-49-PM_png.rf.90f2e34819071124dd76e082a57c295f.jpg,C:\Users\venka\Documents\Project\data\processed\train\blue_finger\Screen-Shot-2021-11-22-at-5-19-49-PM_png.rf.90f2e34819071124dd76e082a57c295f.jpg,95ca3f3d90114b6d
train,blue_finger,Screen-Shot-2021-11-22-at-5-21-20-PM_png.rf.fcb98dbd75cb7b0f6e917df14663b80d.jpg,C:\Users\venka\Documents\Project\data\processed\train\blue_finger\Screen-Shot-2021-11-22-at-5-21-20-PM_png.rf.fcb98dbd75cb7b0f6e917df14663b80d.jpg,d4c02a3f2a1ded35
train,blue_finger,Screen-Shot-2021-11-22-at-5-22-06-PM_png.rf.334acf21923100af9ea95a01ed604b33.jpg,C:\Users\venka\Documents\Project\data\processed\train\blue_finger\Screen-Shot-2021-11-22-at-5-22-06-PM_png.rf.334acf21923100af9ea95a01ed604b33.jpg,d56340680f633f3e
train,blue_finger,Screen-Shot-2021-11-22-at-5-22-06-PM_png.rf.6cfb3b76408f8b3985cfd8c8f8ce2267.jpg,C:\Users\venka\Documents\Project\data\processed\train\blue_finger\Screen-Shot-2021-11-22-at-5-22-06-PM_png.rf.6cfb3b76408f8b3985cfd8c8f8ce2267.jpg,812277c11eb37bc5
train,blue_finger,Screen-Shot-2021-11-22-at-5-23-38-PM_png.rf.64e22b63723df378109c1b7d904ec5b6.jpg,C:\Users\venka\Documents\Project\data\processed\train\blue_finger\Screen-Shot-2021-11-22-at-5-23-38-PM_png.rf.64e22b63723df378109c1b7d904ec5b6.jpg,d29f3978c06707c6
train,blue_finger,Screen-Shot-2021-11-22-at-5-23-38-PM_png.rf.c9ebcbe2edc1e646ff23a39f2d0ebe56.jpg,C:\Users\venka\Documents\Project\data\processed\train\blue_finger\Screen-Shot-2021-11-22-at-5-23-38-PM_png.rf.c9ebcbe2edc1e646ff23a39f2d0ebe56.jpg,d061639e379a9c63
train,blue_finger,Screen-Shot-2021-11-22-at-5-25-44-PM_png.rf.9f21cade77022c641ca21bc69c056443.jpg,C:\Users\venka\Documents\Project\data\processed\train\blue_finger\Screen-Shot-2021-11-22-at-5-25-44-PM_png.rf.9f21cade77022c641ca21bc69c056443.jpg,807cc73ccb1e1f2a
train,blue_finger,Screen-Shot-2021-11-22-at-5-25-44-PM_png.rf.dafcba6f88b3de41a8a604466b101f9b.jpg,C:\Users\venka\Documents\Project\data\processed\train\blue_finger\Screen-Shot-2021-11-22-at-5-25-44-PM_png.rf.dafcba6f88b3de41a8a604466b101f9b.jpg,85d5579e1e85130f
train,blue_finger,Screen-Shot-2021-11-22-at-5-26-02-PM_png.rf.c2ecfc9546eeec9c03ce32aadf4150ba.jpg,C:\Users\venka\Documents\Project\data\processed\train\blue_finger\Screen-Shot-2021-11-22-at-5-26-02-PM_png.rf.c2ecfc9546eeec9c03ce32aadf4150ba.jpg,9c6a555962c763c6
train,blue_finger,Screen-Shot-2021-11-22-at-5-26-02-PM_png.rf.c6b8a65114a9e1b5354a55f23f1acc94.jpg,C:\Users\venka\Documents\Project\data\processed\train\blue_finger\Screen-Shot-2021-11-22-at-5-26-02-PM_png.rf.c6b8a65114a9e1b5354a55f23f1acc94.jpg,816f7e587ae030cb
train,blue_finger,Screen-Shot-2021-11-22-at-5-26-19-PM_png.rf.a7b78792bd969b37120c8bb618d88a30.jpg,C:\Users\venka\Documents\Project\data\processed\train\blue_finger\Screen-Shot-2021-11-22-at-5-26-19-PM_png.rf.a7b78792bd969b37120c8bb618d88a30.jpg,c55e6a2d6d056617
train,blue_finger,Screen-Shot-2021-11-22-at-5-26-19-PM_png.rf.ff7fc7a44a3fe57f30537064a9b33f5a.jpg,C:\Users\venka\Documents\Project\data\processed\train\blue_finger\Screen-Shot-2021-11-22-at-5-26-19-PM_png.rf.ff7fc7a44a3fe57f30537064a9b33f5a.jpg,912f7f7070734166
train,blue_finger,Screen-Shot-2021-11-22-at-5-26-29-PM_png.rf.f48e6fe53b570e2961132cd3c7e727ad.jpg,C:\Users\venka\Documents\Project\data\processed\train\blue_finger\Screen-Shot-2021-11-22-at-5-26-29-PM_png.rf.f48e6fe53b570e2961132cd3c7e727ad.jpg,877a716166c74e4c
train,blue_finger,Screen-Shot-2021-11-22-at-5-26-45-PM_png.rf.0d76f45486c2e780969e522ae381760e.jpg,C:\Users\venka\Documents\Project\data\processed\train\blue_finger\Screen-Shot-2021-11-22-at-5-26-45-PM_png.rf.0d76f45486c2e780969e522ae381760e.jpg,9062584f717c6f69
train,blue_finger,Screen-Shot-2021-11-22-at-5-26-55-PM_png.rf.153c07df29c17fbe8f41d92b6d40499b.jpg,C:\Users\venka\Documents\Project\data\processed\train\blue_finger\Screen-Shot-2021-11-22-at-5-26-55-PM_png.rf.153c07df29c17fbe8f41d92b6d40499b.jpg,81f7dd223e0b0f0b
train,blue_finger,Screen-Shot-2021-11-22-at-5-26-55-PM_png.rf.bbccd0834da773b3ab29ecb74e7d5eb7.jpg,C:\Users\venka\Documents\Project\data\processed\train\blue_finger\Screen-Shot-2021-11-22-at-5-26-55-PM_png.rf.bbccd0834da773b3ab29ecb74e7d5eb7.jpg,c07f1b2e251a4b3d
train,blue_finger,Screen-Shot-2021-11-22-at-5-26-55-PM_png.rf.cc0c70c624838d743c1d75045ffa7dec.jpg,C:\Users\venka\Documents\Project\data\processed\train\blue_finger\Screen-Shot-2021-11-22-at-5-26-55-PM_png.rf.cc0c70c624838d743c1d75045ffa7dec.jpg,95aa4ef562850ed5
train,blue_finger,Screen-Shot-2021-11-22-at-5-27-14-PM_png.rf.0da00f412846983f7be320205046baa1.jpg,C:\Users\venka\Documents\Project\data\processed\train\blue_finger\Screen-Shot-2021-11-22-at-5-27-14-PM_png.rf.0da00f412846983f7be320205046baa1.jpg,952a6dca5177456a
train,blue_finger,Screen-Shot-2021-11-22-at-5-27-33-PM_png.rf.18dcd6bda09aac8e825becefada1b087.jpg,C:\Users\venka\Documents\Project\data\processed\train\blue_finger\Screen-Shot-2021-11-22-at-5-27-33-PM_png.rf.18dcd6bda09aac8e825becefada1b087.jpg,d53f1c956a356017
train,blue_finger,Screen-Shot-2021-11-22-at-5-27-33-PM_png.rf.244361e86167343819816cfc71d66bbf.jpg,C:\Users\venka\Documents\Project\data\processed\train\blue_finger\Screen-Shot-2021-11-22-at-5-27-33-PM_png.rf.244361e86167343819816cfc71d66bbf.jpg,dc64334a9537d83c
train,blue_finger,Screen-Shot-2021-11-22-at-5-27-33-PM_png.rf.7eb53bb2d11e237febfd34866f26bc71.jpg,C:\Users\venka\Documents\Project\data\processed\train\blue_finger\Screen-Shot-2021-11-22-at-5-27-33-PM_png.rf.7eb53bb2d11e237febfd34866f26bc71.jpg,807d57204e2b6e3f
train,blue_finger,Screen-Shot-2021-11-22-at-5-27-36-PM_png.rf.04508b66fbd4b04b01fc481375e7e8b8.jpg,C:\Users\venka\Documents\Project\data\processed\train\blue_finger\Screen-Shot-2021-11-22-at-5-27-36-PM_png.rf.04508b66fbd4b04b01fc481375e7e8b8.jpg,95d561a64a874d8f
train,blue_finger,Screen-Shot-2021-11-22-at-5-27-36-PM_png.rf.68a3b530ad41f79ac347016acef9830b.jpg,C:\Users\venka\Documents\Project\data\processed\train\blue_finger\Screen-Shot-2021-11-22-at-5-27-36-PM_png.rf.68a3b530ad41f79ac347016acef9830b.jpg,d52a3e4a4f1f2a32
train,blue_finger,Screen-Shot-2021-11-22-at-5-27-40-PM_png.rf.6c568a9108d87bfcf165b3f2c9627872.jpg,C:\Users\venka\Documents\Project\data\processed\train\blue_finger\Screen-Shot-2021-11-22-at-5-27-40-PM_png.rf.6c568a9108d87bfcf165b3f2c9627872.jpg,e58a1ae54a976ab1
train,blue_finger,Screen-Shot-2021-11-22-at-5-27-40-PM_png.rf.6f290b1ffb92a2a9966d058bcdc608b8.jpg,C:\Users\venka\Documents\Project\data\processed\train\blue_finger\Screen-Shot-2021-11-22-at-5-27-40-PM_png.rf.6f290b1ffb92a2a9966d058bcdc608b8.jpg,d52d3f9052936e2c
train,blue_finger,Screen-Shot-2021-11-22-at-5-27-40-PM_png.rf.9b78c44265f519533828a75b732e4257.jpg,C:\Users\venka\Documents\Project\data\processed\train\blue_finger\Screen-Shot-2021-11-22-at-5-27-40-PM_png.rf.9b78c44265f519533828a75b732e4257.jpg,a9af76c016d43a72
train,blue_finger,Screen-Shot-2021-11-22-at-5-27-50-PM_png.rf.70bbe4c1d3d4176159192b7a36589343.jpg,C:\Users\venka\Documents\Project\data\processed\train\blue_finger\Screen-Shot-2021-11-22-at-5-27-50-PM_png.rf.70bbe4c1d3d4176159192b7a36589343.jpg,c522702b722f7a6e
train,blue_finger,Screen-Shot-2021-11-22-at-5-27-50-PM_png.rf.e39fffe19804840a4d1bce29f94fbfc7.jpg,C:\Users\venka\Documents\Project\data\processed\train\blue_finger\Screen-Shot-2021-11-22-at-5-27-50-PM_png.rf.e39fffe19804840a4d1bce29f94fbfc7.jpg,908273df03d14fd5
train,blue_finger,Screen-Shot-2021-11-22-at-5-29-02-PM_png.rf.10fe69cff91c0ba95e03d16f5f33539b.jpg,C:\Users\venka\Documents\Project\data\processed\train\blue_finger\Screen-Shot-2021-11-22-at-5-29-02-PM_png.rf.10fe69cff91c0ba95e03d16f5f33539b.jpg,d06a2d2f6d2d292d
train,blue_finger,Screen-Shot-2021-11-22-at-5-29-02-PM_png.rf.a79f57b249325255656682359941d96e.jpg,C:\Users\venka\Documents\Project\data\processed\train\blue_finger\Screen-Shot-2021-11-22-at-5-29-02-PM_png.rf.a79f57b249325255656682359941d96e.jpg,d51f422e6ac26fc1
train,blue_finger,Screen-Shot-2021-11-22-at-5-29-02-PM_png.rf.d19427d6ca740fd1b5a679eeb72e9a0b.jpg,C:\Users\venka\Documents\Project\data\processed\train\blue_finger\Screen-Shot-2021-11-22-at-5-29-02-PM_png.rf.d19427d6ca740fd1b5a679eeb72e9a0b.jpg,845f68a07eb07bf0
train,blue_finger,Screen-Shot-2021-11-22-at-5-29-07-PM_png.rf.0daed9e656df82e173ca4532e3be0924.jpg,C:\Users\venka\Documents\Project\data\processed\train\blue_finger\Screen-Shot-2021-11-22-at-5-29-07-PM_png.rf.0daed9e656df82e173ca4532e3be0924.jpg,c0f0333b2f2d2d2d
train,blue_finger,Screen-Shot-2021-11-22-at-5-29-07-PM_png.rf.69d7cced1e9a35b903dbcb0a4537a326.jpg,C:\Users\venka\Documents\Project\data\processed\train\blue_finger\Screen-Shot-2021-11-22-at-5-29-07-PM_png.rf.69d7cced1e9a35b903dbcb0a4537a326.jpg,d56822d42b972f17
train,blue_finger,Screen-Shot-2021-11-22-at-5-29-07-PM_png.rf.9f90b801c0353bbfe70355d420c6b1de.jpg,C:\Users\venka\Documents\Project\data\processed\train\blue_finger\Screen-Shot-2021-11-22-at-5-29-07-PM_png.rf.9f90b801c0353bbfe70355d420c6b1de.jpg,80c077d57a1d6a3d
train,blue_finger,Screen-Shot-2021-11-22-at-5-29-14-PM_png.rf.15cce7dd0f484d660ab9f35e058cee8f.jpg,C:\Users\venka\Documents\Project\data\processed\train\blue_finger\Screen-Shot-2021-11-22-at-5-29-14-PM_png.rf.15cce7dd0f484d660ab9f35e058cee8f.jpg,95d557b01f811d87
train,blue_finger,Screen-Shot-2021-11-22-at-5-29-14-PM_png.rf.efebde858efc9bc940ec38a96bfb5924.jpg,C:\Users\venka\Documents\Project\data\processed\train\blue_finger\Screen-Shot-2021-11-22-at-5-29-14-PM_png.rf.efebde858efc9bc940ec38a96bfb5924.jpg,800ac7731eea1deb
train,blue_finger,Screen-Shot-2021-11-22-at-5-30-06-PM_png.rf.01c80da6122271d76cfa18af1e1535d8.jpg,C:\Users\venka\Documents\Project\data\processed\train\blue_finger\Screen-Shot-2021-11-22-at-5-30-06-PM_png.rf.01c80da6122271d76cfa18af1e1535d8.jpg,d0cf874e35684f68
train,blue_finger,Screen-Shot-2021-11-22-at-5-30-06-PM_png.rf.98c21d0b310e671eb4785da76d959126.jpg,C:\Users\venka\Documents\Project\data\processed\train\blue_finger\Screen-Shot-2021-11-22-at-5-30-06-PM_png.rf.98c21d0b310e671eb4785da76d959126.jpg,95d4c25a63785e39
train,blue_finger,Screen-Shot-2021-11-22-at-8-11-22-PM_png.rf.200fe9e016872462057a64698ed36943.jpg,C:\Users\venka\Documents\Project\data\processed\train\blue_finger\Screen-Shot-2021-11-22-at-8-11-22-PM_png.rf.200fe9e016872462057a64698ed36943.jpg,d56a40672ae53fa1
train,blue_finger,Screen-Shot-2021-11-22-at-8-11-22-PM_png.rf.dc4c744c1d875df68b8aa159ba3290c8.jpg,C:\Users\venka\Documents\Project\data\processed\train\blue_finger\Screen-Shot-2021-11-22-at-8-11-22-PM_png.rf.dc4c744c1d875df68b8aa159ba3290c8.jpg,95ea42c16ac76f45
train,blue_finger,Screen-Shot-2021-11-22-at-8-11-26-PM_png.rf.3580642ea6c3b127513eeca39c9a439a.jpg,C:\Users\venka\Documents\Project\data\processed\train\blue_finger\Screen-Shot-2021-11-22-at-8-11-26-PM_png.rf.3580642ea6c3b127513eeca39c9a439a.jpg,80377f1b6f0466e2
train,blue_finger,Screen-Shot-2021-11-22-at-8-11-26-PM_png.rf.ed370a22d238bd703d7ba453ffba5e5a.jpg,C:\Users\venka\Documents\Project\data\processed\train\blue_finger\Screen-Shot-2021-11-22-at-8-11-26-PM_png.rf.ed370a22d238bd703d7ba453ffba5e5a.jpg,d5ab6a952a952317
train,blue_finger,Screen-Shot-2021-11-22-at-8-11-26-PM_png.rf.fbe81615c8ea3c20f323293a3c5e872e.jpg,C:\Users\venka\Documents\Project\data\processed\train\blue_finger\Screen-Shot-2021-11-22-at-8-11-26-PM_png.rf.fbe81615c8ea3c20f323293a3c5e872e.jpg,d55e0b0d3ead4287
train,blue_finger,Screen-Shot-2021-11-22-at-8-14-11-PM_png.rf.591af90032256219d10cd40204c3e040.jpg,C:\Users\venka\Documents\Project\data\processed\train\blue_finger\Screen-Shot-2021-11-22-at-8-14-11-PM_png.rf.591af90032256219d10cd40204c3e040.jpg,9575401e671a5f3a
train,blue_finger,Screen-Shot-2021-11-22-at-8-14-11-PM_png.rf.d66e7bfd2314f68f6381abc80f8359bb.jpg,C:\Users\venka\Documents\Project\data\processed\train\blue_finger\Screen-Shot-2021-11-22-at-8-14-11-PM_png.rf.d66e7bfd2314f68f6381abc80f8359bb.jpg,c07d3531172a1e6f
train,blue_finger,Screen-Shot-2021-11-22-at-8-14-11-PM_png.rf.e4fe62bc2f687c1df175d0a19780aa49.jpg,C:\Users\venka\Documents\Project\data\processed\train\blue_finger\Screen-Shot-2021-11-22-at-8-14-11-PM_png.rf.e4fe62bc2f687c1df175d0a19780aa49.jpg,80954b6815e53fe7
train,blue_finger,Screen-Shot-2021-11-22-at-8-14-15-PM_png.rf.63eceefeea092f3d0e3e5d1d8583eb73.jpg,C:\Users\venka\Documents\Project\data\processed\train\blue_finger\Screen-Shot-2021-11-22-at-8-14-15-PM_png.rf.63eceefeea092f3d0e3e5d1d8583eb73.jpg,c5d53fc3f486c288
train,blue_finger,Screen-Shot-2021-11-22-at-8-15-37-PM_png.rf.45ddb66565aea88e0adcd5499dd8c2f3.jpg,C:\Users\venka\Documents\Project\data\processed\train\blue_finger\Screen-Shot-2021-11-22-at-8-15-37-PM_png.rf.45ddb66565aea88e0adcd5499dd8c2f3.jpg,907f47844f8a4f95
train,blue_finger,Screen-Shot-2021-11-22-at-8-15-37-PM_png.rf.90b92158adf7df319337b4469d0be44e.jpg,C:\Users\venka\Documents\Project\data\processed\train\blue_finger\Screen-Shot-2021-11-22-at-8-15-37-PM_png.rf.90b92158adf7df319337b4469d0be44e.jpg,9595509f24123b7f
train,blue_finger,Screen-Shot-2021-11-22-at-8-15-47-PM_png.rf.453b26aadd417920db9cf3e70c292827.jpg,C:\Users\venka\Documents\Project\data\processed\train\blue_finger\Screen-Shot-2021-11-22-at-8-15-47-PM_png.rf.453b26aadd417920db9cf3e70c292827.jpg,c0e0a1b5d7d5d646
train,blue_finger,Screen-Shot-2021-11-22-at-8-15-47-PM_png.rf.b5c09e7dadaef142393cc72f22aa442d.jpg,C:\Users\venka\Documents\Project\data\processed\train\blue_finger\Screen-Shot-2021-11-22-at-8-15-47-PM_png.rf.b5c09e7dadaef142393cc72f22aa442d.jpg,9501fa956b966996
train,blue_finger,Screen-Shot-2021-11-22-at-8-15-51-PM_png.rf.c8cf71d45309d848d20dea71a0f53064.jpg,C:\Users\venka\Documents\Project\data\processed\train\blue_finger\Screen-Shot-2021-11-22-at-8-15-51-PM_png.rf.c8cf71d45309d848d20dea71a0f53064.jpg,f535401b423f6a3b
train,blue_finger,Screen-Shot-2021-11-22-at-8-18-57-PM_png.rf.1748deebd612d48811e6000a281cd855.jpg,C:\Users\venka\Documents\Project\data\processed\train\blue_finger\Screen-Shot-2021-11-22-at-8-18-57-PM_png.rf.1748deebd612d48811e6000a281cd855.jpg,d4f12b8e35211f1e
train,blue_finger,Screen-Shot-2021-11-22-at-8-18-57-PM_png.rf.ddc7ded4a3ad0c5fc54c8223130b04d5.jpg,C:\Users\venka\Documents\Project\data\processed\train\blue_finger\Screen-Shot-2021-11-22-at-8-18-57-PM_png.rf.ddc7ded4a3ad0c5fc54c8223130b04d5.jpg,80e47fdb703c6329
train,blue_finger,Screen-Shot-2021-11-22-at-8-18-57-PM_png.rf.e9ec2361740fd76af6624d0f87cd2c18.jpg,C:\Users\venka\Documents\Project\data\processed\train\blue_finger\Screen-Shot-2021-11-22-at-8-18-57-PM_png.rf.e9ec2361740fd76af6624d0f87cd2c18.jpg,d5e06a857592633b
train,blue_finger,Screen-Shot-2021-11-22-at-8-19-18-PM_png.rf.2929436be7cc2fd28c866532e805d545.jpg,C:\Users\venka\Documents\Project\data\processed\train\blue_finger\Screen-Shot-2021-11-22-at-8-19-18-PM_png.rf.2929436be7cc2fd28c866532e805d545.jpg,cf4b316530631f8b
train,blue_finger,Screen-Shot-2021-11-22-at-8-19-18-PM_png.rf.9127d38df7bc669350d82f9c2ab3d1cb.jpg,C:\Users\venka\Documents\Project\data\processed\train\blue_finger\Screen-Shot-2021-11-22-at-8-19-18-PM_png.rf.9127d38df7bc669350d82f9c2ab3d1cb.jpg,d5086fb57a9320d3
train,blue_finger,Screen-Shot-2021-11-22-at-8-22-55-PM_png.rf.55ac278ab886a5c04c1e6190207e4927.jpg,C:\Users\venka\Documents\Project\data\processed\train\blue_finger\Screen-Shot-2021-11-22-at-8-22-55-PM_png.rf.55ac278ab886a5c04c1e6190207e4927.jpg,c0c06a703f972f1f
train,blue_finger,Screen-Shot-2021-11-22-at-8-22-55-PM_png.rf.a95c2c6afb83a5a0002aeb7ab2b8bfbf.jpg,C:\Users\venka\Documents\Project\data\processed\train\blue_finger\Screen-Shot-2021-11-22-at-8-22-55-PM_png.rf.a95c2c6afb83a5a0002aeb7ab2b8bfbf.jpg,898f353d76d26a41
train,blue_finger,Screen-Shot-2021-11-22-at-8-22-55-PM_png.rf.e18ea5a2adba1591c08eebd260b117cb.jpg,C:\Users\venka\Documents\Project\data\processed\train\blue_finger\Screen-Shot-2021-11-22-at-8-22-55-PM_png.rf.e18ea5a2adba1591c08eebd260b117cb.jpg,85723a492d7d2e35
train,blue_finger,Screen-Shot-2021-11-22-at-8-25-04-PM_png.rf.25d6e55cc5866bc4932c0790d5faeb07.jpg,C:\Users\venka\Documents\Project\data\processed\train\blue_finger\Screen-Shot-2021-11-22-at-8-25-04-PM_png.rf.25d6e55cc5866bc4932c0790d5faeb07.jpg,81f05e2b0d2f2d37
train,blue_finger,Screen-Shot-2021-11-22-at-8-25-04-PM_png.rf.3287bc3f582441dd14a219a336e6de86.jpg,C:\Users\venka\Documents\Project\data\processed\train\blue_finger\Screen-Shot-2021-11-22-at-8-25-04-PM_png.rf.3287bc3f582441dd14a219a336e6de86.jpg,a57e54430e6f34b8
train,blue_finger,Screen-Shot-2021-11-22-at-8-25-04-PM_png.rf.bb52a4eab69fcf78516f8fe9d59f8b64.jpg,C:\Users\venka\Documents\Project\data\processed\train\blue_finger\Screen-Shot-2021-11-22-at-8-25-04-PM_png.rf.bb52a4eab69fcf78516f8fe9d59f8b64.jpg,c1bc07953d9235d9
train,blue_finger,Screen-Shot-2021-11-22-at-8-25-23-PM_png.rf.2679edc61c1b90a431500e2d4fda4483.jpg,C:\Users\venka\Documents\Project\data\processed\train\blue_finger\Screen-Shot-2021-11-22-at-8-25-23-PM_png.rf.2679edc61c1b90a431500e2d4fda4483.jpg,80c075746bd46f3e
train,blue_finger,Screen-Shot-2021-11-22-at-8-25-23-PM_png.rf.5a59e8aa3dc6f7b818ab80a196414516.jpg,C:\Users\venka\Documents\Project\data\processed\train\blue_finger\Screen-Shot-2021-11-22-at-8-25-23-PM_png.rf.5a59e8aa3dc6f7b818ab80a196414516.jpg,c0256b7e497c496e
train,blue_finger,Screen-Shot-2021-11-22-at-8-25-23-PM_png.rf.8af15a575db4d249641ab6fa5bed512f.jpg,C:\Users\venka\Documents\Project\data\processed\train\blue_finger\Screen-Shot-2021-11-22-at-8-25-23-PM_png.rf.8af15a575db4d249641ab6fa5bed512f.jpg,8571353c5e362b5a
train,blue_finger,Screen-Shot-2021-11-22-at-8-25-46-PM_png.rf.86edbb2883660f955777a5d980b79576.jpg,C:\Users\venka\Documents\Project\data\processed\train\blue_finger\Screen-Shot-2021-11-22-at-8-25-46-PM_png.rf.86edbb2883660f955777a5d980b79576.jpg,f4c04a6a396d3d1e
train,blue_finger,Screen-Shot-2021-11-22-at-8-25-46-PM_png.rf.c9f48c7ed14ce218883288b1e304753e.jpg,C:\Users\venka\Documents\Project\data\processed\train\blue_finger\Screen-Shot-2021-11-22-at-8-25-46-PM_png.rf.c9f48c7ed14ce218883288b1e304753e.jpg,90c24bb46f973c93
train,blue_finger,Screen-Shot-2021-11-22-at-8-51-01-PM_png.rf.346ec8019e02e4a28d05443efcdc5b2e.jpg,C:\Users\venka\Documents\Project\data\processed\train\blue_finger\Screen-Shot-2021-11-22-at-8-51-01-PM_png.rf.346ec8019e02e4a28d05443efcdc5b2e.jpg,d2822d790ee927e6
train,blue_finger,Screen-Shot-2021-11-22-at-8-51-01-PM_png.rf.a4af17abdd76e359e0334f29e3d54077.jpg,C:\Users\venka\Documents\Project\data\processed\train\blue_finger\Screen-Shot-2021-11-22-at-8-51-01-PM_png.rf.a4af17abdd76e359e0334f29e3d54077.jpg,d0e46bc42dc42fdc
train,blue_finger,Screen-Shot-2021-11-22-at-8-51-05-PM_png.rf.49df55920e4cd067e160fe0cec9c9742.jpg,C:\Users\venka\Documents\Project\data\processed\train\blue_finger\Screen-Shot-2021-11-22-at-8-51-05-PM_png.rf.49df55920e4cd067e160fe0cec9c9742.jpg,91957d3f66386c60
train,blue_finger,Screen-Shot-2021-11-22-at-8-51-05-PM_png.rf.6f75af6dcccc7f2435b6c059b1dbeaea.jpg,C:\Users\venka\Documents\Project\data\processed\train\blue_finger\Screen-Shot-2021-11-22-at-8-51-05-PM_png.rf.6f75af6dcccc7f2435b6c059b1dbeaea.jpg,85f5751e633a6838
train,blue_finger,Screen-Shot-2021-11-22-at-8-51-05-PM_png.rf.9cfdc69d9472cf594da6d913eb3a1c4c.jpg,C:\Users\venka\Documents\Project\data\processed\train\blue_finger\Screen-Shot-2021-11-22-at-8-51-05-PM_png.rf.9cfdc69d9472cf594da6d913eb3a1c4c.jpg,81b57d0f6a386a78
train,blue_finger,Screen-Shot-2021-11-22-at-8-55-16-PM_png.rf.30b7b9e8939626db2b3b785c76d2f540.jpg,C:\Users\venka\Documents\Project\data\processed\train\blue_finger\Screen-Shot-2021-11-22-at-8-55-16-PM_png.rf.30b7b9e8939626db2b3b785c76d2f540.jpg,c19f37e54852e64a
train,blue_finger,Screen-Shot-2021-11-22-at-8-55-16-PM_png.rf.40e9258124438ccdd42758f4daf831df.jpg,C:\Users\venka\Documents\Project\data\processed\train\blue_finger\Screen-Shot-2021-11-22-at-8-55-16-PM_png.rf.40e9258124438ccdd42758f4daf831df.jpg,95736a8f1d92638a
train,blue_finger,Screen-Shot-2021-11-22-at-8-55-16-PM_png.rf.a149ae43a76852d66a29bf40dfe26b80.jpg,C:\Users\venka\Documents\Project\data\processed\train\blue_finger\Screen-Shot-2021-11-22-at-8-55-16-PM_png.rf.a149ae43a76852d66a29bf40dfe26b80.jpg,c23825872e9e679e
train,blue_finger,Screen-Shot-2021-11-22-at-8-55-27-PM_png.rf.6f9076aa189a89985313dbd25543c2b1.jpg,C:\Users\venka\Documents\Project\data\processed\train\blue_finger\Screen-Shot-2021-11-22-at-8-55-27-PM_png.rf.6f9076aa189a89985313dbd25543c2b1.jpg,9dce62319dcacc2c
train,blue_finger,Screen-Shot-2021-11-22-at-8-56-36-PM_png.rf.7d8d4e4c9fc1169626a891e4045f5805.jpg,C:\Users\venka\Documents\Project\data\processed\train\blue_finger\Screen-Shot-2021-11-22-at-8-56-36-PM_png.rf.7d8d4e4c9fc1169626a891e4045f5805.jpg,95236a6c69b133c7
train,blue_finger,Screen-Shot-2021-11-22-at-8-56-43-PM_png.rf.071b9e38e428ada7b30b1139b6925db0.jpg,C:\Users\venka\Documents\Project\data\processed\train\blue_finger\Screen-Shot-2021-11-22-at-8-56-43-PM_png.rf.071b9e38e428ada7b30b1139b6925db0.jpg,8b3c719944c79ace
train,blue_finger,Screen-Shot-2021-11-22-at-8-56-43-PM_png.rf.7ec71627ce89f1cf6c95933c2c72378c.jpg,C:\Users\venka\Documents\Project\data\processed\train\blue_finger\Screen-Shot-2021-11-22-at-8-56-43-PM_png.rf.7ec71627ce89f1cf6c95933c2c72378c.jpg,d17f3f3d00246237
train,blue_finger,Screen-Shot-2021-11-22-at-8-56-43-PM_png.rf.c87d58e79d3aa54535388770d7f29047.jpg,C:\Users\venka\Documents\Project\data\processed\train\blue_finger\Screen-Shot-2021-11-22-at-8-56-43-PM_png.rf.c87d58e79d3aa54535388770d7f29047.jpg,95d46856694d2f3c
train,blue_finger,Screen-Shot-2021-11-22-at-8-56-47-PM_png.rf.4c925d806e75b19e6e21e4d0f81c01d4.jpg,C:\Users\venka\Documents\Project\data\processed\train\blue_finger\Screen-Shot-2021-11-22-at-8-56-47-PM_png.rf.4c925d806e75b19e6e21e4d0f81c01d4.jpg,811d760b7a3c62f5
train,blue_finger,Screen-Shot-2021-11-22-at-8-56-47-PM_png.rf.8d7a4b2442fbd6b0eb3c1b5caa778826.jpg,C:\Users\venka\Documents\Project\data\processed\train\blue_finger\Screen-Shot-2021-11-22-at-8-56-47-PM_png.rf.8d7a4b2442fbd6b0eb3c1b5caa778826.jpg,80c07ff9704e631f
train,blue_finger,Screen-Shot-2021-11-22-at-9-00-08-PM_png.rf.4af409bb45b27337b2459769be088723.jpg,C:\Users\venka\Documents\Project\data\processed\train\blue_finger\Screen-Shot-2021-11-22-at-9-00-08-PM_png.rf.4af409bb45b27337b2459769be088723.jpg,918d6fb56e913c90
train,blue_finger,Screen-Shot-2021-11-22-at-9-00-08-PM_png.rf.c1d808cb3972ce7daae8632fbfb13a61.jpg,C:\Users\venka\Documents\Project\data\processed\train\blue_finger\Screen-Shot-2021-11-22-at-9-00-08-PM_png.rf.c1d808cb3972ce7daae8632fbfb13a61.jpg,95952a85277e3d68
train,blue_finger,Screen-Shot-2021-11-22-at-9-00-08-PM_png.rf.d0028f368e6c8ec7590125ea1d43cc04.jpg,C:\Users\venka\Documents\Project\data\processed\train\blue_finger\Screen-Shot-2021-11-22-at-9-00-08-PM_png.rf.d0028f368e6c8ec7590125ea1d43cc04.jpg,c0852fef0cdb26c9
train,blue_finger,Screen-Shot-2021-11-22-at-9-00-12-PM_png.rf.0c8958d3ce02986257205be339e956f8.jpg,C:\Users\venka\Documents\Project\data\processed\train\blue_finger\Screen-Shot-2021-11-22-at-9-00-12-PM_png.rf.0c8958d3ce02986257205be339e956f8.jpg,803f670a7e9a6ac3
train,blue_finger,Screen-Shot-2021-11-22-at-9-00-12-PM_png.rf.1dc2027fe2973faf100b43c15db0d608.jpg,C:\Users\venka\Documents\Project\data\processed\train\blue_finger\Screen-Shot-2021-11-22-at-9-00-12-PM_png.rf.1dc2027fe2973faf100b43c15db0d608.jpg,d56a24c06a3b3f95
train,blue_finger,Screen-Shot-2021-11-22-at-9-00-12-PM_png.rf.6785e8ac754de9d669585d64bd9f2e82.jpg,C:\Users\venka\Documents\Project\data\processed\train\blue_finger\Screen-Shot-2021-11-22-at-9-00-12-PM_png.rf.6785e8ac754de9d669585d64bd9f2e82.jpg,c09a35e54a1e376e
train,blue_finger,Screen-Shot-2021-11-22-at-9-00-19-PM_png.rf.12f586458fd2f0f448d41fc8f26eb8dd.jpg,C:\Users\venka\Documents\Project\data\processed\train\blue_finger\Screen-Shot-2021-11-22-at-9-00-19-PM_png.rf.12f586458fd2f0f448d41fc8f26eb8dd.jpg,855a496a6a6a6b6b
train,blue_finger,Screen-Shot-2021-11-22-at-9-00-19-PM_png.rf.681e215e6fba67222e446fb69cb6e726.jpg,C:\Users\venka\Documents\Project\data\processed\train\blue_finger\Screen-Shot-2021-11-22-at-9-00-19-PM_png.rf.681e215e6fba67222e446fb69cb6e726.jpg,e0a01c8f63731f4f
train,blue_finger,Screen-Shot-2021-11-22-at-9-00-19-PM_png.rf.823861b7b71a878d8bdcac8352df95c5.jpg,C:\Users\venka\Documents\Project\data\processed\train\blue_finger\Screen-Shot-2021-11-22-at-9-00-19-PM_png.rf.823861b7b71a878d8bdcac8352df95c5.jpg,94726bb3189d0e9d
train,blue_finger,Screen-Shot-2021-11-22-at-9-05-44-PM_png.rf.a8b205d721eae0446918863d0bf422cd.jpg,C:\Users\venka\Documents\Project\data\processed\train\blue_finger\Screen-Shot-2021-11-22-at-9-05-44-PM_png.rf.a8b205d721eae0446918863d0bf422cd.jpg,85cb7ac26b4b686a
train,blue_finger,Screen-Shot-2021-11-22-at-9-06-52-PM_png.rf.105601eb6b92150f522b1c32de5b7ebb.jpg,C:\Users\venka\Documents\Project\data\processed\train\blue_finger\Screen-Shot-2021-11-22-at-9-06-52-PM_png.rf.105601eb6b92150f522b1c32de5b7ebb.jpg,ac9753284b537a66
train,blue_finger,Screen-Shot-2021-11-22-at-9-06-52-PM_png.rf.11fbc2c16f5785e3fed3f5868fe8f46f.jpg,C:\Users\venka\Documents\Project\data\processed\train\blue_finger\Screen-Shot-2021-11-22-at-9-06-52-PM_png.rf.11fbc2c16f5785e3fed3f5868fe8f46f.jpg,d03f2f813ed83cc2
train,blue_finger,Screen-Shot-2021-11-22-at-9-06-52-PM_png.rf.8040cda80f7fbbfb5c32a94598f9069d.jpg,C:\Users\venka\Documents\Project\data\processed\train\blue_finger\Screen-Shot-2021-11-22-at-9-06-52-PM_png.rf.8040cda80f7fbbfb5c32a94598f9069d.jpg,c18537ce4278cf72
train,blue_finger,Screen-Shot-2021-11-22-at-9-06-56-PM_png.rf.026745c4b901a33325f8b8810f33d9eb.jpg,C:\Users\venka\Documents\Project\data\processed\train\blue_finger\Screen-Shot-2021-11-22-at-9-06-56-PM_png.rf.026745c4b901a33325f8b8810f33d9eb.jpg,f0ef2f1007623a3e
train,blue_finger,Screen-Shot-2021-11-22-at-9-06-56-PM_png.rf.5480e7f4b003452fe40e24b668f9b0f3.jpg,C:\Users\venka\Documents\Project\data\processed\train\blue_finger\Screen-Shot-2021-11-22-at-9-06-56-PM_png.rf.5480e7f4b003452fe40e24b668f9b0f3.jpg,c5c43a9b9a9e1a33
train,blue_finger,Screen-Shot-2021-11-22-at-9-06-59-PM_png.rf.38da7056220e4f2a537c02aa1da41f37.jpg,C:\Users\venka\Documents\Project\data\processed\train\blue_finger\Screen-Shot-2021-11-22-at-9-06-59-PM_png.rf.38da7056220e4f2a537c02aa1da41f37.jpg,c83dc3d03fc225d9
train,blue_finger,Screen-Shot-2021-11-22-at-9-06-59-PM_png.rf.98f37ce030f96022bc12d50b518238d8.jpg,C:\Users\venka\Documents\Project\data\processed\train\blue_finger\Screen-Shot-2021-11-22-at-9-06-59-PM_png.rf.98f37ce030f96022bc12d50b518238d8.jpg,856a3965669766c6
train,blue_finger,Screen-Shot-2021-11-22-at-9-06-59-PM_png.rf.da632c54dca78ed76a73d8d5c8236481.jpg,C:\Users\venka\Documents\Project\data\processed\train\blue_finger\Screen-Shot-2021-11-22-at-9-06-59-PM_png.rf.da632c54dca78ed76a73d8d5c8236481.jpg,8fa3707467594f48
train,blue_finger,Screen-Shot-2021-11-22-at-9-07-07-PM_png.rf.4c76d638e563b2b9375a5366b946cac8.jpg,C:\Users\venka\Documents\Project\data\processed\train\blue_finger\Screen-Shot-2021-11-22-at-9-07-07-PM_png.rf.4c76d638e563b2b9375a5366b946cac8.jpg,85621a6d4fb54bb4
train,blue_finger,Screen-Shot-2021-11-22-at-9-07-07-PM_png.rf.950376ec4c5e49826accb4e7ce5df3cb.jpg,C:\Users\venka\Documents\Project\data\processed\train\blue_finger\Screen-Shot-2021-11-22-at-9-07-07-PM_png.rf.950376ec4c5e49826accb4e7ce5df3cb.jpg,94b5659536683367
train,blue_finger,Screen-Shot-2021-11-22-at-9-07-12-PM_png.rf.2b23e8e67cd15da5ccebaf149855d46e.jpg,C:\Users\venka\Documents\Project\data\processed\train\blue_finger\Screen-Shot-2021-11-22-at-9-07-12-PM_png.rf.2b23e8e67cd15da5ccebaf149855d46e.jpg,c12a764986ef29f4
train,blue_finger,Screen-Shot-2021-11-22-at-9-07-12-PM_png.rf.bc8c531c45d15848e8c6ee6afc9ec7fe.jpg,C:\Users\venka\Documents\Project\data\processed\train\blue_finger\Screen-Shot-2021-11-22-at-9-07-12-PM_png.rf.bc8c531c45d15848e8c6ee6afc9ec7fe.jpg,dc7d21c61fc03e8c
train,blue_finger,Screen-Shot-2021-11-22-at-9-07-12-PM_png.rf.e63beb0b46db426ba8161939cd85761f.jpg,C:\Users\venka\Documents\Project\data\processed\train\blue_finger\Screen-Shot-2021-11-22-at-9-07-12-PM_png.rf.e63beb0b46db426ba8161939cd85761f.jpg,c02133614779cfd7
train,blue_finger,Screen-Shot-2021-11-22-at-9-07-19-PM_png.rf.2f9dc87a7a52d95328c43c592967e490.jpg,C:\Users\venka\Documents\Project\data\processed\train\blue_finger\Screen-Shot-2021-11-22-at-9-07-19-PM_png.rf.2f9dc87a7a52d95328c43c592967e490.jpg,f5314ac52bca25ea
train,blue_finger,Screen-Shot-2021-11-22-at-9-07-19-PM_png.rf.373e52099ee52b0ae8fe61391cdfbd6f.jpg,C:\Users\venka\Documents\Project\data\processed\train\blue_finger\Screen-Shot-2021-11-22-at-9-07-19-PM_png.rf.373e52099ee52b0ae8fe61391cdfbd6f.jpg,95b472ca386b686d
train,blue_finger,Screen-Shot-2021-11-22-at-9-07-23-PM_png.rf.79471a60652ca05865f0a0eab06454e9.jpg,C:\Users\venka\Documents\Project\data\processed\train\blue_finger\Screen-Shot-2021-11-22-at-9-07-23-PM_png.rf.79471a60652ca05865f0a0eab06454e9.jpg,f4630f9c7176cc03
train,blue_finger,Screen-Shot-2021-11-22-at-9-07-23-PM_png.rf.b7e97f377b232a17ed2321aef4f03dd1.jpg,C:\Users\venka\Documents\Project\data\processed\train\blue_finger\Screen-Shot-2021-11-22-at-9-07-23-PM_png.rf.b7e97f377b232a17ed2321aef4f03dd1.jpg,c0613f9e4f6b0569
train,blue_finger,Screen-Shot-2021-11-22-at-9-07-23-PM_png.rf.e45627b2360717d2d7e3a763cc65fbdb.jpg,C:\Users\venka\Documents\Project\data\processed\train\blue_finger\Screen-Shot-2021-11-22-at-9-07-23-PM_png.rf.e45627b2360717d2d7e3a763cc65fbdb.jpg,cf9a386c69b68493
train,blue_finger,Screen-Shot-2021-11-22-at-9-08-36-PM_png.rf.62a9cb7f8c6c4439e53815e9226d3111.jpg,C:\Users\venka\Documents\Project\data\processed\train\blue_finger\Screen-Shot-2021-11-22-at-9-08-36-PM_png.rf.62a9cb7f8c6c4439e53815e9226d3111.jpg,f4bf701649830d6d
train,blue_finger,Screen-Shot-2021-11-22-at-9-08-51-PM_png.rf.afa7815a63fb70981fea3b81a71d6105.jpg,C:\Users\venka\Documents\Project\data\processed\train\blue_finger\Screen-Shot-2021-11-22-at-9-08-51-PM_png.rf.afa7815a63fb70981fea3b81a71d6105.jpg,856c34b4cbc96da6
train,blue_finger,Screen-Shot-2021-11-22-at-9-08-51-PM_png.rf.f1a8a9ea2ea08b665914dbe1964d046e.jpg,C:\Users\venka\Documents\Project\data\processed\train\blue_finger\Screen-Shot-2021-11-22-at-9-08-51-PM_png.rf.f1a8a9ea2ea08b665914dbe1964d046e.jpg,95706a74694a6f2b
train,blue_finger,Screen-Shot-2021-11-22-at-9-08-51-PM_png.rf.f9669adaf2f12fb31ab1d0fbc8e26077.jpg,C:\Users\venka\Documents\Project\data\processed\train\blue_finger\Screen-Shot-2021-11-22-at-9-08-51-PM_png.rf.f9669adaf2f12fb31ab1d0fbc8e26077.jpg,85502e696a6f6b3a
train,blue_finger,Screen-Shot-2021-11-22-at-9-14-42-PM_png.rf.a8582f508331dff8bc0993ad1a187d4f.jpg,C:\Users\venka\Documents\Project\data\processed\train\blue_finger\Screen-Shot-2021-11-22-at-9-14-42-PM_png.rf.a8582f508331dff8bc0993ad1a187d4f.jpg,80377d5a70eb52c5
train,blue_finger,Screen-Shot-2021-11-22-at-9-14-42-PM_png.rf.b5ae076bcf29e55673c0b9b1a6b40222.jpg,C:\Users\venka\Documents\Project\data\processed\train\blue_finger\Screen-Shot-2021-11-22-at-9-14-42-PM_png.rf.b5ae076bcf29e55673c0b9b1a6b40222.jpg,95274a626f5e2c78
train,blue_finger,Screen-Shot-2021-11-22-at-9-14-42-PM_png.rf.e994b6e5fb438f2cb7bc307956a9d162.jpg,C:\Users\venka\Documents\Project\data\processed\train\blue_finger\Screen-Shot-2021-11-22-at-9-14-42-PM_png.rf.e994b6e5fb438f2cb7bc307956a9d162.jpg,d2056b7e037e46f0
train,blue_finger,Screen-Shot-2021-11-22-at-9-14-59-PM_png.rf.1d980373418eb33ce5f9778f776396df.jpg,C:\Users\venka\Documents\Project\data\processed\train\blue_finger\Screen-Shot-2021-11-22-at-9-14-59-PM_png.rf.1d980373418eb33ce5f9778f776396df.jpg,c14e9069c7c7635e
train,blue_finger,Screen-Shot-2021-11-22-at-9-16-04-PM_png.rf.0fa86a8f235733cedef9f685349bc18a.jpg,C:\Users\venka\Documents\Project\data\processed\train\blue_finger\Screen-Shot-2021-11-22-at-9-16-04-PM_png.rf.0fa86a8f235733cedef9f685349bc18a.jpg,91b56d956492669b
train,blue_finger,Screen-Shot-2021-11-22-at-9-16-04-PM_png.rf.241b8d4678c7b43c94509c0cb83781fc.jpg,C:\Users\venka\Documents\Project\data\processed\train\blue_finger\Screen-Shot-2021-11-22-at-9-16-04-PM_png.rf.241b8d4678c7b43c94509c0cb83781fc.jpg,85bf3c2069436f6a
train,blue_finger,Screen-Shot-2021-11-22-at-9-16-04-PM_png.rf.30f19cbcefc372afd61695ade7157636.jpg,C:\Users\venka\Documents\Project\data\processed\train\blue_finger\Screen-Shot-2021-11-22-at-9-16-04-PM_png.rf.30f19cbcefc372afd61695ade7157636.jpg,857072384fb94eb3
train,blue_finger,Screen-Shot-2021-11-22-at-9-21-08-PM_png.rf.88af3d7ae38afdb684f6eb65f0174746.jpg,C:\Users\venka\Documents\Project\data\processed\train\blue_finger\Screen-Shot-2021-11-22-at-9-21-08-PM_png.rf.88af3d7ae38afdb684f6eb65f0174746.jpg,c5a5c3c2ca4acb7a
train,blue_finger,Screen-Shot-2021-11-22-at-9-21-08-PM_png.rf.8d1d70d5f6f782b1b2e3208d83c4a028.jpg,C:\Users\venka\Documents\Project\data\processed\train\blue_finger\Screen-Shot-2021-11-22-at-9-21-08-PM_png.rf.8d1d70d5f6f782b1b2e3208d83c4a028.jpg,e0bf1f253fc52848
train,blue_finger,Screen-Shot-2021-11-22-at-9-21-16-PM_png.rf.9aaa9dcdd55ab3a71251cfa623f06d73.jpg,C:\Users\venka\Documents\Project\data\processed\train\blue_finger\Screen-Shot-2021-11-22-at-9-21-16-PM_png.rf.9aaa9dcdd55ab3a71251cfa623f06d73.jpg,85ab96f570d25a52
train,blue_finger,Screen-Shot-2021-11-22-at-9-21-29-PM_png.rf.e589731e8ddd65cbda152ddb37d73f85.jpg,C:\Users\venka\Documents\Project\data\processed\train\blue_finger\Screen-Shot-2021-11-22-at-9-21-29-PM_png.rf.e589731e8ddd65cbda152ddb37d73f85.jpg,805f3f2d5fc06ec0
train,blue_finger,Screen-Shot-2021-11-22-at-9-21-29-PM_png.rf.f649a114b46cc16bd524f4d006afed06.jpg,C:\Users\venka\Documents\Project\data\processed\train\blue_finger\Screen-Shot-2021-11-22-at-9-21-29-PM_png.rf.f649a114b46cc16bd524f4d006afed06.jpg,c4701f970f070f1f
train,blue_finger,Screen-Shot-2021-11-22-at-9-21-33-PM_png.rf.32289144eb179c3cabcd9df9d4997508.jpg,C:\Users\venka\Documents\Project\data\processed\train\blue_finger\Screen-Shot-2021-11-22-at-9-21-33-PM_png.rf.32289144eb179c3cabcd9df9d4997508.jpg,807ccf62de43da8a
train,blue_finger,Screen-Shot-2021-11-22-at-9-21-33-PM_png.rf.ba57c742489c18d91cf5898b6e92586f.jpg,C:\Users\venka\Documents\Project\data\processed\train\blue_finger\Screen-Shot-2021-11-22-at-9-21-33-PM_png.rf.ba57c742489c18d91cf5898b6e92586f.jpg,f8cf437407703f30
train,blue_finger,Screen-Shot-2021-11-22-at-9-21-43-PM_png.rf.e5497dacb4f30b5fd7ab78a6618eaadb.jpg,C:\Users\venka\Documents\Project\data\processed\train\blue_finger\Screen-Shot-2021-11-22-at-9-21-43-PM_png.rf.e5497dacb4f30b5fd7ab78a6618eaadb.jpg,fd8542052a823dff
train,blue_finger,Screen-Shot-2021-11-22-at-9-22-07-PM_png.rf.30f14805bfd40825b3b1988f0f7c9eb5.jpg,C:\Users\venka\Documents\Project\data\processed\train\blue_finger\Screen-Shot-2021-11-22-at-9-22-07-PM_png.rf.30f14805bfd40825b3b1988f0f7c9eb5.jpg,947f1f6a0e691a29
train,blue_finger,Screen-Shot-2021-11-22-at-9-46-01-PM_png.rf.17c71926dfc25b9fb87f491c81040ea7.jpg,C:\Users\venka\Documents\Project\data\processed\train\blue_finger\Screen-Shot-2021-11-22-at-9-46-01-PM_png.rf.17c71926dfc25b9fb87f491c81040ea7.jpg,95d42b5a4c694b6e
train,blue_finger,Screen-Shot-2021-11-22-at-9-46-01-PM_png.rf.4f46ff98a549651e76c11c83399610db.jpg,C:\Users\venka\Documents\Project\data\processed\train\blue_finger\Screen-Shot-2021-11-22-at-9-46-01-PM_png.rf.4f46ff98a549651e76c11c83399610db.jpg,85d43a4bcc634f3c
train,blue_finger,Screen-Shot-2021-11-22-at-9-46-01-PM_png.rf.6a29baf767a2b1a3cc1a95907a646618.jpg,C:\Users\venka\Documents\Project\data\processed\train\blue_finger\Screen-Shot-2021-11-22-at-9-46-01-PM_png.rf.6a29baf767a2b1a3cc1a95907a646618.jpg,d4963d4d4a34493f
train,blue_finger,Screen-Shot-2021-11-22-at-9-46-05-PM_png.rf.6e6d49c5ff1ada369930ec632b50b128.jpg,C:\Users\venka\Documents\Project\data\processed\train\blue_finger\Screen-Shot-2021-11-22-at-9-46-05-PM_png.rf.6e6d49c5ff1ada369930ec632b50b128.jpg,80433b343b9d6f9a
train,blue_finger,Screen-Shot-2021-11-22-at-9-46-20-PM_png.rf.b6a58d4fa16982540324e1d45f4c8117.jpg,C:\Users\venka\Documents\Project\data\processed\train\blue_finger\Screen-Shot-2021-11-22-at-9-46-20-PM_png.rf.b6a58d4fa16982540324e1d45f4c8117.jpg,99e4669b66263399
train,blue_finger,Screen-Shot-2021-11-22-at-9-46-20-PM_png.rf.fa979701728655f5bb8db3090d207a7b.jpg,C:\Users\venka\Documents\Project\data\processed\train\blue_finger\Screen-Shot-2021-11-22-at-9-46-20-PM_png.rf.fa979701728655f5bb8db3090d207a7b.jpg,92651b396d861b37
train,blue_finger,Screen-Shot-2021-11-22-at-9-46-24-PM_png.rf.280787917f05da1446f5f12896d3bb82.jpg,C:\Users\venka\Documents\Project\data\processed\train\blue_finger\Screen-Shot-2021-11-22-at-9-46-24-PM_png.rf.280787917f05da1446f5f12896d3bb82.jpg,8c767b89462ad65c
train,blue_finger,Screen-Shot-2021-11-22-at-9-46-24-PM_png.rf.b2c9c4e8534051ddcaa0c713b98cef12.jpg,C:\Users\venka\Documents\Project\data\processed\train\blue_finger\Screen-Shot-2021-11-22-at-9-46-24-PM_png.rf.b2c9c4e8534051ddcaa0c713b98cef12.jpg,c738383c61cd3cd3
train,blue_finger,Screen-Shot-2021-11-22-at-9-46-28-PM_png.rf.69795159e43debac55a73e9a40cf9be1.jpg,C:\Users\venka\Documents\Project\data\processed\train\blue_finger\Screen-Shot-2021-11-22-at-9-46-28-PM_png.rf.69795159e43debac55a73e9a40cf9be1.jpg,90670f95676a61e9
train,blue_finger,Screen-Shot-2021-11-22-at-9-46-28-PM_png.rf.8e4a4d79c020dde1905d793840b1a018.jpg,C:\Users\venka\Documents\Project\data\processed\train\blue_finger\Screen-Shot-2021-11-22-at-9-46-28-PM_png.rf.8e4a4d79c020dde1905d793840b1a018.jpg,c160329a0f3f1f2f
train,blue_finger,Screen-Shot-2021-11-22-at-9-46-28-PM_png.rf.bb03f2e3f07092fb383ff42cb66ba1d8.jpg,C:\Users\venka\Documents\Project\data\processed\train\blue_finger\Screen-Shot-2021-11-22-at-9-46-28-PM_png.rf.bb03f2e3f07092fb383ff42cb66ba1d8.jpg,94c96d64629752b7
train,blue_finger,Screen-Shot-2021-11-22-at-9-46-32-PM_png.rf.bd6e97306a86dd34d2cd845bfa073d63.jpg,C:\Users\venka\Documents\Project\data\processed\train\blue_finger\Screen-Shot-2021-11-22-at-9-46-32-PM_png.rf.bd6e97306a86dd34d2cd845bfa073d63.jpg,8052395c6fb22eb7
train,blue_finger,Screen-Shot-2021-11-22-at-9-46-32-PM_png.rf.c8ee582eca4bdc0e003949ce7eb4de33.jpg,C:\Users\venka\Documents\Project\data\processed\train\blue_finger\Screen-Shot-2021-11-22-at-9-46-32-PM_png.rf.c8ee582eca4bdc0e003949ce7eb4de33.jpg,818f3db425492f67
train,blue_finger,Screen-Shot-2021-11-22-at-9-46-32-PM_png.rf.d318e9707f195d29d9358dee46ff72c6.jpg,C:\Users\venka\Documents\Project\data\processed\train\blue_finger\Screen-Shot-2021-11-22-at-9-46-32-PM_png.rf.d318e9707f195d29d9358dee46ff72c6.jpg,c50a72d19fe11d78
train,blue_finger,Screen-Shot-2021-11-22-at-9-47-06-PM_png.rf.95ff913018e5a0fce2eaa63486521826.jpg,C:\Users\venka\Documents\Project\data\processed\train\blue_finger\Screen-Shot-2021-11-22-at-9-47-06-PM_png.rf.95ff913018e5a0fce2eaa63486521826.jpg,f5ea14c042276b3f
train,blue_finger,Screen-Shot-2021-11-22-at-9-47-06-PM_png.rf.98cedb408337db2d4af1e7fd6290ea8e.jpg,C:\Users\venka\Documents\Project\data\processed\train\blue_finger\Screen-Shot-2021-11-22-at-9-47-06-PM_png.rf.98cedb408337db2d4af1e7fd6290ea8e.jpg,a03f47506a3a3f6a
train,blue_finger,Screen-Shot-2021-11-22-at-9-47-06-PM_png.rf.fbd3feeeb44f43044f266344963bb6e4.jpg,C:\Users\venka\Documents\Project\data\processed\train\blue_finger\Screen-Shot-2021-11-22-at-9-47-06-PM_png.rf.fbd3feeeb44f43044f266344963bb6e4.jpg,c07a9f8d4a844b9f
train,blue_finger,Screen-Shot-2021-11-22-at-9-47-11-PM_png.rf.30f4389b8106eab834ec90d4c5d0582f.jpg,C:\Users\venka\Documents\Project\data\processed\train\blue_finger\Screen-Shot-2021-11-22-at-9-47-11-PM_png.rf.30f4389b8106eab834ec90d4c5d0582f.jpg,803f47817f987ac3
train,blue_finger,Screen-Shot-2021-11-22-at-9-47-11-PM_png.rf.e152b0aa3b42440d67f67aa6eaed9c45.jpg,C:\Users\venka\Documents\Project\data\processed\train\blue_finger\Screen-Shot-2021-11-22-at-9-47-11-PM_png.rf.e152b0aa3b42440d67f67aa6eaed9c45.jpg,85d4c6b1569b5b85
train,blue_finger,Screen-Shot-2021-11-22-at-9-47-11-PM_png.rf.f6aa357c76eefba013b03c0b54432087.jpg,C:\Users\venka\Documents\Project\data\processed\train\blue_finger\Screen-Shot-2021-11-22-at-9-47-11-PM_png.rf.f6aa357c76eefba013b03c0b54432087.jpg,94254b4e4e7e4a79
train,blue_finger,Screen-Shot-2021-11-22-at-9-47-18-PM_png.rf.069f1667c292d234d46966e21d22f3d7.jpg,C:\Users\venka\Documents\Project\data\processed\train\blue_finger\Screen-Shot-2021-11-22-at-9-47-18-PM_png.rf.069f1667c292d234d46966e21d22f3d7.jpg,c09f7e8172856bc5
train,blue_finger,Screen-Shot-2021-11-22-at-9-47-18-PM_png.rf.f73a4379f6ee0c669ce28e90da65d087.jpg,C:\Users\venka\Documents\Project\data\processed\train\blue_finger\Screen-Shot-2021-11-22-at-9-47-18-PM_png.rf.f73a4379f6ee0c669ce28e90da65d087.jpg,95677d856a98625a
train,blue_finger,Screen-Shot-2021-11-22-at-9-47-28-PM_png.rf.19192d46d91deb376fcb76a1065656ad.jpg,C:\Users\venka\Documents\Project\data\processed\train\blue_finger\Screen-Shot-2021-11-22-at-9-47-28-PM_png.rf.19192d46d91deb376fcb76a1065656ad.jpg,848a1f7d6ad762c4
train,blue_finger,Screen-Shot-2021-11-22-at-9-47-28-PM_png.rf.1feb8de2fb9c34f1205ff7c54bd98ac8.jpg,C:\Users\venka\Documents\Project\data\processed\train\blue_finger\Screen-Shot-2021-11-22-at-9-47-28-PM_png.rf.1feb8de2fb9c34f1205ff7c54bd98ac8.jpg,dae0617a01732df6
train,blue_finger,Screen-Shot-2021-11-22-at-9-47-35-PM_png.rf.0842b228894701a65933040572439eed.jpg,C:\Users\venka\Documents\Project\data\processed\train\blue_finger\Screen-Shot-2021-11-22-at-9-47-35-PM_png.rf.0842b228894701a65933040572439eed.jpg,d5e8c017427b6a6b
train,blue_finger,Screen-Shot-2021-11-22-at-9-47-35-PM_png.rf.08b993e187d22fe9b22d1a96dc672087.jpg,C:\Users\venka\Documents\Project\data\processed\train\blue_finger\Screen-Shot-2021-11-22-at-9-47-35-PM_png.rf.08b993e187d22fe9b22d1a96dc672087.jpg,d53bc83740bf0a95
train,blue_finger,Screen-Shot-2021-11-22-at-9-47-42-PM_png.rf.23684f1b4ffb62e6b0106b5b3f505c7c.jpg,C:\Users\venka\Documents\Project\data\processed\train\blue_finger\Screen-Shot-2021-11-22-at-9-47-42-PM_png.rf.23684f1b4ffb62e6b0106b5b3f505c7c.jpg,c03f3f9451254b2f
train,blue_finger,Screen-Shot-2021-11-22-at-9-47-42-PM_png.rf.290731d0ef4c1d93873e1168154b768d.jpg,C:\Users\venka\Documents\Project\data\processed\train\blue_finger\Screen-Shot-2021-11-22-at-9-47-42-PM_png.rf.290731d0ef4c1d93873e1168154b768d.jpg,c520565a4b7b6c7c
train,blue_finger,Screen-Shot-2021-11-22-at-9-47-42-PM_png.rf.37aac04b248fdd72a25c22e26adef11f.jpg,C:\Users\venka\Documents\Project\data\processed\train\blue_finger\Screen-Shot-2021-11-22-at-9-47-42-PM_png.rf.37aac04b248fdd72a25c22e26adef11f.jpg,f560005a7b6925bf
train,blue_finger,Screen-Shot-2021-11-22-at-9-47-46-PM_png.rf.0db34c69d6c83b34669f339d77cdf129.jpg,C:\Users\venka\Documents\Project\data\processed\train\blue_finger\Screen-Shot-2021-11-22-at-9-47-46-PM_png.rf.0db34c69d6c83b34669f339d77cdf129.jpg,f5aa147b42953b94
train,blue_finger,Screen-Shot-2021-11-22-at-9-47-46-PM_png.rf.83a398fede26b5accf570fad5816f58d.jpg,C:\Users\venka\Documents\Project\data\processed\train\blue_finger\Screen-Shot-2021-11-22-at-9-47-46-PM_png.rf.83a398fede26b5accf570fad5816f58d.jpg,81706e6b1f2b1b0f
train,blue_finger,Screen-Shot-2021-11-22-at-9-48-12-PM_png.rf.c43e2a20099ea54120061f0d2cc0f8d6.jpg,C:\Users\venka\Documents\Project\data\processed\train\blue_finger\Screen-Shot-2021-11-22-at-9-48-12-PM_png.rf.c43e2a20099ea54120061f0d2cc0f8d6.jpg,80bf3d40fe6aca92
train,blue_finger,Screen-Shot-2021-11-22-at-9-50-05-PM_png.rf.635ddcb68ffc5a894702cdc1d909a607.jpg,C:\Users\venka\Documents\Project\data\processed\train\blue_finger\Screen-Shot-2021-11-22-at-9-50-05-PM_png.rf.635ddcb68ffc5a894702cdc1d909a607.jpg,95c0c6b04e976e97
train,blue_finger,Screen-Shot-2021-11-22-at-9-50-05-PM_png.rf.85cce96f7b15b090adbb07763efe4677.jpg,C:\Users\venka\Documents\Project\data\processed\train\blue_finger\Screen-Shot-2021-11-22-at-9-50-05-PM_png.rf.85cce96f7b15b090adbb07763efe4677.jpg,859ff2850b846f95
train,blue_finger,Screen-Shot-2021-11-22-at-9-50-05-PM_png.rf.9a2574774862d9f7149ef32fa3b84f33.jpg,C:\Users\venka\Documents\Project\data\processed\train\blue_finger\Screen-Shot-2021-11-22-at-9-50-05-PM_png.rf.9a2574774862d9f7149ef32fa3b84f33.jpg,a03f55404aea7fc9
train,blue_finger,Screen-Shot-2021-11-22-at-9-50-08-PM_png.rf.1fd9814c175e380dfb40baca6ba800da.jpg,C:\Users\venka\Documents\Project\data\processed\train\blue_finger\Screen-Shot-2021-11-22-at-9-50-08-PM_png.rf.1fd9814c175e380dfb40baca6ba800da.jpg,d5e822506f1b7b25
train,blue_finger,Screen-Shot-2021-11-22-at-9-50-08-PM_png.rf.97ac2c2e377fe8369f3241462e24edba.jpg,C:\Users\venka\Documents\Project\data\processed\train\blue_finger\Screen-Shot-2021-11-22-at-9-50-08-PM_png.rf.97ac2c2e377fe8369f3241462e24edba.jpg,85703a995e9c1eb6
train,blue_finger,Screen-Shot-2021-11-22-at-9-50-08-PM_png.rf.fe6825edf419bc7da852fefaef39d910.jpg,C:\Users\venka\Documents\Project\data\processed\train\blue_finger\Screen-Shot-2021-11-22-at-9-50-08-PM_png.rf.fe6825edf419bc7da852fefaef39d910.jpg,eadd75204d1b3235
train,blue_finger,Screen-Shot-2021-11-22-at-9-52-22-PM_png.rf.8763b635c21129750312b35f46388429.jpg,C:\Users\venka\Documents\Project\data\processed\train\blue_finger\Screen-Shot-2021-11-22-at-9-52-22-PM_png.rf.8763b635c21129750312b35f46388429.jpg,e5951c022a7b6eea
train,blue_finger,Screen-Shot-2021-11-22-at-9-52-22-PM_png.rf.8b1a489570684ebc0f0f43a8957dd4eb.jpg,C:\Users\venka\Documents\Project\data\processed\train\blue_finger\Screen-Shot-2021-11-22-at-9-52-22-PM_png.rf.8b1a489570684ebc0f0f43a8957dd4eb.jpg,b595412b3e2a3b6a
train,blue_finger,Screen-Shot-2021-11-22-at-9-52-25-PM_png.rf.28dc3fc0c823c2c648b4dee9f52a5c94.jpg,C:\Users\venka\Documents\Project\data\processed\train\blue_finger\Screen-Shot-2021-11-22-at-9-52-25-PM_png.rf.28dc3fc0c823c2c648b4dee9f52a5c94.jpg,855ecf686a7a4a68
train,blue_finger,Screen-Shot-2021-11-22-at-9-52-25-PM_png.rf.85e19ee211404e3f664d1aa89924dcb2.jpg,C:\Users\venka\Documents\Project\data\processed\train\blue_finger\Screen-Shot-2021-11-22-at-9-52-25-PM_png.rf.85e19ee211404e3f664d1aa89924dcb2.jpg,d40d4f7a4a784a7c
train,blue_finger,Screen-Shot-2021-11-22-at-9-52-25-PM_png.rf.fd524079b504bd4e40b2269140882b48.jpg,C:\Users\venka\Documents\Project\data\processed\train\blue_finger\Screen-Shot-2021-11-22-at-9-52-25-PM_png.rf.fd524079b504bd4e40b2269140882b48.jpg,d085ef966d922dd0
train,blue_finger,Screen-Shot-2021-11-22-at-9-52-28-PM_png.rf.f9132516c927a58c64706d4e9426fe60.jpg,C:\Users\venka\Documents\Project\data\processed\train\blue_finger\Screen-Shot-2021-11-22-at-9-52-28-PM_png.rf.f9132516c927a58c64706d4e9426fe60.jpg,940fc378ce635867
train,blue_finger,Screen-Shot-2021-11-22-at-9-53-39-PM_png.rf.1eb11664c930e495470bc688109e2708.jpg,C:\Users\venka\Documents\Project\data\processed\train\blue_finger\Screen-Shot-2021-11-22-at-9-53-39-PM_png.rf.1eb11664c930e495470bc688109e2708.jpg,95d5cc97d6a211a6
train,blue_finger,Screen-Shot-2021-11-22-at-9-53-39-PM_png.rf.7d6da44ae5f6326a7128bdc4cd4adccb.jpg,C:\Users\venka\Documents\Project\data\processed\train\blue_finger\Screen-Shot-2021-11-22-at-9-53-39-PM_png.rf.7d6da44ae5f6326a7128bdc4cd4adccb.jpg,a1d0d595d78595b4
train,blue_finger,Screen-Shot-2021-11-22-at-9-53-39-PM_png.rf.96b4d5a68a2342b9d5c69a40dfa84a07.jpg,C:\Users\venka\Documents\Project\data\processed\train\blue_finger\Screen-Shot-2021-11-22-at-9-53-39-PM_png.rf.96b4d5a68a2342b9d5c69a40dfa84a07.jpg,955f4a2c4e285f2d
train,blue_finger,Screen-Shot-2021-11-22-at-9-53-45-PM_png.rf.11a09014fba4bbcaafd38ad76da196b7.jpg,C:\Users\venka\Documents\Project\data\processed\train\blue_finger\Screen-Shot-2021-11-22-at-9-53-45-PM_png.rf.11a09014fba4bbcaafd38ad76da196b7.jpg,9083cf5fce784b50
train,blue_finger,Screen-Shot-2021-11-22-at-9-53-45-PM_png.rf.b4b0b36d101ec924989ee8e34f81702a.jpg,C:\Users\venka\Documents\Project\data\processed\train\blue_finger\Screen-Shot-2021-11-22-at-9-53-45-PM_png.rf.b4b0b36d101ec924989ee8e34f81702a.jpg,90dacb254f274e35
train,clubbing,bulgging-of-nail_jpg.rf.56444b0334acd48443dcde993d34271a.jpg,C:\Users\venka\Documents\Project\data\processed\train\clubbing\bulgging-of-nail_jpg.rf.56444b0334acd48443dcde993d34271a.jpg,dde0001d7b347b33
train,clubbing,bulgging-of-nail_jpg.rf.a780c18e4946d67e96652951f212a13b.jpg,C:\Users\venka\Documents\Project\data\processed\train\clubbing\bulgging-of-nail_jpg.rf.a780c18e4946d67e96652951f212a13b.jpg,dd0d20f02ac76bcd
train,clubbing,bulgging-of-nail_jpg.rf.cdd6fcf9f81d187c78a8c716a08384fd.jpg,C:\Users\venka\Documents\Project\data\processed\train\clubbing\bulgging-of-nail_jpg.rf.cdd6fcf9f81d187c78a8c716a08384fd.jpg,83d04a0f1caf5b8f
train,clubbing,Screen-Shot-2021-10-26-at-10-54-25-AM_png.rf.267731a8f769207b8be74510103f56fe.jpg,C:\Users\venka\Documents\Project\data\processed\train\clubbing\Screen-Shot-2021-10-26-at-10-54-25-AM_png.rf.267731a8f769207b8be74510103f56fe.jpg,806a75705f5a5d6a
train,clubbing,Screen-Shot-2021-10-26-at-10-54-25-AM_png.rf.3fdd4df1529e22b44967fe0906d55a33.jpg,C:\Users\venka\Documents\Project\data\processed\train\clubbing\Screen-Shot-2021-10-26-at-10-54-25-AM_png.rf.3fdd4df1529e22b44967fe0906d55a33.jpg,ada892b594b59595
train,clubbing,Screen-Shot-2021-10-26-at-10-54-25-AM_png.rf.a8fe00874099255553b274a6f03a3db7.jpg,C:\Users\venka\Documents\Project\data\processed\train\clubbing\Screen-Shot-2021-10-26-at-10-54-25-AM_png.rf.a8fe00874099255553b274a6f03a3db7.jpg,d46a10c547c96f4f
train,clubbing,Screen-Shot-2021-10-26-at-10-54-32-AM_png.rf.33584cc357941466372a53f75538c2e7.jpg,C:\Users\venka\Documents\Project\data\processed\train\clubbing\Screen-Shot-2021-10-26-at-10-54-32-AM_png.rf.33584cc357941466372a53f75538c2e7.jpg,d083356f666b6a68
train,clubbing,Screen-Shot-2021-10-26-at-10-54-32-AM_png.rf.be4a00fd3974d6be5ae45ef1a8760094.jpg,C:\Users\venka\Documents\Project\data\processed\train\clubbing\Screen-Shot-2021-10-26-at-10-54-32-AM_png.rf.be4a00fd3974d6be5ae45ef1a8760094.jpg,e05d0fd01f1a762b
train,clubbing,Screen-Shot-2021-10-26-at-10-55-01-AM_png.rf.cf0488eaf2450825b19fd0c13b287d2f.jpg,C:\Users\venka\Documents\Project\data\processed\train\clubbing\Screen-Shot-2021-10-26-at-10-55-01-AM_png.rf.cf0488eaf2450825b19fd0c13b287d2f.jpg,9ecb656934323c35
train,clubbing,Screen-Shot-2021-10-26-at-10-55-32-AM_png.rf.619a035515bc80f43072ef8e22a30fbc.jpg,C:\Users\venka\Documents\Project\data\processed\train\clubbing\Screen-Shot-2021-10-26-at-10-55-32-AM_png.rf.619a035515bc80f43072ef8e22a30fbc.jpg,d56b2927251a7a5a
train,clubbing,Screen-Shot-2021-10-26-at-10-55-54-AM_png.rf.25522b8222cb25130a1aff894956faac.jpg,C:\Users\venka\Documents\Project\data\processed\train\clubbing\Screen-Shot-2021-10-26-at-10-55-54-AM_png.rf.25522b8222cb25130a1aff894956faac.jpg,c05a2f0d6cb64f9a
train,clubbing,Screen-Shot-2021-10-26-at-10-55-54-AM_png.rf.5a60a88bce84c54172db3c5e7054dfc1.jpg,C:\Users\venka\Documents\Project\data\processed\train\clubbing\Screen-Shot-2021-10-26-at-10-55-54-AM_png.rf.5a60a88bce84c54172db3c5e7054dfc1.jpg,87c168e743686f6a
train,clubbing,Screen-Shot-2021-10-26-at-10-56-07-AM_png.rf.063938d95097f6cb187caa368dcb9002.jpg,C:\Users\venka\Documents\Project\data\processed\train\clubbing\Screen-Shot-2021-10-26-at-10-56-07-AM_png.rf.063938d95097f6cb187caa368dcb9002.jpg,f02f27c05ed4a83d
train,clubbing,Screen-Shot-2021-10-26-at-10-56-07-AM_png.rf.da75dc198fefcb3d086add7ef8a10db2.jpg,C:\Users\venka\Documents\Project\data\processed\train\clubbing\Screen-Shot-2021-10-26-at-10-56-07-AM_png.rf.da75dc198fefcb3d086add7ef8a10db2.jpg,f81f07805ff0b84b
train,clubbing,Screen-Shot-2021-10-26-at-10-56-25-AM_png.rf.5b8800cf65bf78cdb56fafa54a636ff1.jpg,C:\Users\venka\Documents\Project\data\processed\train\clubbing\Screen-Shot-2021-10-26-at-10-56-25-AM_png.rf.5b8800cf65bf78cdb56fafa54a636ff1.jpg,d0d270b46fd22795
train,clubbing,Screen-Shot-2021-10-26-at-10-56-25-AM_png.rf.78d32b2a773c4ee29f498d2bdc8c891b.jpg,C:\Users\venka\Documents\Project\data\processed\train\clubbing\Screen-Shot-2021-10-26-at-10-56-25-AM_png.rf.78d32b2a773c4ee29f498d2bdc8c891b.jpg,94607a0f2f35353e
train,clubbing,Screen-Shot-2021-10-26-at-10-56-25-AM_png.rf.cdd00fa0fd73da7cce5d93a1b29a445a.jpg,C:\Users\venka\Documents\Project\data\processed\train\clubbing\Screen-Shot-2021-10-26-at-10-56-25-AM_png.rf.cdd00fa0fd73da7cce5d93a1b29a445a.jpg,858165e17b956b95
train,clubbing,Screen-Shot-2021-10-26-at-10-56-32-AM_png.rf.207e699f6d7b09421304e2a475ff4451.jpg,C:\Users\venka\Documents\Project\data\processed\train\clubbing\Screen-Shot-2021-10-26-at-10-56-32-AM_png.rf.207e699f6d7b09421304e2a475ff4451.jpg,c39f3ce73c843682
train,clubbing,Screen-Shot-2021-10-26-at-10-57-13-AM_png.rf.1dc76416c7bf11621bc990aabb2efca3.jpg,C:\Users\venka\Documents\Project\data\processed\train\clubbing\Screen-Shot-2021-10-26-at-10-57-13-AM_png.rf.1dc76416c7bf11621bc990aabb2efca3.jpg,d49770d242dbd1c5
train,clubbing,Screen-Shot-2021-10-26-at-10-57-13-AM_png.rf.89cb910ab9eb2a79f236a110a10c0243.jpg,C:\Users\venka\Documents\Project\data\processed\train\clubbing\Screen-Shot-2021-10-26-at-10-57-13-AM_png.rf.89cb910ab9eb2a79f236a110a10c0243.jpg,907a60ad4be44ff1
train,clubbing,Screen-Shot-2021-10-26-at-10-57-13-AM_png.rf.a1cd2b5901b7df1b86aef9e2fb035c4c.jpg,C:\Users\venka\Documents\Project\data\processed\train\clubbing\Screen-Shot-2021-10-26-at-10-57-13-AM_png.rf.a1cd2b5901b7df1b86aef9e2fb035c4c.jpg,806e7ef073c05f58
train,clubbing,Screen-Shot-2021-10-26-at-10-57-27-AM_png.rf.0ad821a292e4e0d94739af6bc1d8a0be.jpg,C:\Users\venka\Documents\Project\data\processed\train\clubbing\Screen-Shot-2021-10-26-at-10-57-27-AM_png.rf.0ad821a292e4e0d94739af6bc1d8a0be.jpg,8d86755a486b6567
train,clubbing,Screen-Shot-2021-10-26-at-10-57-27-AM_png.rf.2df4ad3d5205423528b0d44a596088f1.jpg,C:\Users\venka\Documents\Project\data\processed\train\clubbing\Screen-Shot-2021-10-26-at-10-57-27-AM_png.rf.2df4ad3d5205423528b0d44a596088f1.jpg,d51e6f807a855a27
train,clubbing,Screen-Shot-2021-10-26-at-10-57-27-AM_png.rf.9f7e16e25ccf7db301e994e377a80546.jpg,C:\Users\venka\Documents\Project\data\processed\train\clubbing\Screen-Shot-2021-10-26-at-10-57-27-AM_png.rf.9f7e16e25ccf7db301e994e377a80546.jpg,d1a12af10cd67dd4
train,clubbing,Screen-Shot-2021-10-26-at-10-59-07-AM_png.rf.6c78002acbcbfbb4827741cb23d9089e.jpg,C:\Users\venka\Documents\Project\data\processed\train\clubbing\Screen-Shot-2021-10-26-at-10-59-07-AM_png.rf.6c78002acbcbfbb4827741cb23d9089e.jpg,986467656736662e
train,clubbing,Screen-Shot-2021-10-26-at-11-04-45-AM_png.rf.0cb5a6b86b9f0f8868417854e3219d57.jpg,C:\Users\venka\Documents\Project\data\processed\train\clubbing\Screen-Shot-2021-10-26-at-11-04-45-AM_png.rf.0cb5a6b86b9f0f8868417854e3219d57.jpg,b580c0824dbf4cff
train,clubbing,Screen-Shot-2021-10-26-at-11-04-45-AM_png.rf.4859ff2352ee7ca1f2aa631d8dbdb3da.jpg,C:\Users\venka\Documents\Project\data\processed\train\clubbing\Screen-Shot-2021-10-26-at-11-04-45-AM_png.rf.4859ff2352ee7ca1f2aa631d8dbdb3da.jpg,a0c0859f5ef45ba3
train,clubbing,Screen-Shot-2021-10-26-at-11-04-45-AM_png.rf.7b334b6ac55c30a9b111e3c6445570ec.jpg,C:\Users\venka\Documents\Project\data\processed\train\clubbing\Screen-Shot-2021-10-26-at-11-04-45-AM_png.rf.7b334b6ac55c30a9b111e3c6445570ec.jpg,c0ffcd7758466068
train,clubbing,Screen-Shot-2021-10-26-at-11-04-50-AM_png.rf.fd73bd8028d1848c9b51b37e3f7bf00e.jpg,C:\Users\venka\Documents\Project\data\processed\train\clubbing\Screen-Shot-2021-10-26-at-11-04-50-AM_png.rf.fd73bd8028d1848c9b51b37e3f7bf00e.jpg,b528c05bca6d4b67
train,clubbing,Screen-Shot-2021-10-26-at-11-04-55-AM_png.rf.1f8fcf179e21bac71ebbdc3341d606b2.jpg,C:\Users\venka\Documents\Project\data\processed\train\clubbing\Screen-Shot-2021-10-26-at-11-04-55-AM_png.rf.1f8fcf179e21bac71ebbdc3341d606b2.jpg,c07d0f531f4e1b4a
train,clubbing,Screen-Shot-2021-10-26-at-11-04-55-AM_png.rf.36d526226353a94b8b5fe53fdb92bb94.jpg,C:\Users\venka\Documents\Project\data\processed\train\clubbing\Screen-Shot-2021-10-26-at-11-04-55-AM_png.rf.36d526226353a94b8b5fe53fdb92bb94.jpg,bdd0502b4d2f163e
train,clubbing,Screen-Shot-2021-10-26-at-11-04-55-AM_png.rf.b4e77c2bbd9f5bc4fd69da3079a94949.jpg,C:\Users\venka\Documents\Project\data\processed\train\clubbing\Screen-Shot-2021-10-26-at-11-04-55-AM_png.rf.b4e77c2bbd9f5bc4fd69da3079a94949.jpg,c0ff870c9f2019b7
train,clubbing,Screen-Shot-2021-10-26-at-11-06-23-AM_png.rf.3c1090a51f878064c3622a68b82e3372.jpg,C:\Users\venka\Documents\Project\data\processed\train\clubbing\Screen-Shot-2021-10-26-at-11-06-23-AM_png.rf.3c1090a51f878064c3622a68b82e3372.jpg,80aa2bb16c957bb5
train,clubbing,Screen-Shot-2021-10-26-at-11-06-23-AM_png.rf.b702f9d26089e526caa58e4d1d7e695c.jpg,C:\Users\venka\Documents\Project\data\processed\train\clubbing\Screen-Shot-2021-10-26-at-11-06-23-AM_png.rf.b702f9d26089e526caa58e4d1d7e695c.jpg,a035975a8d6cf472
train,clubbing,Screen-Shot-2021-10-26-at-11-06-23-AM_png.rf.f886b7cf88d52939347d70b67818e8c9.jpg,C:\Users\venka\Documents\Project\data\processed\train\clubbing\Screen-Shot-2021-10-26-at-11-06-23-AM_png.rf.f886b7cf88d52939347d70b67818e8c9.jpg,80bc47854f972e5e
train,clubbing,Screen-Shot-2021-10-26-at-11-06-33-AM_png.rf.1c0c0ca4608cb4b239769e127967e172.jpg,C:\Users\venka\Documents\Project\data\processed\train\clubbing\Screen-Shot-2021-10-26-at-11-06-33-AM_png.rf.1c0c0ca4608cb4b239769e127967e172.jpg,805b3fed6da42496
train,clubbing,Screen-Shot-2021-10-26-at-11-06-33-AM_png.rf.5541f50674df368db3a26026cac407c1.jpg,C:\Users\venka\Documents\Project\data\processed\train\clubbing\Screen-Shot-2021-10-26-at-11-06-33-AM_png.rf.5541f50674df368db3a26026cac407c1.jpg,91d87aa5791ea568
train,clubbing,Screen-Shot-2021-10-26-at-11-06-33-AM_png.rf.ef63203725e586e5afcccbaf8123842b.jpg,C:\Users\venka\Documents\Project\data\processed\train\clubbing\Screen-Shot-2021-10-26-at-11-06-33-AM_png.rf.ef63203725e586e5afcccbaf8123842b.jpg,c00db4cb4b6c6b7c
train,clubbing,Screen-Shot-2021-10-26-at-11-06-37-AM_png.rf.4fb37b7cc00dcfecce3017d2df19a932.jpg,C:\Users\venka\Documents\Project\data\processed\train\clubbing\Screen-Shot-2021-10-26-at-11-06-37-AM_png.rf.4fb37b7cc00dcfecce3017d2df19a932.jpg,95853ec2699a67d1
train,clubbing,Screen-Shot-2021-10-26-at-11-06-37-AM_png.rf.6846c8e4a3a8efe0af7c82cf18794a4e.jpg,C:\Users\venka\Documents\Project\data\processed\train\clubbing\Screen-Shot-2021-10-26-at-11-06-37-AM_png.rf.6846c8e4a3a8efe0af7c82cf18794a4e.jpg,803f7f007fca7ac0
train,clubbing,Screen-Shot-2021-10-26-at-11-10-43-AM_png.rf.22ee3c58e59442f56141662f5d732786.jpg,C:\Users\venka\Documents\Project\data\processed\train\clubbing\Screen-Shot-2021-10-26-at-11-10-43-AM_png.rf.22ee3c58e59442f56141662f5d732786.jpg,c087653c8f926d97
train,clubbing,Screen-Shot-2021-10-26-at-11-10-43-AM_png.rf.4c45d825c2055aa0b76e0f72f044f46c.jpg,C:\Users\venka\Documents\Project\data\processed\train\clubbing\Screen-Shot-2021-10-26-at-11-10-43-AM_png.rf.4c45d825c2055aa0b76e0f72f044f46c.jpg,9e98b1714b9668cd
train,clubbing,Screen-Shot-2021-10-26-at-11-10-43-AM_png.rf.eb7199e7920a9116f73616768170d6f2.jpg,C:\Users\venka\Documents\Project\data\processed\train\clubbing\Screen-Shot-2021-10-26-at-11-10-43-AM_png.rf.eb7199e7920a9116f73616768170d6f2.jpg,9595626a2f6c7d60
train,clubbing,Screen-Shot-2021-10-26-at-11-10-53-AM_png.rf.93bd87d1df715082bec3eca357d0c9df.jpg,C:\Users\venka\Documents\Project\data\processed\train\clubbing\Screen-Shot-2021-10-26-at-11-10-53-AM_png.rf.93bd87d1df715082bec3eca357d0c9df.jpg,d5890ae4395b7e16
train,clubbing,Screen-Shot-2021-10-26-at-11-10-53-AM_png.rf.c53a49121a477cf87eaf67c1fc8ffd32.jpg,C:\Users\venka\Documents\Project\data\processed\train\clubbing\Screen-Shot-2021-10-26-at-11-10-53-AM_png.rf.c53a49121a477cf87eaf67c1fc8ffd32.jpg,95c5589a4b8b63b6
train,clubbing,Screen-Shot-2021-10-26-at-11-10-53-AM_png.rf.e66a1abbc41f831e6e2f383679ebb08e.jpg,C:\Users\venka\Documents\Project\data\processed\train\clubbing\Screen-Shot-2021-10-26-at-11-10-53-AM_png.rf.e66a1abbc41f831e6e2f383679ebb08e.jpg,80683f9e68a5573d
train,clubbing,Screen-Shot-2021-10-26-at-11-11-50-AM_png.rf.4114ba76118d49941b7bb51d98eafcb8.jpg,C:\Users\venka\Documents\Project\data\processed\train\clubbing\Screen-Shot-2021-10-26-at-11-11-50-AM_png.rf.4114ba76118d49941b7bb51d98eafcb8.jpg,85ab32b75a936a91
train,clubbing,Screen-Shot-2021-10-26-at-11-12-59-AM_png.rf.3225bdddc077d3d57fc649823dbd53fc.jpg,C:\Users\venka\Documents\Project\data\processed\train\clubbing\Screen-Shot-2021-10-26-at-11-12-59-AM_png.rf.3225bdddc077d3d57fc649823dbd53fc.jpg,912b7b644d53665c
train,clubbing,Screen-Shot-2021-10-26-at-11-12-59-AM_png.rf.e73f43b54584e4911516a8594944e09f.jpg,C:\Users\venka\Documents\Project\data\processed\train\clubbing\Screen-Shot-2021-10-26-at-11-12-59-AM_png.rf.e73f43b54584e4911516a8594944e09f.jpg,84956be81e362ed5
train,clubbing,Screen-Shot-2021-10-26-at-11-17-51-AM_png.rf.b9fbc5657bbaf6fc6a1c0cba6233dbde.jpg,C:\Users\venka\Documents\Project\data\processed\train\clubbing\Screen-Shot-2021-10-26-at-11-17-51-AM_png.rf.b9fbc5657bbaf6fc6a1c0cba6233dbde.jpg,827fb55431586e63
train,clubbing,Screen-Shot-2021-10-26-at-11-17-51-AM_png.rf.dec13882d3421f846a8431ba44126727.jpg,C:\Users\venka\Documents\Project\data\processed\train\clubbing\Screen-Shot-2021-10-26-at-11-17-51-AM_png.rf.dec13882d3421f846a8431ba44126727.jpg,d59572b04b954b8d
train,clubbing,Screen-Shot-2021-10-26-at-11-18-01-AM_png.rf.01c07904f7746c51b4bdc72f764dabd9.jpg,C:\Users\venka\Documents\Project\data\processed\train\clubbing\Screen-Shot-2021-10-26-at-11-18-01-AM_png.rf.01c07904f7746c51b4bdc72f764dabd9.jpg,d065d2651d9e3d19
train,clubbing,Screen-Shot-2021-10-26-at-11-18-01-AM_png.rf.a19b1922f04e44321bbc784c802127ac.jpg,C:\Users\venka\Documents\Project\data\processed\train\clubbing\Screen-Shot-2021-10-26-at-11-18-01-AM_png.rf.a19b1922f04e44321bbc784c802127ac.jpg,87ad964557585a6a
train,clubbing,Screen-Shot-2021-10-26-at-11-18-39-AM_png.rf.117075115306121d1a9cc3cb2e79b8c5.jpg,C:\Users\venka\Documents\Project\data\processed\train\clubbing\Screen-Shot-2021-10-26-at-11-18-39-AM_png.rf.117075115306121d1a9cc3cb2e79b8c5.jpg,d07a2d2f2c34363b
train,clubbing,Screen-Shot-2021-10-26-at-11-18-39-AM_png.rf.178001a8e5d2dff5552d35b093b7f47b.jpg,C:\Users\venka\Documents\Project\data\processed\train\clubbing\Screen-Shot-2021-10-26-at-11-18-39-AM_png.rf.178001a8e5d2dff5552d35b093b7f47b.jpg,c0bd25143fc33ce3
train,clubbing,Screen-Shot-2021-10-26-at-11-18-43-AM_png.rf.62958bee3c48b34cf614a2b0589509c2.jpg,C:\Users\venka\Documents\Project\data\processed\train\clubbing\Screen-Shot-2021-10-26-at-11-18-43-AM_png.rf.62958bee3c48b34cf614a2b0589509c2.jpg,857867734a213e2f
train,clubbing,Screen-Shot-2021-10-26-at-11-18-43-AM_png.rf.6fa0f7e99b108258c846126dd57821b3.jpg,C:\Users\venka\Documents\Project\data\processed\train\clubbing\Screen-Shot-2021-10-26-at-11-18-43-AM_png.rf.6fa0f7e99b108258c846126dd57821b3.jpg,d59720b52a623d6b
train,clubbing,Screen-Shot-2021-10-26-at-11-18-43-AM_png.rf.cd75e2f5cc9e219c34ea1b56f6ce51a6.jpg,C:\Users\venka\Documents\Project\data\processed\train\clubbing\Screen-Shot-2021-10-26-at-11-18-43-AM_png.rf.cd75e2f5cc9e219c34ea1b56f6ce51a6.jpg,95ea32556a926d99
train,clubbing,Screen-Shot-2021-10-26-at-11-19-00-AM_png.rf.959c76feb075b1d70cc0aeb26d383936.jpg,C:\Users\venka\Documents\Project\data\processed\train\clubbing\Screen-Shot-2021-10-26-at-11-19-00-AM_png.rf.959c76feb075b1d70cc0aeb26d383936.jpg,d5852ab56a722d6a
train,clubbing,Screen-Shot-2021-10-26-at-11-19-00-AM_png.rf.c9aa1251872e09be10cea8ae673c9d60.jpg,C:\Users\venka\Documents\Project\data\processed\train\clubbing\Screen-Shot-2021-10-26-at-11-19-00-AM_png.rf.c9aa1251872e09be10cea8ae673c9d60.jpg,d00f60956b966fd2
train,clubbing,Screen-Shot-2021-10-26-at-11-19-00-AM_png.rf.e25a16099080dad4e5d880efcb99db2f.jpg,C:\Users\venka\Documents\Project\data\processed\train\clubbing\Screen-Shot-2021-10-26-at-11-19-00-AM_png.rf.e25a16099080dad4e5d880efcb99db2f.jpg,834b355c74ba5aa5
train,clubbing,Screen-Shot-2021-10-26-at-12-06-59-PM_png.rf.2b3d4f7401c174dfa0d7193509ae25b7.jpg,C:\Users\venka\Documents\Project\data\processed\train\clubbing\Screen-Shot-2021-10-26-at-12-06-59-PM_png.rf.2b3d4f7401c174dfa0d7193509ae25b7.jpg,8a6031df75596a36
train,clubbing,Screen-Shot-2021-10-26-at-12-06-59-PM_png.rf.b07532fcf61c87189065b022766f186e.jpg,C:\Users\venka\Documents\Project\data\processed\train\clubbing\Screen-Shot-2021-10-26-at-12-06-59-PM_png.rf.b07532fcf61c87189065b022766f186e.jpg,d094e7b26a876696
train,clubbing,Screen-Shot-2021-10-26-at-12-07-03-PM_png.rf.3704ea52b01c388a10d017d4eba90738.jpg,C:\Users\venka\Documents\Project\data\processed\train\clubbing\Screen-Shot-2021-10-26-at-12-07-03-PM_png.rf.3704ea52b01c388a10d017d4eba90738.jpg,d7cc683b2dd116c4
train,clubbing,Screen-Shot-2021-10-26-at-12-09-28-PM_png.rf.2be80d9fdeb95f5c7a244377a4bb6c8c.jpg,C:\Users\venka\Documents\Project\data\processed\train\clubbing\Screen-Shot-2021-10-26-at-12-09-28-PM_png.rf.2be80d9fdeb95f5c7a244377a4bb6c8c.jpg,d0902b7873c34bd7
train,clubbing,Screen-Shot-2021-10-26-at-12-09-28-PM_png.rf.708ca6e8754e44381d34e242a9571634.jpg,C:\Users\venka\Documents\Project\data\processed\train\clubbing\Screen-Shot-2021-10-26-at-12-09-28-PM_png.rf.708ca6e8754e44381d34e242a9571634.jpg,806f391f71787632
train,clubbing,Screen-Shot-2021-10-26-at-12-09-40-PM_png.rf.25b69513eaf44fda0d54e977a218df32.jpg,C:\Users\venka\Documents\Project\data\processed\train\clubbing\Screen-Shot-2021-10-26-at-12-09-40-PM_png.rf.25b69513eaf44fda0d54e977a218df32.jpg,90b7619f470f261e
train,clubbing,Screen-Shot-2021-10-26-at-12-09-40-PM_png.rf.6a23eaf451589af16abe45e53828622e.jpg,C:\Users\venka\Documents\Project\data\processed\train\clubbing\Screen-Shot-2021-10-26-at-12-09-40-PM_png.rf.6a23eaf451589af16abe45e53828622e.jpg,e58d1f954c1b350d
train,clubbing,Screen-Shot-2021-10-26-at-12-09-40-PM_png.rf.e468b5d794ff787923e1e5e7db318a99.jpg,C:\Users\venka\Documents\Project\data\processed\train\clubbing\Screen-Shot-2021-10-26-at-12-09-40-PM_png.rf.e468b5d794ff787923e1e5e7db318a99.jpg,b447429d1f1e705b
train,clubbing,Screen-Shot-2021-10-26-at-12-10-09-PM_png.rf.477e73a6b9003758cf34932fd811d2f6.jpg,C:\Users\venka\Documents\Project\data\processed\train\clubbing\Screen-Shot-2021-10-26-at-12-10-09-PM_png.rf.477e73a6b9003758cf34932fd811d2f6.jpg,c3e82c1e1d1e0f3e
train,clubbing,Screen-Shot-2021-10-26-at-12-10-09-PM_png.rf.9205c1bcfdbc386f783160d91458eeeb.jpg,C:\Users\venka\Documents\Project\data\processed\train\clubbing\Screen-Shot-2021-10-26-at-12-10-09-PM_png.rf.9205c1bcfdbc386f783160d91458eeeb.jpg,d57a2a0181d5d57e
train,clubbing,Screen-Shot-2021-10-26-at-12-10-57-PM_png.rf.b54d6f7d9360ad44ad10b4b719f5ff22.jpg,C:\Users\venka\Documents\Project\data\processed\train\clubbing\Screen-Shot-2021-10-26-at-12-10-57-PM_png.rf.b54d6f7d9360ad44ad10b4b719f5ff22.jpg,d1b5374a284b386f
train,clubbing,Screen-Shot-2021-10-26-at-12-11-28-PM_png.rf.4f993b88f526fd3ce51dc24eeae5b4d2.jpg,C:\Users\venka\Documents\Project\data\processed\train\clubbing\Screen-Shot-2021-10-26-at-12-11-28-PM_png.rf.4f993b88f526fd3ce51dc24eeae5b4d2.jpg,95b36ac01349d7ec
train,clubbing,Screen-Shot-2021-10-26-at-12-11-28-PM_png.rf.cfb4eb168867192e3eba80d43f1c0c00.jpg,C:\Users\venka\Documents\Project\data\processed\train\clubbing\Screen-Shot-2021-10-26-at-12-11-28-PM_png.rf.cfb4eb168867192e3eba80d43f1c0c00.jpg,d4bd29403f68ce6a
train,clubbing,Screen-Shot-2021-10-26-at-12-11-37-PM_png.rf.23c09cf5aeeb63e49ec4c1fef748f590.jpg,C:\Users\venka\Documents\Project\data\processed\train\clubbing\Screen-Shot-2021-10-26-at-12-11-37-PM_png.rf.23c09cf5aeeb63e49ec4c1fef748f590.jpg,c51d326aeee2849d
train,clubbing,Screen-Shot-2021-10-26-at-12-11-37-PM_png.rf.a94d9bb0cc517ee0e62d874dd63774d3.jpg,C:\Users\venka\Documents\Project\data\processed\train\clubbing\Screen-Shot-2021-10-26-at-12-11-37-PM_png.rf.a94d9bb0cc517ee0e62d874dd63774d3.jpg,d02d39d28feac525
train,clubbing,Screen-Shot-2021-10-26-at-12-11-37-PM_png.rf.c31652596f8a6e5c75a42580aeb84a34.jpg,C:\Users\venka\Documents\Project\data\processed\train\clubbing\Screen-Shot-2021-10-26-at-12-11-37-PM_png.rf.c31652596f8a6e5c75a42580aeb84a34.jpg,8e9e6d636ec91a60
train,clubbing,Screen-Shot-2021-10-26-at-12-13-11-PM_png.rf.789d6014cd26ac01d90c1586c5ef3b30.jpg,C:\Users\venka\Documents\Project\data\processed\train\clubbing\Screen-Shot-2021-10-26-at-12-13-11-PM_png.rf.789d6014cd26ac01d90c1586c5ef3b30.jpg,9e6a306161736767
train,clubbing,Screen-Shot-2021-10-26-at-12-13-11-PM_png.rf.8dbed60bde97641eb79564ef5bf5464b.jpg,C:\Users\venka\Documents\Project\data\processed\train\clubbing\Screen-Shot-2021-10-26-at-12-13-11-PM_png.rf.8dbed60bde97641eb79564ef5bf5464b.jpg,d66920943e9bcd0f
train,clubbing,Screen-Shot-2021-10-26-at-12-13-11-PM_png.rf.a50a11b4aac63e3ddc10bbec8e974a15.jpg,C:\Users\venka\Documents\Project\data\processed\train\clubbing\Screen-Shot-2021-10-26-at-12-13-11-PM_png.rf.a50a11b4aac63e3ddc10bbec8e974a15.jpg,953163ce0e9c91f3
train,clubbing,Screen-Shot-2021-10-26-at-12-13-55-PM_png.rf.06f07a124459fd5492212aa689babe1d.jpg,C:\Users\venka\Documents\Project\data\processed\train\clubbing\Screen-Shot-2021-10-26-at-12-13-55-PM_png.rf.06f07a124459fd5492212aa689babe1d.jpg,90b4e1d24f4b3e4d
train,clubbing,Screen-Shot-2021-10-26-at-12-13-55-PM_png.rf.adddd2914cc6b2431f371a3fb170a855.jpg,C:\Users\venka\Documents\Project\data\processed\train\clubbing\Screen-Shot-2021-10-26-at-12-13-55-PM_png.rf.adddd2914cc6b2431f371a3fb170a855.jpg,90df47620fe53d24
train,clubbing,Screen-Shot-2021-10-26-at-12-15-04-PM_png.rf.43af1e71455fd72963cf3ad39a1907be.jpg,C:\Users\venka\Documents\Project\data\processed\train\clubbing\Screen-Shot-2021-10-26-at-12-15-04-PM_png.rf.43af1e71455fd72963cf3ad39a1907be.jpg,c0903ae833ef4da7
train,clubbing,Screen-Shot-2021-10-26-at-12-15-04-PM_png.rf.63c6d3fc2bbd80ae34026706cfd2c467.jpg,C:\Users\venka\Documents\Project\data\processed\train\clubbing\Screen-Shot-2021-10-26-at-12-15-04-PM_png.rf.63c6d3fc2bbd80ae34026706cfd2c467.jpg,d29d287679f06943
train,clubbing,Screen-Shot-2021-10-26-at-12-15-17-PM_png.rf.c1e50a28832ff095988d5e1d850186f4.jpg,C:\Users\venka\Documents\Project\data\processed\train\clubbing\Screen-Shot-2021-10-26-at-12-15-17-PM_png.rf.c1e50a28832ff095988d5e1d850186f4.jpg,c59b6a916aa53a8d
train,clubbing,Screen-Shot-2021-10-26-at-12-15-17-PM_png.rf.db290895b3f1700332b0bba64cf4159d.jpg,C:\Users\venka\Documents\Project\data\processed\train\clubbing\Screen-Shot-2021-10-26-at-12-15-17-PM_png.rf.db290895b3f1700332b0bba64cf4159d.jpg,c51b72854ae539c7
train,clubbing,Screen-Shot-2021-10-26-at-12-17-59-PM_png.rf.8b3fbc1e278866942267ed53b66ff975.jpg,C:\Users\venka\Documents\Project\data\processed\train\clubbing\Screen-Shot-2021-10-26-at-12-17-59-PM_png.rf.8b3fbc1e278866942267ed53b66ff975.jpg,c2c06b974c9e399e
train,clubbing,Screen-Shot-2021-10-26-at-12-17-59-PM_png.rf.c4c4b26fdf8448fdcdde8f0b0045ea47.jpg,C:\Users\venka\Documents\Project\data\processed\train\clubbing\Screen-Shot-2021-10-26-at-12-17-59-PM_png.rf.c4c4b26fdf8448fdcdde8f0b0045ea47.jpg,b56a52950a95e49f
train,clubbing,Screen-Shot-2021-10-26-at-12-18-05-PM_png.rf.dcc920ac1b5c3f77cd295ac04345ddde.jpg,C:\Users\venka\Documents\Project\data\processed\train\clubbing\Screen-Shot-2021-10-26-at-12-18-05-PM_png.rf.dcc920ac1b5c3f77cd295ac04345ddde.jpg,c23dd26a9eb48db0
train,clubbing,Screen-Shot-2021-10-26-at-12-18-05-PM_png.rf.f6c7a881989c1764a8349571fd61f63c.jpg,C:\Users\venka\Documents\Project\data\processed\train\clubbing\Screen-Shot-2021-10-26-at-12-18-05-PM_png.rf.f6c7a881989c1764a8349571fd61f63c.jpg,92422d3c2d37371f
train,clubbing,Screen-Shot-2021-10-26-at-12-19-15-PM_png.rf.10d160dbc59909419004d78453677c41.jpg,C:\Users\venka\Documents\Project\data\processed\train\clubbing\Screen-Shot-2021-10-26-at-12-19-15-PM_png.rf.10d160dbc59909419004d78453677c41.jpg,c469983e3f833c66
train,clubbing,Screen-Shot-2021-10-26-at-12-19-15-PM_png.rf.62e09b6dcfbbc7f6bfcce82396256d22.jpg,C:\Users\venka\Documents\Project\data\processed\train\clubbing\Screen-Shot-2021-10-26-at-12-19-15-PM_png.rf.62e09b6dcfbbc7f6bfcce82396256d22.jpg,d0e1ce3d2d36071e
train,clubbing,Screen-Shot-2021-10-26-at-12-19-15-PM_png.rf.e55d45bb9d9538cde6996880a5972f98.jpg,C:\Users\venka\Documents\Project\data\processed\train\clubbing\Screen-Shot-2021-10-26-at-12-19-15-PM_png.rf.e55d45bb9d9538cde6996880a5972f98.jpg,b0974f68b848e3b3
train,clubbing,Screen-Shot-2021-10-26-at-12-19-35-PM_png.rf.530f631f6bfbce6fb080872c32ef4ca4.jpg,C:\Users\venka\Documents\Project\data\processed\train\clubbing\Screen-Shot-2021-10-26-at-12-19-35-PM_png.rf.530f631f6bfbce6fb080872c32ef4ca4.jpg,c13d3ec233e01ba7
train,clubbing,Screen-Shot-2021-10-26-at-12-19-35-PM_png.rf.691326480bbf2db984ff255145ac1812.jpg,C:\Users\venka\Documents\Project\data\processed\train\clubbing\Screen-Shot-2021-10-26-at-12-19-35-PM_png.rf.691326480bbf2db984ff255145ac1812.jpg,c5e13c3f37309a32
train,clubbing,Screen-Shot-2021-10-26-at-12-19-42-PM_png.rf.a896ba4dfc8d64e3ee157527831f21c7.jpg,C:\Users\venka\Documents\Project\data\processed\train\clubbing\Screen-Shot-2021-10-26-at-12-19-42-PM_png.rf.a896ba4dfc8d64e3ee157527831f21c7.jpg,da7c2482174b3f2d
train,clubbing,Screen-Shot-2021-10-26-at-12-19-59-PM_png.rf.3a27b120a60e0ec6950ca6d53950dee2.jpg,C:\Users\venka\Documents\Project\data\processed\train\clubbing\Screen-Shot-2021-10-26-at-12-19-59-PM_png.rf.3a27b120a60e0ec6950ca6d53950dee2.jpg,80303f4a7f676b89
train,clubbing,Screen-Shot-2021-10-26-at-12-19-59-PM_png.rf.c69e1d81ceb7717b09621d5e17e3e3ae.jpg,C:\Users\venka\Documents\Project\data\processed\train\clubbing\Screen-Shot-2021-10-26-at-12-19-59-PM_png.rf.c69e1d81ceb7717b09621d5e17e3e3ae.jpg,d0e1671a398f9e19
train,clubbing,Screen-Shot-2021-10-26-at-12-20-04-PM_png.rf.15d2754fdbfa1ea8c09f88fab2361ad3.jpg,C:\Users\venka\Documents\Project\data\processed\train\clubbing\Screen-Shot-2021-10-26-at-12-20-04-PM_png.rf.15d2754fdbfa1ea8c09f88fab2361ad3.jpg,d5f92a0b2a650fc6
train,clubbing,Screen-Shot-2021-10-26-at-12-20-04-PM_png.rf.434f0fff2fc0caea4c73d2bcf6dfbe3a.jpg,C:\Users\venka\Documents\Project\data\processed\train\clubbing\Screen-Shot-2021-10-26-at-12-20-04-PM_png.rf.434f0fff2fc0caea4c73d2bcf6dfbe3a.jpg,90cee594699d4a97
train,clubbing,Screen-Shot-2021-10-26-at-12-20-16-PM_png.rf.d7a771d240e4dc4e5e0eaba130547e93.jpg,C:\Users\venka\Documents\Project\data\processed\train\clubbing\Screen-Shot-2021-10-26-at-12-20-16-PM_png.rf.d7a771d240e4dc4e5e0eaba130547e93.jpg,c01f3e6142ca0fdf
train,clubbing,Screen-Shot-2021-10-26-at-12-20-35-PM_png.rf.4af63080ef2452d09e51c3cdb9746bd7.jpg,C:\Users\venka\Documents\Project\data\processed\train\clubbing\Screen-Shot-2021-10-26-at-12-20-35-PM_png.rf.4af63080ef2452d09e51c3cdb9746bd7.jpg,9595625e3e6a38e8
train,clubbing,Screen-Shot-2021-10-26-at-12-20-35-PM_png.rf.eb6976f121ea3eb3f0f1f5defaf30f1f.jpg,C:\Users\venka\Documents\Project\data\processed\train\clubbing\Screen-Shot-2021-10-26-at-12-20-35-PM_png.rf.eb6976f121ea3eb3f0f1f5defaf30f1f.jpg,d46821923f1e7a9d
train,clubbing,Screen-Shot-2021-10-26-at-12-20-45-PM_png.rf.583de11da78baa51994db66f17e9fa68.jpg,C:\Users\venka\Documents\Project\data\processed\train\clubbing\Screen-Shot-2021-10-26-at-12-20-45-PM_png.rf.583de11da78baa51994db66f17e9fa68.jpg,956a62511ee53997
train,clubbing,Screen-Shot-2021-10-26-at-12-20-45-PM_png.rf.d914ceba52a2ee24d26210eba51deae7.jpg,C:\Users\venka\Documents\Project\data\processed\train\clubbing\Screen-Shot-2021-10-26-at-12-20-45-PM_png.rf.d914ceba52a2ee24d26210eba51deae7.jpg,81c666ca9e69da65
train,clubbing,Screen-Shot-2021-10-26-at-12-21-21-PM_png.rf.5bc4c20d78a21b39915912f6a18e5cea.jpg,C:\Users\venka\Documents\Project\data\processed\train\clubbing\Screen-Shot-2021-10-26-at-12-21-21-PM_png.rf.5bc4c20d78a21b39915912f6a18e5cea.jpg,81e265c10fa5d797
train,clubbing,Screen-Shot-2021-10-26-at-12-21-21-PM_png.rf.7de0af66cfe609da4a2fd61c2c88004a.jpg,C:\Users\venka\Documents\Project\data\processed\train\clubbing\Screen-Shot-2021-10-26-at-12-21-21-PM_png.rf.7de0af66cfe609da4a2fd61c2c88004a.jpg,ba7d615417420f67
train,clubbing,Screen-Shot-2021-10-26-at-12-49-11-PM_png.rf.2ea76d242b40c36c917922882f03f3d9.jpg,C:\Users\venka\Documents\Project\data\processed\train\clubbing\Screen-Shot-2021-10-26-at-12-49-11-PM_png.rf.2ea76d242b40c36c917922882f03f3d9.jpg,c5853a7e287bc0dc
train,clubbing,Screen-Shot-2021-10-26-at-12-49-11-PM_png.rf.7110b01575051a73e717a61461f33b79.jpg,C:\Users\venka\Documents\Project\data\processed\train\clubbing\Screen-Shot-2021-10-26-at-12-49-11-PM_png.rf.7110b01575051a73e717a61461f33b79.jpg,976269946a956a9d
train,clubbing,Screen-Shot-2021-10-26-at-12-49-11-PM_png.rf.a2bb4eac6792c4fc76f9a1cc12a556bf.jpg,C:\Users\venka\Documents\Project\data\processed\train\clubbing\Screen-Shot-2021-10-26-at-12-49-11-PM_png.rf.a2bb4eac6792c4fc76f9a1cc12a556bf.jpg,805f7fa01ea6c12f
train,clubbing,Screen-Shot-2021-11-22-at-10-01-02-AM_png.rf.01f6fccaa8931ef560fb59234dd3937d.jpg,C:\Users\venka\Documents\Project\data\processed\train\clubbing\Screen-Shot-2021-11-22-at-10-01-02-AM_png.rf.01f6fccaa8931ef560fb59234dd3937d.jpg,90bb6b94a51f1f21
train,clubbing,Screen-Shot-2021-11-22-at-10-01-02-AM_png.rf.5b62d985ba38973459a85305ce3f35c8.jpg,C:\Users\venka\Documents\Project\data\processed\train\clubbing\Screen-Shot-2021-11-22-at-10-01-02-AM_png.rf.5b62d985ba38973459a85305ce3f35c8.jpg,804f7b613fe0348f
train,clubbing,Screen-Shot-2021-11-22-at-10-01-02-AM_png.rf.be29c3cc64ff808a63772d43ab97503d.jpg,C:\Users\venka\Documents\Project\data\processed\train\clubbing\Screen-Shot-2021-11-22-at-10-01-02-AM_png.rf.be29c3cc64ff808a63772d43ab97503d.jpg,c1c02ef5725a656b
train,clubbing,Screen-Shot-2021-11-22-at-10-02-56-AM_png.rf.50b2ae774053948129b32f0606c4cf26.jpg,C:\Users\venka\Documents\Project\data\processed\train\clubbing\Screen-Shot-2021-11-22-at-10-02-56-AM_png.rf.50b2ae774053948129b32f0606c4cf26.jpg,d521b697179c1ae8
train,clubbing,Screen-Shot-2021-11-22-at-10-03-12-AM_png.rf.3f3bdbc6a92061d1de71962e9cefe56b.jpg,C:\Users\venka\Documents\Project\data\processed\train\clubbing\Screen-Shot-2021-11-22-at-10-03-12-AM_png.rf.3f3bdbc6a92061d1de71962e9cefe56b.jpg,f06815d5255e6f2a
train,clubbing,Screen-Shot-2021-11-22-at-10-03-12-AM_png.rf.7f8aaaef8ee7a221c708f600661193b6.jpg,C:\Users\venka\Documents\Project\data\processed\train\clubbing\Screen-Shot-2021-11-22-at-10-03-12-AM_png.rf.7f8aaaef8ee7a221c708f600661193b6.jpg,c0f497361e6a2b6a
train,clubbing,Screen-Shot-2021-11-22-at-10-03-12-AM_png.rf.d20dd065c5e293e9f684c14f1bffcf92.jpg,C:\Users\venka\Documents\Project\data\processed\train\clubbing\Screen-Shot-2021-11-22-at-10-03-12-AM_png.rf.d20dd065c5e293e9f684c14f1bffcf92.jpg,8774549e5e964b92
train,clubbing,Screen-Shot-2021-11-22-at-10-03-16-AM_png.rf.1cda478cde2353dbe5a573c0533bf5b0.jpg,C:\Users\venka\Documents\Project\data\processed\train\clubbing\Screen-Shot-2021-11-22-at-10-03-16-AM_png.rf.1cda478cde2353dbe5a573c0533bf5b0.jpg,d9cbf4b6c826043b
train,clubbing,Screen-Shot-2021-11-22-at-10-03-16-AM_png.rf.77573db0b5a58134e0835f002467dac5.jpg,C:\Users\venka\Documents\Project\data\processed\train\clubbing\Screen-Shot-2021-11-22-at-10-03-16-AM_png.rf.77573db0b5a58134e0835f002467dac5.jpg,e09f77361e601f48
train,clubbing,Screen-Shot-2021-11-22-at-10-03-21-AM_png.rf.978de5fc2b7a75bb8324ae9d544b8353.jpg,C:\Users\venka\Documents\Project\data\processed\train\clubbing\Screen-Shot-2021-11-22-at-10-03-21-AM_png.rf.978de5fc2b7a75bb8324ae9d544b8353.jpg,d01f62f02ec27cce
train,clubbing,Screen-Shot-2021-11-22-at-10-03-21-AM_png.rf.a843ff31b65b656319d77413f3c3e768.jpg,C:\Users\venka\Documents\Project\data\processed\train\clubbing\Screen-Shot-2021-11-22-at-10-03-21-AM_png.rf.a843ff31b65b656319d77413f3c3e768.jpg,d0b027d35f5a6961
train,clubbing,Screen-Shot-2021-11-22-at-10-03-21-AM_png.rf.fd37da8d0f81baf4da0b8e14d2a1e066.jpg,C:\Users\venka\Documents\Project\data\processed\train\clubbing\Screen-Shot-2021-11-22-at-10-03-21-AM_png.rf.fd37da8d0f81baf4da0b8e14d2a1e066.jpg,c5db5a851a9d1c1d
train,clubbing,Screen-Shot-2021-11-22-at-10-03-25-AM_png.rf.0b079f613616a3917c2b02a32876b776.jpg,C:\Users\venka\Documents\Project\data\processed\train\clubbing\Screen-Shot-2021-11-22-at-10-03-25-AM_png.rf.0b079f613616a3917c2b02a32876b776.jpg,88b974606f457766
train,clubbing,Screen-Shot-2021-11-22-at-10-03-25-AM_png.rf.4e2ee6ee8ea6eecf6893d9b2d311eb23.jpg,C:\Users\venka\Documents\Project\data\processed\train\clubbing\Screen-Shot-2021-11-22-at-10-03-25-AM_png.rf.4e2ee6ee8ea6eecf6893d9b2d311eb23.jpg,80a24d3f6e956a9d
train,clubbing,Screen-Shot-2021-11-22-at-10-03-29-AM_png.rf.34941dcc52a56d82973e113f0ff3bc8f.jpg,C:\Users\venka\Documents\Project\data\processed\train\clubbing\Screen-Shot-2021-11-22-at-10-03-29-AM_png.rf.34941dcc52a56d82973e113f0ff3bc8f.jpg,806a17a53eb07fd1
train,clubbing,Screen-Shot-2021-11-22-at-10-03-29-AM_png.rf.45d66568aa72068f3159c6d34c3f4ed5.jpg,C:\Users\venka\Documents\Project\data\processed\train\clubbing\Screen-Shot-2021-11-22-at-10-03-29-AM_png.rf.45d66568aa72068f3159c6d34c3f4ed5.jpg,d52f42b568976895
train,clubbing,Screen-Shot-2021-11-22-at-10-03-37-AM_png.rf.5843d9b4b25660ec2352392ccca169ed.jpg,C:\Users\venka\Documents\Project\data\processed\train\clubbing\Screen-Shot-2021-11-22-at-10-03-37-AM_png.rf.5843d9b4b25660ec2352392ccca169ed.jpg,d47e6f81c2961a36
train,clubbing,Screen-Shot-2021-11-22-at-10-03-37-AM_png.rf.632f96eb3e953762513b973b71cd34b9.jpg,C:\Users\venka\Documents\Project\data\processed\train\clubbing\Screen-Shot-2021-11-22-at-10-03-37-AM_png.rf.632f96eb3e953762513b973b71cd34b9.jpg,8bc920b667b07766
train,clubbing,Screen-Shot-2021-11-22-at-10-03-37-AM_png.rf.db92a4230ce04739c545daf2a7e42b52.jpg,C:\Users\venka\Documents\Project\data\processed\train\clubbing\Screen-Shot-2021-11-22-at-10-03-37-AM_png.rf.db92a4230ce04739c545daf2a7e42b52.jpg,819c6f62c7a14ec7
train,clubbing,Screen-Shot-2021-11-22-at-10-03-41-AM_png.rf.2f15a0f1724bf769932c944af438a94c.jpg,C:\Users\venka\Documents\Project\data\processed\train\clubbing\Screen-Shot-2021-11-22-at-10-03-41-AM_png.rf.2f15a0f1724bf769932c944af438a94c.jpg,c47e31d03f902e8f
train,clubbing,Screen-Shot-2021-11-22-at-10-03-41-AM_png.rf.9482c0f4ba7a69f4c1813a127c4c5c82.jpg,C:\Users\venka\Documents\Project\data\processed\train\clubbing\Screen-Shot-2021-11-22-at-10-03-41-AM_png.rf.9482c0f4ba7a69f4c1813a127c4c5c82.jpg,949468346fb562b7
train,clubbing,Screen-Shot-2021-11-22-at-10-04-13-AM_png.rf.00fc5684cb94287c0d6023b1b82e7171.jpg,C:\Users\venka\Documents\Project\data\processed\train\clubbing\Screen-Shot-2021-11-22-at-10-04-13-AM_png.rf.00fc5684cb94287c0d6023b1b82e7171.jpg,cbe1388e3d1e2d16
train,clubbing,Screen-Shot-2021-11-22-at-10-04-18-AM_png.rf.3fe03acc4d4a5cabdc7b250835593d3c.jpg,C:\Users\venka\Documents\Project\data\processed\train\clubbing\Screen-Shot-2021-11-22-at-10-04-18-AM_png.rf.3fe03acc4d4a5cabdc7b250835593d3c.jpg,979538c635c963d8
train,clubbing,Screen-Shot-2021-11-22-at-10-04-18-AM_png.rf.9d44be746e35553c7b178b3b3e2cb255.jpg,C:\Users\venka\Documents\Project\data\processed\train\clubbing\Screen-Shot-2021-11-22-at-10-04-18-AM_png.rf.9d44be746e35553c7b178b3b3e2cb255.jpg,80bd7f43624acf68
train,clubbing,Screen-Shot-2021-11-22-at-10-04-18-AM_png.rf.ae210a6d58fce17beb7d80fc4a41deec.jpg,C:\Users\venka\Documents\Project\data\processed\train\clubbing\Screen-Shot-2021-11-22-at-10-04-18-AM_png.rf.ae210a6d58fce17beb7d80fc4a41deec.jpg,963d786162676c66
train,clubbing,Screen-Shot-2021-11-22-at-10-04-24-AM_png.rf.422394b5b48a72d70d73f30730db70f3.jpg,C:\Users\venka\Documents\Project\data\processed\train\clubbing\Screen-Shot-2021-11-22-at-10-04-24-AM_png.rf.422394b5b48a72d70d73f30730db70f3.jpg,cee96f9708856496
train,clubbing,Screen-Shot-2021-11-22-at-10-04-24-AM_png.rf.ba6bfeec1c60be87a96d8cbc0248144c.jpg,C:\Users\venka\Documents\Project\data\processed\train\clubbing\Screen-Shot-2021-11-22-at-10-04-24-AM_png.rf.ba6bfeec1c60be87a96d8cbc0248144c.jpg,d56a1ba5fac1c02d
train,clubbing,Screen-Shot-2021-11-22-at-10-04-24-AM_png.rf.e949c3c22206417695061970e89468e6.jpg,C:\Users\venka\Documents\Project\data\processed\train\clubbing\Screen-Shot-2021-11-22-at-10-04-24-AM_png.rf.e949c3c22206417695061970e89468e6.jpg,c33563ce7870634e
train,clubbing,Screen-Shot-2021-11-22-at-10-04-29-AM_png.rf.559931370ebf303dd4d6d1187e46daa7.jpg,C:\Users\venka\Documents\Project\data\processed\train\clubbing\Screen-Shot-2021-11-22-at-10-04-29-AM_png.rf.559931370ebf303dd4d6d1187e46daa7.jpg,d507203e61388fef
train,clubbing,Screen-Shot-2021-11-22-at-10-04-29-AM_png.rf.79c7c8a9bec1be5f73810db1b4edd24d.jpg,C:\Users\venka\Documents\Project\data\processed\train\clubbing\Screen-Shot-2021-11-22-at-10-04-29-AM_png.rf.79c7c8a9bec1be5f73810db1b4edd24d.jpg,80427f1f70bc1fb1
train,clubbing,Screen-Shot-2021-11-22-at-10-04-29-AM_png.rf.bc5d7a0723a0ada9f824320e028b3c3b.jpg,C:\Users\venka\Documents\Project\data\processed\train\clubbing\Screen-Shot-2021-11-22-at-10-04-29-AM_png.rf.bc5d7a0723a0ada9f824320e028b3c3b.jpg,c0b52dcb3ec972c8
train,clubbing,Screen-Shot-2021-11-22-at-10-04-41-AM_png.rf.99744d8fd18bb56b6ab543643157b69c.jpg,C:\Users\venka\Documents\Project\data\processed\train\clubbing\Screen-Shot-2021-11-22-at-10-04-41-AM_png.rf.99744d8fd18bb56b6ab543643157b69c.jpg,974a2f6d2c743436
train,clubbing,Screen-Shot-2021-11-22-at-10-04-41-AM_png.rf.ed03efd5734dbdecd02dbf56c3846381.jpg,C:\Users\venka\Documents\Project\data\processed\train\clubbing\Screen-Shot-2021-11-22-at-10-04-41-AM_png.rf.ed03efd5734dbdecd02dbf56c3846381.jpg,941f60a363b86fb8
train,clubbing,Screen-Shot-2021-11-22-at-10-06-39-AM_png.rf.9bd1e472052b2b85c981613faa55098a.jpg,C:\Users\venka\Documents\Project\data\processed\train\clubbing\Screen-Shot-2021-11-22-at-10-06-39-AM_png.rf.9bd1e472052b2b85c981613faa55098a.jpg,d5819082cbcf4ddd
train,clubbing,Screen-Shot-2021-11-22-at-10-06-46-AM_png.rf.1096897820083b62d277d8a05b2c1f1f.jpg,C:\Users\venka\Documents\Project\data\processed\train\clubbing\Screen-Shot-2021-11-22-at-10-06-46-AM_png.rf.1096897820083b62d277d8a05b2c1f1f.jpg,c08769256f92cf96
train,clubbing,Screen-Shot-2021-11-22-at-10-06-46-AM_png.rf.c2de54f5ac7e6240676ff0622c73c047.jpg,C:\Users\venka\Documents\Project\data\processed\train\clubbing\Screen-Shot-2021-11-22-at-10-06-46-AM_png.rf.c2de54f5ac7e6240676ff0622c73c047.jpg,d0c29a294f9e6d96
train,clubbing,Screen-Shot-2021-11-22-at-10-06-49-AM_png.rf.7978b7fca7deb9a266d3b678fa0a1466.jpg,C:\Users\venka\Documents\Project\data\processed\train\clubbing\Screen-Shot-2021-11-22-at-10-06-49-AM_png.rf.7978b7fca7deb9a266d3b678fa0a1466.jpg,a0c052966f3f3e35
train,clubbing,Screen-Shot-2021-11-22-at-10-06-49-AM_png.rf.dc1048fe7c95a257689a43770b009837.jpg,C:\Users\venka\Documents\Project\data\processed\train\clubbing\Screen-Shot-2021-11-22-at-10-06-49-AM_png.rf.dc1048fe7c95a257689a43770b009837.jpg,97725a95489d4b8d
train,clubbing,Screen-Shot-2021-11-22-at-10-06-53-AM_png.rf.1db4c38658ad73bad20fbc6c2ad05105.jpg,C:\Users\venka\Documents\Project\data\processed\train\clubbing\Screen-Shot-2021-11-22-at-10-06-53-AM_png.rf.1db4c38658ad73bad20fbc6c2ad05105.jpg,d025c33761133fb6
train,clubbing,Screen-Shot-2021-11-22-at-10-06-53-AM_png.rf.9c21e870d11c9af97926d3566becd1b4.jpg,C:\Users\venka\Documents\Project\data\processed\train\clubbing\Screen-Shot-2021-11-22-at-10-06-53-AM_png.rf.9c21e870d11c9af97926d3566becd1b4.jpg,a575520a6b8e7ed0
train,clubbing,Screen-Shot-2021-11-22-at-10-06-53-AM_png.rf.c377e1d580937da49f9b42fe97ab1846.jpg,C:\Users\venka\Documents\Project\data\processed\train\clubbing\Screen-Shot-2021-11-22-at-10-06-53-AM_png.rf.c377e1d580937da49f9b42fe97ab1846.jpg,85d0ce8b4e3b1d8e
train,clubbing,Screen-Shot-2021-11-22-at-10-07-07-AM_png.rf.9f68b4b0b1f07c814625c131c1764bd1.jpg,C:\Users\venka\Documents\Project\data\processed\train\clubbing\Screen-Shot-2021-11-22-at-10-07-07-AM_png.rf.9f68b4b0b1f07c814625c131c1764bd1.jpg,a08815ae7b752d5b
train,clubbing,Screen-Shot-2021-11-22-at-10-07-07-AM_png.rf.a6ece869e68e0a2d8bbecf89618d3cfc.jpg,C:\Users\venka\Documents\Project\data\processed\train\clubbing\Screen-Shot-2021-11-22-at-10-07-07-AM_png.rf.a6ece869e68e0a2d8bbecf89618d3cfc.jpg,a0af57907b502f65
train,clubbing,Screen-Shot-2021-11-22-at-10-07-11-AM_png.rf.2dada31c85579aa6f08fa15ae1488ee4.jpg,C:\Users\venka\Documents\Project\data\processed\train\clubbing\Screen-Shot-2021-11-22-at-10-07-11-AM_png.rf.2dada31c85579aa6f08fa15ae1488ee4.jpg,d07a0b350e370f3d
train,clubbing,Screen-Shot-2021-11-22-at-10-07-14-AM_png.rf.69fd484ed093bdced3ccf8793c09a52e.jpg,C:\Users\venka\Documents\Project\data\processed\train\clubbing\Screen-Shot-2021-11-22-at-10-07-14-AM_png.rf.69fd484ed093bdced3ccf8793c09a52e.jpg,f585023f2a74276b
train,clubbing,Screen-Shot-2021-11-22-at-10-07-14-AM_png.rf.75cef8d8d6c6678145902e53ea62e19f.jpg,C:\Users\venka\Documents\Project\data\processed\train\clubbing\Screen-Shot-2021-11-22-at-10-07-14-AM_png.rf.75cef8d8d6c6678145902e53ea62e19f.jpg,85d05e8b4d8f4e96
train,clubbing,Screen-Shot-2021-11-22-at-10-07-14-AM_png.rf.bbfc3a4f8e234128301cd56826e93b98.jpg,C:\Users\venka\Documents\Project\data\processed\train\clubbing\Screen-Shot-2021-11-22-at-10-07-14-AM_png.rf.bbfc3a4f8e234128301cd56826e93b98.jpg,c10d5e6a4a7a6a7c
train,clubbing,Screen-Shot-2021-11-22-at-10-07-30-AM_png.rf.3624497afe4e7ac11fc84d902995321d.jpg,C:\Users\venka\Documents\Project\data\processed\train\clubbing\Screen-Shot-2021-11-22-at-10-07-30-AM_png.rf.3624497afe4e7ac11fc84d902995321d.jpg,d5950097337a3f62
train,clubbing,Screen-Shot-2021-11-22-at-10-07-30-AM_png.rf.7c0afc23ea8d8605b9adb510d68e36db.jpg,C:\Users\venka\Documents\Project\data\processed\train\clubbing\Screen-Shot-2021-11-22-at-10-07-30-AM_png.rf.7c0afc23ea8d8605b9adb510d68e36db.jpg,85f05eaa5c866a97
train,clubbing,Screen-Shot-2021-11-22-at-10-07-55-AM_png.rf.0f92697bf0b8ca7ad2d36f3288b4d871.jpg,C:\Users\venka\Documents\Project\data\processed\train\clubbing\Screen-Shot-2021-11-22-at-10-07-55-AM_png.rf.0f92697bf0b8ca7ad2d36f3288b4d871.jpg,a0bd558d5a366b4a
train,clubbing,Screen-Shot-2021-11-22-at-10-07-55-AM_png.rf.94e023793d1ea0e259478e1772c0c946.jpg,C:\Users\venka\Documents\Project\data\processed\train\clubbing\Screen-Shot-2021-11-22-at-10-07-55-AM_png.rf.94e023793d1ea0e259478e1772c0c946.jpg,b476922d4f2dc235
train,clubbing,Screen-Shot-2021-11-22-at-10-07-58-AM_png.rf.1ea9cea6aaa909f56894eb05f0dd0520.jpg,C:\Users\venka\Documents\Project\data\processed\train\clubbing\Screen-Shot-2021-11-22-at-10-07-58-AM_png.rf.1ea9cea6aaa909f56894eb05f0dd0520.jpg,84d13a66371d6e2b
train,clubbing,Screen-Shot-2021-11-22-at-10-07-58-AM_png.rf.fee22c0271ea2ff40eb6285c89821476.jpg,C:\Users\venka\Documents\Project\data\processed\train\clubbing\Screen-Shot-2021-11-22-at-10-07-58-AM_png.rf.fee22c0271ea2ff40eb6285c89821476.jpg,85273e3c38c3c3e3
train,clubbing,Screen-Shot-2021-11-22-at-10-08-01-AM_png.rf.414277a0a7fdb8c7374ed6fe9a9c0d74.jpg,C:\Users\venka\Documents\Project\data\processed\train\clubbing\Screen-Shot-2021-11-22-at-10-08-01-AM_png.rf.414277a0a7fdb8c7374ed6fe9a9c0d74.jpg,aad5551a1e6b718c
train,clubbing,Screen-Shot-2021-11-22-at-10-08-01-AM_png.rf.789bd5d6f99713c05d0b55458c712275.jpg,C:\Users\venka\Documents\Project\data\processed\train\clubbing\Screen-Shot-2021-11-22-at-10-08-01-AM_png.rf.789bd5d6f99713c05d0b55458c712275.jpg,aad0d54a382b36bd
train,clubbing,Screen-Shot-2021-11-22-at-10-08-21-AM_png.rf.057eb989d6b5d04fc377212dd8f5dfd1.jpg,C:\Users\venka\Documents\Project\data\processed\train\clubbing\Screen-Shot-2021-11-22-at-10-08-21-AM_png.rf.057eb989d6b5d04fc377212dd8f5dfd1.jpg,d01f6f6a6a686b60
train,clubbing,Screen-Shot-2021-11-22-at-10-08-21-AM_png.rf.566ec00213821bd012371bdd6dfac719.jpg,C:\Users\venka\Documents\Project\data\processed\train\clubbing\Screen-Shot-2021-11-22-at-10-08-21-AM_png.rf.566ec00213821bd012371bdd6dfac719.jpg,d0158fd82df22dc3
train,clubbing,Screen-Shot-2021-11-22-at-10-08-34-AM_png.rf.3f54687614af50c6ebd1ac76aae06444.jpg,C:\Users\venka\Documents\Project\data\processed\train\clubbing\Screen-Shot-2021-11-22-at-10-08-34-AM_png.rf.3f54687614af50c6ebd1ac76aae06444.jpg,ff24403f2cd0bbc4
train,clubbing,Screen-Shot-2021-11-22-at-10-08-48-AM_png.rf.ccfec67783d9c214ec00589a58ddf959.jpg,C:\Users\venka\Documents\Project\data\processed\train\clubbing\Screen-Shot-2021-11-22-at-10-08-48-AM_png.rf.ccfec67783d9c214ec00589a58ddf959.jpg,93cb397986361873
train,clubbing,Screen-Shot-2021-11-22-at-10-09-14-AM_png.rf.204cd57e929ccb50a5e3fed5367c11c4.jpg,C:\Users\venka\Documents\Project\data\processed\train\clubbing\Screen-Shot-2021-11-22-at-10-09-14-AM_png.rf.204cd57e929ccb50a5e3fed5367c11c4.jpg,8187669d4a9d7a95
train,clubbing,Screen-Shot-2021-11-22-at-10-09-14-AM_png.rf.b59aa688ef5b152926d9033d03aeac53.jpg,C:\Users\venka\Documents\Project\data\processed\train\clubbing\Screen-Shot-2021-11-22-at-10-09-14-AM_png.rf.b59aa688ef5b152926d9033d03aeac53.jpg,9515722a6a3c6afa
train,clubbing,Screen-Shot-2021-11-22-at-10-09-18-AM_png.rf.54df961dbe6b7778a01fcdaa8d45e08e.jpg,C:\Users\venka\Documents\Project\data\processed\train\clubbing\Screen-Shot-2021-11-22-at-10-09-18-AM_png.rf.54df961dbe6b7778a01fcdaa8d45e08e.jpg,c1bc1793371d7864
train,clubbing,Screen-Shot-2021-11-22-at-10-09-18-AM_png.rf.69535a95aeb31a45b85b1257fe5a4cae.jpg,C:\Users\venka\Documents\Project\data\processed\train\clubbing\Screen-Shot-2021-11-22-at-10-09-18-AM_png.rf.69535a95aeb31a45b85b1257fe5a4cae.jpg,d42dca724eca4b6a
train,clubbing,Screen-Shot-2021-11-22-at-10-09-20-AM_png.rf.04500c38b5be2108491cb25e1f1cb5a6.jpg,C:\Users\venka\Documents\Project\data\processed\train\clubbing\Screen-Shot-2021-11-22-at-10-09-20-AM_png.rf.04500c38b5be2108491cb25e1f1cb5a6.jpg,d45a2f09092f2f3d
train,clubbing,Screen-Shot-2021-11-22-at-10-09-20-AM_png.rf.7a4c4b09c4abedb6336fcf37731335bd.jpg,C:\Users\venka\Documents\Project\data\processed\train\clubbing\Screen-Shot-2021-11-22-at-10-09-20-AM_png.rf.7a4c4b09c4abedb6336fcf37731335bd.jpg,d47e1b341b2d093d
train,clubbing,Screen-Shot-2021-11-22-at-10-09-20-AM_png.rf.7d91f1ab7b49fb9e8f5c9742c0c0f472.jpg,C:\Users\venka\Documents\Project\data\processed\train\clubbing\Screen-Shot-2021-11-22-at-10-09-20-AM_png.rf.7d91f1ab7b49fb9e8f5c9742c0c0f472.jpg,d50554396ab36bca
train,clubbing,Screen-Shot-2021-11-22-at-10-09-24-AM_png.rf.137034771e8155a7df4f05066668dcf5.jpg,C:\Users\venka\Documents\Project\data\processed\train\clubbing\Screen-Shot-2021-11-22-at-10-09-24-AM_png.rf.137034771e8155a7df4f05066668dcf5.jpg,d43e0a844b956f97
train,clubbing,Screen-Shot-2021-11-22-at-10-09-24-AM_png.rf.1a14d28b31acb1bd596fba43f3f974f7.jpg,C:\Users\venka\Documents\Project\data\processed\train\clubbing\Screen-Shot-2021-11-22-at-10-09-24-AM_png.rf.1a14d28b31acb1bd596fba43f3f974f7.jpg,812b6a922fd62bd6
train,clubbing,Screen-Shot-2021-11-22-at-10-09-24-AM_png.rf.eb0f7a938b2ab018b33c4d450b88b33b.jpg,C:\Users\venka\Documents\Project\data\processed\train\clubbing\Screen-Shot-2021-11-22-at-10-09-24-AM_png.rf.eb0f7a938b2ab018b33c4d450b88b33b.jpg,807f3f127f007e83
train,clubbing,Screen-Shot-2021-11-22-at-10-09-27-AM_png.rf.3353996824f923977228d7d222b38b8f.jpg,C:\Users\venka\Documents\Project\data\processed\train\clubbing\Screen-Shot-2021-11-22-at-10-09-27-AM_png.rf.3353996824f923977228d7d222b38b8f.jpg,b5a85a9523d32673
train,clubbing,Screen-Shot-2021-11-22-at-10-09-27-AM_png.rf.3ed61725a93a5994c6752744f3a8c32a.jpg,C:\Users\venka\Documents\Project\data\processed\train\clubbing\Screen-Shot-2021-11-22-at-10-09-27-AM_png.rf.3ed61725a93a5994c6752744f3a8c32a.jpg,94e850576bd72e07
train,clubbing,Screen-Shot-2021-11-22-at-10-09-27-AM_png.rf.b51bf94c4a924dc600e4874439f0788d.jpg,C:\Users\venka\Documents\Project\data\processed\train\clubbing\Screen-Shot-2021-11-22-at-10-09-27-AM_png.rf.b51bf94c4a924dc600e4874439f0788d.jpg,95957a94314a3f63
train,clubbing,Screen-Shot-2021-11-22-at-10-09-30-AM_png.rf.9f474b521b3ba70acd254c7c9a286eac.jpg,C:\Users\venka\Documents\Project\data\processed\train\clubbing\Screen-Shot-2021-11-22-at-10-09-30-AM_png.rf.9f474b521b3ba70acd254c7c9a286eac.jpg,95aa43d56ac57836
train,clubbing,Screen-Shot-2021-11-22-at-10-09-30-AM_png.rf.aa484af067b08e27cde16460b058d825.jpg,C:\Users\venka\Documents\Project\data\processed\train\clubbing\Screen-Shot-2021-11-22-at-10-09-30-AM_png.rf.aa484af067b08e27cde16460b058d825.jpg,d435d2b29a8d6db0
train,clubbing,Screen-Shot-2021-11-22-at-10-09-30-AM_png.rf.c54cdfce1679356d9ddf55fe3c4c3e03.jpg,C:\Users\venka\Documents\Project\data\processed\train\clubbing\Screen-Shot-2021-11-22-at-10-09-30-AM_png.rf.c54cdfce1679356d9ddf55fe3c4c3e03.jpg,e0e0146b3b27379e
train,clubbing,Screen-Shot-2021-11-22-at-10-14-30-PM_png.rf.6199520bc6a447aafec0142733189c68.jpg,C:\Users\venka\Documents\Project\data\processed\train\clubbing\Screen-Shot-2021-11-22-at-10-14-30-PM_png.rf.6199520bc6a447aafec0142733189c68.jpg,d0e42e1ad83d9b39
train,clubbing,Screen-Shot-2021-11-22-at-10-14-30-PM_png.rf.d3310c2ba8a76ace688244b38fc7262f.jpg,C:\Users\venka\Documents\Project\data\processed\train\clubbing\Screen-Shot-2021-11-22-at-10-14-30-PM_png.rf.d3310c2ba8a76ace688244b38fc7262f.jpg,80b53f798c194e6e
train,clubbing,Screen-Shot-2021-11-22-at-10-14-35-PM_png.rf.0addda91fb3702741bbd530d9b6af143.jpg,C:\Users\venka\Documents\Project\data\processed\train\clubbing\Screen-Shot-2021-11-22-at-10-14-35-PM_png.rf.0addda91fb3702741bbd530d9b6af143.jpg,80403faf701f23bf
train,clubbing,Screen-Shot-2021-11-22-at-10-14-35-PM_png.rf.619c358f717a7871c0ace910f37a7660.jpg,C:\Users\venka\Documents\Project\data\processed\train\clubbing\Screen-Shot-2021-11-22-at-10-14-35-PM_png.rf.619c358f717a7871c0ace910f37a7660.jpg,803f7f5060c34fce
train,clubbing,Screen-Shot-2021-11-22-at-10-14-35-PM_png.rf.d5ddf6f55346baf30e5709beff530ef5.jpg,C:\Users\venka\Documents\Project\data\processed\train\clubbing\Screen-Shot-2021-11-22-at-10-14-35-PM_png.rf.d5ddf6f55346baf30e5709beff530ef5.jpg,d5991ac626793378
train,clubbing,Screen-Shot-2021-11-22-at-10-15-44-PM_png.rf.6c3d0bc827274b3f9cf7c8c359813327.jpg,C:\Users\venka\Documents\Project\data\processed\train\clubbing\Screen-Shot-2021-11-22-at-10-15-44-PM_png.rf.6c3d0bc827274b3f9cf7c8c359813327.jpg,d10f6ad994311b4f
train,clubbing,Screen-Shot-2021-11-22-at-10-15-44-PM_png.rf.80795f4bb421060bc4da9b4747466b1b.jpg,C:\Users\venka\Documents\Project\data\processed\train\clubbing\Screen-Shot-2021-11-22-at-10-15-44-PM_png.rf.80795f4bb421060bc4da9b4747466b1b.jpg,811f6ee2c9cc3399
train,clubbing,Screen-Shot-2021-11-22-at-10-15-53-PM_png.rf.46650c535dcd1dae0120df2f37bf8cbe.jpg,C:\Users\venka\Documents\Project\data\processed\train\clubbing\Screen-Shot-2021-11-22-at-10-15-53-PM_png.rf.46650c535dcd1dae0120df2f37bf8cbe.jpg,815a3ea5d29d4d9a
train,clubbing,Screen-Shot-2021-11-22-at-10-15-53-PM_png.rf.60f0bff241be8037ff0dc35da627b2c7.jpg,C:\Users\venka\Documents\Project\data\processed\train\clubbing\Screen-Shot-2021-11-22-at-10-15-53-PM_png.rf.60f0bff241be8037ff0dc35da627b2c7.jpg,c0e869c61fcb3c69
train,clubbing,Screen-Shot-2021-11-22-at-10-15-53-PM_png.rf.8bc066031385bfdc7c8addb714e5a54c.jpg,C:\Users\venka\Documents\Project\data\processed\train\clubbing\Screen-Shot-2021-11-22-at-10-15-53-PM_png.rf.8bc066031385bfdc7c8addb714e5a54c.jpg,c097e53d2d8b3c0d
train,clubbing,Screen-Shot-2021-11-22-at-10-15-58-PM_png.rf.64caedb0ee820c9871ef0715a4708a4c.jpg,C:\Users\venka\Documents\Project\data\processed\train\clubbing\Screen-Shot-2021-11-22-at-10-15-58-PM_png.rf.64caedb0ee820c9871ef0715a4708a4c.jpg,8b8a54256f19637e
train,clubbing,Screen-Shot-2021-11-22-at-10-15-58-PM_png.rf.d7fbb6f2f68f8299b56046c542b0aa65.jpg,C:\Users\venka\Documents\Project\data\processed\train\clubbing\Screen-Shot-2021-11-22-at-10-15-58-PM_png.rf.d7fbb6f2f68f8299b56046c542b0aa65.jpg,df3730da03c906e6
train,clubbing,Screen-Shot-2021-11-22-at-10-15-58-PM_png.rf.f96d0148eab7a57f20129b5936cbc58e.jpg,C:\Users\venka\Documents\Project\data\processed\train\clubbing\Screen-Shot-2021-11-22-at-10-15-58-PM_png.rf.f96d0148eab7a57f20129b5936cbc58e.jpg,c13b356c49976e91
train,clubbing,Screen-Shot-2021-11-22-at-10-16-56-PM_png.rf.43a6071a86e61e4c0e6051e16df0cee6.jpg,C:\Users\venka\Documents\Project\data\processed\train\clubbing\Screen-Shot-2021-11-22-at-10-16-56-PM_png.rf.43a6071a86e61e4c0e6051e16df0cee6.jpg,c09f179a3f993a48
train,clubbing,Screen-Shot-2021-11-22-at-10-16-56-PM_png.rf.52cced9718ef4ae3ef5d5ab6ef0b5626.jpg,C:\Users\venka\Documents\Project\data\processed\train\clubbing\Screen-Shot-2021-11-22-at-10-16-56-PM_png.rf.52cced9718ef4ae3ef5d5ab6ef0b5626.jpg,80e061c047cf7fcf
train,clubbing,Screen-Shot-2021-11-22-at-10-16-56-PM_png.rf.77b7074b9d4afd5502678c6ec96accb0.jpg,C:\Users\venka\Documents\Project\data\processed\train\clubbing\Screen-Shot-2021-11-22-at-10-16-56-PM_png.rf.77b7074b9d4afd5502678c6ec96accb0.jpg,d53f3f961e085819
train,clubbing,Screen-Shot-2021-11-22-at-4-55-14-PM_png.rf.510cb113fdbf9563b1f9793a1f949948.jpg,C:\Users\venka\Documents\Project\data\processed\train\clubbing\Screen-Shot-2021-11-22-at-4-55-14-PM_png.rf.510cb113fdbf9563b1f9793a1f949948.jpg,d54a15b9389f01f5
train,clubbing,Screen-Shot-2021-11-22-at-4-55-14-PM_png.rf.be798a89eef3587bba9348c168946514.jpg,C:\Users\venka\Documents\Project\data\processed\train\clubbing\Screen-Shot-2021-11-22-at-4-55-14-PM_png.rf.be798a89eef3587bba9348c168946514.jpg,8a5d451e9538cfa5
train,clubbing,Screen-Shot-2021-11-22-at-4-55-22-PM_png.rf.702d2af664a865d2f7a341cabddcbcea.jpg,C:\Users\venka\Documents\Project\data\processed\train\clubbing\Screen-Shot-2021-11-22-at-4-55-22-PM_png.rf.702d2af664a865d2f7a341cabddcbcea.jpg,d41f013d0b970f8f
train,clubbing,Screen-Shot-2021-11-22-at-4-55-25-PM_png.rf.3036323c6df4fe44efb6594c92a060f8.jpg,C:\Users\venka\Documents\Project\data\processed\train\clubbing\Screen-Shot-2021-11-22-at-4-55-25-PM_png.rf.3036323c6df4fe44efb6594c92a060f8.jpg,807dcf3cc728178d
train,clubbing,Screen-Shot-2021-11-22-at-4-55-25-PM_png.rf.b5f5490c95c3d75e0c04f76fbe84ca8d.jpg,C:\Users\venka\Documents\Project\data\processed\train\clubbing\Screen-Shot-2021-11-22-at-4-55-25-PM_png.rf.b5f5490c95c3d75e0c04f76fbe84ca8d.jpg,fde5c18ace07081f
train,clubbing,Screen-Shot-2021-11-22-at-5-01-12-PM_png.rf.a1804c3258830603670b1a6e9e49081e.jpg,C:\Users\venka\Documents\Project\data\processed\train\clubbing\Screen-Shot-2021-11-22-at-5-01-12-PM_png.rf.a1804c3258830603670b1a6e9e49081e.jpg,aaa3358539592f6a
train,clubbing,Screen-Shot-2021-11-22-at-5-01-19-PM_png.rf.2ed3c2fddad2a39c24199a294710eeac.jpg,C:\Users\venka\Documents\Project\data\processed\train\clubbing\Screen-Shot-2021-11-22-at-5-01-19-PM_png.rf.2ed3c2fddad2a39c24199a294710eeac.jpg,d5ed20d04a0a7b3f
train,clubbing,Screen-Shot-2021-11-22-at-5-01-19-PM_png.rf.81dae7add76893255615bf9d141f1cda.jpg,C:\Users\venka\Documents\Project\data\processed\train\clubbing\Screen-Shot-2021-11-22-at-5-01-19-PM_png.rf.81dae7add76893255615bf9d141f1cda.jpg,c73894c7c394ce93
train,clubbing,Screen-Shot-2021-11-22-at-5-01-19-PM_png.rf.e02a35c16342386e578f067cbda6f88b.jpg,C:\Users\venka\Documents\Project\data\processed\train\clubbing\Screen-Shot-2021-11-22-at-5-01-19-PM_png.rf.e02a35c16342386e578f067cbda6f88b.jpg,ed3d00c03fcab768
train,clubbing,Screen-Shot-2021-11-22-at-5-01-21-PM_png.rf.60399531cbaf13608b8ea4fcea94b80b.jpg,C:\Users\venka\Documents\Project\data\processed\train\clubbing\Screen-Shot-2021-11-22-at-5-01-21-PM_png.rf.60399531cbaf13608b8ea4fcea94b80b.jpg,d0372d3c6d9265d2
train,clubbing,Screen-Shot-2021-11-22-at-5-01-21-PM_png.rf.f457a6a791e7f8fdbc2f2cb46b87fc44.jpg,C:\Users\venka\Documents\Project\data\processed\train\clubbing\Screen-Shot-2021-11-22-at-5-01-21-PM_png.rf.f457a6a791e7f8fdbc2f2cb46b87fc44.jpg,a5a5549e3b626761
train,clubbing,Screen-Shot-2021-11-22-at-5-07-16-PM_png.rf.0104ef0994e48e5bfa10a778a06818b7.jpg,C:\Users\venka\Documents\Project\data\processed\train\clubbing\Screen-Shot-2021-11-22-at-5-07-16-PM_png.rf.0104ef0994e48e5bfa10a778a06818b7.jpg,85b170966a966f93
train,clubbing,Screen-Shot-2021-11-22-at-5-07-16-PM_png.rf.7a13aa6928207f1d5ca1c3ca148da461.jpg,C:\Users\venka\Documents\Project\data\processed\train\clubbing\Screen-Shot-2021-11-22-at-5-07-16-PM_png.rf.7a13aa6928207f1d5ca1c3ca148da461.jpg,dca863d717431a36
train,clubbing,Screen-Shot-2021-11-22-at-5-07-16-PM_png.rf.fa5a7a93381b7086129564efaa1f4ef1.jpg,C:\Users\venka\Documents\Project\data\processed\train\clubbing\Screen-Shot-2021-11-22-at-5-07-16-PM_png.rf.fa5a7a93381b7086129564efaa1f4ef1.jpg,95c06a8e6b8f629d
train,clubbing,Screen-Shot-2021-11-22-at-5-07-28-PM_png.rf.13ed3551c9d8d21404c0d87d636a02a0.jpg,C:\Users\venka\Documents\Project\data\processed\train\clubbing\Screen-Shot-2021-11-22-at-5-07-28-PM_png.rf.13ed3551c9d8d21404c0d87d636a02a0.jpg,c07f3f800f45a47b
train,clubbing,Screen-Shot-2021-11-22-at-5-07-28-PM_png.rf.46d6d2211e8135818c22553b5b15368e.jpg,C:\Users\venka\Documents\Project\data\processed\train\clubbing\Screen-Shot-2021-11-22-at-5-07-28-PM_png.rf.46d6d2211e8135818c22553b5b15368e.jpg,c060341f2f9f4f87
train,clubbing,Screen-Shot-2021-11-22-at-5-07-28-PM_png.rf.be4c397c48494853cbe76704d1bb6167.jpg,C:\Users\venka\Documents\Project\data\processed\train\clubbing\Screen-Shot-2021-11-22-at-5-07-28-PM_png.rf.be4c397c48494853cbe76704d1bb6167.jpg,92ca6d6c0d2d2d2f
train,clubbing,Screen-Shot-2021-11-22-at-5-07-31-PM_png.rf.24934040773d8636b6b45c309c4ac516.jpg,C:\Users\venka\Documents\Project\data\processed\train\clubbing\Screen-Shot-2021-11-22-at-5-07-31-PM_png.rf.24934040773d8636b6b45c309c4ac516.jpg,d0856f624f5a4e6c
train,clubbing,Screen-Shot-2021-11-22-at-5-07-31-PM_png.rf.4853f4b04f35e3165371abb434d32378.jpg,C:\Users\venka\Documents\Project\data\processed\train\clubbing\Screen-Shot-2021-11-22-at-5-07-31-PM_png.rf.4853f4b04f35e3165371abb434d32378.jpg,c7d06aa55a966a8e
train,clubbing,Screen-Shot-2021-11-22-at-5-07-31-PM_png.rf.6132532d130cfc42aefb068bd81cd0b6.jpg,C:\Users\venka\Documents\Project\data\processed\train\clubbing\Screen-Shot-2021-11-22-at-5-07-31-PM_png.rf.6132532d130cfc42aefb068bd81cd0b6.jpg,cd7a354d2394ea91
train,clubbing,Screen-Shot-2021-11-22-at-5-08-48-PM_png.rf.23532ba80e992fecbf2d45043091f7a0.jpg,C:\Users\venka\Documents\Project\data\processed\train\clubbing\Screen-Shot-2021-11-22-at-5-08-48-PM_png.rf.23532ba80e992fecbf2d45043091f7a0.jpg,98e663116e9b84af
train,clubbing,Screen-Shot-2021-11-22-at-5-08-48-PM_png.rf.251a30729015be2964f25950f7c3a709.jpg,C:\Users\venka\Documents\Project\data\processed\train\clubbing\Screen-Shot-2021-11-22-at-5-08-48-PM_png.rf.251a30729015be2964f25950f7c3a709.jpg,c5953b2e316a487b
train,clubbing,Screen-Shot-2021-11-22-at-5-24-38-PM_png.rf.3a6eaba7d31a7b472db53c5b939cdd72.jpg,C:\Users\venka\Documents\Project\data\processed\train\clubbing\Screen-Shot-2021-11-22-at-5-24-38-PM_png.rf.3a6eaba7d31a7b472db53c5b939cdd72.jpg,902ad6f40fe12ed3
train,clubbing,Screen-Shot-2021-11-22-at-5-24-38-PM_png.rf.56f9255f5e76cdae0bb39f156a2e748b.jpg,C:\Users\venka\Documents\Project\data\processed\train\clubbing\Screen-Shot-2021-11-22-at-5-24-38-PM_png.rf.56f9255f5e76cdae0bb39f156a2e748b.jpg,fd2e00c00adf0fd7
train,clubbing,Screen-Shot-2021-11-22-at-5-24-38-PM_png.rf.9d954f6ffea441abfd1ce763e8d39417.jpg,C:\Users\venka\Documents\Project\data\processed\train\clubbing\Screen-Shot-2021-11-22-at-5-24-38-PM_png.rf.9d954f6ffea441abfd1ce763e8d39417.jpg,a5aad6954a9a72c9
train,clubbing,Screen-Shot-2021-11-22-at-8-05-33-AM_png.rf.afb73a25e6c62ac54feeeae7f12ec942.jpg,C:\Users\venka\Documents\Project\data\processed\train\clubbing\Screen-Shot-2021-11-22-at-8-05-33-AM_png.rf.afb73a25e6c62ac54feeeae7f12ec942.jpg,d0e860d5771e6a3a
train,clubbing,Screen-Shot-2021-11-22-at-8-05-33-AM_png.rf.bff4419b3ee22a87661cb7655e2af95c.jpg,C:\Users\venka\Documents\Project\data\processed\train\clubbing\Screen-Shot-2021-11-22-at-8-05-33-AM_png.rf.bff4419b3ee22a87661cb7655e2af95c.jpg,b0824dfc4f10fc2f
train,clubbing,Screen-Shot-2021-11-22-at-8-07-43-AM_png.rf.46ce72c3ceb7977247f31cd6fcac62e1.jpg,C:\Users\venka\Documents\Project\data\processed\train\clubbing\Screen-Shot-2021-11-22-at-8-07-43-AM_png.rf.46ce72c3ceb7977247f31cd6fcac62e1.jpg,956a3ee83c18b49b
train,clubbing,Screen-Shot-2021-11-22-at-8-07-43-AM_png.rf.924b836aa0df5421ee6a1e1d2d235b05.jpg,C:\Users\venka\Documents\Project\data\processed\train\clubbing\Screen-Shot-2021-11-22-at-8-07-43-AM_png.rf.924b836aa0df5421ee6a1e1d2d235b05.jpg,d4c02b526e3fb135
train,clubbing,Screen-Shot-2021-11-22-at-8-07-43-AM_png.rf.f49993e3b3ffdde6240201f8b2d97b74.jpg,C:\Users\venka\Documents\Project\data\processed\train\clubbing\Screen-Shot-2021-11-22-at-8-07-43-AM_png.rf.f49993e3b3ffdde6240201f8b2d97b74.jpg,85d86c6a68c76b66
train,clubbing,Screen-Shot-2021-11-22-at-8-07-54-AM_png.rf.3d9176d305eb4f38df4b6c7354dca37f.jpg,C:\Users\venka\Documents\Project\data\processed\train\clubbing\Screen-Shot-2021-11-22-at-8-07-54-AM_png.rf.3d9176d305eb4f38df4b6c7354dca37f.jpg,d0853d9325ec2dce
train,clubbing,Screen-Shot-2021-11-22-at-8-07-54-AM_png.rf.4f64c01036316b4eb06c15c455663488.jpg,C:\Users\venka\Documents\Project\data\processed\train\clubbing\Screen-Shot-2021-11-22-at-8-07-54-AM_png.rf.4f64c01036316b4eb06c15c455663488.jpg,d00d79e425f325d3
train,clubbing,Screen-Shot-2021-11-22-at-8-09-11-AM_png.rf.5772ffc952ffe3aef14b60b71acf57ac.jpg,C:\Users\venka\Documents\Project\data\processed\train\clubbing\Screen-Shot-2021-11-22-at-8-09-11-AM_png.rf.5772ffc952ffe3aef14b60b71acf57ac.jpg,85d456a34a97499f
train,clubbing,Screen-Shot-2021-11-22-at-8-09-11-AM_png.rf.8ce99b8042b1c68a54589d4adb8de268.jpg,C:\Users\venka\Documents\Project\data\processed\train\clubbing\Screen-Shot-2021-11-22-at-8-09-11-AM_png.rf.8ce99b8042b1c68a54589d4adb8de268.jpg,c05a269e1e2d3b2f
train,clubbing,Screen-Shot-2021-11-22-at-8-09-11-AM_png.rf.cd63c0aef976164a6aa9d87ec6fbeee7.jpg,C:\Users\venka\Documents\Project\data\processed\train\clubbing\Screen-Shot-2021-11-22-at-8-09-11-AM_png.rf.cd63c0aef976164a6aa9d87ec6fbeee7.jpg,d47e3b090d254d2f
train,clubbing,Screen-Shot-2021-11-22-at-8-09-17-AM_png.rf.29b96035151ff1fc45952055cfe745e2.jpg,C:\Users\venka\Documents\Project\data\processed\train\clubbing\Screen-Shot-2021-11-22-at-8-09-17-AM_png.rf.29b96035151ff1fc45952055cfe745e2.jpg,991d402a4e277afe
train,clubbing,Screen-Shot-2021-11-22-at-8-09-17-AM_png.rf.6a6e453efa428e70085d0556a4215a0a.jpg,C:\Users\venka\Documents\Project\data\processed\train\clubbing\Screen-Shot-2021-11-22-at-8-09-17-AM_png.rf.6a6e453efa428e70085d0556a4215a0a.jpg,80ff671c1e623b0e
train,clubbing,Screen-Shot-2021-11-22-at-8-09-22-AM_png.rf.2cf5a9a8d061280297b9647de4c246de.jpg,C:\Users\venka\Documents\Project\data\processed\train\clubbing\Screen-Shot-2021-11-22-at-8-09-22-AM_png.rf.2cf5a9a8d061280297b9647de4c246de.jpg,85d45e8b1f251e0f
train,clubbing,Screen-Shot-2021-11-22-at-8-09-22-AM_png.rf.3fb10949365457ee6ca72d36cf63855a.jpg,C:\Users\venka\Documents\Project\data\processed\train\clubbing\Screen-Shot-2021-11-22-at-8-09-22-AM_png.rf.3fb10949365457ee6ca72d36cf63855a.jpg,a4471b185ed358be
train,clubbing,Screen-Shot-2021-11-22-at-8-09-22-AM_png.rf.a0fbdbf4f483c608abce73ab4c53fec4.jpg,C:\Users\venka\Documents\Project\data\processed\train\clubbing\Screen-Shot-2021-11-22-at-8-09-22-AM_png.rf.a0fbdbf4f483c608abce73ab4c53fec4.jpg,c02b684f97986e67
train,clubbing,Screen-Shot-2021-11-22-at-8-09-39-AM_png.rf.36e48865673d6fdd14f0d5de82914d7b.jpg,C:\Users\venka\Documents\Project\data\processed\train\clubbing\Screen-Shot-2021-11-22-at-8-09-39-AM_png.rf.36e48865673d6fdd14f0d5de82914d7b.jpg,80c0f0a5cf97fcb1
train,clubbing,Screen-Shot-2021-11-22-at-8-09-39-AM_png.rf.d619954e9e0d766c09e4c5a9133eeed2.jpg,C:\Users\venka\Documents\Project\data\processed\train\clubbing\Screen-Shot-2021-11-22-at-8-09-39-AM_png.rf.d619954e9e0d766c09e4c5a9133eeed2.jpg,d56a724d587c296a
train,clubbing,Screen-Shot-2021-11-22-at-8-09-39-AM_png.rf.e090767ab576d918bff677046872f4a8.jpg,C:\Users\venka\Documents\Project\data\processed\train\clubbing\Screen-Shot-2021-11-22-at-8-09-39-AM_png.rf.e090767ab576d918bff677046872f4a8.jpg,d520425d47fd4376
train,clubbing,Screen-Shot-2021-11-22-at-8-09-47-AM_png.rf.3f712c2b3e385c27273da765ac989ec6.jpg,C:\Users\venka\Documents\Project\data\processed\train\clubbing\Screen-Shot-2021-11-22-at-8-09-47-AM_png.rf.3f712c2b3e385c27273da765ac989ec6.jpg,c0af363dd4d612d2
train,clubbing,Screen-Shot-2021-11-22-at-8-09-47-AM_png.rf.4cb65d1c71bad59b11d1e97c4ea4e8c3.jpg,C:\Users\venka\Documents\Project\data\processed\train\clubbing\Screen-Shot-2021-11-22-at-8-09-47-AM_png.rf.4cb65d1c71bad59b11d1e97c4ea4e8c3.jpg,dd3a7045407f427e
train,clubbing,Screen-Shot-2021-11-22-at-8-09-53-AM_png.rf.60c3534b1236348483ec777b5be5c29a.jpg,C:\Users\venka\Documents\Project\data\processed\train\clubbing\Screen-Shot-2021-11-22-at-8-09-53-AM_png.rf.60c3534b1236348483ec777b5be5c29a.jpg,d50a353fd2990b2d
train,clubbing,Screen-Shot-2021-11-22-at-8-09-53-AM_png.rf.6b1d6040f118decb75895f9e9a6c88cd.jpg,C:\Users\venka\Documents\Project\data\processed\train\clubbing\Screen-Shot-2021-11-22-at-8-09-53-AM_png.rf.6b1d6040f118decb75895f9e9a6c88cd.jpg,dd2565930a9f0e1d
train,clubbing,Screen-Shot-2021-11-22-at-8-09-53-AM_png.rf.b47f7574091f268ac0b4727daf7481da.jpg,C:\Users\venka\Documents\Project\data\processed\train\clubbing\Screen-Shot-2021-11-22-at-8-09-53-AM_png.rf.b47f7574091f268ac0b4727daf7481da.jpg,88bf7786558c658c
train,clubbing,Screen-Shot-2021-11-22-at-8-10-03-AM_png.rf.28ab50041dbe88380d55316ac27f56cc.jpg,C:\Users\venka\Documents\Project\data\processed\train\clubbing\Screen-Shot-2021-11-22-at-8-10-03-AM_png.rf.28ab50041dbe88380d55316ac27f56cc.jpg,915f4b9827626d6a
train,clubbing,Screen-Shot-2021-11-22-at-8-10-03-AM_png.rf.8c4b704044a5956345c72cb003ecada2.jpg,C:\Users\venka\Documents\Project\data\processed\train\clubbing\Screen-Shot-2021-11-22-at-8-10-03-AM_png.rf.8c4b704044a5956345c72cb003ecada2.jpg,80d2748bc9ed17ba
train,clubbing,Screen-Shot-2021-11-22-at-8-10-03-AM_png.rf.c164e04635c299e89f23ec1bc6c64405.jpg,C:\Users\venka\Documents\Project\data\processed\train\clubbing\Screen-Shot-2021-11-22-at-8-10-03-AM_png.rf.c164e04635c299e89f23ec1bc6c64405.jpg,813f609c15ea576b
train,clubbing,Screen-Shot-2021-11-22-at-8-13-50-AM_png.rf.a30fb928a92b222e8be06a246f83c04f.jpg,C:\Users\venka\Documents\Project\data\processed\train\clubbing\Screen-Shot-2021-11-22-at-8-13-50-AM_png.rf.a30fb928a92b222e8be06a246f83c04f.jpg,91234bcd4b4e3c7c
train,clubbing,Screen-Shot-2021-11-22-at-8-16-08-AM_png.rf.11e49ae28153daf5468e48551cf75e58.jpg,C:\Users\venka\Documents\Project\data\processed\train\clubbing\Screen-Shot-2021-11-22-at-8-16-08-AM_png.rf.11e49ae28153daf5468e48551cf75e58.jpg,95706aaf1d9c16b8
train,clubbing,Screen-Shot-2021-11-22-at-8-16-08-AM_png.rf.1a63309e0dab955ad52e58f42822c1c1.jpg,C:\Users\venka\Documents\Project\data\processed\train\clubbing\Screen-Shot-2021-11-22-at-8-16-08-AM_png.rf.1a63309e0dab955ad52e58f42822c1c1.jpg,d46868e1356f330f
train,clubbing,Screen-Shot-2021-11-22-at-8-16-08-AM_png.rf.563c62bfb91c2241598fef7c97880904.jpg,C:\Users\venka\Documents\Project\data\processed\train\clubbing\Screen-Shot-2021-11-22-at-8-16-08-AM_png.rf.563c62bfb91c2241598fef7c97880904.jpg,95726cc321ca3b4f
train,clubbing,Screen-Shot-2021-11-22-at-8-16-17-AM_png.rf.5855d82f83202ced34e0efce1bd83b94.jpg,C:\Users\venka\Documents\Project\data\processed\train\clubbing\Screen-Shot-2021-11-22-at-8-16-17-AM_png.rf.5855d82f83202ced34e0efce1bd83b94.jpg,d5973e8568852a97
train,clubbing,Screen-Shot-2021-11-22-at-8-16-17-AM_png.rf.6e7801da755efa83b219e18aa8d21038.jpg,C:\Users\venka\Documents\Project\data\processed\train\clubbing\Screen-Shot-2021-11-22-at-8-16-17-AM_png.rf.6e7801da755efa83b219e18aa8d21038.jpg,80ca3f7475d076ca
train,clubbing,Screen-Shot-2021-11-22-at-8-16-17-AM_png.rf.ebcee8b7725e7f6e8f02729bbeda417d.jpg,C:\Users\venka\Documents\Project\data\processed\train\clubbing\Screen-Shot-2021-11-22-at-8-16-17-AM_png.rf.ebcee8b7725e7f6e8f02729bbeda417d.jpg,d07f2e9e343a430b
train,clubbing,Screen-Shot-2021-11-22-at-8-17-06-AM_png.rf.4e51959ce83cbb27421d822ed978f56a.jpg,C:\Users\venka\Documents\Project\data\processed\train\clubbing\Screen-Shot-2021-11-22-at-8-17-06-AM_png.rf.4e51959ce83cbb27421d822ed978f56a.jpg,c5022ffe520b4e7a
train,clubbing,Screen-Shot-2021-11-22-at-8-17-06-AM_png.rf.7579d85b1f7ad1037106339324e6e53c.jpg,C:\Users\venka\Documents\Project\data\processed\train\clubbing\Screen-Shot-2021-11-22-at-8-17-06-AM_png.rf.7579d85b1f7ad1037106339324e6e53c.jpg,d19428fa36ed2aca
train,clubbing,Screen-Shot-2021-11-22-at-8-17-11-AM_png.rf.5edcff45f6e1e600c8a2a3ed03071211.jpg,C:\Users\venka\Documents\Project\data\processed\train\clubbing\Screen-Shot-2021-11-22-at-8-17-11-AM_png.rf.5edcff45f6e1e600c8a2a3ed03071211.jpg,944214cf17df21de
train,clubbing,Screen-Shot-2021-11-22-at-8-17-11-AM_png.rf.920d0cb406d69019a3bd8609cf7e95b9.jpg,C:\Users\venka\Documents\Project\data\processed\train\clubbing\Screen-Shot-2021-11-22-at-8-17-11-AM_png.rf.920d0cb406d69019a3bd8609cf7e95b9.jpg,819567a85f812b9f
train,clubbing,Screen-Shot-2021-11-22-at-8-18-11-AM_png.rf.2680d639ba426a4593ffe3be179c7b74.jpg,C:\Users\venka\Documents\Project\data\processed\train\clubbing\Screen-Shot-2021-11-22-at-8-18-11-AM_png.rf.2680d639ba426a4593ffe3be179c7b74.jpg,956ac2c20b6b6f78
train,clubbing,Screen-Shot-2021-11-22-at-8-18-11-AM_png.rf.85c6f566eddf29e4a77366e6b4c15b2b.jpg,C:\Users\venka\Documents\Project\data\processed\train\clubbing\Screen-Shot-2021-11-22-at-8-18-11-AM_png.rf.85c6f566eddf29e4a77366e6b4c15b2b.jpg,b56240623f8d3e97
train,clubbing,Screen-Shot-2021-11-22-at-8-18-11-AM_png.rf.d2b201d1291b20533e7b1bd8acb0e94c.jpg,C:\Users\venka\Documents\Project\data\processed\train\clubbing\Screen-Shot-2021-11-22-at-8-18-11-AM_png.rf.d2b201d1291b20533e7b1bd8acb0e94c.jpg,c1d09f2b5c2d1b35
train,clubbing,Screen-Shot-2021-11-22-at-8-19-19-AM_png.rf.71db379ded482f8a428e786efe26b427.jpg,C:\Users\venka\Documents\Project\data\processed\train\clubbing\Screen-Shot-2021-11-22-at-8-19-19-AM_png.rf.71db379ded482f8a428e786efe26b427.jpg,c12c1fd64d52d64d
train,clubbing,Screen-Shot-2021-11-22-at-8-19-19-AM_png.rf.8708b104a1420d7d94526f1c6adfbfd9.jpg,C:\Users\venka\Documents\Project\data\processed\train\clubbing\Screen-Shot-2021-11-22-at-8-19-19-AM_png.rf.8708b104a1420d7d94526f1c6adfbfd9.jpg,c04f1fcc1bf459e0
train,clubbing,Screen-Shot-2021-11-22-at-8-19-19-AM_png.rf.be200cda18640c5271917576c4699ddf.jpg,C:\Users\venka\Documents\Project\data\processed\train\clubbing\Screen-Shot-2021-11-22-at-8-19-19-AM_png.rf.be200cda18640c5271917576c4699ddf.jpg,e0e054f197e529c7
train,clubbing,Screen-Shot-2021-11-22-at-8-19-28-AM_png.rf.3efd23a92078a06810eb95f4e4028450.jpg,C:\Users\venka\Documents\Project\data\processed\train\clubbing\Screen-Shot-2021-11-22-at-8-19-28-AM_png.rf.3efd23a92078a06810eb95f4e4028450.jpg,d5b422c90b4b1f7a
train,clubbing,Screen-Shot-2021-11-22-at-8-19-34-AM_png.rf.5ec85b4412ff60040a426d7eb85150b9.jpg,C:\Users\venka\Documents\Project\data\processed\train\clubbing\Screen-Shot-2021-11-22-at-8-19-34-AM_png.rf.5ec85b4412ff60040a426d7eb85150b9.jpg,929a4b3d653827d9
train,clubbing,Screen-Shot-2021-11-22-at-8-19-34-AM_png.rf.63741e3b09cdb499eeb5af8c92c7c70b.jpg,C:\Users\venka\Documents\Project\data\processed\train\clubbing\Screen-Shot-2021-11-22-at-8-19-34-AM_png.rf.63741e3b09cdb499eeb5af8c92c7c70b.jpg,c5a53ff26019628f
train,clubbing,Screen-Shot-2021-11-22-at-8-19-34-AM_png.rf.e80ff716c39bcc71ee880c1ed968467b.jpg,C:\Users\venka\Documents\Project\data\processed\train\clubbing\Screen-Shot-2021-11-22-at-8-19-34-AM_png.rf.e80ff716c39bcc71ee880c1ed968467b.jpg,c51f5a811e877a87
train,clubbing,Screen-Shot-2021-11-22-at-8-20-40-AM_png.rf.1e74f582b04bb9e2de86db913584fb1d.jpg,C:\Users\venka\Documents\Project\data\processed\train\clubbing\Screen-Shot-2021-11-22-at-8-20-40-AM_png.rf.1e74f582b04bb9e2de86db913584fb1d.jpg,c5ca38b526b57156
train,clubbing,Screen-Shot-2021-11-22-at-8-20-40-AM_png.rf.7432815a827b5294d2195f99fc6cc769.jpg,C:\Users\venka\Documents\Project\data\processed\train\clubbing\Screen-Shot-2021-11-22-at-8-20-40-AM_png.rf.7432815a827b5294d2195f99fc6cc769.jpg,916a6462b4e5bba6
train,clubbing,Screen-Shot-2021-11-22-at-8-22-42-AM_png.rf.bfa69424624dc943caca219c35d4eed5.jpg,C:\Users\venka\Documents\Project\data\processed\train\clubbing\Screen-Shot-2021-11-22-at-8-22-42-AM_png.rf.bfa69424624dc943caca219c35d4eed5.jpg,d595644a6a2b1b3e
train,clubbing,Screen-Shot-2021-11-22-at-8-22-42-AM_png.rf.c0bf666df9f4552b555105ed4a378443.jpg,C:\Users\venka\Documents\Project\data\processed\train\clubbing\Screen-Shot-2021-11-22-at-8-22-42-AM_png.rf.c0bf666df9f4552b555105ed4a378443.jpg,c580425f5f5d487d
train,clubbing,Screen-Shot-2021-11-22-at-8-22-58-AM_png.rf.44b803e1f3a741744de81ba9047aeedb.jpg,C:\Users\venka\Documents\Project\data\processed\train\clubbing\Screen-Shot-2021-11-22-at-8-22-58-AM_png.rf.44b803e1f3a741744de81ba9047aeedb.jpg,80d0659d77ad57a4
train,clubbing,Screen-Shot-2021-11-22-at-8-22-58-AM_png.rf.512df50916b05d83828e2c1a002f4b03.jpg,C:\Users\venka\Documents\Project\data\processed\train\clubbing\Screen-Shot-2021-11-22-at-8-22-58-AM_png.rf.512df50916b05d83828e2c1a002f4b03.jpg,80d57faa47b34781
train,clubbing,Screen-Shot-2021-11-22-at-8-23-26-AM_png.rf.6964860e4a2f7969a512c5c2c441b4fe.jpg,C:\Users\venka\Documents\Project\data\processed\train\clubbing\Screen-Shot-2021-11-22-at-8-23-26-AM_png.rf.6964860e4a2f7969a512c5c2c441b4fe.jpg,81f57f0a2a0b2f2e
train,clubbing,Screen-Shot-2021-11-22-at-8-23-26-AM_png.rf.b44b4d57b05bed38bd1e04e905b96d15.jpg,C:\Users\venka\Documents\Project\data\processed\train\clubbing\Screen-Shot-2021-11-22-at-8-23-26-AM_png.rf.b44b4d57b05bed38bd1e04e905b96d15.jpg,d0d4c7870f8f4e94
train,clubbing,Screen-Shot-2021-11-22-at-8-24-20-AM_png.rf.c88ee0fe4ab2df72ae20248ac3a8c6c6.jpg,C:\Users\venka\Documents\Project\data\processed\train\clubbing\Screen-Shot-2021-11-22-at-8-24-20-AM_png.rf.c88ee0fe4ab2df72ae20248ac3a8c6c6.jpg,80e3373d71b27683
train,clubbing,Screen-Shot-2021-11-22-at-8-24-28-AM_png.rf.0e2b3eb1e8c3a6b546668bdf6fb4949f.jpg,C:\Users\venka\Documents\Project\data\processed\train\clubbing\Screen-Shot-2021-11-22-at-8-24-28-AM_png.rf.0e2b3eb1e8c3a6b546668bdf6fb4949f.jpg,c12d32d24bda5dd8
train,clubbing,Screen-Shot-2021-11-22-at-8-24-28-AM_png.rf.e26352706172b6fa4915ae5ca8970b4a.jpg,C:\Users\venka\Documents\Project\data\processed\train\clubbing\Screen-Shot-2021-11-22-at-8-24-28-AM_png.rf.e26352706172b6fa4915ae5ca8970b4a.jpg,95856a1f1b362e65
train,clubbing,Screen-Shot-2021-11-22-at-8-25-39-AM_png.rf.62b93d35575334116907b058c6233e4d.jpg,C:\Users\venka\Documents\Project\data\processed\train\clubbing\Screen-Shot-2021-11-22-at-8-25-39-AM_png.rf.62b93d35575334116907b058c6233e4d.jpg,c02571d80bda0ffb
train,clubbing,Screen-Shot-2021-11-22-at-8-25-39-AM_png.rf.ef8da4dc57f8a179f082badeea8bb8e2.jpg,C:\Users\venka\Documents\Project\data\processed\train\clubbing\Screen-Shot-2021-11-22-at-8-25-39-AM_png.rf.ef8da4dc57f8a179f082badeea8bb8e2.jpg,c0bf34143fe03fe0
train,clubbing,Screen-Shot-2021-11-22-at-8-25-39-AM_png.rf.fba8acc2b0b5e9dcf345e7e6bc9675af.jpg,C:\Users\venka\Documents\Project\data\processed\train\clubbing\Screen-Shot-2021-11-22-at-8-25-39-AM_png.rf.fba8acc2b0b5e9dcf345e7e6bc9675af.jpg,9272275a9f29872d
train,clubbing,Screen-Shot-2021-11-22-at-8-26-00-AM_png.rf.3b5af8d186489034e15c9267b2410cf7.jpg,C:\Users\venka\Documents\Project\data\processed\train\clubbing\Screen-Shot-2021-11-22-at-8-26-00-AM_png.rf.3b5af8d186489034e15c9267b2410cf7.jpg,95b570954a6c6b6a
train,clubbing,Screen-Shot-2021-11-22-at-8-26-00-AM_png.rf.a56ab189d9ad859eb32ad746731e8c12.jpg,C:\Users\venka\Documents\Project\data\processed\train\clubbing\Screen-Shot-2021-11-22-at-8-26-00-AM_png.rf.a56ab189d9ad859eb32ad746731e8c12.jpg,d0d067179e1f1b19
train,clubbing,Screen-Shot-2021-11-22-at-8-26-08-AM_png.rf.465d6a464857ec465b9ac7aef3b3f4f2.jpg,C:\Users\venka\Documents\Project\data\processed\train\clubbing\Screen-Shot-2021-11-22-at-8-26-08-AM_png.rf.465d6a464857ec465b9ac7aef3b3f4f2.jpg,995366ac59279ad8
train,clubbing,Screen-Shot-2021-11-22-at-8-26-15-AM_png.rf.0802667b091d0712988a57488eca5e5b.jpg,C:\Users\venka\Documents\Project\data\processed\train\clubbing\Screen-Shot-2021-11-22-at-8-26-15-AM_png.rf.0802667b091d0712988a57488eca5e5b.jpg,f5000afb0ff5d470
train,clubbing,Screen-Shot-2021-11-22-at-8-26-15-AM_png.rf.dbcd634b593b8eb539a24a314f9adf27.jpg,C:\Users\venka\Documents\Project\data\processed\train\clubbing\Screen-Shot-2021-11-22-at-8-26-15-AM_png.rf.dbcd634b593b8eb539a24a314f9adf27.jpg,c0c03f277fbf8070
train,clubbing,Screen-Shot-2021-11-22-at-8-28-06-AM_png.rf.58ca8017185320b5e3b6a88ac0d6f567.jpg,C:\Users\venka\Documents\Project\data\processed\train\clubbing\Screen-Shot-2021-11-22-at-8-28-06-AM_png.rf.58ca8017185320b5e3b6a88ac0d6f567.jpg,d5772a2a683c61bc
train,clubbing,Screen-Shot-2021-11-22-at-8-28-06-AM_png.rf.dd9d0a084d8657cdf2495e3b007f4813.jpg,C:\Users\venka\Documents\Project\data\processed\train\clubbing\Screen-Shot-2021-11-22-at-8-28-06-AM_png.rf.dd9d0a084d8657cdf2495e3b007f4813.jpg,85d47f827883259f
train,clubbing,Screen-Shot-2021-11-22-at-8-28-12-AM_png.rf.769b6f7e0e2797029be939cf9352f5e9.jpg,C:\Users\venka\Documents\Project\data\processed\train\clubbing\Screen-Shot-2021-11-22-at-8-28-12-AM_png.rf.769b6f7e0e2797029be939cf9352f5e9.jpg,815c7e7a69385d29
train,clubbing,Screen-Shot-2021-11-22-at-8-28-12-AM_png.rf.c4824f2f74face01597016ec8926426b.jpg,C:\Users\venka\Documents\Project\data\processed\train\clubbing\Screen-Shot-2021-11-22-at-8-28-12-AM_png.rf.c4824f2f74face01597016ec8926426b.jpg,d5156a17283b25ed
train,clubbing,Screen-Shot-2021-11-22-at-8-28-22-AM_png.rf.912dbc855daf956eaefd0814c273c499.jpg,C:\Users\venka\Documents\Project\data\processed\train\clubbing\Screen-Shot-2021-11-22-at-8-28-22-AM_png.rf.912dbc855daf956eaefd0814c273c499.jpg,d5287a1b625763a6
train,clubbing,Screen-Shot-2021-11-22-at-8-28-27-AM_png.rf.559b13eb87c7675bc046764142ec6793.jpg,C:\Users\venka\Documents\Project\data\processed\train\clubbing\Screen-Shot-2021-11-22-at-8-28-27-AM_png.rf.559b13eb87c7675bc046764142ec6793.jpg,c16216df7e69780c
train,clubbing,Screen-Shot-2021-11-22-at-8-28-27-AM_png.rf.85faa6a524c15f1e43fc8d2c3c09d36b.jpg,C:\Users\venka\Documents\Project\data\processed\train\clubbing\Screen-Shot-2021-11-22-at-8-28-27-AM_png.rf.85faa6a524c15f1e43fc8d2c3c09d36b.jpg,d5952aca23a91f35
train,clubbing,Screen-Shot-2021-11-22-at-8-29-33-AM_png.rf.3f5856b606fee902a5510ba46842f25b.jpg,C:\Users\venka\Documents\Project\data\processed\train\clubbing\Screen-Shot-2021-11-22-at-8-29-33-AM_png.rf.3f5856b606fee902a5510ba46842f25b.jpg,953f6ac06a4f686a
train,clubbing,Screen-Shot-2021-11-22-at-8-29-33-AM_png.rf.66e7079bf46ce9c43dbc36ae1bad08f4.jpg,C:\Users\venka\Documents\Project\data\processed\train\clubbing\Screen-Shot-2021-11-22-at-8-29-33-AM_png.rf.66e7079bf46ce9c43dbc36ae1bad08f4.jpg,d02d696466f633d2
train,clubbing,Screen-Shot-2021-11-22-at-8-30-42-AM_png.rf.b4604591365506b3ab5911ba6170103e.jpg,C:\Users\venka\Documents\Project\data\processed\train\clubbing\Screen-Shot-2021-11-22-at-8-30-42-AM_png.rf.b4604591365506b3ab5911ba6170103e.jpg,f5ea22850eb51d96
train,clubbing,Screen-Shot-2021-11-22-at-8-30-46-AM_png.rf.ad90552e7c5da8c53791c726219993a6.jpg,C:\Users\venka\Documents\Project\data\processed\train\clubbing\Screen-Shot-2021-11-22-at-8-30-46-AM_png.rf.ad90552e7c5da8c53791c726219993a6.jpg,804217d45fc26eef
train,clubbing,Screen-Shot-2021-11-22-at-8-30-46-AM_png.rf.e5d73a644e36c3af7654ea619e259b2d.jpg,C:\Users\venka\Documents\Project\data\processed\train\clubbing\Screen-Shot-2021-11-22-at-8-30-46-AM_png.rf.e5d73a644e36c3af7654ea619e259b2d.jpg,9535609f2b9b35c8
train,clubbing,Screen-Shot-2021-11-22-at-8-31-47-AM_png.rf.139d5629830724373cdf31a12cff37cf.jpg,C:\Users\venka\Documents\Project\data\processed\train\clubbing\Screen-Shot-2021-11-22-at-8-31-47-AM_png.rf.139d5629830724373cdf31a12cff37cf.jpg,f58040ff4af72964
train,clubbing,Screen-Shot-2021-11-22-at-8-35-57-AM_png.rf.2ed801c99877ad6cd7cafb780ea7a890.jpg,C:\Users\venka\Documents\Project\data\processed\train\clubbing\Screen-Shot-2021-11-22-at-8-35-57-AM_png.rf.2ed801c99877ad6cd7cafb780ea7a890.jpg,df697e01a057032f
train,clubbing,Screen-Shot-2021-11-22-at-8-36-14-AM_png.rf.0906f8af97f9b508baeb7ff9848f5989.jpg,C:\Users\venka\Documents\Project\data\processed\train\clubbing\Screen-Shot-2021-11-22-at-8-36-14-AM_png.rf.0906f8af97f9b508baeb7ff9848f5989.jpg,c00b97d69fe51e48
train,clubbing,Screen-Shot-2021-11-22-at-8-36-14-AM_png.rf.44632d2195b5361d4019a1f1ea5b34e4.jpg,C:\Users\venka\Documents\Project\data\processed\train\clubbing\Screen-Shot-2021-11-22-at-8-36-14-AM_png.rf.44632d2195b5361d4019a1f1ea5b34e4.jpg,c0013fd60fd51fd1
train,clubbing,Screen-Shot-2021-11-22-at-8-36-14-AM_png.rf.b2f85325a47631100d1e829be317adda.jpg,C:\Users\venka\Documents\Project\data\processed\train\clubbing\Screen-Shot-2021-11-22-at-8-36-14-AM_png.rf.b2f85325a47631100d1e829be317adda.jpg,c5095a7e487e496d
train,clubbing,Screen-Shot-2021-11-22-at-8-36-30-AM_png.rf.1c28f633fb3c657a04145db3e590def7.jpg,C:\Users\venka\Documents\Project\data\processed\train\clubbing\Screen-Shot-2021-11-22-at-8-36-30-AM_png.rf.1c28f633fb3c657a04145db3e590def7.jpg,d49729607749ca8f
train,clubbing,Screen-Shot-2021-11-22-at-8-36-30-AM_png.rf.282aee12810e9fae657c8847cafd9831.jpg,C:\Users\venka\Documents\Project\data\processed\train\clubbing\Screen-Shot-2021-11-22-at-8-36-30-AM_png.rf.282aee12810e9fae657c8847cafd9831.jpg,94c06b157737983e
train,clubbing,Screen-Shot-2021-11-22-at-8-36-30-AM_png.rf.38630e2cf59280dfe98df04d522e31a4.jpg,C:\Users\venka\Documents\Project\data\processed\train\clubbing\Screen-Shot-2021-11-22-at-8-36-30-AM_png.rf.38630e2cf59280dfe98df04d522e31a4.jpg,c2e02d17773a9a69
train,clubbing,Screen-Shot-2021-11-22-at-8-36-34-AM_png.rf.0eb736e520b424f63d60ed0fdc7ffa30.jpg,C:\Users\venka\Documents\Project\data\processed\train\clubbing\Screen-Shot-2021-11-22-at-8-36-34-AM_png.rf.0eb736e520b424f63d60ed0fdc7ffa30.jpg,9e6b3124964adca7
train,clubbing,Screen-Shot-2021-11-22-at-8-36-34-AM_png.rf.513db0febdf74dea30e3121a3822b023.jpg,C:\Users\venka\Documents\Project\data\processed\train\clubbing\Screen-Shot-2021-11-22-at-8-36-34-AM_png.rf.513db0febdf74dea30e3121a3822b023.jpg,c3c36dcde3638093
train,clubbing,Screen-Shot-2021-11-22-at-8-36-34-AM_png.rf.7a56791d4b91c5f7e964ebf23a7b6309.jpg,C:\Users\venka\Documents\Project\data\processed\train\clubbing\Screen-Shot-2021-11-22-at-8-36-34-AM_png.rf.7a56791d4b91c5f7e964ebf23a7b6309.jpg,96963cc8e27aca78
train,clubbing,Screen-Shot-2021-11-22-at-8-37-19-AM_png.rf.3008bc0d3e50fd65e840230f1367d67b.jpg,C:\Users\venka\Documents\Project\data\processed\train\clubbing\Screen-Shot-2021-11-22-at-8-37-19-AM_png.rf.3008bc0d3e50fd65e840230f1367d67b.jpg,d595229525763f62
train,clubbing,Screen-Shot-2021-11-22-at-8-37-19-AM_png.rf.387613710cdfa7decd6e58919b5d1ba1.jpg,C:\Users\venka\Documents\Project\data\processed\train\clubbing\Screen-Shot-2021-11-22-at-8-37-19-AM_png.rf.387613710cdfa7decd6e58919b5d1ba1.jpg,8068156a3feb359d
train,clubbing,Screen-Shot-2021-11-22-at-8-37-19-AM_png.rf.da125588bfef51e7361c1764f53b6d17.jpg,C:\Users\venka\Documents\Project\data\processed\train\clubbing\Screen-Shot-2021-11-22-at-8-37-19-AM_png.rf.da125588bfef51e7361c1764f53b6d17.jpg,813f50973ada336a
train,clubbing,Screen-Shot-2021-11-22-at-8-38-21-AM_png.rf.587b0555e0b74f65cffad74f72b96122.jpg,C:\Users\venka\Documents\Project\data\processed\train\clubbing\Screen-Shot-2021-11-22-at-8-38-21-AM_png.rf.587b0555e0b74f65cffad74f72b96122.jpg,90606a976f3bcd32
train,clubbing,Screen-Shot-2021-11-22-at-8-38-21-AM_png.rf.e104aa02dc1cd7265bb54d642f73abbb.jpg,C:\Users\venka\Documents\Project\data\processed\train\clubbing\Screen-Shot-2021-11-22-at-8-38-21-AM_png.rf.e104aa02dc1cd7265bb54d642f73abbb.jpg,dd116bdb007e2c6c
train,clubbing,Screen-Shot-2021-11-22-at-8-39-44-AM_png.rf.00153c1ab3c43cfed1e7b1c922656a5e.jpg,C:\Users\venka\Documents\Project\data\processed\train\clubbing\Screen-Shot-2021-11-22-at-8-39-44-AM_png.rf.00153c1ab3c43cfed1e7b1c922656a5e.jpg,a8b9d525c29ad8da
train,clubbing,Screen-Shot-2021-11-22-at-8-39-44-AM_png.rf.786e1b0fcf2f01b7685d5eb57c3b06b6.jpg,C:\Users\venka\Documents\Project\data\processed\train\clubbing\Screen-Shot-2021-11-22-at-8-39-44-AM_png.rf.786e1b0fcf2f01b7685d5eb57c3b06b6.jpg,c07f85789f0b1a2b
train,clubbing,Screen-Shot-2021-11-22-at-8-39-44-AM_png.rf.f45d051366a3465f62c7e17aa36157cc.jpg,C:\Users\venka\Documents\Project\data\processed\train\clubbing\Screen-Shot-2021-11-22-at-8-39-44-AM_png.rf.f45d051366a3465f62c7e17aa36157cc.jpg,d0ff43980f1f0d19
train,clubbing,Screen-Shot-2021-11-22-at-8-40-06-AM_png.rf.52cdff33c6cb68bca16277a7bdb4f15b.jpg,C:\Users\venka\Documents\Project\data\processed\train\clubbing\Screen-Shot-2021-11-22-at-8-40-06-AM_png.rf.52cdff33c6cb68bca16277a7bdb4f15b.jpg,97654a4f0dbe0e31
train,clubbing,Screen-Shot-2021-11-22-at-8-40-06-AM_png.rf.d1c81f35fc05128984b15732429059cc.jpg,C:\Users\venka\Documents\Project\data\processed\train\clubbing\Screen-Shot-2021-11-22-at-8-40-06-AM_png.rf.d1c81f35fc05128984b15732429059cc.jpg,83992db4962f659c
train,clubbing,Screen-Shot-2021-11-22-at-8-42-44-AM_png.rf.2598a4333296901e6d86877f86370049.jpg,C:\Users\venka\Documents\Project\data\processed\train\clubbing\Screen-Shot-2021-11-22-at-8-42-44-AM_png.rf.2598a4333296901e6d86877f86370049.jpg,9a696e64939b6632
train,clubbing,Screen-Shot-2021-11-22-at-8-42-44-AM_png.rf.cc7bce5ef14d3c44bc170872679b67ef.jpg,C:\Users\venka\Documents\Project\data\processed\train\clubbing\Screen-Shot-2021-11-22-at-8-42-44-AM_png.rf.cc7bce5ef14d3c44bc170872679b67ef.jpg,d3922e6e68357174
train,clubbing,Screen-Shot-2021-11-22-at-8-42-44-AM_png.rf.f8364687fb1e3c11823f0ed07093a502.jpg,C:\Users\venka\Documents\Project\data\processed\train\clubbing\Screen-Shot-2021-11-22-at-8-42-44-AM_png.rf.f8364687fb1e3c11823f0ed07093a502.jpg,953463d2ec6b942d
train,clubbing,Screen-Shot-2021-11-22-at-8-42-52-AM_png.rf.0dd496ca14fcab13ade501f42edc5a32.jpg,C:\Users\venka\Documents\Project\data\processed\train\clubbing\Screen-Shot-2021-11-22-at-8-42-52-AM_png.rf.0dd496ca14fcab13ade501f42edc5a32.jpg,9d71628fb508967c
train,clubbing,Screen-Shot-2021-11-22-at-8-42-52-AM_png.rf.95f20fdab5a854e63b341fa38dd21be8.jpg,C:\Users\venka\Documents\Project\data\processed\train\clubbing\Screen-Shot-2021-11-22-at-8-42-52-AM_png.rf.95f20fdab5a854e63b341fa38dd21be8.jpg,cf6770c7619a9c18
train,clubbing,Screen-Shot-2021-11-22-at-8-42-52-AM_png.rf.daa10ad94e94f5f6bbd291f2c666507c.jpg,C:\Users\venka\Documents\Project\data\processed\train\clubbing\Screen-Shot-2021-11-22-at-8-42-52-AM_png.rf.daa10ad94e94f5f6bbd291f2c666507c.jpg,86cd693a75a47293
train,clubbing,Screen-Shot-2021-11-22-at-8-44-40-AM_png.rf.28ffa466000ae2504ad7738bd0e783c4.jpg,C:\Users\venka\Documents\Project\data\processed\train\clubbing\Screen-Shot-2021-11-22-at-8-44-40-AM_png.rf.28ffa466000ae2504ad7738bd0e783c4.jpg,956a2a5e07f81eb1
train,clubbing,Screen-Shot-2021-11-22-at-8-44-40-AM_png.rf.71b99b05cff0f4a93e60178c77e73613.jpg,C:\Users\venka\Documents\Project\data\processed\train\clubbing\Screen-Shot-2021-11-22-at-8-44-40-AM_png.rf.71b99b05cff0f4a93e60178c77e73613.jpg,e5081af559970ff0
train,clubbing,Screen-Shot-2021-11-22-at-8-44-40-AM_png.rf.73646839e8cfaf88e352513322ceeeac.jpg,C:\Users\venka\Documents\Project\data\processed\train\clubbing\Screen-Shot-2021-11-22-at-8-44-40-AM_png.rf.73646839e8cfaf88e352513322ceeeac.jpg,c03f313c6cb07bf0
train,clubbing,Screen-Shot-2021-11-22-at-8-44-44-AM_png.rf.3c6306891c1746992b70b9ff18bb88cb.jpg,C:\Users\venka\Documents\Project\data\processed\train\clubbing\Screen-Shot-2021-11-22-at-8-44-44-AM_png.rf.3c6306891c1746992b70b9ff18bb88cb.jpg,c07e3f2c1c347ab4
train,clubbing,Screen-Shot-2021-11-22-at-8-44-44-AM_png.rf.b36a8e94cff83c0fd66599cd0fbbc72a.jpg,C:\Users\venka\Documents\Project\data\processed\train\clubbing\Screen-Shot-2021-11-22-at-8-44-44-AM_png.rf.b36a8e94cff83c0fd66599cd0fbbc72a.jpg,81f5752c36231b3b
train,clubbing,Screen-Shot-2021-11-22-at-8-44-48-AM_png.rf.47e3ccb02b7930cbd062a4586615e973.jpg,C:\Users\venka\Documents\Project\data\processed\train\clubbing\Screen-Shot-2021-11-22-at-8-44-48-AM_png.rf.47e3ccb02b7930cbd062a4586615e973.jpg,d02d2f3c7c343633
train,clubbing,Screen-Shot-2021-11-22-at-8-44-48-AM_png.rf.8adf6b641f62a058391ba68466e29434.jpg,C:\Users\venka\Documents\Project\data\processed\train\clubbing\Screen-Shot-2021-11-22-at-8-44-48-AM_png.rf.8adf6b641f62a058391ba68466e29434.jpg,943a7af169e129e1
train,clubbing,Screen-Shot-2021-11-22-at-8-45-05-AM_png.rf.26f5a1679706a95788e7b57ee5e89647.jpg,C:\Users\venka\Documents\Project\data\processed\train\clubbing\Screen-Shot-2021-11-22-at-8-45-05-AM_png.rf.26f5a1679706a95788e7b57ee5e89647.jpg,d0142f9e69cc65e9
train,clubbing,Screen-Shot-2021-11-22-at-8-45-05-AM_png.rf.dac410c1cd541d43ed7576834cade9e8.jpg,C:\Users\venka\Documents\Project\data\processed\train\clubbing\Screen-Shot-2021-11-22-at-8-45-05-AM_png.rf.dac410c1cd541d43ed7576834cade9e8.jpg,d5c86a81ab2d3d78
train,clubbing,Screen-Shot-2021-11-22-at-8-45-38-AM_png.rf.0eda1b098449f6ec375aaecf2cc8dbf8.jpg,C:\Users\venka\Documents\Project\data\processed\train\clubbing\Screen-Shot-2021-11-22-at-8-45-38-AM_png.rf.0eda1b098449f6ec375aaecf2cc8dbf8.jpg,95b76e6869d918c4
train,clubbing,Screen-Shot-2021-11-22-at-8-45-38-AM_png.rf.674bf6816a1d55a365abf0af4f5de0c1.jpg,C:\Users\venka\Documents\Project\data\processed\train\clubbing\Screen-Shot-2021-11-22-at-8-45-38-AM_png.rf.674bf6816a1d55a365abf0af4f5de0c1.jpg,80bc7795353c3e70
train,clubbing,Screen-Shot-2021-11-22-at-8-46-06-AM_png.rf.52be5b3bc927e3ae7621e5e0b1a00e61.jpg,C:\Users\venka\Documents\Project\data\processed\train\clubbing\Screen-Shot-2021-11-22-at-8-46-06-AM_png.rf.52be5b3bc927e3ae7621e5e0b1a00e61.jpg,858792c9cbe50fe4
train,clubbing,Screen-Shot-2021-11-22-at-8-46-06-AM_png.rf.808230bcb5d3b404069a047213f9290e.jpg,C:\Users\venka\Documents\Project\data\processed\train\clubbing\Screen-Shot-2021-11-22-at-8-46-06-AM_png.rf.808230bcb5d3b404069a047213f9290e.jpg,e53d05b03ad622de
train,clubbing,Screen-Shot-2021-11-22-at-8-46-06-AM_png.rf.c3fdaec4de03bbb8c5f6ac004838c6aa.jpg,C:\Users\venka\Documents\Project\data\processed\train\clubbing\Screen-Shot-2021-11-22-at-8-46-06-AM_png.rf.c3fdaec4de03bbb8c5f6ac004838c6aa.jpg,c129c2e19ccfda4e
train,clubbing,Screen-Shot-2021-11-22-at-8-46-10-AM_png.rf.1ac3cad57fb5bde3596f8ad9a168fb1b.jpg,C:\Users\venka\Documents\Project\data\processed\train\clubbing\Screen-Shot-2021-11-22-at-8-46-10-AM_png.rf.1ac3cad57fb5bde3596f8ad9a168fb1b.jpg,fd8a02b51897353e
train,clubbing,Screen-Shot-2021-11-22-at-8-46-10-AM_png.rf.a68b54cd1720e163f170ee9b43fd3719.jpg,C:\Users\venka\Documents\Project\data\processed\train\clubbing\Screen-Shot-2021-11-22-at-8-46-10-AM_png.rf.a68b54cd1720e163f170ee9b43fd3719.jpg,c0238fc7979c1f91
train,clubbing,Screen-Shot-2021-11-22-at-8-46-10-AM_png.rf.eba1e417a8d618f9d7f781754317a1bd.jpg,C:\Users\venka\Documents\Project\data\processed\train\clubbing\Screen-Shot-2021-11-22-at-8-46-10-AM_png.rf.eba1e417a8d618f9d7f781754317a1bd.jpg,d4a1931bcbcc2dcc
train,clubbing,Screen-Shot-2021-11-22-at-8-46-17-AM_png.rf.615ed9a9c626a098b7fcaa08b29fa014.jpg,C:\Users\venka\Documents\Project\data\processed\train\clubbing\Screen-Shot-2021-11-22-at-8-46-17-AM_png.rf.615ed9a9c626a098b7fcaa08b29fa014.jpg,a8df55ad4bb04f80
train,clubbing,Screen-Shot-2021-11-22-at-8-46-17-AM_png.rf.84b254354ab1dcb7e20e8083167af94a.jpg,C:\Users\venka\Documents\Project\data\processed\train\clubbing\Screen-Shot-2021-11-22-at-8-46-17-AM_png.rf.84b254354ab1dcb7e20e8083167af94a.jpg,ea1dc1f09f611867
train,clubbing,Screen-Shot-2021-11-22-at-8-46-17-AM_png.rf.d7d27dae13ef46b7354e3340cd5f85a9.jpg,C:\Users\venka\Documents\Project\data\processed\train\clubbing\Screen-Shot-2021-11-22-at-8-46-17-AM_png.rf.d7d27dae13ef46b7354e3340cd5f85a9.jpg,b8f89143d56a4b69
train,clubbing,Screen-Shot-2021-11-22-at-8-46-56-AM_png.rf.f6c4c4fbea47f7a1fe53e19d8577b785.jpg,C:\Users\venka\Documents\Project\data\processed\train\clubbing\Screen-Shot-2021-11-22-at-8-46-56-AM_png.rf.f6c4c4fbea47f7a1fe53e19d8577b785.jpg,d4906a6b35cf922d
train,clubbing,Screen-Shot-2021-11-22-at-8-46-56-AM_png.rf.fdd1f0efb9e91540f6cf5955f85c7e2a.jpg,C:\Users\venka\Documents\Project\data\processed\train\clubbing\Screen-Shot-2021-11-22-at-8-46-56-AM_png.rf.fdd1f0efb9e91540f6cf5955f85c7e2a.jpg,d03e6b356b812b96
train,clubbing,Screen-Shot-2021-11-22-at-8-59-50-AM_png.rf.998e67d646f1e08573d6de0a32fee8e8.jpg,C:\Users\venka\Documents\Project\data\processed\train\clubbing\Screen-Shot-2021-11-22-at-8-59-50-AM_png.rf.998e67d646f1e08573d6de0a32fee8e8.jpg,9517667ad924665a
train,clubbing,Screen-Shot-2021-11-22-at-8-59-50-AM_png.rf.fce59cf212041161be7c966d948f09bb.jpg,C:\Users\venka\Documents\Project\data\processed\train\clubbing\Screen-Shot-2021-11-22-at-8-59-50-AM_png.rf.fce59cf212041161be7c966d948f09bb.jpg,d43d2b2a2d8237d6
train,clubbing,Screen-Shot-2021-11-22-at-8-59-55-AM_png.rf.2d847f96a20a011d26d8acf3937ca839.jpg,C:\Users\venka\Documents\Project\data\processed\train\clubbing\Screen-Shot-2021-11-22-at-8-59-55-AM_png.rf.2d847f96a20a011d26d8acf3937ca839.jpg,c0916b7b627d0f68
train,clubbing,Screen-Shot-2021-11-22-at-8-59-55-AM_png.rf.8a2bd2ef9dbf38064e64ab9b0f418f2c.jpg,C:\Users\venka\Documents\Project\data\processed\train\clubbing\Screen-Shot-2021-11-22-at-8-59-55-AM_png.rf.8a2bd2ef9dbf38064e64ab9b0f418f2c.jpg,81606ac9e6979f1e
train,clubbing,Screen-Shot-2021-11-22-at-9-00-02-AM_png.rf.1019bfee5656d6cbd15bf70e0bb1d6c5.jpg,C:\Users\venka\Documents\Project\data\processed\train\clubbing\Screen-Shot-2021-11-22-at-9-00-02-AM_png.rf.1019bfee5656d6cbd15bf70e0bb1d6c5.jpg,9860679b5e2cb89b
train,clubbing,Screen-Shot-2021-11-22-at-9-00-02-AM_png.rf.5a3703fd541c052f2e62b9407152a298.jpg,C:\Users\venka\Documents\Project\data\processed\train\clubbing\Screen-Shot-2021-11-22-at-9-00-02-AM_png.rf.5a3703fd541c052f2e62b9407152a298.jpg,956a3a95ca963197
train,clubbing,Screen-Shot-2021-11-22-at-9-00-08-AM_png.rf.1db37621af118121bee0634281ed93a5.jpg,C:\Users\venka\Documents\Project\data\processed\train\clubbing\Screen-Shot-2021-11-22-at-9-00-08-AM_png.rf.1db37621af118121bee0634281ed93a5.jpg,81bf74c06b4a6e6a
train,clubbing,Screen-Shot-2021-11-22-at-9-00-08-AM_png.rf.495d21060f211e883d0be6b51dff507d.jpg,C:\Users\venka\Documents\Project\data\processed\train\clubbing\Screen-Shot-2021-11-22-at-9-00-08-AM_png.rf.495d21060f211e883d0be6b51dff507d.jpg,913e6e9139c4b49b
train,clubbing,Screen-Shot-2021-11-22-at-9-00-17-AM_png.rf.805d359510aefe1806e7ea18667c38a6.jpg,C:\Users\venka\Documents\Project\data\processed\train\clubbing\Screen-Shot-2021-11-22-at-9-00-17-AM_png.rf.805d359510aefe1806e7ea18667c38a6.jpg,959a2a606a6d69f9
train,clubbing,Screen-Shot-2021-11-22-at-9-01-22-AM_png.rf.bad5b4e47143090ad34bfb19594d8cb7.jpg,C:\Users\venka\Documents\Project\data\processed\train\clubbing\Screen-Shot-2021-11-22-at-9-01-22-AM_png.rf.bad5b4e47143090ad34bfb19594d8cb7.jpg,ce3db1741c605a4f
train,clubbing,Screen-Shot-2021-11-22-at-9-01-22-AM_png.rf.ddd0fac47f42ef3db7be9e6ac8582715.jpg,C:\Users\venka\Documents\Project\data\processed\train\clubbing\Screen-Shot-2021-11-22-at-9-01-22-AM_png.rf.ddd0fac47f42ef3db7be9e6ac8582715.jpg,d56ac0c8859f1eda
train,clubbing,Screen-Shot-2021-11-22-at-9-01-22-AM_png.rf.e8e4b23f548ee0aeb54d37fa1ec24efe.jpg,C:\Users\venka\Documents\Project\data\processed\train\clubbing\Screen-Shot-2021-11-22-at-9-01-22-AM_png.rf.e8e4b23f548ee0aeb54d37fa1ec24efe.jpg,f09f95971a0b0b2d
train,clubbing,Screen-Shot-2021-11-22-at-9-01-25-AM_png.rf.19d3c11b92b48415bf2548c1d827d69e.jpg,C:\Users\venka\Documents\Project\data\processed\train\clubbing\Screen-Shot-2021-11-22-at-9-01-25-AM_png.rf.19d3c11b92b48415bf2548c1d827d69e.jpg,f16002b52bf235dd
train,clubbing,Screen-Shot-2021-11-22-at-9-01-25-AM_png.rf.9dfbf756c5017fc7cd608a9eba8961f6.jpg,C:\Users\venka\Documents\Project\data\processed\train\clubbing\Screen-Shot-2021-11-22-at-9-01-25-AM_png.rf.9dfbf756c5017fc7cd608a9eba8961f6.jpg,e5a01ed213db09bd
train,clubbing,Screen-Shot-2021-11-22-at-9-02-32-AM_png.rf.087b7fea8b6a6c086b64e32c32320c1e.jpg,C:\Users\venka\Documents\Project\data\processed\train\clubbing\Screen-Shot-2021-11-22-at-9-02-32-AM_png.rf.087b7fea8b6a6c086b64e32c32320c1e.jpg,d195359576d07ac2
train,clubbing,Screen-Shot-2021-11-22-at-9-02-32-AM_png.rf.4126dbcab2b3d5d7bbb2e6b18a35a5de.jpg,C:\Users\venka\Documents\Project\data\processed\train\clubbing\Screen-Shot-2021-11-22-at-9-02-32-AM_png.rf.4126dbcab2b3d5d7bbb2e6b18a35a5de.jpg,803f61f03fe03dc3
train,clubbing,Screen-Shot-2021-11-22-at-9-02-32-AM_png.rf.b444fcc071463fbfadb04ed1f4bfb660.jpg,C:\Users\venka\Documents\Project\data\processed\train\clubbing\Screen-Shot-2021-11-22-at-9-02-32-AM_png.rf.b444fcc071463fbfadb04ed1f4bfb660.jpg,e0a73d5f5052435e
train,clubbing,Screen-Shot-2021-11-22-at-9-02-40-AM_png.rf.582b6e2b158ca64dfc778bce0b1da3ac.jpg,C:\Users\venka\Documents\Project\data\processed\train\clubbing\Screen-Shot-2021-11-22-at-9-02-40-AM_png.rf.582b6e2b158ca64dfc778bce0b1da3ac.jpg,987f8f60aa66256c
train,clubbing,Screen-Shot-2021-11-22-at-9-02-40-AM_png.rf.a6f468fdc9b9fed8873c29acec5ac9bf.jpg,C:\Users\venka\Documents\Project\data\processed\train\clubbing\Screen-Shot-2021-11-22-at-9-02-40-AM_png.rf.a6f468fdc9b9fed8873c29acec5ac9bf.jpg,d43881f71ec51ad5
train,clubbing,Screen-Shot-2021-11-22-at-9-02-53-AM_png.rf.439a2da59218036a238aa45cfd4b0a48.jpg,C:\Users\venka\Documents\Project\data\processed\train\clubbing\Screen-Shot-2021-11-22-at-9-02-53-AM_png.rf.439a2da59218036a238aa45cfd4b0a48.jpg,b50bd26ec26cc378
train,clubbing,Screen-Shot-2021-11-22-at-9-02-53-AM_png.rf.8a4f66e131ee1ff595fbe1d2bcf2dbd6.jpg,C:\Users\venka\Documents\Project\data\processed\train\clubbing\Screen-Shot-2021-11-22-at-9-02-53-AM_png.rf.8a4f66e131ee1ff595fbe1d2bcf2dbd6.jpg,d76a20780d1e1dde
train,clubbing,Screen-Shot-2021-11-22-at-9-03-18-AM_png.rf.3796b2e36f848c00334a82e7737ce857.jpg,C:\Users\venka\Documents\Project\data\processed\train\clubbing\Screen-Shot-2021-11-22-at-9-03-18-AM_png.rf.3796b2e36f848c00334a82e7737ce857.jpg,80f477a7d0974a96
train,clubbing,Screen-Shot-2021-11-22-at-9-03-18-AM_png.rf.9407e29db45a8fdd153dd8edeb197873.jpg,C:\Users\venka\Documents\Project\data\processed\train\clubbing\Screen-Shot-2021-11-22-at-9-03-18-AM_png.rf.9407e29db45a8fdd153dd8edeb197873.jpg,907f631a4f4a2e2e
train,clubbing,Screen-Shot-2021-11-22-at-9-03-18-AM_png.rf.ebb07d5cd08f7ebc483c760990e8c0a5.jpg,C:\Users\venka\Documents\Project\data\processed\train\clubbing\Screen-Shot-2021-11-22-at-9-03-18-AM_png.rf.ebb07d5cd08f7ebc483c760990e8c0a5.jpg,806577587f613762
train,clubbing,Screen-Shot-2021-11-22-at-9-03-22-AM_png.rf.15d0d1436b28001236f5936379d09b3e.jpg,C:\Users\venka\Documents\Project\data\processed\train\clubbing\Screen-Shot-2021-11-22-at-9-03-22-AM_png.rf.15d0d1436b28001236f5936379d09b3e.jpg,d56a3264247936ed
train,clubbing,Screen-Shot-2021-11-22-at-9-03-22-AM_png.rf.47a3e4db95003bccb5b569e52989729b.jpg,C:\Users\venka\Documents\Project\data\processed\train\clubbing\Screen-Shot-2021-11-22-at-9-03-22-AM_png.rf.47a3e4db95003bccb5b569e52989729b.jpg,ada852c70a9f2ed1
train,clubbing,Screen-Shot-2021-11-22-at-9-03-26-AM_png.rf.d72ba390178786599440f885a308a708.jpg,C:\Users\venka\Documents\Project\data\processed\train\clubbing\Screen-Shot-2021-11-22-at-9-03-26-AM_png.rf.d72ba390178786599440f885a308a708.jpg,807f351e3a6b6163
train,clubbing,Screen-Shot-2021-11-22-at-9-04-06-AM_png.rf.676bd7d673d7a6bae197a201d53397e9.jpg,C:\Users\venka\Documents\Project\data\processed\train\clubbing\Screen-Shot-2021-11-22-at-9-04-06-AM_png.rf.676bd7d673d7a6bae197a201d53397e9.jpg,80d04ff3cc635ce3
train,clubbing,Screen-Shot-2021-11-22-at-9-04-06-AM_png.rf.7a4d0c6f00993b3f39a8c73050aed48d.jpg,C:\Users\venka\Documents\Project\data\processed\train\clubbing\Screen-Shot-2021-11-22-at-9-04-06-AM_png.rf.7a4d0c6f00993b3f39a8c73050aed48d.jpg,d56a50c081af2fde
train,clubbing,Screen-Shot-2021-11-22-at-9-04-06-AM_png.rf.b89f021300f85eeecaf2d3784fb125ca.jpg,C:\Users\venka\Documents\Project\data\processed\train\clubbing\Screen-Shot-2021-11-22-at-9-04-06-AM_png.rf.b89f021300f85eeecaf2d3784fb125ca.jpg,d52e56104a7b6b69
train,clubbing,Screen-Shot-2021-11-22-at-9-06-40-AM_png.rf.23d377aa390b8c37c07c5a3eb368b29b.jpg,C:\Users\venka\Documents\Project\data\processed\train\clubbing\Screen-Shot-2021-11-22-at-9-06-40-AM_png.rf.23d377aa390b8c37c07c5a3eb368b29b.jpg,d4b120c913ee1bfa
train,clubbing,Screen-Shot-2021-11-22-at-9-06-40-AM_png.rf.677d28ec34c2b7294fd8eca916c74374.jpg,C:\Users\venka\Documents\Project\data\processed\train\clubbing\Screen-Shot-2021-11-22-at-9-06-40-AM_png.rf.677d28ec34c2b7294fd8eca916c74374.jpg,d52560c26e4b3e9b
train,clubbing,Screen-Shot-2021-11-22-at-9-06-46-AM_png.rf.07f0e40c90abab527f9c5a7ef1281d18.jpg,C:\Users\venka\Documents\Project\data\processed\train\clubbing\Screen-Shot-2021-11-22-at-9-06-46-AM_png.rf.07f0e40c90abab527f9c5a7ef1281d18.jpg,bd6940c1527e3fb0
train,clubbing,Screen-Shot-2021-11-22-at-9-06-46-AM_png.rf.6ea8cd8fa8f74b69f691c8f1978f699c.jpg,C:\Users\venka\Documents\Project\data\processed\train\clubbing\Screen-Shot-2021-11-22-at-9-06-46-AM_png.rf.6ea8cd8fa8f74b69f691c8f1978f699c.jpg,d48162fa7ad22997
train,clubbing,Screen-Shot-2021-11-22-at-9-06-46-AM_png.rf.daccfd1089a478ce56259bf08ffdd701.jpg,C:\Users\venka\Documents\Project\data\processed\train\clubbing\Screen-Shot-2021-11-22-at-9-06-46-AM_png.rf.daccfd1089a478ce56259bf08ffdd701.jpg,e1fa30583e4b1f46
train,clubbing,Screen-Shot-2021-11-22-at-9-07-23-AM_png.rf.b3f236b3841e1020617cac286e238f14.jpg,C:\Users\venka\Documents\Project\data\processed\train\clubbing\Screen-Shot-2021-11-22-at-9-07-23-AM_png.rf.b3f236b3841e1020617cac286e238f14.jpg,857fc270da603e63
train,clubbing,Screen-Shot-2021-11-22-at-9-07-34-AM_png.rf.7144f856a583b5e3ded44f0fe8064634.jpg,C:\Users\venka\Documents\Project\data\processed\train\clubbing\Screen-Shot-2021-11-22-at-9-07-34-AM_png.rf.7144f856a583b5e3ded44f0fe8064634.jpg,907d470f0f241ebe
train,clubbing,Screen-Shot-2021-11-22-at-9-07-34-AM_png.rf.7899e482ce7838f65c2a10f8ea0d06be.jpg,C:\Users\venka\Documents\Project\data\processed\train\clubbing\Screen-Shot-2021-11-22-at-9-07-34-AM_png.rf.7899e482ce7838f65c2a10f8ea0d06be.jpg,c58a7ab568966d98
train,clubbing,Screen-Shot-2021-11-22-at-9-07-34-AM_png.rf.f835a2dc26738ccbe9298fe3c4e4ffe3.jpg,C:\Users\venka\Documents\Project\data\processed\train\clubbing\Screen-Shot-2021-11-22-at-9-07-34-AM_png.rf.f835a2dc26738ccbe9298fe3c4e4ffe3.jpg,c5a2105e4f4b4f6d
train,clubbing,Screen-Shot-2021-11-22-at-9-07-39-AM_png.rf.a42bb3a316da7f240533fafda316ffa1.jpg,C:\Users\venka\Documents\Project\data\processed\train\clubbing\Screen-Shot-2021-11-22-at-9-07-39-AM_png.rf.a42bb3a316da7f240533fafda316ffa1.jpg,c121725ecb794b69
train,clubbing,Screen-Shot-2021-11-22-at-9-09-23-AM_png.rf.11719001245d67c3ceda4949ea5f2a75.jpg,C:\Users\venka\Documents\Project\data\processed\train\clubbing\Screen-Shot-2021-11-22-at-9-09-23-AM_png.rf.11719001245d67c3ceda4949ea5f2a75.jpg,b5ea1e154a1f6ec0
train,clubbing,Screen-Shot-2021-11-22-at-9-09-23-AM_png.rf.f6cf22f26dfb7d9730b40b4ffadcf1cd.jpg,C:\Users\venka\Documents\Project\data\processed\train\clubbing\Screen-Shot-2021-11-22-at-9-09-23-AM_png.rf.f6cf22f26dfb7d9730b40b4ffadcf1cd.jpg,b56a146a0fe53696
train,clubbing,Screen-Shot-2021-11-22-at-9-09-32-AM_png.rf.7d3ad0324760dfd0277511e28c1f0845.jpg,C:\Users\venka\Documents\Project\data\processed\train\clubbing\Screen-Shot-2021-11-22-at-9-09-32-AM_png.rf.7d3ad0324760dfd0277511e28c1f0845.jpg,d515243f222b7be2
train,clubbing,Screen-Shot-2021-11-22-at-9-09-32-AM_png.rf.937f433edf1c7d232b6566bce8cbebdc.jpg,C:\Users\venka\Documents\Project\data\processed\train\clubbing\Screen-Shot-2021-11-22-at-9-09-32-AM_png.rf.937f433edf1c7d232b6566bce8cbebdc.jpg,e15c2f65161f0f29
train,clubbing,Screen-Shot-2021-11-22-at-9-09-44-AM_png.rf.43dea56189faae13a5f026f3aea749f6.jpg,C:\Users\venka\Documents\Project\data\processed\train\clubbing\Screen-Shot-2021-11-22-at-9-09-44-AM_png.rf.43dea56189faae13a5f026f3aea749f6.jpg,911f44276a963fca
train,clubbing,Screen-Shot-2021-11-22-at-9-09-44-AM_png.rf.bc1a9fe17d343207a52033064b2d4004.jpg,C:\Users\venka\Documents\Project\data\processed\train\clubbing\Screen-Shot-2021-11-22-at-9-09-44-AM_png.rf.bc1a9fe17d343207a52033064b2d4004.jpg,95d47ec3322dc338
train,clubbing,Screen-Shot-2021-11-22-at-9-10-55-AM_png.rf.541614fb4002b4f2ea93f6be25b28135.jpg,C:\Users\venka\Documents\Project\data\processed\train\clubbing\Screen-Shot-2021-11-22-at-9-10-55-AM_png.rf.541614fb4002b4f2ea93f6be25b28135.jpg,800a5f7c6a7c4f78
train,clubbing,Screen-Shot-2021-11-22-at-9-10-55-AM_png.rf.d67d59f10e33d58478108f09050a7e5a.jpg,C:\Users\venka\Documents\Project\data\processed\train\clubbing\Screen-Shot-2021-11-22-at-9-10-55-AM_png.rf.d67d59f10e33d58478108f09050a7e5a.jpg,d09f51193f1b3919
train,clubbing,Screen-Shot-2021-11-22-at-9-11-00-AM_png.rf.00cff014fdf7ee977e6fee1e244dcb80.jpg,C:\Users\venka\Documents\Project\data\processed\train\clubbing\Screen-Shot-2021-11-22-at-9-11-00-AM_png.rf.00cff014fdf7ee977e6fee1e244dcb80.jpg,d05f870a4f2c4eb5
train,clubbing,Screen-Shot-2021-11-22-at-9-11-00-AM_png.rf.8c448f0e641abfa4c13868bbae5e2b2f.jpg,C:\Users\venka\Documents\Project\data\processed\train\clubbing\Screen-Shot-2021-11-22-at-9-11-00-AM_png.rf.8c448f0e641abfa4c13868bbae5e2b2f.jpg,d5f50c93469d1b98
train,clubbing,Screen-Shot-2021-11-22-at-9-11-00-AM_png.rf.d6806f460a348d8dcf03b35f40d12af7.jpg,C:\Users\venka\Documents\Project\data\processed\train\clubbing\Screen-Shot-2021-11-22-at-9-11-00-AM_png.rf.d6806f460a348d8dcf03b35f40d12af7.jpg,80bf4f9c3d1d2958
train,clubbing,Screen-Shot-2021-11-22-at-9-12-26-AM_png.rf.1940072ea514fbfcd7c34c53d8a4ee6e.jpg,C:\Users\venka\Documents\Project\data\processed\train\clubbing\Screen-Shot-2021-11-22-at-9-12-26-AM_png.rf.1940072ea514fbfcd7c34c53d8a4ee6e.jpg,e0b044631a6f3fb5
train,clubbing,Screen-Shot-2021-11-22-at-9-12-26-AM_png.rf.4e84c68c90ee68955931e9bedf0751fd.jpg,C:\Users\venka\Documents\Project\data\processed\train\clubbing\Screen-Shot-2021-11-22-at-9-12-26-AM_png.rf.4e84c68c90ee68955931e9bedf0751fd.jpg,f0c087ba5ad52ca7
train,clubbing,Screen-Shot-2021-11-22-at-9-12-59-AM_png.rf.384a55fe26c1696f148823bb599cb758.jpg,C:\Users\venka\Documents\Project\data\processed\train\clubbing\Screen-Shot-2021-11-22-at-9-12-59-AM_png.rf.384a55fe26c1696f148823bb599cb758.jpg,d5a82ac06ad26bd7
train,clubbing,Screen-Shot-2021-11-22-at-9-12-59-AM_png.rf.3ac26512f5d4a39ab9cfa04cc4ffd124.jpg,C:\Users\venka\Documents\Project\data\processed\train\clubbing\Screen-Shot-2021-11-22-at-9-12-59-AM_png.rf.3ac26512f5d4a39ab9cfa04cc4ffd124.jpg,d5806a1f2a3e2afc
train,clubbing,Screen-Shot-2021-11-22-at-9-12-59-AM_png.rf.980b52df007bddcd1cc58bdaa72f81b3.jpg,C:\Users\venka\Documents\Project\data\processed\train\clubbing\Screen-Shot-2021-11-22-at-9-12-59-AM_png.rf.980b52df007bddcd1cc58bdaa72f81b3.jpg,c57f3022c6354bb5
train,clubbing,Screen-Shot-2021-11-22-at-9-13-18-AM_png.rf.359b0a317d23d53c5ffe70568d520efe.jpg,C:\Users\venka\Documents\Project\data\processed\train\clubbing\Screen-Shot-2021-11-22-at-9-13-18-AM_png.rf.359b0a317d23d53c5ffe70568d520efe.jpg,809a366d595755d9
train,clubbing,Screen-Shot-2021-11-22-at-9-13-18-AM_png.rf.c99272b6b4f46787560e8d676da996ff.jpg,C:\Users\venka\Documents\Project\data\processed\train\clubbing\Screen-Shot-2021-11-22-at-9-13-18-AM_png.rf.c99272b6b4f46787560e8d676da996ff.jpg,c07f3f89640e133e
train,clubbing,Screen-Shot-2021-11-22-at-9-13-20-AM_png.rf.2bdd973248756e843fe9eff7ef0de48f.jpg,C:\Users\venka\Documents\Project\data\processed\train\clubbing\Screen-Shot-2021-11-22-at-9-13-20-AM_png.rf.2bdd973248756e843fe9eff7ef0de48f.jpg,80bf6187579c1fb0
train,clubbing,Screen-Shot-2021-11-22-at-9-13-20-AM_png.rf.bba5f6122b2c5b26571692e12383eaa6.jpg,C:\Users\venka\Documents\Project\data\processed\train\clubbing\Screen-Shot-2021-11-22-at-9-13-20-AM_png.rf.bba5f6122b2c5b26571692e12383eaa6.jpg,d428706ac26b6b6f
train,clubbing,Screen-Shot-2021-11-22-at-9-13-20-AM_png.rf.d6fe5564b14184b5072f6aa4ecd5f861.jpg,C:\Users\venka\Documents\Project\data\processed\train\clubbing\Screen-Shot-2021-11-22-at-9-13-20-AM_png.rf.d6fe5564b14184b5072f6aa4ecd5f861.jpg,805f713e636a4b6a
train,clubbing,Screen-Shot-2021-11-22-at-9-13-24-AM_png.rf.cae67d4ee63eff7df9a3e2c119a22652.jpg,C:\Users\venka\Documents\Project\data\processed\train\clubbing\Screen-Shot-2021-11-22-at-9-13-24-AM_png.rf.cae67d4ee63eff7df9a3e2c119a22652.jpg,c07f01955f3a6e2a
train,clubbing,Screen-Shot-2021-11-22-at-9-13-24-AM_png.rf.e0b86269bc8e05e706ee7dd7c1a0ac81.jpg,C:\Users\venka\Documents\Project\data\processed\train\clubbing\Screen-Shot-2021-11-22-at-9-13-24-AM_png.rf.e0b86269bc8e05e706ee7dd7c1a0ac81.jpg,c5006a6b426b6f6f
train,clubbing,Screen-Shot-2021-11-22-at-9-13-24-AM_png.rf.f380bcfabc9c7635dd7e3a5268c91b2c.jpg,C:\Users\venka\Documents\Project\data\processed\train\clubbing\Screen-Shot-2021-11-22-at-9-13-24-AM_png.rf.f380bcfabc9c7635dd7e3a5268c91b2c.jpg,81bd4594179b3a1f
train,clubbing,Screen-Shot-2021-11-22-at-9-13-27-AM_png.rf.22ef36259a03f42e2d4b4aa5a1d4caef.jpg,C:\Users\venka\Documents\Project\data\processed\train\clubbing\Screen-Shot-2021-11-22-at-9-13-27-AM_png.rf.22ef36259a03f42e2d4b4aa5a1d4caef.jpg,80c747687fc07697
train,clubbing,Screen-Shot-2021-11-22-at-9-13-27-AM_png.rf.8ff68f7c64e0b4a41acc4a46e7315f2a.jpg,C:\Users\venka\Documents\Project\data\processed\train\clubbing\Screen-Shot-2021-11-22-at-9-13-27-AM_png.rf.8ff68f7c64e0b4a41acc4a46e7315f2a.jpg,805d67385f2a4bcb
train,clubbing,Screen-Shot-2021-11-22-at-9-15-11-AM_png.rf.81c392ba9955c13e9e2de43f656fabc8.jpg,C:\Users\venka\Documents\Project\data\processed\train\clubbing\Screen-Shot-2021-11-22-at-9-15-11-AM_png.rf.81c392ba9955c13e9e2de43f656fabc8.jpg,c2852ff63cd238c9
train,clubbing,Screen-Shot-2021-11-22-at-9-15-26-AM_png.rf.70fce4606f93fe5f749d832bcffaf994.jpg,C:\Users\venka\Documents\Project\data\processed\train\clubbing\Screen-Shot-2021-11-22-at-9-15-26-AM_png.rf.70fce4606f93fe5f749d832bcffaf994.jpg,858f7a5868794f68
train,clubbing,Screen-Shot-2021-11-22-at-9-15-26-AM_png.rf.b49434493a19092e77fe6272b29607ae.jpg,C:\Users\venka\Documents\Project\data\processed\train\clubbing\Screen-Shot-2021-11-22-at-9-15-26-AM_png.rf.b49434493a19092e77fe6272b29607ae.jpg,9560cee0f0f1f0f1
train,clubbing,Screen-Shot-2021-11-22-at-9-15-26-AM_png.rf.d25908276d77b66428a6b03ab59e25d5.jpg,C:\Users\venka\Documents\Project\data\processed\train\clubbing\Screen-Shot-2021-11-22-at-9-15-26-AM_png.rf.d25908276d77b66428a6b03ab59e25d5.jpg,95685cfe2e952383
train,clubbing,Screen-Shot-2021-11-22-at-9-15-35-AM_png.rf.0a34e7d3547461f90ac119b8c6a96a18.jpg,C:\Users\venka\Documents\Project\data\processed\train\clubbing\Screen-Shot-2021-11-22-at-9-15-35-AM_png.rf.0a34e7d3547461f90ac119b8c6a96a18.jpg,80376fd43c8b30af
train,clubbing,Screen-Shot-2021-11-22-at-9-15-35-AM_png.rf.1f9d6f1228a6a00f147ce237b0ea0185.jpg,C:\Users\venka\Documents\Project\data\processed\train\clubbing\Screen-Shot-2021-11-22-at-9-15-35-AM_png.rf.1f9d6f1228a6a00f147ce237b0ea0185.jpg,c703723f23f826f0
train,clubbing,Screen-Shot-2021-11-22-at-9-17-19-AM_png.rf.1ac82ca93094b64da5a3f55f67a32310.jpg,C:\Users\venka\Documents\Project\data\processed\train\clubbing\Screen-Shot-2021-11-22-at-9-17-19-AM_png.rf.1ac82ca93094b64da5a3f55f67a32310.jpg,e03f07031f073e9e
train,clubbing,Screen-Shot-2021-11-22-at-9-17-19-AM_png.rf.3a0e8f965ce558f724b218fedf00df01.jpg,C:\Users\venka\Documents\Project\data\processed\train\clubbing\Screen-Shot-2021-11-22-at-9-17-19-AM_png.rf.3a0e8f965ce558f724b218fedf00df01.jpg,c58582025b6f6dde
train,clubbing,Screen-Shot-2021-11-22-at-9-17-19-AM_png.rf.a20088ebdcdd64fc78fe26f2090b1802.jpg,C:\Users\venka\Documents\Project\data\processed\train\clubbing\Screen-Shot-2021-11-22-at-9-17-19-AM_png.rf.a20088ebdcdd64fc78fe26f2090b1802.jpg,d42b373d4a90eca3
train,clubbing,Screen-Shot-2021-11-22-at-9-18-33-AM_png.rf.6fd450976f68405393d21bd81aeb947a.jpg,C:\Users\venka\Documents\Project\data\processed\train\clubbing\Screen-Shot-2021-11-22-at-9-18-33-AM_png.rf.6fd450976f68405393d21bd81aeb947a.jpg,95214a7d4ae51be5
train,clubbing,Screen-Shot-2021-11-22-at-9-18-33-AM_png.rf.c6f2b166e03029fc4cfc873fb1d1efb4.jpg,C:\Users\venka\Documents\Project\data\processed\train\clubbing\Screen-Shot-2021-11-22-at-9-18-33-AM_png.rf.c6f2b166e03029fc4cfc873fb1d1efb4.jpg,c1553fe01c283d3f
train,clubbing,Screen-Shot-2021-11-22-at-9-19-10-AM_png.rf.0cc1865ea174306c1ad86097555c9637.jpg,C:\Users\venka\Documents\Project\data\processed\train\clubbing\Screen-Shot-2021-11-22-at-9-19-10-AM_png.rf.0cc1865ea174306c1ad86097555c9637.jpg,9b9b74a47dd032d0
train,clubbing,Screen-Shot-2021-11-22-at-9-19-10-AM_png.rf.fd2a622be8ac2bb90c41c49db9176315.jpg,C:\Users\venka\Documents\Project\data\processed\train\clubbing\Screen-Shot-2021-11-22-at-9-19-10-AM_png.rf.fd2a622be8ac2bb90c41c49db9176315.jpg,d09d276d646e4a5a
train,clubbing,Screen-Shot-2021-11-22-at-9-19-19-AM_png.rf.05ae2ccf701a6755576b02d8fbe7fe02.jpg,C:\Users\venka\Documents\Project\data\processed\train\clubbing\Screen-Shot-2021-11-22-at-9-19-19-AM_png.rf.05ae2ccf701a6755576b02d8fbe7fe02.jpg,d586226e0e4f3e6c
train,clubbing,Screen-Shot-2021-11-22-at-9-19-19-AM_png.rf.f48628dc0ae438ef0362694774cc2500.jpg,C:\Users\venka\Documents\Project\data\processed\train\clubbing\Screen-Shot-2021-11-22-at-9-19-19-AM_png.rf.f48628dc0ae438ef0362694774cc2500.jpg,c5a200c57bc57797
train,clubbing,Screen-Shot-2021-11-22-at-9-19-19-AM_png.rf.f9d616d6122f620286f535d67badad3d.jpg,C:\Users\venka\Documents\Project\data\processed\train\clubbing\Screen-Shot-2021-11-22-at-9-19-19-AM_png.rf.f9d616d6122f620286f535d67badad3d.jpg,80c737785fc06eca
train,clubbing,Screen-Shot-2021-11-22-at-9-20-10-AM_png.rf.7ef1abaec843b9bf10f8a0373e0f65b1.jpg,C:\Users\venka\Documents\Project\data\processed\train\clubbing\Screen-Shot-2021-11-22-at-9-20-10-AM_png.rf.7ef1abaec843b9bf10f8a0373e0f65b1.jpg,808237f50ae51bf7
train,clubbing,Screen-Shot-2021-11-22-at-9-20-10-AM_png.rf.bb4049bfba8066ef8b5a1a4bedbd46a3.jpg,C:\Users\venka\Documents\Project\data\processed\train\clubbing\Screen-Shot-2021-11-22-at-9-20-10-AM_png.rf.bb4049bfba8066ef8b5a1a4bedbd46a3.jpg,951f451f0a291b3f
train,clubbing,Screen-Shot-2021-11-22-at-9-20-10-AM_png.rf.f8fd12cdf764fc299fdecf86dcfe01a2.jpg,C:\Users\venka\Documents\Project\data\processed\train\clubbing\Screen-Shot-2021-11-22-at-9-20-10-AM_png.rf.f8fd12cdf764fc299fdecf86dcfe01a2.jpg,8077775a0a3a1f69
train,clubbing,Screen-Shot-2021-11-22-at-9-23-26-AM_png.rf.0750e292beb0740a90e7774a158095f8.jpg,C:\Users\venka\Documents\Project\data\processed\train\clubbing\Screen-Shot-2021-11-22-at-9-23-26-AM_png.rf.0750e292beb0740a90e7774a158095f8.jpg,d5aa58c450467b6f
train,clubbing,Screen-Shot-2021-11-22-at-9-23-26-AM_png.rf.d3097202b9bfe4966317612e84d2d97c.jpg,C:\Users\venka\Documents\Project\data\processed\train\clubbing\Screen-Shot-2021-11-22-at-9-23-26-AM_png.rf.d3097202b9bfe4966317612e84d2d97c.jpg,f0bf61aa50adaa31
train,clubbing,Screen-Shot-2021-11-22-at-9-23-35-AM_png.rf.82923a72cad5202ae4cf8093ce021f6d.jpg,C:\Users\venka\Documents\Project\data\processed\train\clubbing\Screen-Shot-2021-11-22-at-9-23-35-AM_png.rf.82923a72cad5202ae4cf8093ce021f6d.jpg,903f51b7499b628d
train,clubbing,Screen-Shot-2021-11-22-at-9-23-35-AM_png.rf.b4e123247f20bab01586da5026bf4c6b.jpg,C:\Users\venka\Documents\Project\data\processed\train\clubbing\Screen-Shot-2021-11-22-at-9-23-35-AM_png.rf.b4e123247f20bab01586da5026bf4c6b.jpg,818a5bf44d55547d
train,clubbing,Screen-Shot-2021-11-22-at-9-23-35-AM_png.rf.dc6a96ddca321a90d4e84382fe047daa.jpg,C:\Users\venka\Documents\Project\data\processed\train\clubbing\Screen-Shot-2021-11-22-at-9-23-35-AM_png.rf.dc6a96ddca321a90d4e84382fe047daa.jpg,81a06e9f1a5958fd
train,clubbing,Screen-Shot-2021-11-22-at-9-23-40-AM_png.rf.7c45c65fe04dc2f33066ef3a0a4a11a9.jpg,C:\Users\venka\Documents\Project\data\processed\train\clubbing\Screen-Shot-2021-11-22-at-9-23-40-AM_png.rf.7c45c65fe04dc2f33066ef3a0a4a11a9.jpg,80ea2fa13da77c94
train,clubbing,Screen-Shot-2021-11-22-at-9-23-40-AM_png.rf.c339dd409318f7b88aa61a20aea05e16.jpg,C:\Users\venka\Documents\Project\data\processed\train\clubbing\Screen-Shot-2021-11-22-at-9-23-40-AM_png.rf.c339dd409318f7b88aa61a20aea05e16.jpg,810a355f1f6a7e61
train,clubbing,Screen-Shot-2021-11-22-at-9-23-40-AM_png.rf.e7c0df5a989ef2ee32b7aae99afe00e3.jpg,C:\Users\venka\Documents\Project\data\processed\train\clubbing\Screen-Shot-2021-11-22-at-9-23-40-AM_png.rf.e7c0df5a989ef2ee32b7aae99afe00e3.jpg,805f6b705c787c78
train,clubbing,Screen-Shot-2021-11-22-at-9-23-46-AM_png.rf.73b7e2aab725d05cbe15a5822627f1a7.jpg,C:\Users\venka\Documents\Project\data\processed\train\clubbing\Screen-Shot-2021-11-22-at-9-23-46-AM_png.rf.73b7e2aab725d05cbe15a5822627f1a7.jpg,d43f402a6fc56ad2
train,clubbing,Screen-Shot-2021-11-22-at-9-24-05-AM_png.rf.3c40d1edb496d53d49de9824004b2e61.jpg,C:\Users\venka\Documents\Project\data\processed\train\clubbing\Screen-Shot-2021-11-22-at-9-24-05-AM_png.rf.3c40d1edb496d53d49de9824004b2e61.jpg,d0bfc1159f381e29
train,clubbing,Screen-Shot-2021-11-22-at-9-24-05-AM_png.rf.82174d0c429df15d2700f7df0a1cc3f3.jpg,C:\Users\venka\Documents\Project\data\processed\train\clubbing\Screen-Shot-2021-11-22-at-9-24-05-AM_png.rf.82174d0c429df15d2700f7df0a1cc3f3.jpg,e8a585d497d21ed2
train,clubbing,Screen-Shot-2021-11-22-at-9-24-37-AM_png.rf.5ef329ea4a059b93b6b53a7cb4385ac5.jpg,C:\Users\venka\Documents\Project\data\processed\train\clubbing\Screen-Shot-2021-11-22-at-9-24-37-AM_png.rf.5ef329ea4a059b93b6b53a7cb4385ac5.jpg,a0d4d7675ed25e40
train,clubbing,Screen-Shot-2021-11-22-at-9-24-56-AM_png.rf.837d0cd66450db6db982b907b46ce600.jpg,C:\Users\venka\Documents\Project\data\processed\train\clubbing\Screen-Shot-2021-11-22-at-9-24-56-AM_png.rf.837d0cd66450db6db982b907b46ce600.jpg,f5a14a9d43960afc
train,clubbing,Screen-Shot-2021-11-22-at-9-24-56-AM_png.rf.dc8571aa44e695d1ab44effd37879c7d.jpg,C:\Users\venka\Documents\Project\data\processed\train\clubbing\Screen-Shot-2021-11-22-at-9-24-56-AM_png.rf.dc8571aa44e695d1ab44effd37879c7d.jpg,f4634255c77f083c
train,clubbing,Screen-Shot-2021-11-22-at-9-27-45-AM_png.rf.4501f85251dcc216c38da30a80e9036d.jpg,C:\Users\venka\Documents\Project\data\processed\train\clubbing\Screen-Shot-2021-11-22-at-9-27-45-AM_png.rf.4501f85251dcc216c38da30a80e9036d.jpg,976b398566c26aca
train,clubbing,Screen-Shot-2021-11-22-at-9-27-45-AM_png.rf.67eebb0c0bbc5d5b590695dec8390da8.jpg,C:\Users\venka\Documents\Project\data\processed\train\clubbing\Screen-Shot-2021-11-22-at-9-27-45-AM_png.rf.67eebb0c0bbc5d5b590695dec8390da8.jpg,c2e82d973c4f370c
train,clubbing,Screen-Shot-2021-11-22-at-9-27-51-AM_png.rf.f086868bb19f6b07c3221b30b8796f6a.jpg,C:\Users\venka\Documents\Project\data\processed\train\clubbing\Screen-Shot-2021-11-22-at-9-27-51-AM_png.rf.f086868bb19f6b07c3221b30b8796f6a.jpg,95f86a8167876696
train,clubbing,Screen-Shot-2021-11-22-at-9-27-51-AM_png.rf.fa51dba2ad67224fcb9a4531222fb1ae.jpg,C:\Users\venka\Documents\Project\data\processed\train\clubbing\Screen-Shot-2021-11-22-at-9-27-51-AM_png.rf.fa51dba2ad67224fcb9a4531222fb1ae.jpg,954a6a683d6d3d64
train,clubbing,Screen-Shot-2021-11-22-at-9-27-56-AM_png.rf.7a117b1f1fb62cac3ebdd83847c0d153.jpg,C:\Users\venka\Documents\Project\data\processed\train\clubbing\Screen-Shot-2021-11-22-at-9-27-56-AM_png.rf.7a117b1f1fb62cac3ebdd83847c0d153.jpg,85606aa757963a9b
train,clubbing,Screen-Shot-2021-11-22-at-9-27-56-AM_png.rf.b737e5849bb08765684ca9678c60f1fb.jpg,C:\Users\venka\Documents\Project\data\processed\train\clubbing\Screen-Shot-2021-11-22-at-9-27-56-AM_png.rf.b737e5849bb08765684ca9678c60f1fb.jpg,d20f6b686d612d65
train,clubbing,Screen-Shot-2021-11-22-at-9-27-56-AM_png.rf.f79bae5f6707d95e490817bd72d1c002.jpg,C:\Users\venka\Documents\Project\data\processed\train\clubbing\Screen-Shot-2021-11-22-at-9-27-56-AM_png.rf.f79bae5f6707d95e490817bd72d1c002.jpg,c5ad3a56325a4579
train,clubbing,Screen-Shot-2021-11-22-at-9-30-19-AM_png.rf.4f09bd4cb2db120de6e2b05275490e2d.jpg,C:\Users\venka\Documents\Project\data\processed\train\clubbing\Screen-Shot-2021-11-22-at-9-30-19-AM_png.rf.4f09bd4cb2db120de6e2b05275490e2d.jpg,c0bf6fc01f403f4c
train,clubbing,Screen-Shot-2021-11-22-at-9-30-19-AM_png.rf.c6089c5d11beadecc4bf40b02efef7e0.jpg,C:\Users\venka\Documents\Project\data\processed\train\clubbing\Screen-Shot-2021-11-22-at-9-30-19-AM_png.rf.c6089c5d11beadecc4bf40b02efef7e0.jpg,d56a6089183f37b5
train,clubbing,Screen-Shot-2021-11-22-at-9-30-19-AM_png.rf.f03e3529cebaceb1638ad7873e1fcdf6.jpg,C:\Users\venka\Documents\Project\data\processed\train\clubbing\Screen-Shot-2021-11-22-at-9-30-19-AM_png.rf.f03e3529cebaceb1638ad7873e1fcdf6.jpg,d56a218e3c3970f5
train,clubbing,Screen-Shot-2021-11-22-at-9-30-23-AM_png.rf.27ebe47652e582733ea2a5e3111072f4.jpg,C:\Users\venka\Documents\Project\data\processed\train\clubbing\Screen-Shot-2021-11-22-at-9-30-23-AM_png.rf.27ebe47652e582733ea2a5e3111072f4.jpg,958d78c06fe076c3
train,clubbing,Screen-Shot-2021-11-22-at-9-30-23-AM_png.rf.4895a84dccfdad420b83d20720a168e2.jpg,C:\Users\venka\Documents\Project\data\processed\train\clubbing\Screen-Shot-2021-11-22-at-9-30-23-AM_png.rf.4895a84dccfdad420b83d20720a168e2.jpg,c03f6118479a6bde
train,clubbing,Screen-Shot-2021-11-22-at-9-30-23-AM_png.rf.55d93d5fe91b0c458c28618b5bb90af5.jpg,C:\Users\venka\Documents\Project\data\processed\train\clubbing\Screen-Shot-2021-11-22-at-9-30-23-AM_png.rf.55d93d5fe91b0c458c28618b5bb90af5.jpg,952a3e5d50d207db
train,clubbing,Screen-Shot-2021-11-22-at-9-31-39-AM_png.rf.5fdcf655dde3ebe7c01ecd8e78692bb4.jpg,C:\Users\venka\Documents\Project\data\processed\train\clubbing\Screen-Shot-2021-11-22-at-9-31-39-AM_png.rf.5fdcf655dde3ebe7c01ecd8e78692bb4.jpg,9e9e60e00f853c9f
train,clubbing,Screen-Shot-2021-11-22-at-9-31-39-AM_png.rf.b9d1ef2bd62b0478ca7d37e71957db64.jpg,C:\Users\venka\Documents\Project\data\processed\train\clubbing\Screen-Shot-2021-11-22-at-9-31-39-AM_png.rf.b9d1ef2bd62b0478ca7d37e71957db64.jpg,80426578597b2aff
train,clubbing,Screen-Shot-2021-11-22-at-9-31-43-AM_png.rf.8054964eabbd23b79d056ce69fb1b273.jpg,C:\Users\venka\Documents\Project\data\processed\train\clubbing\Screen-Shot-2021-11-22-at-9-31-43-AM_png.rf.8054964eabbd23b79d056ce69fb1b273.jpg,c5b532837a856b87
train,clubbing,Screen-Shot-2021-11-22-at-9-31-43-AM_png.rf.aa2837dc544566d6709fa85c98a4acac.jpg,C:\Users\venka\Documents\Project\data\processed\train\clubbing\Screen-Shot-2021-11-22-at-9-31-43-AM_png.rf.aa2837dc544566d6709fa85c98a4acac.jpg,80bd15314f336e9e
train,clubbing,Screen-Shot-2021-11-22-at-9-31-46-AM_png.rf.d454cb2bce1fd01d6d2e53fa49289af1.jpg,C:\Users\venka\Documents\Project\data\processed\train\clubbing\Screen-Shot-2021-11-22-at-9-31-46-AM_png.rf.d454cb2bce1fd01d6d2e53fa49289af1.jpg,90bf6a6305857e9c
train,clubbing,Screen-Shot-2021-11-22-at-9-31-54-AM_png.rf.08106cb87f14904d985839b6a0fd3e8b.jpg,C:\Users\venka\Documents\Project\data\processed\train\clubbing\Screen-Shot-2021-11-22-at-9-31-54-AM_png.rf.08106cb87f14904d985839b6a0fd3e8b.jpg,809f69a92f8d1f94
train,clubbing,Screen-Shot-2021-11-22-at-9-31-54-AM_png.rf.51e273f82e00f6965c3f7e1423828bcd.jpg,C:\Users\venka\Documents\Project\data\processed\train\clubbing\Screen-Shot-2021-11-22-at-9-31-54-AM_png.rf.51e273f82e00f6965c3f7e1423828bcd.jpg,948833b74fd12bc5
train,clubbing,Screen-Shot-2021-11-22-at-9-31-54-AM_png.rf.bd4ac6906ebbf0024fd7e1b3de59c86b.jpg,C:\Users\venka\Documents\Project\data\processed\train\clubbing\Screen-Shot-2021-11-22-at-9-31-54-AM_png.rf.bd4ac6906ebbf0024fd7e1b3de59c86b.jpg,949273994b956e95
train,clubbing,Screen-Shot-2021-11-22-at-9-32-29-AM_png.rf.2c682ba9c8d80f0dd0e1ccff3f276f14.jpg,C:\Users\venka\Documents\Project\data\processed\train\clubbing\Screen-Shot-2021-11-22-at-9-32-29-AM_png.rf.2c682ba9c8d80f0dd0e1ccff3f276f14.jpg,d56a62602b753d65
train,clubbing,Screen-Shot-2021-11-22-at-9-33-50-AM_png.rf.2b12569723f60059a89b88770dc927c4.jpg,C:\Users\venka\Documents\Project\data\processed\train\clubbing\Screen-Shot-2021-11-22-at-9-33-50-AM_png.rf.2b12569723f60059a89b88770dc927c4.jpg,809f372955ad4b95
train,clubbing,Screen-Shot-2021-11-22-at-9-33-50-AM_png.rf.70d02f62e38d5f016d4ac35b22f6fded.jpg,C:\Users\venka\Documents\Project\data\processed\train\clubbing\Screen-Shot-2021-11-22-at-9-33-50-AM_png.rf.70d02f62e38d5f016d4ac35b22f6fded.jpg,e1c55e3ea5339232
train,clubbing,Screen-Shot-2021-11-22-at-9-33-50-AM_png.rf.8ba600ea3f21b4d6a83eebbd41763ee2.jpg,C:\Users\venka\Documents\Project\data\processed\train\clubbing\Screen-Shot-2021-11-22-at-9-33-50-AM_png.rf.8ba600ea3f21b4d6a83eebbd41763ee2.jpg,88d3457536623bce
train,clubbing,Screen-Shot-2021-11-22-at-9-37-30-AM_png.rf.a2e10c0999f5acfb68972569240c3d7e.jpg,C:\Users\venka\Documents\Project\data\processed\train\clubbing\Screen-Shot-2021-11-22-at-9-37-30-AM_png.rf.a2e10c0999f5acfb68972569240c3d7e.jpg,c4053fdb38cb504f
train,clubbing,Screen-Shot-2021-11-22-at-9-37-30-AM_png.rf.a59f72b02490746bbe48e623ef70a76f.jpg,C:\Users\venka\Documents\Project\data\processed\train\clubbing\Screen-Shot-2021-11-22-at-9-37-30-AM_png.rf.a59f72b02490746bbe48e623ef70a76f.jpg,92a53b655176da52
train,clubbing,Screen-Shot-2021-11-22-at-9-37-30-AM_png.rf.cbcccf10fe1ff80f1688c30738ea7403.jpg,C:\Users\venka\Documents\Project\data\processed\train\clubbing\Screen-Shot-2021-11-22-at-9-37-30-AM_png.rf.cbcccf10fe1ff80f1688c30738ea7403.jpg,85af3ed8705c5741
train,clubbing,Screen-Shot-2021-11-22-at-9-37-33-AM_png.rf.79e518b1c8efd773c77d1b92ca59b676.jpg,C:\Users\venka\Documents\Project\data\processed\train\clubbing\Screen-Shot-2021-11-22-at-9-37-33-AM_png.rf.79e518b1c8efd773c77d1b92ca59b676.jpg,80bf7b9535413de0
train,clubbing,Screen-Shot-2021-11-22-at-9-37-33-AM_png.rf.89ad0ad927da3692df6beb687a26a091.jpg,C:\Users\venka\Documents\Project\data\processed\train\clubbing\Screen-Shot-2021-11-22-at-9-37-33-AM_png.rf.89ad0ad927da3692df6beb687a26a091.jpg,80957d3d6368a7e1
train,clubbing,Screen-Shot-2021-11-22-at-9-37-33-AM_png.rf.d85dabbb3e8fc30fbf9df193d67b279f.jpg,C:\Users\venka\Documents\Project\data\processed\train\clubbing\Screen-Shot-2021-11-22-at-9-37-33-AM_png.rf.d85dabbb3e8fc30fbf9df193d67b279f.jpg,926d781a629e6cda
train,clubbing,Screen-Shot-2021-11-22-at-9-37-36-AM_png.rf.60795f74103a482d4bfde62394658347.jpg,C:\Users\venka\Documents\Project\data\processed\train\clubbing\Screen-Shot-2021-11-22-at-9-37-36-AM_png.rf.60795f74103a482d4bfde62394658347.jpg,c50b3ec417d65b58
train,clubbing,Screen-Shot-2021-11-22-at-9-37-36-AM_png.rf.d258ce0ac0148841bd08828f504a0842.jpg,C:\Users\venka\Documents\Project\data\processed\train\clubbing\Screen-Shot-2021-11-22-at-9-37-36-AM_png.rf.d258ce0ac0148841bd08828f504a0842.jpg,80ff6b9417187e61
train,clubbing,Screen-Shot-2021-11-22-at-9-37-40-AM_png.rf.d4b5481bb52ff357392f4f0874b74a5f.jpg,C:\Users\venka\Documents\Project\data\processed\train\clubbing\Screen-Shot-2021-11-22-at-9-37-40-AM_png.rf.d4b5481bb52ff357392f4f0874b74a5f.jpg,c66d328d7107c91f
train,clubbing,Screen-Shot-2021-11-22-at-9-37-42-AM_png.rf.939c9f662a208dc97e5a9f08ad13de4b.jpg,C:\Users\venka\Documents\Project\data\processed\train\clubbing\Screen-Shot-2021-11-22-at-9-37-42-AM_png.rf.939c9f662a208dc97e5a9f08ad13de4b.jpg,95707a3b610b2f2b
train,clubbing,Screen-Shot-2021-11-22-at-9-37-42-AM_png.rf.d68ec254ef27cf979f4f3220b66a7b18.jpg,C:\Users\venka\Documents\Project\data\processed\train\clubbing\Screen-Shot-2021-11-22-at-9-37-42-AM_png.rf.d68ec254ef27cf979f4f3220b66a7b18.jpg,85a5389637b516b5
train,clubbing,Screen-Shot-2021-11-22-at-9-37-46-AM_png.rf.870cd0a09824d418befc12073b882e9d.jpg,C:\Users\venka\Documents\Project\data\processed\train\clubbing\Screen-Shot-2021-11-22-at-9-37-46-AM_png.rf.870cd0a09824d418befc12073b882e9d.jpg,c0c07ef460775f29
train,clubbing,Screen-Shot-2021-11-22-at-9-37-46-AM_png.rf.c2c5d1c5db0e0eb497a2bf63b4df2824.jpg,C:\Users\venka\Documents\Project\data\processed\train\clubbing\Screen-Shot-2021-11-22-at-9-37-46-AM_png.rf.c2c5d1c5db0e0eb497a2bf63b4df2824.jpg,d0602d6427727f73
train,clubbing,Screen-Shot-2021-11-22-at-9-37-46-AM_png.rf.e53863e0d385d55d2e5e128b062e496b.jpg,C:\Users\venka\Documents\Project\data\processed\train\clubbing\Screen-Shot-2021-11-22-at-9-37-46-AM_png.rf.e53863e0d385d55d2e5e128b062e496b.jpg,90e525b5e761c467
train,clubbing,Screen-Shot-2021-11-22-at-9-37-50-AM_png.rf.04afa5c37fdf27abde2e751fb04ebc26.jpg,C:\Users\venka\Documents\Project\data\processed\train\clubbing\Screen-Shot-2021-11-22-at-9-37-50-AM_png.rf.04afa5c37fdf27abde2e751fb04ebc26.jpg,928d694f624e7a6a
train,clubbing,Screen-Shot-2021-11-22-at-9-37-50-AM_png.rf.4530b7a4132e58b0fc72d9cf1c41b5f3.jpg,C:\Users\venka\Documents\Project\data\processed\train\clubbing\Screen-Shot-2021-11-22-at-9-37-50-AM_png.rf.4530b7a4132e58b0fc72d9cf1c41b5f3.jpg,87d0653236d39ace
train,clubbing,Screen-Shot-2021-11-22-at-9-37-50-AM_png.rf.ab603238c224b5b38e501d4d4678bb7e.jpg,C:\Users\venka\Documents\Project\data\processed\train\clubbing\Screen-Shot-2021-11-22-at-9-37-50-AM_png.rf.ab603238c224b5b38e501d4d4678bb7e.jpg,c2c5293855b5ea1f
train,clubbing,Screen-Shot-2021-11-22-at-9-38-59-AM_png.rf.14ea2294348aa22c94ec5b712e5f369b.jpg,C:\Users\venka\Documents\Project\data\processed\train\clubbing\Screen-Shot-2021-11-22-at-9-38-59-AM_png.rf.14ea2294348aa22c94ec5b712e5f369b.jpg,d0294a7d437f097c
train,clubbing,Screen-Shot-2021-11-22-at-9-38-59-AM_png.rf.70c9ec64d9a4641aa6ac49bbc989c942.jpg,C:\Users\venka\Documents\Project\data\processed\train\clubbing\Screen-Shot-2021-11-22-at-9-38-59-AM_png.rf.70c9ec64d9a4641aa6ac49bbc989c942.jpg,818b1fe51ec539d4
train,clubbing,Screen-Shot-2021-11-22-at-9-38-59-AM_png.rf.74909f5dece8bfaf0f081883cc7979a7.jpg,C:\Users\venka\Documents\Project\data\processed\train\clubbing\Screen-Shot-2021-11-22-at-9-38-59-AM_png.rf.74909f5dece8bfaf0f081883cc7979a7.jpg,a0bf15950b923f4b
train,clubbing,Screen-Shot-2021-11-22-at-9-40-07-AM_png.rf.27e1ba2a641a04221b2e9131c16a2870.jpg,C:\Users\venka\Documents\Project\data\processed\train\clubbing\Screen-Shot-2021-11-22-at-9-40-07-AM_png.rf.27e1ba2a641a04221b2e9131c16a2870.jpg,eabff495011a0397
train,clubbing,Screen-Shot-2021-11-22-at-9-40-07-AM_png.rf.f9d3d557bfe87bb122dae0ed054dfdcb.jpg,C:\Users\venka\Documents\Project\data\processed\train\clubbing\Screen-Shot-2021-11-22-at-9-40-07-AM_png.rf.f9d3d557bfe87bb122dae0ed054dfdcb.jpg,9e7f6b5454602d62
train,clubbing,Screen-Shot-2021-11-22-at-9-40-12-AM_png.rf.89e29de758e2e23dc344892f3c0afa81.jpg,C:\Users\venka\Documents\Project\data\processed\train\clubbing\Screen-Shot-2021-11-22-at-9-40-12-AM_png.rf.89e29de758e2e23dc344892f3c0afa81.jpg,c12a7fb5e7b02096
train,clubbing,Screen-Shot-2021-11-22-at-9-40-12-AM_png.rf.be11406d965ff541b27e114f1f94a681.jpg,C:\Users\venka\Documents\Project\data\processed\train\clubbing\Screen-Shot-2021-11-22-at-9-40-12-AM_png.rf.be11406d965ff541b27e114f1f94a681.jpg,80e86b955ba07fa3
train,clubbing,Screen-Shot-2021-11-22-at-9-43-27-AM_png.rf.69e883ada6f4152aaf3b61051bf17c56.jpg,C:\Users\venka\Documents\Project\data\processed\train\clubbing\Screen-Shot-2021-11-22-at-9-43-27-AM_png.rf.69e883ada6f4152aaf3b61051bf17c56.jpg,97a338c771684e4b
train,clubbing,Screen-Shot-2021-11-22-at-9-43-27-AM_png.rf.9751e9508430b0dff7937ebe6df5758f.jpg,C:\Users\venka\Documents\Project\data\processed\train\clubbing\Screen-Shot-2021-11-22-at-9-43-27-AM_png.rf.9751e9508430b0dff7937ebe6df5758f.jpg,80c87cb56f37bb08
train,clubbing,Screen-Shot-2021-11-22-at-9-43-45-AM_png.rf.3b7a231029d1ffc691e6d17b5176b0b0.jpg,C:\Users\venka\Documents\Project\data\processed\train\clubbing\Screen-Shot-2021-11-22-at-9-43-45-AM_png.rf.3b7a231029d1ffc691e6d17b5176b0b0.jpg,c4e83a31649d3f17
train,clubbing,Screen-Shot-2021-11-22-at-9-43-45-AM_png.rf.94deaad2cf42e5825b57ca55e34f6696.jpg,C:\Users\venka\Documents\Project\data\processed\train\clubbing\Screen-Shot-2021-11-22-at-9-43-45-AM_png.rf.94deaad2cf42e5825b57ca55e34f6696.jpg,c57b3accc1f03c83
train,clubbing,Screen-Shot-2021-11-22-at-9-44-03-AM_png.rf.4bccab0ba69abd3074b6661dc1707fcd.jpg,C:\Users\venka\Documents\Project\data\processed\train\clubbing\Screen-Shot-2021-11-22-at-9-44-03-AM_png.rf.4bccab0ba69abd3074b6661dc1707fcd.jpg,9f9d646339c234c3
train,clubbing,Screen-Shot-2021-11-22-at-9-44-03-AM_png.rf.e6a264a400cda34ca00d2bbd5af491b6.jpg,C:\Users\venka\Documents\Project\data\processed\train\clubbing\Screen-Shot-2021-11-22-at-9-44-03-AM_png.rf.e6a264a400cda34ca00d2bbd5af491b6.jpg,91476fb57938902b
train,clubbing,Screen-Shot-2021-11-22-at-9-44-13-AM_png.rf.0e5844df27d585469e153f9217c2aebb.jpg,C:\Users\venka\Documents\Project\data\processed\train\clubbing\Screen-Shot-2021-11-22-at-9-44-13-AM_png.rf.0e5844df27d585469e153f9217c2aebb.jpg,856a3a9dc867ac2b
train,clubbing,Screen-Shot-2021-11-22-at-9-44-13-AM_png.rf.20e21e16952e73b2aec67aa7ba0ad019.jpg,C:\Users\venka\Documents\Project\data\processed\train\clubbing\Screen-Shot-2021-11-22-at-9-44-13-AM_png.rf.20e21e16952e73b2aec67aa7ba0ad019.jpg,d8e027339e0d8f93
train,clubbing,Screen-Shot-2021-11-22-at-9-44-13-AM_png.rf.594961a4eb208800424e3f1f5965fa63.jpg,C:\Users\venka\Documents\Project\data\processed\train\clubbing\Screen-Shot-2021-11-22-at-9-44-13-AM_png.rf.594961a4eb208800424e3f1f5965fa63.jpg,c91f66641bc037da
train,clubbing,Screen-Shot-2021-11-22-at-9-44-21-AM_png.rf.4d891e528462aa99eb2bf39062c0c10c.jpg,C:\Users\venka\Documents\Project\data\processed\train\clubbing\Screen-Shot-2021-11-22-at-9-44-21-AM_png.rf.4d891e528462aa99eb2bf39062c0c10c.jpg,95356adc6aca92ca
train,clubbing,Screen-Shot-2021-11-22-at-9-44-27-AM_png.rf.54c28faca571f0719030a057e578118c.jpg,C:\Users\venka\Documents\Project\data\processed\train\clubbing\Screen-Shot-2021-11-22-at-9-44-27-AM_png.rf.54c28faca571f0719030a057e578118c.jpg,d0602d9c1f9bf48d
train,clubbing,Screen-Shot-2021-11-22-at-9-44-27-AM_png.rf.d8ccf288843cdfe8945ba81bc99ee196.jpg,C:\Users\venka\Documents\Project\data\processed\train\clubbing\Screen-Shot-2021-11-22-at-9-44-27-AM_png.rf.d8ccf288843cdfe8945ba81bc99ee196.jpg,c07f3f80798684bb
train,clubbing,Screen-Shot-2021-11-22-at-9-44-40-AM_png.rf.a00c4fdc5f67c2081f729659ccc591ba.jpg,C:\Users\venka\Documents\Project\data\processed\train\clubbing\Screen-Shot-2021-11-22-at-9-44-40-AM_png.rf.a00c4fdc5f67c2081f729659ccc591ba.jpg,d57e3f402a4a6a3a
train,clubbing,Screen-Shot-2021-11-22-at-9-44-40-AM_png.rf.ded3a3167f492546944a1deea88ea61c.jpg,C:\Users\venka\Documents\Project\data\processed\train\clubbing\Screen-Shot-2021-11-22-at-9-44-40-AM_png.rf.ded3a3167f492546944a1deea88ea61c.jpg,9582685ad575d572
train,clubbing,Screen-Shot-2021-11-22-at-9-45-35-AM_png.rf.3368b16f0fcd4c9fd8375f49935c2260.jpg,C:\Users\venka\Documents\Project\data\processed\train\clubbing\Screen-Shot-2021-11-22-at-9-45-35-AM_png.rf.3368b16f0fcd4c9fd8375f49935c2260.jpg,93b50f7834dc68f0
train,clubbing,Screen-Shot-2021-11-22-at-9-45-35-AM_png.rf.6cf4d9b7df465dcb8ac3a05a093ebca1.jpg,C:\Users\venka\Documents\Project\data\processed\train\clubbing\Screen-Shot-2021-11-22-at-9-45-35-AM_png.rf.6cf4d9b7df465dcb8ac3a05a093ebca1.jpg,d52b2ab525d268da
train,clubbing,Screen-Shot-2021-11-22-at-9-45-35-AM_png.rf.deef7cca9e97f47b5c61c796ae1a30b3.jpg,C:\Users\venka\Documents\Project\data\processed\train\clubbing\Screen-Shot-2021-11-22-at-9-45-35-AM_png.rf.deef7cca9e97f47b5c61c796ae1a30b3.jpg,c5953b6f3d602471
train,clubbing,Screen-Shot-2021-11-22-at-9-46-16-AM_png.rf.050768ae403dd0fa6538c2f0efb8c23b.jpg,C:\Users\venka\Documents\Project\data\processed\train\clubbing\Screen-Shot-2021-11-22-at-9-46-16-AM_png.rf.050768ae403dd0fa6538c2f0efb8c23b.jpg,80bfb581c7b32d92
train,clubbing,Screen-Shot-2021-11-22-at-9-46-16-AM_png.rf.2ca3fb038a065cd9e427d974e9c03ef8.jpg,C:\Users\venka\Documents\Project\data\processed\train\clubbing\Screen-Shot-2021-11-22-at-9-46-16-AM_png.rf.2ca3fb038a065cd9e427d974e9c03ef8.jpg,d54f303e0b3a0e3b
train,clubbing,Screen-Shot-2021-11-22-at-9-46-16-AM_png.rf.9af18d238e7771406b8c795fa0c0c3c0.jpg,C:\Users\venka\Documents\Project\data\processed\train\clubbing\Screen-Shot-2021-11-22-at-9-46-16-AM_png.rf.9af18d238e7771406b8c795fa0c0c3c0.jpg,d5ab62850b973a95
train,clubbing,Screen-Shot-2021-11-22-at-9-46-26-AM_png.rf.9ef3fc1a7d71d37fdfce7ea3f543b22c.jpg,C:\Users\venka\Documents\Project\data\processed\train\clubbing\Screen-Shot-2021-11-22-at-9-46-26-AM_png.rf.9ef3fc1a7d71d37fdfce7ea3f543b22c.jpg,894f745bc5ac0e9a
train,clubbing,Screen-Shot-2021-11-22-at-9-46-38-AM_png.rf.02fec67b48fc4c3d71c03dffa4909b5d.jpg,C:\Users\venka\Documents\Project\data\processed\train\clubbing\Screen-Shot-2021-11-22-at-9-46-38-AM_png.rf.02fec67b48fc4c3d71c03dffa4909b5d.jpg,95954a95b5d26d29
train,clubbing,Screen-Shot-2021-11-22-at-9-46-38-AM_png.rf.5673c1032961df0e7f0d4db0a18fa9e1.jpg,C:\Users\venka\Documents\Project\data\processed\train\clubbing\Screen-Shot-2021-11-22-at-9-46-38-AM_png.rf.5673c1032961df0e7f0d4db0a18fa9e1.jpg,bc2543d4665c3c6b
train,clubbing,Screen-Shot-2021-11-22-at-9-46-38-AM_png.rf.f89f94aa322459b00f0e25132cdb1b6d.jpg,C:\Users\venka\Documents\Project\data\processed\train\clubbing\Screen-Shot-2021-11-22-at-9-46-38-AM_png.rf.f89f94aa322459b00f0e25132cdb1b6d.jpg,c10f789f2de03de0
train,clubbing,Screen-Shot-2021-11-22-at-9-48-07-AM_png.rf.3e12aa7647ba18859dfc3ef7e9f32f55.jpg,C:\Users\venka\Documents\Project\data\processed\train\clubbing\Screen-Shot-2021-11-22-at-9-48-07-AM_png.rf.3e12aa7647ba18859dfc3ef7e9f32f55.jpg,81d5772b332c0d3e
train,clubbing,Screen-Shot-2021-11-22-at-9-48-07-AM_png.rf.65e91b2731f06c8126e4135ba03da1f5.jpg,C:\Users\venka\Documents\Project\data\processed\train\clubbing\Screen-Shot-2021-11-22-at-9-48-07-AM_png.rf.65e91b2731f06c8126e4135ba03da1f5.jpg,c03f7c8d7d856590
train,clubbing,Screen-Shot-2021-11-22-at-9-48-07-AM_png.rf.dd2e3e9db33ba933ff1f200956b411c5.jpg,C:\Users\venka\Documents\Project\data\processed\train\clubbing\Screen-Shot-2021-11-22-at-9-48-07-AM_png.rf.dd2e3e9db33ba933ff1f200956b411c5.jpg,c02abd493747335e
train,clubbing,Screen-Shot-2021-11-22-at-9-49-25-AM_png.rf.366e3927fff1588c789bf63c5b5b048c.jpg,C:\Users\venka\Documents\Project\data\processed\train\clubbing\Screen-Shot-2021-11-22-at-9-49-25-AM_png.rf.366e3927fff1588c789bf63c5b5b048c.jpg,c1843e337e7bc0e4
train,clubbing,Screen-Shot-2021-11-22-at-9-49-25-AM_png.rf.76bfe4638489cde427fdb47a7c83a2eb.jpg,C:\Users\venka\Documents\Project\data\processed\train\clubbing\Screen-Shot-2021-11-22-at-9-49-25-AM_png.rf.76bfe4638489cde427fdb47a7c83a2eb.jpg,862d6b4b6c6c6363
train,clubbing,Screen-Shot-2021-11-22-at-9-51-10-AM_png.rf.1e60f07bd820789ca34e8503eec61745.jpg,C:\Users\venka\Documents\Project\data\processed\train\clubbing\Screen-Shot-2021-11-22-at-9-51-10-AM_png.rf.1e60f07bd820789ca34e8503eec61745.jpg,e5ed13359a3e403a
train,clubbing,Screen-Shot-2021-11-22-at-9-51-10-AM_png.rf.7b0f1504ca51905deb9c4b1839ef0b2b.jpg,C:\Users\venka\Documents\Project\data\processed\train\clubbing\Screen-Shot-2021-11-22-at-9-51-10-AM_png.rf.7b0f1504ca51905deb9c4b1839ef0b2b.jpg,cf00148ebbdd3599
train,clubbing,Screen-Shot-2021-11-22-at-9-51-13-AM_png.rf.bc62bff5c1496f15cf7b1cf2daf4450e.jpg,C:\Users\venka\Documents\Project\data\processed\train\clubbing\Screen-Shot-2021-11-22-at-9-51-13-AM_png.rf.bc62bff5c1496f15cf7b1cf2daf4450e.jpg,c05235af52b52eb6
train,clubbing,Screen-Shot-2021-11-22-at-9-51-19-AM_png.rf.25d74652ee11dd550f3ee5ba77d6821e.jpg,C:\Users\venka\Documents\Project\data\processed\train\clubbing\Screen-Shot-2021-11-22-at-9-51-19-AM_png.rf.25d74652ee11dd550f3ee5ba77d6821e.jpg,956a74d04ac9e5ce
train,clubbing,Screen-Shot-2021-11-22-at-9-51-19-AM_png.rf.6db07d1b59dab60e3bf95a8262231ce4.jpg,C:\Users\venka\Documents\Project\data\processed\train\clubbing\Screen-Shot-2021-11-22-at-9-51-19-AM_png.rf.6db07d1b59dab60e3bf95a8262231ce4.jpg,c1bd35c0078f1e9e
train,clubbing,Screen-Shot-2021-11-22-at-9-54-00-AM_png.rf.5e987ad81ecded67e5ce087c26970041.jpg,C:\Users\venka\Documents\Project\data\processed\train\clubbing\Screen-Shot-2021-11-22-at-9-54-00-AM_png.rf.5e987ad81ecded67e5ce087c26970041.jpg,85743e9d3cb43896
train,clubbing,Screen-Shot-2021-11-22-at-9-54-00-AM_png.rf.c75e17649c4778e88c7b61008abd4c98.jpg,C:\Users\venka\Documents\Project\data\processed\train\clubbing\Screen-Shot-2021-11-22-at-9-54-00-AM_png.rf.c75e17649c4778e88c7b61008abd4c98.jpg,95703a2b3d2f2d2c
train,clubbing,Screen-Shot-2021-11-22-at-9-54-05-AM_png.rf.5c154d07e003ccf307cfe0ab25b53eae.jpg,C:\Users\venka\Documents\Project\data\processed\train\clubbing\Screen-Shot-2021-11-22-at-9-54-05-AM_png.rf.5c154d07e003ccf307cfe0ab25b53eae.jpg,94d44fab49a54b8d
train,clubbing,Screen-Shot-2021-11-22-at-9-54-05-AM_png.rf.9d8ea79774a1b2c73511e00c06212eaf.jpg,C:\Users\venka\Documents\Project\data\processed\train\clubbing\Screen-Shot-2021-11-22-at-9-54-05-AM_png.rf.9d8ea79774a1b2c73511e00c06212eaf.jpg,93852d9b32b92eb2
train,clubbing,Screen-Shot-2021-11-22-at-9-56-30-AM_png.rf.7ba58b3105ebb978d40c99694fab8e7d.jpg,C:\Users\venka\Documents\Project\data\processed\train\clubbing\Screen-Shot-2021-11-22-at-9-56-30-AM_png.rf.7ba58b3105ebb978d40c99694fab8e7d.jpg,d5953a0529343f7a
train,clubbing,Screen-Shot-2021-11-22-at-9-56-34-AM_png.rf.79104b458844b108cc2f373642b03e64.jpg,C:\Users\venka\Documents\Project\data\processed\train\clubbing\Screen-Shot-2021-11-22-at-9-56-34-AM_png.rf.79104b458844b108cc2f373642b03e64.jpg,d51f21266a3562db
train,clubbing,Screen-Shot-2021-11-22-at-9-56-34-AM_png.rf.a5334b165cef4698a6f07b58ee14c40f.jpg,C:\Users\venka\Documents\Project\data\processed\train\clubbing\Screen-Shot-2021-11-22-at-9-56-34-AM_png.rf.a5334b165cef4698a6f07b58ee14c40f.jpg,d46a3d6d2c6422b7
train,clubbing,Screen-Shot-2021-11-22-at-9-56-34-AM_png.rf.d1ab23a19e81f1a20cb9cd3d25f3a412.jpg,C:\Users\venka\Documents\Project\data\processed\train\clubbing\Screen-Shot-2021-11-22-at-9-56-34-AM_png.rf.d1ab23a19e81f1a20cb9cd3d25f3a412.jpg,d4852b962dd22dda
train,clubbing,Screen-Shot-2021-11-22-at-9-58-18-AM_png.rf.34e2cf513d6e66021b482e761438a69a.jpg,C:\Users\venka\Documents\Project\data\processed\train\clubbing\Screen-Shot-2021-11-22-at-9-58-18-AM_png.rf.34e2cf513d6e66021b482e761438a69a.jpg,d53f201c4a316dde
train,clubbing,Screen-Shot-2021-11-22-at-9-58-18-AM_png.rf.8de2b17164d8cecf0e02e741c25be7dd.jpg,C:\Users\venka\Documents\Project\data\processed\train\clubbing\Screen-Shot-2021-11-22-at-9-58-18-AM_png.rf.8de2b17164d8cecf0e02e741c25be7dd.jpg,d5296e4b6a4a6a66
train,clubbing,Screen-Shot-2021-11-22-at-9-58-18-AM_png.rf.f6270a2bf36d5819e9ebebbf903842f4.jpg,C:\Users\venka\Documents\Project\data\processed\train\clubbing\Screen-Shot-2021-11-22-at-9-58-18-AM_png.rf.f6270a2bf36d5819e9ebebbf903842f4.jpg,d5216e6c0a7a0bfa
train,clubbing,Screen-Shot-2021-11-22-at-9-58-28-AM_png.rf.aed2a6d22c2e67c7d196b68a1b258ad6.jpg,C:\Users\venka\Documents\Project\data\processed\train\clubbing\Screen-Shot-2021-11-22-at-9-58-28-AM_png.rf.aed2a6d22c2e67c7d196b68a1b258ad6.jpg,952a5b715375266c
train,clubbing,Screen-Shot-2021-11-22-at-9-58-28-AM_png.rf.b15a2c34d8c7b70c716e4d02bc1662c3.jpg,C:\Users\venka\Documents\Project\data\processed\train\clubbing\Screen-Shot-2021-11-22-at-9-58-28-AM_png.rf.b15a2c34d8c7b70c716e4d02bc1662c3.jpg,80c053c07f747b9f
train,Healthy_Nail,h104_png.rf.bc317ab5c0327a81557e505317410383.jpg,C:\Users\venka\Documents\Project\data\processed\train\Healthy_Nail\h104_png.rf.bc317ab5c0327a81557e505317410383.jpg,c3c76b64c69e2e18
train,Healthy_Nail,h108_png.rf.3a43ff91862f863e7d70600715f68eba.jpg,C:\Users\venka\Documents\Project\data\processed\train\Healthy_Nail\h108_png.rf.3a43ff91862f863e7d70600715f68eba.jpg,c33b661993664d63
train,Healthy_Nail,h108_png.rf.bfd91ebb870b0b68748f128de83fc0ca.jpg,C:\Users\venka\Documents\Project\data\processed\train\Healthy_Nail\h108_png.rf.bfd91ebb870b0b68748f128de83fc0ca.jpg,c9cc6663993c361b
train,Healthy_Nail,h110_png.rf.84ba1cd9dca9edfd159c0f7e76453f8d.jpg,C:\Users\venka\Documents\Project\data\processed\train\Healthy_Nail\h110_png.rf.84ba1cd9dca9edfd159c0f7e76453f8d.jpg,ce3861646de3669c
train,Healthy_Nail,h111_png.rf.2798e970f4a3fadd652084a876714168.jpg,C:\Users\venka\Documents\Project\data\processed\train\Healthy_Nail\h111_png.rf.2798e970f4a3fadd652084a876714168.jpg,949d727269926dcc
train,Healthy_Nail,h113_png.rf.c7643fc7ec0f6b9fc7373d420249e331.jpg,C:\Users\venka\Documents\Project\data\processed\train\Healthy_Nail\h113_png.rf.c7643fc7ec0f6b9fc7373d420249e331.jpg,b5257a9a4be03c1d
train,Healthy_Nail,h113_png.rf.fe3cd995da571a500e5dd29826cd04a4.jpg,C:\Users\venka\Documents\Project\data\processed\train\Healthy_Nail\h113_png.rf.fe3cd995da571a500e5dd29826cd04a4.jpg,a06f77925bc18ce2
train,Healthy_Nail,h118_png.rf.247d6937c0d9ba74e56c2ee9498efd50.jpg,C:\Users\venka\Documents\Project\data\processed\train\Healthy_Nail\h118_png.rf.247d6937c0d9ba74e56c2ee9498efd50.jpg,85a7329c4e846fcb
train,Healthy_Nail,h119_png.rf.cc7a5e38473a30f56c639a65f3dac285.jpg,C:\Users\venka\Documents\Project\data\processed\train\Healthy_Nail\h119_png.rf.cc7a5e38473a30f56c639a65f3dac285.jpg,8ab7665d13546746
train,Healthy_Nail,h11_png.rf.74636675cb087ccfcf925696bcf8e6f0.jpg,C:\Users\venka\Documents\Project\data\processed\train\Healthy_Nail\h11_png.rf.74636675cb087ccfcf925696bcf8e6f0.jpg,973c4a34e16d6569
train,Healthy_Nail,h11_png.rf.78c6118a8c851519e1641d1fb0a7a547.jpg,C:\Users\venka\Documents\Project\data\processed\train\Healthy_Nail\h11_png.rf.78c6118a8c851519e1641d1fb0a7a547.jpg,97cb78cf619042b5
train,Healthy_Nail,h120_png.rf.aeb93f1a3f6dc7baffc2e1f53a4b9125.jpg,C:\Users\venka\Documents\Project\data\processed\train\Healthy_Nail\h120_png.rf.aeb93f1a3f6dc7baffc2e1f53a4b9125.jpg,817c37f04a874f96
train,Healthy_Nail,h120_png.rf.be42712f1572fb1cedf0c459d8c6c12e.jpg,C:\Users\venka\Documents\Project\data\processed\train\Healthy_Nail\h120_png.rf.be42712f1572fb1cedf0c459d8c6c12e.jpg,958561c89eb549b7
train,Healthy_Nail,h122_png.rf.91ee26e4775dd4eba2b455291b9f9469.jpg,C:\Users\venka\Documents\Project\data\processed\train\Healthy_Nail\h122_png.rf.91ee26e4775dd4eba2b455291b9f9469.jpg,c0832fef08f531d6
train,Healthy_Nail,h122_png.rf.a36a95383f86f0fa9135cf2730423230.jpg,C:\Users\venka\Documents\Project\data\processed\train\Healthy_Nail\h122_png.rf.a36a95383f86f0fa9135cf2730423230.jpg,c0030fff10d51dd7
train,Healthy_Nail,h123_png.rf.49dcb6a690e769267922142b31ee6f2c.jpg,C:\Users\venka\Documents\Project\data\processed\train\Healthy_Nail\h123_png.rf.49dcb6a690e769267922142b31ee6f2c.jpg,c296349a699e37d2
train,Healthy_Nail,h124_png.rf.4e39517c9a2854cabfa53df8b3f0f8c6.jpg,C:\Users\venka\Documents\Project\data\processed\train\Healthy_Nail\h124_png.rf.4e39517c9a2854cabfa53df8b3f0f8c6.jpg,c333711873933ec3
train,Healthy_Nail,h124_png.rf.5091089d5bc0a03466ac396574b9a119.jpg,C:\Users\venka\Documents\Project\data\processed\train\Healthy_Nail\h124_png.rf.5091089d5bc0a03466ac396574b9a119.jpg,97cb659666686325
train,Healthy_Nail,h126_png.rf.45a9277446901346356573d3ebeb27fa.jpg,C:\Users\venka\Documents\Project\data\processed\train\Healthy_Nail\h126_png.rf.45a9277446901346356573d3ebeb27fa.jpg,c0943f96bcc96ad8
train,Healthy_Nail,h129_png.rf.5c0f71e54be0103c4240a49d579cec47.jpg,C:\Users\venka\Documents\Project\data\processed\train\Healthy_Nail\h129_png.rf.5c0f71e54be0103c4240a49d579cec47.jpg,910b6671477a2ef8
train,Healthy_Nail,h130_png.rf.5f2e6ca7fcc0cb5e7d3cb95997f352c6.jpg,C:\Users\venka\Documents\Project\data\processed\train\Healthy_Nail\h130_png.rf.5f2e6ca7fcc0cb5e7d3cb95997f352c6.jpg,974a7ae5c79c1898
train,Healthy_Nail,h131_png.rf.42f1e50a8cd3ccce9bc6938f13ba69a7.jpg,C:\Users\venka\Documents\Project\data\processed\train\Healthy_Nail\h131_png.rf.42f1e50a8cd3ccce9bc6938f13ba69a7.jpg,d0950b4b3f873792
train,Healthy_Nail,h131_png.rf.918fdb2d3ee0ff043e4b48c2886fc9e0.jpg,C:\Users\venka\Documents\Project\data\processed\train\Healthy_Nail\h131_png.rf.918fdb2d3ee0ff043e4b48c2886fc9e0.jpg,811b5f85b46f2587
train,Healthy_Nail,h132_png.rf.55e9a589a1bd19814c7a04abd18eead1.jpg,C:\Users\venka\Documents\Project\data\processed\train\Healthy_Nail\h132_png.rf.55e9a589a1bd19814c7a04abd18eead1.jpg,94a16bde64dd1cd0
train,Healthy_Nail,h133_png.rf.4c51304845bc79457f299cc328d827a0.jpg,C:\Users\venka\Documents\Project\data\processed\train\Healthy_Nail\h133_png.rf.4c51304845bc79457f299cc328d827a0.jpg,d4902d91b4e53bce
train,Healthy_Nail,h133_png.rf.d15b8b1929136d409a109e3010250474.jpg,C:\Users\venka\Documents\Project\data\processed\train\Healthy_Nail\h133_png.rf.d15b8b1929136d409a109e3010250474.jpg,81546e32753d972d
train,Healthy_Nail,h135_png.rf.0f26330d76367f663de7a74449795fcb.jpg,C:\Users\venka\Documents\Project\data\processed\train\Healthy_Nail\h135_png.rf.0f26330d76367f663de7a74449795fcb.jpg,976a6d7161617165
train,Healthy_Nail,h135_png.rf.4c0d5271c23103f08ef7184fc516454a.jpg,C:\Users\venka\Documents\Project\data\processed\train\Healthy_Nail\h135_png.rf.4c0d5271c23103f08ef7184fc516454a.jpg,d2306f65654f584e
train,Healthy_Nail,h137_png.rf.c174daff5b0c52ea1c91c98da962d86e.jpg,C:\Users\venka\Documents\Project\data\processed\train\Healthy_Nail\h137_png.rf.c174daff5b0c52ea1c91c98da962d86e.jpg,c2952ffb20e925e1
train,Healthy_Nail,h137_png.rf.e87cee9f6182be7903a4136bf36c623d.jpg,C:\Users\venka\Documents\Project\data\processed\train\Healthy_Nail\h137_png.rf.e87cee9f6182be7903a4136bf36c623d.jpg,c02d6e6f3c6a3ac2
train,Healthy_Nail,h138_png.rf.58888bef9967b360f603869cb3923a47.jpg,C:\Users\venka\Documents\Project\data\processed\train\Healthy_Nail\h138_png.rf.58888bef9967b360f603869cb3923a47.jpg,81b17f0778706a79
train,Healthy_Nail,h138_png.rf.8c95c9a4df68694d4936941374e48bba.jpg,C:\Users\venka\Documents\Project\data\processed\train\Healthy_Nail\h138_png.rf.8c95c9a4df68694d4936941374e48bba.jpg,813e5fe348e1c327
train,Healthy_Nail,h139_png.rf.d7d757a6f7bf36e7ccd4b94444a2f7aa.jpg,C:\Users\venka\Documents\Project\data\processed\train\Healthy_Nail\h139_png.rf.d7d757a6f7bf36e7ccd4b94444a2f7aa.jpg,9e96614e73696338
train,Healthy_Nail,h13_png.rf.07bf345415a5036d5f933293a543c2fb.jpg,C:\Users\venka\Documents\Project\data\processed\train\Healthy_Nail\h13_png.rf.07bf345415a5036d5f933293a543c2fb.jpg,c0a53f666e6a1f42
train,Healthy_Nail,h142_png.rf.2fda6add2a345ecb5c38f19cbc7b0367.jpg,C:\Users\venka\Documents\Project\data\processed\train\Healthy_Nail\h142_png.rf.2fda6add2a345ecb5c38f19cbc7b0367.jpg,857a6d6196139f49
train,Healthy_Nail,h142_png.rf.7094274b3d53567ef2d114a08d5eedc2.jpg,C:\Users\venka\Documents\Project\data\processed\train\Healthy_Nail\h142_png.rf.7094274b3d53567ef2d114a08d5eedc2.jpg,94c662ca7739583d
train,Healthy_Nail,h144_png.rf.5036007dd2a54714d1ad8462006d8f6b.jpg,C:\Users\venka\Documents\Project\data\processed\train\Healthy_Nail\h144_png.rf.5036007dd2a54714d1ad8462006d8f6b.jpg,813d37747a1f15a2
train,Healthy_Nail,h145_png.rf.64367717e934dce32f43baf36a826120.jpg,C:\Users\venka\Documents\Project\data\processed\train\Healthy_Nail\h145_png.rf.64367717e934dce32f43baf36a826120.jpg,81223a5b55fc4fc6
train,Healthy_Nail,h147_png.rf.bd7032ed9dd526c85b3579e1b3c9d5cb.jpg,C:\Users\venka\Documents\Project\data\processed\train\Healthy_Nail\h147_png.rf.bd7032ed9dd526c85b3579e1b3c9d5cb.jpg,c2682d371f2d3d25
train,Healthy_Nail,h148_png.rf.a75da4e2435f174e8b90f4f89311887d.jpg,C:\Users\venka\Documents\Project\data\processed\train\Healthy_Nail\h148_png.rf.a75da4e2435f174e8b90f4f89311887d.jpg,94c20f9b62967a97
train,Healthy_Nail,h148_png.rf.e0a18408c1d93712bcc261f990cc444f.jpg,C:\Users\venka\Documents\Project\data\processed\train\Healthy_Nail\h148_png.rf.e0a18408c1d93712bcc261f990cc444f.jpg,95c07a5a6b0f4b17
train,Healthy_Nail,h149_png.rf.cb3fc5168abfb096ba34b738546a6ce5.jpg,C:\Users\venka\Documents\Project\data\processed\train\Healthy_Nail\h149_png.rf.cb3fc5168abfb096ba34b738546a6ce5.jpg,976168626b6a696b
train,Healthy_Nail,h149_png.rf.d98edc1af2b1bc9a01480ca9500a849b.jpg,C:\Users\venka\Documents\Project\data\processed\train\Healthy_Nail\h149_png.rf.d98edc1af2b1bc9a01480ca9500a849b.jpg,906a1fa0e46f653b
train,Healthy_Nail,h14_png.rf.9e48f154edf68fa4094ba876c23615f1.jpg,C:\Users\venka\Documents\Project\data\processed\train\Healthy_Nail\h14_png.rf.9e48f154edf68fa4094ba876c23615f1.jpg,974b58a5346a2d5e
train,Healthy_Nail,h153_png.rf.af080bd4eb53dd96cb09d2d97c2f0a97.jpg,C:\Users\venka\Documents\Project\data\processed\train\Healthy_Nail\h153_png.rf.af080bd4eb53dd96cb09d2d97c2f0a97.jpg,d428217a757f4273
train,Healthy_Nail,h153_png.rf.cfea22f3dfd7a4ac553e32ff2f08b566.jpg,C:\Users\venka\Documents\Project\data\processed\train\Healthy_Nail\h153_png.rf.cfea22f3dfd7a4ac553e32ff2f08b566.jpg,d5b121c26a0b6e3f
train,Healthy_Nail,h154_png.rf.020818914e9e98b6527a920b364953ec.jpg,C:\Users\venka\Documents\Project\data\processed\train\Healthy_Nail\h154_png.rf.020818914e9e98b6527a920b364953ec.jpg,d56a146931e52de5
train,Healthy_Nail,h154_png.rf.2d699d29bab39d5e1330762ea0b7f294.jpg,C:\Users\venka\Documents\Project\data\processed\train\Healthy_Nail\h154_png.rf.2d699d29bab39d5e1330762ea0b7f294.jpg,d594511f2c2f3639
train,Healthy_Nail,h156_png.rf.4b18f484ec2effed3a4a1e905946cc03.jpg,C:\Users\venka\Documents\Project\data\processed\train\Healthy_Nail\h156_png.rf.4b18f484ec2effed3a4a1e905946cc03.jpg,c0b565857a963bd1
train,Healthy_Nail,h157_png.rf.1e1cc0a89a286e5682cea024a3bfdde4.jpg,C:\Users\venka\Documents\Project\data\processed\train\Healthy_Nail\h157_png.rf.1e1cc0a89a286e5682cea024a3bfdde4.jpg,80e57eda59d84b07
train,Healthy_Nail,h158_png.rf.5f15c0cff76d638e3022f7aea551aee8.jpg,C:\Users\venka\Documents\Project\data\processed\train\Healthy_Nail\h158_png.rf.5f15c0cff76d638e3022f7aea551aee8.jpg,d1771aa25bb84d94
train,Healthy_Nail,h158_png.rf.fd24d2cf75bc5a5d473afbdd1c9a62bb.jpg,C:\Users\venka\Documents\Project\data\processed\train\Healthy_Nail\h158_png.rf.fd24d2cf75bc5a5d473afbdd1c9a62bb.jpg,d4a102fe2ab62df2
train,Healthy_Nail,h15_png.rf.1cc449363f93785079ef9d41f25ff57c.jpg,C:\Users\venka\Documents\Project\data\processed\train\Healthy_Nail\h15_png.rf.1cc449363f93785079ef9d41f25ff57c.jpg,950f7acd6a487a68
train,Healthy_Nail,h15_png.rf.dc966fe377b6ddcba1d8cfb34e157f3b.jpg,C:\Users\venka\Documents\Project\data\processed\train\Healthy_Nail\h15_png.rf.dc966fe377b6ddcba1d8cfb34e157f3b.jpg,c22c614b3f6d6c6c
train,Healthy_Nail,h160_png.rf.cc67aa19e376322a70bac05f51244ad0.jpg,C:\Users\venka\Documents\Project\data\processed\train\Healthy_Nail\h160_png.rf.cc67aa19e376322a70bac05f51244ad0.jpg,d5d402e01fb44f9b
train,Healthy_Nail,h161_png.rf.297f658ae4e2c92786a48c7ac6a8f2f2.jpg,C:\Users\venka\Documents\Project\data\processed\train\Healthy_Nail\h161_png.rf.297f658ae4e2c92786a48c7ac6a8f2f2.jpg,81833f9eb5ca2bc2
train,Healthy_Nail,h162_png.rf.7be3a78f4b4a4ab1db12ae0eb0876d81.jpg,C:\Users\venka\Documents\Project\data\processed\train\Healthy_Nail\h162_png.rf.7be3a78f4b4a4ab1db12ae0eb0876d81.jpg,d4f06e976a99330a
train,Healthy_Nail,h162_png.rf.fa48e75c5f047baf9e5482d3ea26201c.jpg,C:\Users\venka\Documents\Project\data\processed\train\Healthy_Nail\h162_png.rf.fa48e75c5f047baf9e5482d3ea26201c.jpg,95c26ad82e9d36b1
train,Healthy_Nail,h163_png.rf.a11236d665124d14be9567160117a634.jpg,C:\Users\venka\Documents\Project\data\processed\train\Healthy_Nail\h163_png.rf.a11236d665124d14be9567160117a634.jpg,81a31fd55e465ec1
train,Healthy_Nail,h164_png.rf.1ff9fe790719187ad7d7d2fb9e2249ff.jpg,C:\Users\venka\Documents\Project\data\processed\train\Healthy_Nail\h164_png.rf.1ff9fe790719187ad7d7d2fb9e2249ff.jpg,85176a6b686e3c6a
train,Healthy_Nail,h167_png.rf.78bc8f305ee604b56042887ca890b89c.jpg,C:\Users\venka\Documents\Project\data\processed\train\Healthy_Nail\h167_png.rf.78bc8f305ee604b56042887ca890b89c.jpg,9f626dca24c6724b
train,Healthy_Nail,h167_png.rf.84a101120c2dcbffeb066ad9cf721b95.jpg,C:\Users\venka\Documents\Project\data\processed\train\Healthy_Nail\h167_png.rf.84a101120c2dcbffeb066ad9cf721b95.jpg,c23a346533663b2f
train,Healthy_Nail,h168_png.rf.2affa7f4841e89c9073ba7509d2b621b.jpg,C:\Users\venka\Documents\Project\data\processed\train\Healthy_Nail\h168_png.rf.2affa7f4841e89c9073ba7509d2b621b.jpg,d1683e9364752ae6
train,Healthy_Nail,h168_png.rf.7e04d4e4bd6c4bf68eb22eee5eb164d5.jpg,C:\Users\venka\Documents\Project\data\processed\train\Healthy_Nail\h168_png.rf.7e04d4e4bd6c4bf68eb22eee5eb164d5.jpg,9b8d46d261bb2678
train,Healthy_Nail,h169_png.rf.a9619babd848f85548ab0c97b549f890.jpg,C:\Users\venka\Documents\Project\data\processed\train\Healthy_Nail\h169_png.rf.a9619babd848f85548ab0c97b549f890.jpg,c42f7af043d34ec8
train,Healthy_Nail,h169_png.rf.f56b3859e679b53074c8f25406914f19.jpg,C:\Users\venka\Documents\Project\data\processed\train\Healthy_Nail\h169_png.rf.f56b3859e679b53074c8f25406914f19.jpg,c02f6e7013da4fe8
train,Healthy_Nail,h16_png.rf.544a7f60be3a66bac16b65327a54a313.jpg,C:\Users\venka\Documents\Project\data\processed\train\Healthy_Nail\h16_png.rf.544a7f60be3a66bac16b65327a54a313.jpg,d295318778c36dd2
train,Healthy_Nail,h172_png.rf.b61c05f50f07fc49349fbd692e819788.jpg,C:\Users\venka\Documents\Project\data\processed\train\Healthy_Nail\h172_png.rf.b61c05f50f07fc49349fbd692e819788.jpg,85541acaca756b3b
train,Healthy_Nail,h172_png.rf.e16decb4b5a659f887c48d8a8b23b04e.jpg,C:\Users\venka\Documents\Project\data\processed\train\Healthy_Nail\h172_png.rf.e16decb4b5a659f887c48d8a8b23b04e.jpg,952d1ad69bd649d0
train,Healthy_Nail,h173_png.rf.0b6bd27a7104ecd9880d54a1b22185f7.jpg,C:\Users\venka\Documents\Project\data\processed\train\Healthy_Nail\h173_png.rf.0b6bd27a7104ecd9880d54a1b22185f7.jpg,c06a65c373713f19
train,Healthy_Nail,h173_png.rf.242ae568b92273e4166cebfde3ef4f3f.jpg,C:\Users\venka\Documents\Project\data\processed\train\Healthy_Nail\h173_png.rf.242ae568b92273e4166cebfde3ef4f3f.jpg,d5da7a3d6a946481
train,Healthy_Nail,h175_png.rf.1769619900e50a1836ed9f7130c7fe1a.jpg,C:\Users\venka\Documents\Project\data\processed\train\Healthy_Nail\h175_png.rf.1769619900e50a1836ed9f7130c7fe1a.jpg,94d86aa7171e2f1c
train,Healthy_Nail,h176_png.rf.9f5f5937b4e08c083d48f298f6964b0e.jpg,C:\Users\venka\Documents\Project\data\processed\train\Healthy_Nail\h176_png.rf.9f5f5937b4e08c083d48f298f6964b0e.jpg,90ad25f47771484f
train,Healthy_Nail,h176_png.rf.c3f0e8d4bc9f0d2f0a91f1e315c936dc.jpg,C:\Users\venka\Documents\Project\data\processed\train\Healthy_Nail\h176_png.rf.c3f0e8d4bc9f0d2f0a91f1e315c936dc.jpg,c03f65c933c61fc2
train,Healthy_Nail,h177_png.rf.a812a2b610f5e48662a9cb9ce6dff088.jpg,C:\Users\venka\Documents\Project\data\processed\train\Healthy_Nail\h177_png.rf.a812a2b610f5e48662a9cb9ce6dff088.jpg,91c66c935a266d9b
train,Healthy_Nail,h17_png.rf.0d1a2e04222573eec621c451fad9bb6a.jpg,C:\Users\venka\Documents\Project\data\processed\train\Healthy_Nail\h17_png.rf.0d1a2e04222573eec621c451fad9bb6a.jpg,d07a25cd4bb44f91
train,Healthy_Nail,h17_png.rf.72eafcfc78d530a4382cb6dd07747c42.jpg,C:\Users\venka\Documents\Project\data\processed\train\Healthy_Nail\h17_png.rf.72eafcfc78d530a4382cb6dd07747c42.jpg,856a6a6a6a6a6a6b
train,Healthy_Nail,h180_png.rf.6a23519fd10e3c7cd815c6477e5a60df.jpg,C:\Users\venka\Documents\Project\data\processed\train\Healthy_Nail\h180_png.rf.6a23519fd10e3c7cd815c6477e5a60df.jpg,90c2e2e54f970f1e
train,Healthy_Nail,h182_png.rf.6669c0259fd13904ee45c186e3cd5620.jpg,C:\Users\venka\Documents\Project\data\processed\train\Healthy_Nail\h182_png.rf.6669c0259fd13904ee45c186e3cd5620.jpg,81d2346e6e3d6a33
train,Healthy_Nail,h182_png.rf.f23adc9d770e6b44b9afb3cd2f0929e6.jpg,C:\Users\venka\Documents\Project\data\processed\train\Healthy_Nail\h182_png.rf.f23adc9d770e6b44b9afb3cd2f0929e6.jpg,df1020ed097a93f3
train,Healthy_Nail,h184_png.rf.573b3d0e4d7c5b2771dfa7bfa15f63be.jpg,C:\Users\venka\Documents\Project\data\processed\train\Healthy_Nail\h184_png.rf.573b3d0e4d7c5b2771dfa7bfa15f63be.jpg,da73064d1ba43b9c
train,Healthy_Nail,h187_png.rf.a90e8ffc5131cb04b19d8e8b97f398ff.jpg,C:\Users\venka\Documents\Project\data\processed\train\Healthy_Nail\h187_png.rf.a90e8ffc5131cb04b19d8e8b97f398ff.jpg,c4b4766f0e163d91
train,Healthy_Nail,h18_png.rf.08b3e28e6f87a189fb5d81aec06d1771.jpg,C:\Users\venka\Documents\Project\data\processed\train\Healthy_Nail\h18_png.rf.08b3e28e6f87a189fb5d81aec06d1771.jpg,d0167b384f946d96
train,Healthy_Nail,h18_png.rf.531ef63563a697438d936c86acddb6d4.jpg,C:\Users\venka\Documents\Project\data\processed\train\Healthy_Nail\h18_png.rf.531ef63563a697438d936c86acddb6d4.jpg,87723e3d1a255a2d
train,Healthy_Nail,h190_png.rf.9465cf023064f27f72f0673c99d9a64f.jpg,C:\Users\venka\Documents\Project\data\processed\train\Healthy_Nail\h190_png.rf.9465cf023064f27f72f0673c99d9a64f.jpg,d11f5ab276c62187
train,Healthy_Nail,h190_png.rf.bce703752f237cfd18d3a025e1d55f76.jpg,C:\Users\venka\Documents\Project\data\processed\train\Healthy_Nail\h190_png.rf.bce703752f237cfd18d3a025e1d55f76.jpg,90e2534cec476377
train,Healthy_Nail,h191_png.rf.4cfeeccaf5b07d2cb360f4bdd04c96fe.jpg,C:\Users\venka\Documents\Project\data\processed\train\Healthy_Nail\h191_png.rf.4cfeeccaf5b07d2cb360f4bdd04c96fe.jpg,94986e94a96b731b
train,Healthy_Nail,h191_png.rf.93ee2a7519935c3dada4673aed51f1f1.jpg,C:\Users\venka\Documents\Project\data\processed\train\Healthy_Nail\h191_png.rf.93ee2a7519935c3dada4673aed51f1f1.jpg,c29b3fcab0646d13
train,Healthy_Nail,h192_png.rf.1346d430dcdebb22f31316f90aa4e612.jpg,C:\Users\venka\Documents\Project\data\processed\train\Healthy_Nail\h192_png.rf.1346d430dcdebb22f31316f90aa4e612.jpg,9b316666cc649e33
train,Healthy_Nail,h193_png.rf.e8aa84d8ae3cbeba1909040644dda647.jpg,C:\Users\venka\Documents\Project\data\processed\train\Healthy_Nail\h193_png.rf.e8aa84d8ae3cbeba1909040644dda647.jpg,9f6c64b23ac331c3
train,Healthy_Nail,h194_png.rf.12fda15fd0cdbe0ab56aa9170a69d499.jpg,C:\Users\venka\Documents\Project\data\processed\train\Healthy_Nail\h194_png.rf.12fda15fd0cdbe0ab56aa9170a69d499.jpg,850b7e4a4f686f68
train,Healthy_Nail,h194_png.rf.36959e1eb76fb93563f5ec232db1b909.jpg,C:\Users\venka\Documents\Project\data\processed\train\Healthy_Nail\h194_png.rf.36959e1eb76fb93563f5ec232db1b909.jpg,d0de2b0e0f0f0f2d
train,Healthy_Nail,h199_png.rf.01f599cd88a3c4ca6f49aa94dd722f9e.jpg,C:\Users\venka\Documents\Project\data\processed\train\Healthy_Nail\h199_png.rf.01f599cd88a3c4ca6f49aa94dd722f9e.jpg,d07f61a44f8a1e1e
train,Healthy_Nail,h199_png.rf.e61ad469a33e691e05a89ad543a05760.jpg,C:\Users\venka\Documents\Project\data\processed\train\Healthy_Nail\h199_png.rf.e61ad469a33e691e05a89ad543a05760.jpg,c0dc4f2117374e97
train,Healthy_Nail,h200_png.rf.b027f5846efdb52b6b6b14a83f416a2b.jpg,C:\Users\venka\Documents\Project\data\processed\train\Healthy_Nail\h200_png.rf.b027f5846efdb52b6b6b14a83f416a2b.jpg,c0c4e3876b946e97
train,Healthy_Nail,h201_png.rf.6b39daddcaa654add3fe538e24da34a0.jpg,C:\Users\venka\Documents\Project\data\processed\train\Healthy_Nail\h201_png.rf.6b39daddcaa654add3fe538e24da34a0.jpg,d52a502d2a3e6a3f
train,Healthy_Nail,h202_png.rf.35d76c0604e372efc224b4e2dda90d79.jpg,C:\Users\venka\Documents\Project\data\processed\train\Healthy_Nail\h202_png.rf.35d76c0604e372efc224b4e2dda90d79.jpg,d07a2b2d1e0f1b2d
train,Healthy_Nail,h202_png.rf.a51890b186d27572c17c00bcdea5d548.jpg,C:\Users\venka\Documents\Project\data\processed\train\Healthy_Nail\h202_png.rf.a51890b186d27572c17c00bcdea5d548.jpg,d43f3a9469856b94
train,Healthy_Nail,h203_png.rf.0e7e111aea31867be366a34566b8d663.jpg,C:\Users\venka\Documents\Project\data\processed\train\Healthy_Nail\h203_png.rf.0e7e111aea31867be366a34566b8d663.jpg,d0952d9f3f900dd2
train,Healthy_Nail,h203_png.rf.150d733fd3a4473e50864487e6571a31.jpg,C:\Users\venka\Documents\Project\data\processed\train\Healthy_Nail\h203_png.rf.150d733fd3a4473e50864487e6571a31.jpg,d69d694a4f680f68
train,Healthy_Nail,h204_png.rf.312322895ea1606c3fcdf82edcf3970d.jpg,C:\Users\venka\Documents\Project\data\processed\train\Healthy_Nail\h204_png.rf.312322895ea1606c3fcdf82edcf3970d.jpg,d4852bfa06f20fd2
train,Healthy_Nail,h206_png.rf.2250238101655d46c81729dd4eab1249.jpg,C:\Users\venka\Documents\Project\data\processed\train\Healthy_Nail\h206_png.rf.2250238101655d46c81729dd4eab1249.jpg,d4016a6c6a6e636f
train,Healthy_Nail,h206_png.rf.e0313adab321f8ad9c2292c0794faeda.jpg,C:\Users\venka\Documents\Project\data\processed\train\Healthy_Nail\h206_png.rf.e0313adab321f8ad9c2292c0794faeda.jpg,c0294fe74cd3476c
train,Healthy_Nail,h207_png.rf.40f87b11b2916fdbb6d4b3462d08e089.jpg,C:\Users\venka\Documents\Project\data\processed\train\Healthy_Nail\h207_png.rf.40f87b11b2916fdbb6d4b3462d08e089.jpg,d0214a7f6f7a206d
train,Healthy_Nail,h207_png.rf.7ca35dd3eff11edb093ed1f94fab4bae.jpg,C:\Users\venka\Documents\Project\data\processed\train\Healthy_Nail\h207_png.rf.7ca35dd3eff11edb093ed1f94fab4bae.jpg,d520c2f63ada4a79
train,Healthy_Nail,h213_png.rf.194bc06fd233f0a7a7b4b7b5ebb11103.jpg,C:\Users\venka\Documents\Project\data\processed\train\Healthy_Nail\h213_png.rf.194bc06fd233f0a7a7b4b7b5ebb11103.jpg,858f5ed01fc85b4a
train,Healthy_Nail,h213_png.rf.a22ba46c86647cb0bde908ffa91e9d2f.jpg,C:\Users\venka\Documents\Project\data\processed\train\Healthy_Nail\h213_png.rf.a22ba46c86647cb0bde908ffa91e9d2f.jpg,957a1a314b3f1e2c
train,Healthy_Nail,h214_png.rf.46a5124fb17610f4fe1191ea2c539d47.jpg,C:\Users\venka\Documents\Project\data\processed\train\Healthy_Nail\h214_png.rf.46a5124fb17610f4fe1191ea2c539d47.jpg,d0054b7a4a7a4a7f
train,Healthy_Nail,h214_png.rf.d0578faea0f989269b1ff29557f3eaf6.jpg,C:\Users\venka\Documents\Project\data\processed\train\Healthy_Nail\h214_png.rf.d0578faea0f989269b1ff29557f3eaf6.jpg,84708e0f2f3d3d2d
train,Healthy_Nail,h215_png.rf.0f8f9e2d157f712e7f440d8ca0659344.jpg,C:\Users\venka\Documents\Project\data\processed\train\Healthy_Nail\h215_png.rf.0f8f9e2d157f712e7f440d8ca0659344.jpg,813f7723381e5a3c
train,Healthy_Nail,h215_png.rf.3cd80f8d935c1e6d06d2206104377eee.jpg,C:\Users\venka\Documents\Project\data\processed\train\Healthy_Nail\h215_png.rf.3cd80f8d935c1e6d06d2206104377eee.jpg,81bf753741a16d94
train,Healthy_Nail,h220_png.rf.7d51f9a73cfefa36988bc3a49b9559dc.jpg,C:\Users\venka\Documents\Project\data\processed\train\Healthy_Nail\h220_png.rf.7d51f9a73cfefa36988bc3a49b9559dc.jpg,d47a2f22393d2a2d
train,Healthy_Nail,h221_png.rf.1cfafe619a5f0d4adc1256801d8bbb5d.jpg,C:\Users\venka\Documents\Project\data\processed\train\Healthy_Nail\h221_png.rf.1cfafe619a5f0d4adc1256801d8bbb5d.jpg,c29f0fd0633c6587
train,Healthy_Nail,h221_png.rf.e6ede1f041876f1774dad0a3f6f8c189.jpg,C:\Users\venka\Documents\Project\data\processed\train\Healthy_Nail\h221_png.rf.e6ede1f041876f1774dad0a3f6f8c189.jpg,974a6a8d359c355a
train,Healthy_Nail,h223_png.rf.6e30c891a6206ba4917c0087b463fd38.jpg,C:\Users\venka\Documents\Project\data\processed\train\Healthy_Nail\h223_png.rf.6e30c891a6206ba4917c0087b463fd38.jpg,8175b078cf60cc6f
train,Healthy_Nail,h223_png.rf.cf3fbca6f52733327350fa3a70809ee2.jpg,C:\Users\venka\Documents\Project\data\processed\train\Healthy_Nail\h223_png.rf.cf3fbca6f52733327350fa3a70809ee2.jpg,81d464b657975b8c
train,Healthy_Nail,h225_png.rf.c61f202ac2e556310cb1e397724f7f30.jpg,C:\Users\venka\Documents\Project\data\processed\train\Healthy_Nail\h225_png.rf.c61f202ac2e556310cb1e397724f7f30.jpg,95891a670be64ed3
train,Healthy_Nail,h225_png.rf.ec8ce7eb2023d3aeccbc52bf4931f1ad.jpg,C:\Users\venka\Documents\Project\data\processed\train\Healthy_Nail\h225_png.rf.ec8ce7eb2023d3aeccbc52bf4931f1ad.jpg,d5de1a6f43680a3a
train,Healthy_Nail,h227_png.rf.98449379d980c27d117c6c3ab397510d.jpg,C:\Users\venka\Documents\Project\data\processed\train\Healthy_Nail\h227_png.rf.98449379d980c27d117c6c3ab397510d.jpg,953d784a6a696a6a
train,Healthy_Nail,h228_png.rf.2ac9afc41532be731f528113af9805cb.jpg,C:\Users\venka\Documents\Project\data\processed\train\Healthy_Nail\h228_png.rf.2ac9afc41532be731f528113af9805cb.jpg,854a2779da4b38cd
train,Healthy_Nail,h228_png.rf.b2835e29c3bdad090f3e05531b764d5a.jpg,C:\Users\venka\Documents\Project\data\processed\train\Healthy_Nail\h228_png.rf.b2835e29c3bdad090f3e05531b764d5a.jpg,85f0664f7a9c3a1a
train,Healthy_Nail,h22_png.rf.401abafa98e1b2be9db09c900cfd318a.jpg,C:\Users\venka\Documents\Project\data\processed\train\Healthy_Nail\h22_png.rf.401abafa98e1b2be9db09c900cfd318a.jpg,80bf250527b635eb
train,Healthy_Nail,h22_png.rf.7dc109dfba5a56b81c6a5133e0c3b45d.jpg,C:\Users\venka\Documents\Project\data\processed\train\Healthy_Nail\h22_png.rf.7dc109dfba5a56b81c6a5133e0c3b45d.jpg,d568126039ef3e8d
train,Healthy_Nail,h230_png.rf.fd0bbdbccfadbdd545dedc7918f076d7.jpg,C:\Users\venka\Documents\Project\data\processed\train\Healthy_Nail\h230_png.rf.fd0bbdbccfadbdd545dedc7918f076d7.jpg,993567626ec22ed2
train,Healthy_Nail,h231_png.rf.3eab9e31934144f83bca4c59be86af1a.jpg,C:\Users\venka\Documents\Project\data\processed\train\Healthy_Nail\h231_png.rf.3eab9e31934144f83bca4c59be86af1a.jpg,c1366b3ec5629ec1
train,Healthy_Nail,h231_png.rf.a8ae2f9e6addd47122c46360862b7cbd.jpg,C:\Users\venka\Documents\Project\data\processed\train\Healthy_Nail\h231_png.rf.a8ae2f9e6addd47122c46360862b7cbd.jpg,83683e351e3b172b
train,Healthy_Nail,h232_png.rf.b0d4864b189e2364890e5918d4e9961f.jpg,C:\Users\venka\Documents\Project\data\processed\train\Healthy_Nail\h232_png.rf.b0d4864b189e2364890e5918d4e9961f.jpg,c480399f30dd97f1
train,Healthy_Nail,h236_png.rf.9b965a92b463be6bf64538db6d6b4740.jpg,C:\Users\venka\Documents\Project\data\processed\train\Healthy_Nail\h236_png.rf.9b965a92b463be6bf64538db6d6b4740.jpg,85e13cc1389f7999
train,Healthy_Nail,h236_png.rf.a5964c44f4597ae5bfcbb796ce3c75c6.jpg,C:\Users\venka\Documents\Project\data\processed\train\Healthy_Nail\h236_png.rf.a5964c44f4597ae5bfcbb796ce3c75c6.jpg,d03d6cc0661f2e1f
train,Healthy_Nail,h239_png.rf.8f9c9e3c56bb0ad2a251cf0d1d5adbac.jpg,C:\Users\venka\Documents\Project\data\processed\train\Healthy_Nail\h239_png.rf.8f9c9e3c56bb0ad2a251cf0d1d5adbac.jpg,cf603c1f5678507c
train,Healthy_Nail,h239_png.rf.962a2a1b6c18b8cbff530a0ab7a51a44.jpg,C:\Users\venka\Documents\Project\data\processed\train\Healthy_Nail\h239_png.rf.962a2a1b6c18b8cbff530a0ab7a51a44.jpg,80903f6a7be857a5
train,Healthy_Nail,h23_png.rf.077582c919a885231b095967fa3c878d.jpg,C:\Users\venka\Documents\Project\data\processed\train\Healthy_Nail\h23_png.rf.077582c919a885231b095967fa3c878d.jpg,983245dff44a1bb1
train,Healthy_Nail,h23_png.rf.c7c509ee51e926570eef01670971a12d.jpg,C:\Users\venka\Documents\Project\data\processed\train\Healthy_Nail\h23_png.rf.c7c509ee51e926570eef01670971a12d.jpg,85c83a65437e6679
train,Healthy_Nail,h241_png.rf.b818d63106e1591cc2925fd004fa975a.jpg,C:\Users\venka\Documents\Project\data\processed\train\Healthy_Nail\h241_png.rf.b818d63106e1591cc2925fd004fa975a.jpg,d4852fe2cf820b9e
train,Healthy_Nail,h241_png.rf.fab67d730189dd8acdb58bff896be7c2.jpg,C:\Users\venka\Documents\Project\data\processed\train\Healthy_Nail\h241_png.rf.fab67d730189dd8acdb58bff896be7c2.jpg,cf9831636665e664
train,Healthy_Nail,h242_png.rf.40c9fef0389e08455d4109f922c90d1e.jpg,C:\Users\venka\Documents\Project\data\processed\train\Healthy_Nail\h242_png.rf.40c9fef0389e08455d4109f922c90d1e.jpg,c79d33c61c30f01f
train,Healthy_Nail,h243_png.rf.807ce9faf59d3a6aab8b4c0a3f995cd6.jpg,C:\Users\venka\Documents\Project\data\processed\train\Healthy_Nail\h243_png.rf.807ce9faf59d3a6aab8b4c0a3f995cd6.jpg,95c840617b5f6b27
train,Healthy_Nail,h243_png.rf.c6e9bf247abaeac9d94809f01631e69e.jpg,C:\Users\venka\Documents\Project\data\processed\train\Healthy_Nail\h243_png.rf.c6e9bf247abaeac9d94809f01631e69e.jpg,aa3d55421e6a6a9d
train,Healthy_Nail,h252_png.rf.29b1b10ad850c3437a37cfb4c8521d85.jpg,C:\Users\venka\Documents\Project\data\processed\train\Healthy_Nail\h252_png.rf.29b1b10ad850c3437a37cfb4c8521d85.jpg,d0256f4c79626b6a
train,Healthy_Nail,h252_png.rf.3718a7171c8d764d967973d116cff74e.jpg,C:\Users\venka\Documents\Project\data\processed\train\Healthy_Nail\h252_png.rf.3718a7171c8d764d967973d116cff74e.jpg,c3f01a5b2d271f2a
train,Healthy_Nail,h253_png.rf.f2e69bdbc93fa0221fe9370684353547.jpg,C:\Users\venka\Documents\Project\data\processed\train\Healthy_Nail\h253_png.rf.f2e69bdbc93fa0221fe9370684353547.jpg,c0d41f301e2f78af
train,Healthy_Nail,h254_png.rf.48232775e2bf1392301404126fec44d8.jpg,C:\Users\venka\Documents\Project\data\processed\train\Healthy_Nail\h254_png.rf.48232775e2bf1392301404126fec44d8.jpg,c08205f61fd11ff5
train,Healthy_Nail,h254_png.rf.e5029515effae0d5529bab0333747afe.jpg,C:\Users\venka\Documents\Project\data\processed\train\Healthy_Nail\h254_png.rf.e5029515effae0d5529bab0333747afe.jpg,a46a15684bd55dda
train,Healthy_Nail,h255_png.rf.2d64aa1e1b6cd09b8a9f98937ae409a7.jpg,C:\Users\venka\Documents\Project\data\processed\train\Healthy_Nail\h255_png.rf.2d64aa1e1b6cd09b8a9f98937ae409a7.jpg,955e4eed69607831
train,Healthy_Nail,h257_png.rf.51f4a7f718ad6c43f56bfc92a1beaafb.jpg,C:\Users\venka\Documents\Project\data\processed\train\Healthy_Nail\h257_png.rf.51f4a7f718ad6c43f56bfc92a1beaafb.jpg,87705ea34c836d8f
train,Healthy_Nail,h257_png.rf.b6fa620d740aec3c05c9939369bd1246.jpg,C:\Users\venka\Documents\Project\data\processed\train\Healthy_Nail\h257_png.rf.b6fa620d740aec3c05c9939369bd1246.jpg,87749e6a4ca95c8e
train,Healthy_Nail,h260_png.rf.f2fbef94c6dd26d8acbc91d79f994d5b.jpg,C:\Users\venka\Documents\Project\data\processed\train\Healthy_Nail\h260_png.rf.f2fbef94c6dd26d8acbc91d79f994d5b.jpg,c57e3f382c216e07
train,Healthy_Nail,h261_png.rf.29322429ef1fe3498a706dd1b1b7743b.jpg,C:\Users\venka\Documents\Project\data\processed\train\Healthy_Nail\h261_png.rf.29322429ef1fe3498a706dd1b1b7743b.jpg,95a86ad57c4e6a58
train,Healthy_Nail,h261_png.rf.53fc2b2daf203eff6722027bcdb783f7.jpg,C:\Users\venka\Documents\Project\data\processed\train\Healthy_Nail\h261_png.rf.53fc2b2daf203eff6722027bcdb783f7.jpg,c5f52a822b8f7d48
train,Healthy_Nail,h262_png.rf.d6c2ea839ebcb529044e871f00fb07de.jpg,C:\Users\venka\Documents\Project\data\processed\train\Healthy_Nail\h262_png.rf.d6c2ea839ebcb529044e871f00fb07de.jpg,956a6b9c714acf18
train,Healthy_Nail,h267_png.rf.7a4b8f4c0b4237bdd6e294706803320f.jpg,C:\Users\venka\Documents\Project\data\processed\train\Healthy_Nail\h267_png.rf.7a4b8f4c0b4237bdd6e294706803320f.jpg,d09761783637316d
train,Healthy_Nail,h267_png.rf.893287d38ec9dd4e5be7eebc048e3b66.jpg,C:\Users\venka\Documents\Project\data\processed\train\Healthy_Nail\h267_png.rf.893287d38ec9dd4e5be7eebc048e3b66.jpg,c09d3f87c9c46996
train,Healthy_Nail,h268_png.rf.641c738b8048495e4f8d5bfeaf6a7b20.jpg,C:\Users\venka\Documents\Project\data\processed\train\Healthy_Nail\h268_png.rf.641c738b8048495e4f8d5bfeaf6a7b20.jpg,94dc6e33172b2c63
train,Healthy_Nail,h268_png.rf.77125e439e57991992983e77f8461c5b.jpg,C:\Users\venka\Documents\Project\data\processed\train\Healthy_Nail\h268_png.rf.77125e439e57991992983e77f8461c5b.jpg,c1212fbe38d271d3
train,Healthy_Nail,h269_png.rf.9c04893edeb65bc91a2224dfbda8ffa4.jpg,C:\Users\venka\Documents\Project\data\processed\train\Healthy_Nail\h269_png.rf.9c04893edeb65bc91a2224dfbda8ffa4.jpg,d500fa616bc36dc5
train,Healthy_Nail,h270_png.rf.1a91edf5ad6ec14d7daf909c770d5c5c.jpg,C:\Users\venka\Documents\Project\data\processed\train\Healthy_Nail\h270_png.rf.1a91edf5ad6ec14d7daf909c770d5c5c.jpg,cbe924323c1e3d1e
train,Healthy_Nail,h271_png.rf.5d3c3895fd24b8f90a4e63418deaeabd.jpg,C:\Users\venka\Documents\Project\data\processed\train\Healthy_Nail\h271_png.rf.5d3c3895fd24b8f90a4e63418deaeabd.jpg,d2852f4a613b79f0
train,Healthy_Nail,h271_png.rf.b0c9b5c6ac365a40c2a69202260f0a01.jpg,C:\Users\venka\Documents\Project\data\processed\train\Healthy_Nail\h271_png.rf.b0c9b5c6ac365a40c2a69202260f0a01.jpg,c41a0eb5e9616bb5
train,Healthy_Nail,h277_png.rf.0b194f7f61f19c62f4e17c7219b9d6cf.jpg,C:\Users\venka\Documents\Project\data\processed\train\Healthy_Nail\h277_png.rf.0b194f7f61f19c62f4e17c7219b9d6cf.jpg,c5de3f61522d1a2c
train,Healthy_Nail,h277_png.rf.6d28c184b655dc37507f4c05c932e579.jpg,C:\Users\venka\Documents\Project\data\processed\train\Healthy_Nail\h277_png.rf.6d28c184b655dc37507f4c05c932e579.jpg,80cd4a6e96979fc1
train,Healthy_Nail,h278_png.rf.9f6d74df14c7c4798859d1104ddd8127.jpg,C:\Users\venka\Documents\Project\data\processed\train\Healthy_Nail\h278_png.rf.9f6d74df14c7c4798859d1104ddd8127.jpg,87737c474c58635a
train,Healthy_Nail,h278_png.rf.e2d2941ee770c50c505ed7322cedb663.jpg,C:\Users\venka\Documents\Project\data\processed\train\Healthy_Nail\h278_png.rf.e2d2941ee770c50c505ed7322cedb663.jpg,f59464ca0f696137
train,Healthy_Nail,h27_png.rf.a132936cf5a62b232230cb627aca10e6.jpg,C:\Users\venka\Documents\Project\data\processed\train\Healthy_Nail\h27_png.rf.a132936cf5a62b232230cb627aca10e6.jpg,90623fca713d6b94
train,Healthy_Nail,h280_png.rf.f309ea2eb78a1670ffd1ed2f276ed975.jpg,C:\Users\venka\Documents\Project\data\processed\train\Healthy_Nail\h280_png.rf.f309ea2eb78a1670ffd1ed2f276ed975.jpg,c06631d82f9b2e9b
train,Healthy_Nail,h281_png.rf.d27334e1103ebd08780ccb7427162c13.jpg,C:\Users\venka\Documents\Project\data\processed\train\Healthy_Nail\h281_png.rf.d27334e1103ebd08780ccb7427162c13.jpg,d5c628ea276172e5
train,Healthy_Nail,h283_png.rf.4b7c7456020118dc28e1789644e82a23.jpg,C:\Users\venka\Documents\Project\data\processed\train\Healthy_Nail\h283_png.rf.4b7c7456020118dc28e1789644e82a23.jpg,80b77f8a2f492f60
train,Healthy_Nail,h283_png.rf.e11bd2237f7bf2ee63ab20f2c8c84e56.jpg,C:\Users\venka\Documents\Project\data\processed\train\Healthy_Nail\h283_png.rf.e11bd2237f7bf2ee63ab20f2c8c84e56.jpg,d7942daf302b0b71
train,Healthy_Nail,h284_png.rf.77f8d303ce9f7b6f0a8fa96d83a6e782.jpg,C:\Users\venka\Documents\Project\data\processed\train\Healthy_Nail\h284_png.rf.77f8d303ce9f7b6f0a8fa96d83a6e782.jpg,9570614ac869dbe7
train,Healthy_Nail,h285_png.rf.73c5bc2531f25b5b3c6d8b7190cbb8dc.jpg,C:\Users\venka\Documents\Project\data\processed\train\Healthy_Nail\h285_png.rf.73c5bc2531f25b5b3c6d8b7190cbb8dc.jpg,9e9c6963686a6a6c
train,Healthy_Nail,h285_png.rf.7f1dfc47828c456644b56039b69d7447.jpg,C:\Users\venka\Documents\Project\data\processed\train\Healthy_Nail\h285_png.rf.7f1dfc47828c456644b56039b69d7447.jpg,cbc93d1e2c392e38
train,Healthy_Nail,h287_png.rf.749d527411642fb1270c97c52df8d1aa.jpg,C:\Users\venka\Documents\Project\data\processed\train\Healthy_Nail\h287_png.rf.749d527411642fb1270c97c52df8d1aa.jpg,ce65649a639923cd
train,Healthy_Nail,h28_png.rf.6da7a98cf8f462565e2ca7c506c1d6ae.jpg,C:\Users\venka\Documents\Project\data\processed\train\Healthy_Nail\h28_png.rf.6da7a98cf8f462565e2ca7c506c1d6ae.jpg,853b5ec2700f63bc
train,Healthy_Nail,h28_png.rf.703767728e747d391e99c44cf7f8eb55.jpg,C:\Users\venka\Documents\Project\data\processed\train\Healthy_Nail\h28_png.rf.703767728e747d391e99c44cf7f8eb55.jpg,853e7f4140c35ade
train,Healthy_Nail,h29_png.rf.0389b5023edcc96d79d9a61db69e9425.jpg,C:\Users\venka\Documents\Project\data\processed\train\Healthy_Nail\h29_png.rf.0389b5023edcc96d79d9a61db69e9425.jpg,d47b2a85737a8742
train,Healthy_Nail,h2_png.rf.77ea72a63739a994e0f67c60a987cf63.jpg,C:\Users\venka\Documents\Project\data\processed\train\Healthy_Nail\h2_png.rf.77ea72a63739a994e0f67c60a987cf63.jpg,c1377c3a1729d62c
train,Healthy_Nail,h2_png.rf.c7b1e3d4a88eeff69de16d9f96e77bcd.jpg,C:\Users\venka\Documents\Project\data\processed\train\Healthy_Nail\h2_png.rf.c7b1e3d4a88eeff69de16d9f96e77bcd.jpg,d58d9203cf1d469e
train,Healthy_Nail,h30_png.rf.13729f3d9e2e120cb66205de0eab8e23.jpg,C:\Users\venka\Documents\Project\data\processed\train\Healthy_Nail\h30_png.rf.13729f3d9e2e120cb66205de0eab8e23.jpg,90606e8d6b9f9533
train,Healthy_Nail,h31_png.rf.59c4192cb298ad94ccb7db7981f162fa.jpg,C:\Users\venka\Documents\Project\data\processed\train\Healthy_Nail\h31_png.rf.59c4192cb298ad94ccb7db7981f162fa.jpg,945068b65f8f538d
train,Healthy_Nail,h32_png.rf.b85221a5be1d5dcbd6ed6f8f2036df6f.jpg,C:\Users\venka\Documents\Project\data\processed\train\Healthy_Nail\h32_png.rf.b85221a5be1d5dcbd6ed6f8f2036df6f.jpg,90f04b871f0f5ba9
train,Healthy_Nail,h33_png.rf.b300a39e8d6896a2544016da61d5bfe0.jpg,C:\Users\venka\Documents\Project\data\processed\train\Healthy_Nail\h33_png.rf.b300a39e8d6896a2544016da61d5bfe0.jpg,905d6fb27d289265
train,Healthy_Nail,h34_png.rf.01d5a5820b29d21fdfbf29e9d3ff4718.jpg,C:\Users\venka\Documents\Project\data\processed\train\Healthy_Nail\h34_png.rf.01d5a5820b29d21fdfbf29e9d3ff4718.jpg,d10c2a530ceb5eee
train,Healthy_Nail,h34_png.rf.7d264f62efdf1b4431a119912742cdc6.jpg,C:\Users\venka\Documents\Project\data\processed\train\Healthy_Nail\h34_png.rf.7d264f62efdf1b4431a119912742cdc6.jpg,d5142a0f26f55ef0
train,Healthy_Nail,h37_png.rf.d8c88e3bd86f9f79a9ad0d7eb4f7f06c.jpg,C:\Users\venka\Documents\Project\data\processed\train\Healthy_Nail\h37_png.rf.d8c88e3bd86f9f79a9ad0d7eb4f7f06c.jpg,c0d01f336b956ac7
train,Healthy_Nail,h37_png.rf.f853551ca1eb20bc475e1be8aa84a11b.jpg,C:\Users\venka\Documents\Project\data\processed\train\Healthy_Nail\h37_png.rf.f853551ca1eb20bc475e1be8aa84a11b.jpg,87633e3c5ab56894
train,Healthy_Nail,h39_png.rf.1317842d60a66973c5ed9fc49ee57206.jpg,C:\Users\venka\Documents\Project\data\processed\train\Healthy_Nail\h39_png.rf.1317842d60a66973c5ed9fc49ee57206.jpg,818a7af56ae12bc5
train,Healthy_Nail,h39_png.rf.f8c30b098960f0b9bf6a5ef7958e466d.jpg,C:\Users\venka\Documents\Project\data\processed\train\Healthy_Nail\h39_png.rf.f8c30b098960f0b9bf6a5ef7958e466d.jpg,d53d6d6636121a4b
train,Healthy_Nail,h3_png.rf.0408b54c4b43eb90241a614e64c489b1.jpg,C:\Users\venka\Documents\Project\data\processed\train\Healthy_Nail\h3_png.rf.0408b54c4b43eb90241a614e64c489b1.jpg,c0b567b61bca198d
train,Healthy_Nail,h3_png.rf.5ab8ffba71a24a79da39458d3899da67.jpg,C:\Users\venka\Documents\Project\data\processed\train\Healthy_Nail\h3_png.rf.5ab8ffba71a24a79da39458d3899da67.jpg,d5a164da1a34cb3e
train,Healthy_Nail,h40_png.rf.671dd1b753b1a1e3de51363e34673e80.jpg,C:\Users\venka\Documents\Project\data\processed\train\Healthy_Nail\h40_png.rf.671dd1b753b1a1e3de51363e34673e80.jpg,91dc6b346a6a6a6a
train,Healthy_Nail,h40_png.rf.fadb0d18801992e95a4be37f7b0f19b7.jpg,C:\Users\venka\Documents\Project\data\processed\train\Healthy_Nail\h40_png.rf.fadb0d18801992e95a4be37f7b0f19b7.jpg,91cd472a58b56b93
train,Healthy_Nail,h41_png.rf.e4128998582761f8a7ce0571c70bec8e.jpg,C:\Users\venka\Documents\Project\data\processed\train\Healthy_Nail\h41_png.rf.e4128998582761f8a7ce0571c70bec8e.jpg,81a13a9673917f95
train,Healthy_Nail,h42_png.rf.16c0757e4e7efb45784ff84d76fbc941.jpg,C:\Users\venka\Documents\Project\data\processed\train\Healthy_Nail\h42_png.rf.16c0757e4e7efb45784ff84d76fbc941.jpg,c7d23c67383c31b1
train,Healthy_Nail,h42_png.rf.70cfa6398ae4af341c1c2b70625034fd.jpg,C:\Users\venka\Documents\Project\data\processed\train\Healthy_Nail\h42_png.rf.70cfa6398ae4af341c1c2b70625034fd.jpg,80c17fb4355e5339
train,Healthy_Nail,h43_png.rf.f615e1b1c195e96166e560426612ddba.jpg,C:\Users\venka\Documents\Project\data\processed\train\Healthy_Nail\h43_png.rf.f615e1b1c195e96166e560426612ddba.jpg,d29a396d6f34b049
train,Healthy_Nail,h44_png.rf.40682f3bdb65cc32d2c25954cff61316.jpg,C:\Users\venka\Documents\Project\data\processed\train\Healthy_Nail\h44_png.rf.40682f3bdb65cc32d2c25954cff61316.jpg,9b61369a6c3c6527
train,Healthy_Nail,h45_png.rf.85aa349d6960492da89c1ab0a2275053.jpg,C:\Users\venka\Documents\Project\data\processed\train\Healthy_Nail\h45_png.rf.85aa349d6960492da89c1ab0a2275053.jpg,c4c93b3c9f322c93
train,Healthy_Nail,h48_png.rf.54a3d27b2ffe24e26ff0e89f093c533f.jpg,C:\Users\venka\Documents\Project\data\processed\train\Healthy_Nail\h48_png.rf.54a3d27b2ffe24e26ff0e89f093c533f.jpg,874378bcc7a11c4f
train,Healthy_Nail,h49_png.rf.a185710459cf0ea14822f30d47c2b6d3.jpg,C:\Users\venka\Documents\Project\data\processed\train\Healthy_Nail\h49_png.rf.a185710459cf0ea14822f30d47c2b6d3.jpg,d5e06ad5794a2539
train,Healthy_Nail,h49_png.rf.db6e9a0fe2175d2a82c4cddbaf45d827.jpg,C:\Users\venka\Documents\Project\data\processed\train\Healthy_Nail\h49_png.rf.db6e9a0fe2175d2a82c4cddbaf45d827.jpg,80e05bc3765b437e
train,Healthy_Nail,h4_png.rf.343feae57586aec0d0f323d35b469252.jpg,C:\Users\venka\Documents\Project\data\processed\train\Healthy_Nail\h4_png.rf.343feae57586aec0d0f323d35b469252.jpg,d5a33a9c056b2d69
train,Healthy_Nail,h4_png.rf.ebb8fd325975033307928b93bcadfb38.jpg,C:\Users\venka\Documents\Project\data\processed\train\Healthy_Nail\h4_png.rf.ebb8fd325975033307928b93bcadfb38.jpg,ad9d50e44f123e5a
train,Healthy_Nail,h50_png.rf.f97d3f64fb68832546289314c7509963.jpg,C:\Users\venka\Documents\Project\data\processed\train\Healthy_Nail\h50_png.rf.f97d3f64fb68832546289314c7509963.jpg,81a93af166866f36
train,Healthy_Nail,h51_png.rf.17c0ccc08ccdeb84be590f2e3d94fec5.jpg,C:\Users\venka\Documents\Project\data\processed\train\Healthy_Nail\h51_png.rf.17c0ccc08ccdeb84be590f2e3d94fec5.jpg,95627e6b356c3134
train,Healthy_Nail,h51_png.rf.4bca53092a9a394a3f50137e7a345afe.jpg,C:\Users\venka\Documents\Project\data\processed\train\Healthy_Nail\h51_png.rf.4bca53092a9a394a3f50137e7a345afe.jpg,d22f0ff469686827
train,Healthy_Nail,h52_png.rf.8d894b3243e710d78be4ff0dc783bb61.jpg,C:\Users\venka\Documents\Project\data\processed\train\Healthy_Nail\h52_png.rf.8d894b3243e710d78be4ff0dc783bb61.jpg,81a85e4f7e8a2e56
train,Healthy_Nail,h53_png.rf.83b0ac2c88cc382fb8749ca92352cbc7.jpg,C:\Users\venka\Documents\Project\data\processed\train\Healthy_Nail\h53_png.rf.83b0ac2c88cc382fb8749ca92352cbc7.jpg,c09e3e68c09ec3b7
train,Healthy_Nail,h56_png.rf.895b07909b7fc71f09f15100750e27fc.jpg,C:\Users\venka\Documents\Project\data\processed\train\Healthy_Nail\h56_png.rf.895b07909b7fc71f09f15100750e27fc.jpg,c06b3c2536333f3c
train,Healthy_Nail,h57_png.rf.8412ef9bd024b47aea044d315a764c04.jpg,C:\Users\venka\Documents\Project\data\processed\train\Healthy_Nail\h57_png.rf.8412ef9bd024b47aea044d315a764c04.jpg,c02d1bc21fce686f
train,Healthy_Nail,h61_png.rf.552163a6f04105e3843a5220c98ce2c4.jpg,C:\Users\venka\Documents\Project\data\processed\train\Healthy_Nail\h61_png.rf.552163a6f04105e3843a5220c98ce2c4.jpg,805f711f473a2f62
train,Healthy_Nail,h62_png.rf.3fc407cadf80158968de35df548122c0.jpg,C:\Users\venka\Documents\Project\data\processed\train\Healthy_Nail\h62_png.rf.3fc407cadf80158968de35df548122c0.jpg,d5e2bb9fc8900a87
train,Healthy_Nail,h62_png.rf.e68737c2845e6eccab9880393d2082bd.jpg,C:\Users\venka\Documents\Project\data\processed\train\Healthy_Nail\h62_png.rf.e68737c2845e6eccab9880393d2082bd.jpg,c031c06f9f709f63
train,Healthy_Nail,h63_png.rf.65db10cc4e0fa918d2198363da4ffb73.jpg,C:\Users\venka\Documents\Project\data\processed\train\Healthy_Nail\h63_png.rf.65db10cc4e0fa918d2198363da4ffb73.jpg,fd85001f1a3e3772
train,Healthy_Nail,h67_png.rf.0365a652ed3e989f56cf05b461aee8b7.jpg,C:\Users\venka\Documents\Project\data\processed\train\Healthy_Nail\h67_png.rf.0365a652ed3e989f56cf05b461aee8b7.jpg,d01235e147cd5bcd
train,Healthy_Nail,h67_png.rf.88b203fc5567c29640c23bff29989f76.jpg,C:\Users\venka\Documents\Project\data\processed\train\Healthy_Nail\h67_png.rf.88b203fc5567c29640c23bff29989f76.jpg,d5202eb71a9a2ade
train,Healthy_Nail,h68_png.rf.2539943a046f334d2197263b5c3d56d2.jpg,C:\Users\venka\Documents\Project\data\processed\train\Healthy_Nail\h68_png.rf.2539943a046f334d2197263b5c3d56d2.jpg,d47b62390f911e8e
train,Healthy_Nail,h71_png.rf.d2486e6febaa21aa474a177ce1427440.jpg,C:\Users\venka\Documents\Project\data\processed\train\Healthy_Nail\h71_png.rf.d2486e6febaa21aa474a177ce1427440.jpg,d5e630580ff729a4
train,Healthy_Nail,h72_png.rf.310d27922f673ef881dc8620ad613202.jpg,C:\Users\venka\Documents\Project\data\processed\train\Healthy_Nail\h72_png.rf.310d27922f673ef881dc8620ad613202.jpg,85a17ad2e569722d
train,Healthy_Nail,h77_png.rf.4419ed7176d82c00b5a6493388f05caf.jpg,C:\Users\venka\Documents\Project\data\processed\train\Healthy_Nail\h77_png.rf.4419ed7176d82c00b5a6493388f05caf.jpg,c2342f9ae4633ce5
train,Healthy_Nail,h77_png.rf.8dca6157d8f88d742155b918f0263888.jpg,C:\Users\venka\Documents\Project\data\processed\train\Healthy_Nail\h77_png.rf.8dca6157d8f88d742155b918f0263888.jpg,d29e92fb284d6d44
train,Healthy_Nail,h78_png.rf.86e063d5a0687c35004a0eadc37d0d86.jpg,C:\Users\venka\Documents\Project\data\processed\train\Healthy_Nail\h78_png.rf.86e063d5a0687c35004a0eadc37d0d86.jpg,c0643f1b63833f1b
train,Healthy_Nail,h78_png.rf.b4129813dc14fa83e5272b0894c6f76f.jpg,C:\Users\venka\Documents\Project\data\processed\train\Healthy_Nail\h78_png.rf.b4129813dc14fa83e5272b0894c6f76f.jpg,c2c22fc4e2852f9f
train,Healthy_Nail,h79_png.rf.53c66c75b40b9a635650b308c324c2a4.jpg,C:\Users\venka\Documents\Project\data\processed\train\Healthy_Nail\h79_png.rf.53c66c75b40b9a635650b308c324c2a4.jpg,c0292ff2303f39dc
train,Healthy_Nail,h7_png.rf.a3d7790a47b4e0b7c3a5c13cc27c21e8.jpg,C:\Users\venka\Documents\Project\data\processed\train\Healthy_Nail\h7_png.rf.a3d7790a47b4e0b7c3a5c13cc27c21e8.jpg,c03f14b47b2a6ad5
train,Healthy_Nail,h80_png.rf.8dff9a7b4712db38b56739905c127ab6.jpg,C:\Users\venka\Documents\Project\data\processed\train\Healthy_Nail\h80_png.rf.8dff9a7b4712db38b56739905c127ab6.jpg,94e767c89324c973
train,Healthy_Nail,h80_png.rf.b4eb41089333cc699a2133904f621ccf.jpg,C:\Users\venka\Documents\Project\data\processed\train\Healthy_Nail\h80_png.rf.b4eb41089333cc699a2133904f621ccf.jpg,c50e7318647b9a6e
train,Healthy_Nail,h82_png.rf.16201cfa37a0f90feeea767113ce70d9.jpg,C:\Users\venka\Documents\Project\data\processed\train\Healthy_Nail\h82_png.rf.16201cfa37a0f90feeea767113ce70d9.jpg,95a53d142ad87eca
train,Healthy_Nail,h83_png.rf.603107f528555e3d2c28f07dbd76a052.jpg,C:\Users\venka\Documents\Project\data\processed\train\Healthy_Nail\h83_png.rf.603107f528555e3d2c28f07dbd76a052.jpg,c0286ad567d62a3f
train,Healthy_Nail,h85_png.rf.24fa7bb59fbc85ad9e7ddfe225903039.jpg,C:\Users\venka\Documents\Project\data\processed\train\Healthy_Nail\h85_png.rf.24fa7bb59fbc85ad9e7ddfe225903039.jpg,dc68009e5f7c4b6a
train,Healthy_Nail,h85_png.rf.73fbe405f354f34497d46ced5c95a850.jpg,C:\Users\venka\Documents\Project\data\processed\train\Healthy_Nail\h85_png.rf.73fbe405f354f34497d46ced5c95a850.jpg,d5027a7f487a6a70
train,Healthy_Nail,h87_png.rf.9ce98643ff5842481e3a634daa723b3c.jpg,C:\Users\venka\Documents\Project\data\processed\train\Healthy_Nail\h87_png.rf.9ce98643ff5842481e3a634daa723b3c.jpg,807f36483f723acc
train,Healthy_Nail,h89_png.rf.f8058a345103e18af30def0341086aa0.jpg,C:\Users\venka\Documents\Project\data\processed\train\Healthy_Nail\h89_png.rf.f8058a345103e18af30def0341086aa0.jpg,807a653b79247b8e
train,Healthy_Nail,h8_png.rf.bc8690caa659de5fc6042b614895c376.jpg,C:\Users\venka\Documents\Project\data\processed\train\Healthy_Nail\h8_png.rf.bc8690caa659de5fc6042b614895c376.jpg,85ab0ad51fd42ed4
train,Healthy_Nail,h90_png.rf.9b07a2a5253f786b944a6d0800c3993e.jpg,C:\Users\venka\Documents\Project\data\processed\train\Healthy_Nail\h90_png.rf.9b07a2a5253f786b944a6d0800c3993e.jpg,c15f60a746a64fa6
train,Healthy_Nail,h91_png.rf.4f1edf9810956aabd7e91e9f205e93f9.jpg,C:\Users\venka\Documents\Project\data\processed\train\Healthy_Nail\h91_png.rf.4f1edf9810956aabd7e91e9f205e93f9.jpg,c18d67f04e97585a
train,Healthy_Nail,h91_png.rf.ca07246805754228a6b535a0457e2e44.jpg,C:\Users\venka\Documents\Project\data\processed\train\Healthy_Nail\h91_png.rf.ca07246805754228a6b535a0457e2e44.jpg,956e70e1604b4f67
train,Healthy_Nail,h94_png.rf.3b6e3afa1aba718bbd5e31ef99c59f40.jpg,C:\Users\venka\Documents\Project\data\processed\train\Healthy_Nail\h94_png.rf.3b6e3afa1aba718bbd5e31ef99c59f40.jpg,803d77e07bc87cc2
train,Healthy_Nail,h96_png.rf.a86bf7b86aebb82a11f5f310ec8b0365.jpg,C:\Users\venka\Documents\Project\data\processed\train\Healthy_Nail\h96_png.rf.a86bf7b86aebb82a11f5f310ec8b0365.jpg,c037660d1b3a57ea
train,Healthy_Nail,h97_png.rf.04500a78cdccaf18c0da49a6fe108afd.jpg,C:\Users\venka\Documents\Project\data\processed\train\Healthy_Nail\h97_png.rf.04500a78cdccaf18c0da49a6fe108afd.jpg,c08f47b15e0e3b71
train,Healthy_Nail,h97_png.rf.6e5a919232edb755a78cfaeb3299cbeb.jpg,C:\Users\venka\Documents\Project\data\processed\train\Healthy_Nail\h97_png.rf.6e5a919232edb755a78cfaeb3299cbeb.jpg,a0b970664f9b6794
train,Healthy_Nail,h9_png.rf.46012a4bda464392a96a7e1c54ab8fa9.jpg,C:\Users\venka\Documents\Project\data\processed\train\Healthy_Nail\h9_png.rf.46012a4bda464392a96a7e1c54ab8fa9.jpg,85d45bbc45936e85
train,Onychogryphosis,images--66D6Hn_jpeg.rf.60de0fd2b2966c7464ea01b5e2d7e101.jpg,C:\Users\venka\Documents\Project\data\processed\train\Onychogryphosis\images--66D6Hn_jpeg.rf.60de0fd2b2966c7464ea01b5e2d7e101.jpg,d07a07670f0d0f37
train,Onychogryphosis,images--66D6Hn_jpeg.rf.d54443952700d1edbf81aad38efe57ed.jpg,C:\Users\venka\Documents\Project\data\processed\train\Onychogryphosis\images--66D6Hn_jpeg.rf.d54443952700d1edbf81aad38efe57ed.jpg,d0ce89931b919eb3
train,Onychogryphosis,images--79BNfh_jpeg.rf.6f740a31cc8c8b0d0a10d8587ab75b62.jpg,C:\Users\venka\Documents\Project\data\processed\train\Onychogryphosis\images--79BNfh_jpeg.rf.6f740a31cc8c8b0d0a10d8587ab75b62.jpg,c2d2396e362f0c3d
train,Onychogryphosis,images--79BNfh_jpeg.rf.ff0d8ac77f087b03b7f64958b3724cc2.jpg,C:\Users\venka\Documents\Project\data\processed\train\Onychogryphosis\images--79BNfh_jpeg.rf.ff0d8ac77f087b03b7f64958b3724cc2.jpg,c0602f953f1fc22f
train,Onychogryphosis,images--7hiLgj_jpeg.rf.72db456b197aa67d290dbad009ec89f2.jpg,C:\Users\venka\Documents\Project\data\processed\train\Onychogryphosis\images--7hiLgj_jpeg.rf.72db456b197aa67d290dbad009ec89f2.jpg,db3864c7323ccb38
train,Onychogryphosis,images--8Aa9e2_jpeg.rf.110eed85fd081ed5b84289b5a3a1645e.jpg,C:\Users\venka\Documents\Project\data\processed\train\Onychogryphosis\images--8Aa9e2_jpeg.rf.110eed85fd081ed5b84289b5a3a1645e.jpg,d0372f781c487b78
train,Onychogryphosis,images--8Aa9e2_jpeg.rf.c1e5e7182fd50d97602c4ff7b86de3ea.jpg,C:\Users\venka\Documents\Project\data\processed\train\Onychogryphosis\images--8Aa9e2_jpeg.rf.c1e5e7182fd50d97602c4ff7b86de3ea.jpg,945f7f282aa195d4
train,Onychogryphosis,images--8Aa9e2_jpeg.rf.cb07f6c89685a43576381ed5941a30ab.jpg,C:\Users\venka\Documents\Project\data\processed\train\Onychogryphosis\images--8Aa9e2_jpeg.rf.cb07f6c89685a43576381ed5941a30ab.jpg,97426b3d493d3c25
train,Onychogryphosis,images--bQXq51_jpeg.rf.348961321a0991a26cfeb1b3cf5bd4f3.jpg,C:\Users\venka\Documents\Project\data\processed\train\Onychogryphosis\images--bQXq51_jpeg.rf.348961321a0991a26cfeb1b3cf5bd4f3.jpg,c0726d923ccb36cd
train,Onychogryphosis,images--bQXq51_jpeg.rf.352fc7be34e5d9c270c7d8b05755ec62.jpg,C:\Users\venka\Documents\Project\data\processed\train\Onychogryphosis\images--bQXq51_jpeg.rf.352fc7be34e5d9c270c7d8b05755ec62.jpg,81e06e9f4e26397c
train,Onychogryphosis,images--bQXq51_jpeg.rf.aeb564668dbc8be2149bd470972f2876.jpg,C:\Users\venka\Documents\Project\data\processed\train\Onychogryphosis\images--bQXq51_jpeg.rf.aeb564668dbc8be2149bd470972f2876.jpg,85b1785c6b2a9c6b
train,Onychogryphosis,images--kZUSGO_jpeg.rf.12c072ff4895934447d85759372bd24f.jpg,C:\Users\venka\Documents\Project\data\processed\train\Onychogryphosis\images--kZUSGO_jpeg.rf.12c072ff4895934447d85759372bd24f.jpg,d0588f61273f2f34
train,Onychogryphosis,images--kZUSGO_jpeg.rf.d5f5667447c95de60ec7666d03dd2c9c.jpg,C:\Users\venka\Documents\Project\data\processed\train\Onychogryphosis\images--kZUSGO_jpeg.rf.d5f5667447c95de60ec7666d03dd2c9c.jpg,d58524b33e1a1d7a
train,Onychogryphosis,images--MR0O0A_jpeg.rf.087a40051aaf227ed846457e98a916de.jpg,C:\Users\venka\Documents\Project\data\processed\train\Onychogryphosis\images--MR0O0A_jpeg.rf.087a40051aaf227ed846457e98a916de.jpg,85335195ceec46c7
train,Onychogryphosis,images--MR0O0A_jpeg.rf.4fd2f4644605791d9e9456a757be5de0.jpg,C:\Users\venka\Documents\Project\data\processed\train\Onychogryphosis\images--MR0O0A_jpeg.rf.4fd2f4644605791d9e9456a757be5de0.jpg,d08326730f7e4766
train,Onychogryphosis,images--MR0O0A_jpeg.rf.bba5a691e7d60e48e0001f20a1864809.jpg,C:\Users\venka\Documents\Project\data\processed\train\Onychogryphosis\images--MR0O0A_jpeg.rf.bba5a691e7d60e48e0001f20a1864809.jpg,852e1a6be5d849cd
train,Onychogryphosis,images--sqWhaj_jpeg.rf.7b552753930536238cccc94877931a57.jpg,C:\Users\venka\Documents\Project\data\processed\train\Onychogryphosis\images--sqWhaj_jpeg.rf.7b552753930536238cccc94877931a57.jpg,d4053f7830c2e36f
train,Onychogryphosis,images--Vkbmqf_jpeg.rf.36899930813da66746a5825090744783.jpg,C:\Users\venka\Documents\Project\data\processed\train\Onychogryphosis\images--Vkbmqf_jpeg.rf.36899930813da66746a5825090744783.jpg,d54e2ba532931b33
train,Onychogryphosis,images--Vkbmqf_jpeg.rf.d1b439268f474d9574bafa004beabab4.jpg,C:\Users\venka\Documents\Project\data\processed\train\Onychogryphosis\images--Vkbmqf_jpeg.rf.d1b439268f474d9574bafa004beabab4.jpg,801f1eb070b735d7
train,Onychogryphosis,images--Vkbmqf_jpeg.rf.e481931bf4419d88f7328324cdcf203d.jpg,C:\Users\venka\Documents\Project\data\processed\train\Onychogryphosis\images--Vkbmqf_jpeg.rf.e481931bf4419d88f7328324cdcf203d.jpg,85e54a160db3edd2
train,Onychogryphosis,Screen-Shot-2021-11-16-at-10-23-59-PM_png.rf.007d72ae2853808ee06b8aa8a89534c1.jpg,C:\Users\venka\Documents\Project\data\processed\train\Onychogryphosis\Screen-Shot-2021-11-16-at-10-23-59-PM_png.rf.007d72ae2853808ee06b8aa8a89534c1.jpg,c12e2e7f3fe82281
train,Onychogryphosis,Screen-Shot-2021-11-16-at-10-23-59-PM_png.rf.ba787af7af07499d7f481c020332ac2a.jpg,C:\Users\venka\Documents\Project\data\processed\train\Onychogryphosis\Screen-Shot-2021-11-16-at-10-23-59-PM_png.rf.ba787af7af07499d7f481c020332ac2a.jpg,d53562da7e096166
train,Onychogryphosis,Screen-Shot-2021-11-16-at-10-24-09-PM_png.rf.3cf9ffe19e72c75e212a20c3214147e6.jpg,C:\Users\venka\Documents\Project\data\processed\train\Onychogryphosis\Screen-Shot-2021-11-16-at-10-24-09-PM_png.rf.3cf9ffe19e72c75e212a20c3214147e6.jpg,c4c5329a6d371c2f
train,Onychogryphosis,Screen-Shot-2021-11-16-at-10-36-05-PM_png.rf.1de22569277f2fb73f1554b8573965b4.jpg,C:\Users\venka\Documents\Project\data\processed\train\Onychogryphosis\Screen-Shot-2021-11-16-at-10-36-05-PM_png.rf.1de22569277f2fb73f1554b8573965b4.jpg,f5ee1a9601674e58
train,Onychogryphosis,Screen-Shot-2021-11-16-at-10-36-05-PM_png.rf.783476a6a2ba910a859bc0b18f094eee.jpg,C:\Users\venka\Documents\Project\data\processed\train\Onychogryphosis\Screen-Shot-2021-11-16-at-10-36-05-PM_png.rf.783476a6a2ba910a859bc0b18f094eee.jpg,949d65271f325a2d
train,Onychogryphosis,Screen-Shot-2021-11-16-at-10-36-29-PM_png.rf.e5985913a680732ef801fc49a2cde9f2.jpg,C:\Users\venka\Documents\Project\data\processed\train\Onychogryphosis\Screen-Shot-2021-11-16-at-10-36-29-PM_png.rf.e5985913a680732ef801fc49a2cde9f2.jpg,89c1727c6f303ea3
train,Onychogryphosis,Screen-Shot-2021-11-16-at-10-36-29-PM_png.rf.fd081bf39e5bff2057f462c155ff66bf.jpg,C:\Users\venka\Documents\Project\data\processed\train\Onychogryphosis\Screen-Shot-2021-11-16-at-10-36-29-PM_png.rf.fd081bf39e5bff2057f462c155ff66bf.jpg,c1923fcb3669384d
train,Onychogryphosis,Screen-Shot-2021-11-16-at-10-37-25-PM_png.rf.ab082ab5da59c6ad6a681de546cb78eb.jpg,C:\Users\venka\Documents\Project\data\processed\train\Onychogryphosis\Screen-Shot-2021-11-16-at-10-37-25-PM_png.rf.ab082ab5da59c6ad6a681de546cb78eb.jpg,d5376aea0d971514
train,Onychogryphosis,Screen-Shot-2021-11-16-at-10-37-25-PM_png.rf.d4a08a5b6c448abedef2857ace6474a4.jpg,C:\Users\venka\Documents\Project\data\processed\train\Onychogryphosis\Screen-Shot-2021-11-16-at-10-37-25-PM_png.rf.d4a08a5b6c448abedef2857ace6474a4.jpg,838b6cd5724477d4
train,Onychogryphosis,Screen-Shot-2021-11-16-at-10-39-52-PM_png.rf.0fb64414a31216bbf28bbe3ac612ecee.jpg,C:\Users\venka\Documents\Project\data\processed\train\Onychogryphosis\Screen-Shot-2021-11-16-at-10-39-52-PM_png.rf.0fb64414a31216bbf28bbe3ac612ecee.jpg,d43f2a0f35d037d0
train,Onychogryphosis,Screen-Shot-2021-11-16-at-10-41-18-PM_png.rf.bc65a1ff689270545dabdbdabae25296.jpg,C:\Users\venka\Documents\Project\data\processed\train\Onychogryphosis\Screen-Shot-2021-11-16-at-10-41-18-PM_png.rf.bc65a1ff689270545dabdbdabae25296.jpg,b5c04a356f2b9c2d
train,Onychogryphosis,Screen-Shot-2021-11-16-at-10-41-18-PM_png.rf.d87d2a5fd303645bc0540ff0dcec5c18.jpg,C:\Users\venka\Documents\Project\data\processed\train\Onychogryphosis\Screen-Shot-2021-11-16-at-10-41-18-PM_png.rf.d87d2a5fd303645bc0540ff0dcec5c18.jpg,c36866964a9b4f9c
train,Onychogryphosis,Screen-Shot-2021-11-16-at-10-42-48-PM_png.rf.19fc32b53e959cb01e9785e8913f0bde.jpg,C:\Users\venka\Documents\Project\data\processed\train\Onychogryphosis\Screen-Shot-2021-11-16-at-10-42-48-PM_png.rf.19fc32b53e959cb01e9785e8913f0bde.jpg,c4357b6a3e606762
train,Onychogryphosis,Screen-Shot-2021-11-16-at-10-42-48-PM_png.rf.c0ab05c0248c20078fc9f9236bb5cf7f.jpg,C:\Users\venka\Documents\Project\data\processed\train\Onychogryphosis\Screen-Shot-2021-11-16-at-10-42-48-PM_png.rf.c0ab05c0248c20078fc9f9236bb5cf7f.jpg,c1606ea73f365f80
train,Onychogryphosis,Screen-Shot-2021-11-16-at-10-42-48-PM_png.rf.cbc67e522ceeabeb4dbe64866655f8d3.jpg,C:\Users\venka\Documents\Project\data\processed\train\Onychogryphosis\Screen-Shot-2021-11-16-at-10-42-48-PM_png.rf.cbc67e522ceeabeb4dbe64866655f8d3.jpg,94d22a4d332d772d
train,Onychogryphosis,Screen-Shot-2021-11-16-at-10-42-58-PM_png.rf.65d2cabb2dab7318aafcc4e5a82ad673.jpg,C:\Users\venka\Documents\Project\data\processed\train\Onychogryphosis\Screen-Shot-2021-11-16-at-10-42-58-PM_png.rf.65d2cabb2dab7318aafcc4e5a82ad673.jpg,906a386f692f633c
train,Onychogryphosis,Screen-Shot-2021-11-16-at-10-44-12-PM_png.rf.5e46833f6689c9efd6e6304d1f155864.jpg,C:\Users\venka\Documents\Project\data\processed\train\Onychogryphosis\Screen-Shot-2021-11-16-at-10-44-12-PM_png.rf.5e46833f6689c9efd6e6304d1f155864.jpg,851f43613de83e72
train,Onychogryphosis,Screen-Shot-2021-11-16-at-10-44-12-PM_png.rf.d9a8a6c3aa41086bae03ee87016b2d07.jpg,C:\Users\venka\Documents\Project\data\processed\train\Onychogryphosis\Screen-Shot-2021-11-16-at-10-44-12-PM_png.rf.d9a8a6c3aa41086bae03ee87016b2d07.jpg,95426bad64b17999
train,Onychogryphosis,Screen-Shot-2021-11-16-at-10-44-12-PM_png.rf.ef30be096a3b6c618cbd49697d5d80e2.jpg,C:\Users\venka\Documents\Project\data\processed\train\Onychogryphosis\Screen-Shot-2021-11-16-at-10-44-12-PM_png.rf.ef30be096a3b6c618cbd49697d5d80e2.jpg,909f47693a723ce1
train,Onychogryphosis,Screen-Shot-2021-11-16-at-10-48-11-PM_png.rf.a54511d9dc645099340d9e350ad7f2a5.jpg,C:\Users\venka\Documents\Project\data\processed\train\Onychogryphosis\Screen-Shot-2021-11-16-at-10-48-11-PM_png.rf.a54511d9dc645099340d9e350ad7f2a5.jpg,90af61b463953697
train,Onychogryphosis,Screen-Shot-2021-11-16-at-10-48-11-PM_png.rf.abd73819a9aa24e0dcccad6987eeb09a.jpg,C:\Users\venka\Documents\Project\data\processed\train\Onychogryphosis\Screen-Shot-2021-11-16-at-10-48-11-PM_png.rf.abd73819a9aa24e0dcccad6987eeb09a.jpg,94fc6b83818c1f3e
train,Onychogryphosis,Screen-Shot-2021-11-16-at-10-50-18-PM_png.rf.ceff26ffa830c3c5f275174f4c25d04c.jpg,C:\Users\venka\Documents\Project\data\processed\train\Onychogryphosis\Screen-Shot-2021-11-16-at-10-50-18-PM_png.rf.ceff26ffa830c3c5f275174f4c25d04c.jpg,ddb740ca2b322d39
train,Onychogryphosis,Screen-Shot-2021-11-16-at-10-50-37-PM_png.rf.6d5e04853cd30e846c7324e9f83a36fb.jpg,C:\Users\venka\Documents\Project\data\processed\train\Onychogryphosis\Screen-Shot-2021-11-16-at-10-50-37-PM_png.rf.6d5e04853cd30e846c7324e9f83a36fb.jpg,c0f11f433c8f719c
train,Onychogryphosis,Screen-Shot-2021-11-16-at-10-50-56-PM_png.rf.5a7ed7987495a35b8a57ae7bd84df57c.jpg,C:\Users\venka\Documents\Project\data\processed\train\Onychogryphosis\Screen-Shot-2021-11-16-at-10-50-56-PM_png.rf.5a7ed7987495a35b8a57ae7bd84df57c.jpg,d1974afb2fcd0105
train,Onychogryphosis,Screen-Shot-2021-11-16-at-10-50-56-PM_png.rf.ca0928b2d9e7ea62d32efa734b245084.jpg,C:\Users\venka\Documents\Project\data\processed\train\Onychogryphosis\Screen-Shot-2021-11-16-at-10-50-56-PM_png.rf.ca0928b2d9e7ea62d32efa734b245084.jpg,c0680fea35b374e3
train,Onychogryphosis,Screen-Shot-2021-11-16-at-10-51-10-PM_png.rf.432d378c78cc7688f5efa768325addd7.jpg,C:\Users\venka\Documents\Project\data\processed\train\Onychogryphosis\Screen-Shot-2021-11-16-at-10-51-10-PM_png.rf.432d378c78cc7688f5efa768325addd7.jpg,d43f0b8069ca356f
train,Onychogryphosis,Screen-Shot-2021-11-16-at-10-51-10-PM_png.rf.e66619b31bab3de97901a8385e422870.jpg,C:\Users\venka\Documents\Project\data\processed\train\Onychogryphosis\Screen-Shot-2021-11-16-at-10-51-10-PM_png.rf.e66619b31bab3de97901a8385e422870.jpg,813f7e377a946181
train,Onychogryphosis,Screen-Shot-2021-11-16-at-10-52-05-PM_png.rf.34cb49fa3008938225f39d1694cc7fd7.jpg,C:\Users\venka\Documents\Project\data\processed\train\Onychogryphosis\Screen-Shot-2021-11-16-at-10-52-05-PM_png.rf.34cb49fa3008938225f39d1694cc7fd7.jpg,827f15591f6a7c60
train,Onychogryphosis,Screen-Shot-2021-11-16-at-10-52-05-PM_png.rf.587629ff49c42ca33bb174c2e4709886.jpg,C:\Users\venka\Documents\Project\data\processed\train\Onychogryphosis\Screen-Shot-2021-11-16-at-10-52-05-PM_png.rf.587629ff49c42ca33bb174c2e4709886.jpg,8047576a6f731d61
train,Onychogryphosis,Screen-Shot-2021-11-17-at-12-45-37-PM_png.rf.b45863eb84a1e823f4ad714e1d15e33c.jpg,C:\Users\venka\Documents\Project\data\processed\train\Onychogryphosis\Screen-Shot-2021-11-17-at-12-45-37-PM_png.rf.b45863eb84a1e823f4ad714e1d15e33c.jpg,d2a525520e7b0f2f
train,Onychogryphosis,Screen-Shot-2021-11-17-at-12-45-37-PM_png.rf.d34a61fd1a0cbdf4e7df29442dfec474.jpg,C:\Users\venka\Documents\Project\data\processed\train\Onychogryphosis\Screen-Shot-2021-11-17-at-12-45-37-PM_png.rf.d34a61fd1a0cbdf4e7df29442dfec474.jpg,d4953df534e22265
train,Onychogryphosis,Screen-Shot-2021-11-17-at-12-47-31-PM_png.rf.4516a808ba51651c529a1c98685678a4.jpg,C:\Users\venka\Documents\Project\data\processed\train\Onychogryphosis\Screen-Shot-2021-11-17-at-12-47-31-PM_png.rf.4516a808ba51651c529a1c98685678a4.jpg,806b3fc5563b4cb2
train,Onychogryphosis,Screen-Shot-2021-11-17-at-12-47-31-PM_png.rf.5ce9497a401329fa7d47f998fda7b9d0.jpg,C:\Users\venka\Documents\Project\data\processed\train\Onychogryphosis\Screen-Shot-2021-11-17-at-12-47-31-PM_png.rf.5ce9497a401329fa7d47f998fda7b9d0.jpg,f7bc38f0014e8f13
train,Onychogryphosis,Screen-Shot-2021-11-17-at-12-47-31-PM_png.rf.64453ed01e72aeb53dd143f2c95f9622.jpg,C:\Users\venka\Documents\Project\data\processed\train\Onychogryphosis\Screen-Shot-2021-11-17-at-12-47-31-PM_png.rf.64453ed01e72aeb53dd143f2c95f9622.jpg,e23d35a65b481e72
train,Onychogryphosis,Screenshot-2021-11-19-004002_png.rf.3f569d66fc21897495c27aadbf9ed2a8.jpg,C:\Users\venka\Documents\Project\data\processed\train\Onychogryphosis\Screenshot-2021-11-19-004002_png.rf.3f569d66fc21897495c27aadbf9ed2a8.jpg,d0372fea4c497943
train,Onychogryphosis,Screenshot-2021-11-19-004002_png.rf.7fd48b1c6e575aa721d4a9bd51e83c52.jpg,C:\Users\venka\Documents\Project\data\processed\train\Onychogryphosis\Screenshot-2021-11-19-004002_png.rf.7fd48b1c6e575aa721d4a9bd51e83c52.jpg,d5682a2d08972fdb
train,Onychogryphosis,Screenshot-2021-11-19-004002_png.rf.f79ad1e02da355ce368c0524be776b6e.jpg,C:\Users\venka\Documents\Project\data\processed\train\Onychogryphosis\Screenshot-2021-11-19-004002_png.rf.f79ad1e02da355ce368c0524be776b6e.jpg,c5987a6c1b662d35
train,Onychogryphosis,Screenshot-2021-11-19-004020_png.rf.3e466880d2a613769cca0a9ade7d73ac.jpg,C:\Users\venka\Documents\Project\data\processed\train\Onychogryphosis\Screenshot-2021-11-19-004020_png.rf.3e466880d2a613769cca0a9ade7d73ac.jpg,95d46a3f4b62f058
train,Onychogryphosis,Screenshot-2021-11-19-004020_png.rf.4537dcf6b95e522442e640a6a6fdbcef.jpg,C:\Users\venka\Documents\Project\data\processed\train\Onychogryphosis\Screenshot-2021-11-19-004020_png.rf.4537dcf6b95e522442e640a6a6fdbcef.jpg,92c6691a2e9f271d
train,Onychogryphosis,Screenshot-2021-11-19-004044_png.rf.9564483864669561eddd8bcc63418d10.jpg,C:\Users\venka\Documents\Project\data\processed\train\Onychogryphosis\Screenshot-2021-11-19-004044_png.rf.9564483864669561eddd8bcc63418d10.jpg,9e784b9365993193
train,Onychogryphosis,Screenshot-2021-11-19-004044_png.rf.99da2c5a2a3158bfba085a39bb1c4de8.jpg,C:\Users\venka\Documents\Project\data\processed\train\Onychogryphosis\Screenshot-2021-11-19-004044_png.rf.99da2c5a2a3158bfba085a39bb1c4de8.jpg,a5355aca6b729c85
train,Onychogryphosis,Screenshot-2021-11-19-004055_png.rf.4506ddb84d340be6ee0be0ae06826f2d.jpg,C:\Users\venka\Documents\Project\data\processed\train\Onychogryphosis\Screenshot-2021-11-19-004055_png.rf.4506ddb84d340be6ee0be0ae06826f2d.jpg,9513623f3eb561e0
train,Onychogryphosis,Screenshot-2021-11-19-004055_png.rf.63c367818cb098572f0ebbbbc639b3d4.jpg,C:\Users\venka\Documents\Project\data\processed\train\Onychogryphosis\Screenshot-2021-11-19-004055_png.rf.63c367818cb098572f0ebbbbc639b3d4.jpg,876c5c5b3149636d
train,Onychogryphosis,Screenshot-2021-11-19-004055_png.rf.af54b71e88f9a6eb0b985bc5c597296d.jpg,C:\Users\venka\Documents\Project\data\processed\train\Onychogryphosis\Screenshot-2021-11-19-004055_png.rf.af54b71e88f9a6eb0b985bc5c597296d.jpg,85573c4a386e7378
train,Onychogryphosis,Screenshot-2021-11-19-004140_png.rf.04c8fd1c3564ea3bfc5f51945e697290.jpg,C:\Users\venka\Documents\Project\data\processed\train\Onychogryphosis\Screenshot-2021-11-19-004140_png.rf.04c8fd1c3564ea3bfc5f51945e697290.jpg,c4c24a8f1e9e69b5
train,Onychogryphosis,Screenshot-2021-11-19-004228_png.rf.a22fb45e1edd0fd33248a66ef40a8eb3.jpg,C:\Users\venka\Documents\Project\data\processed\train\Onychogryphosis\Screenshot-2021-11-19-004228_png.rf.a22fb45e1edd0fd33248a66ef40a8eb3.jpg,c0e07ecd8d3e1572
train,Onychogryphosis,Screenshot-2021-11-19-004245_png.rf.5503a5cfdddcf47f81fd01b66f90818f.jpg,C:\Users\venka\Documents\Project\data\processed\train\Onychogryphosis\Screenshot-2021-11-19-004245_png.rf.5503a5cfdddcf47f81fd01b66f90818f.jpg,9d68704e4bda5e19
train,Onychogryphosis,Screenshot-2021-11-19-004245_png.rf.8922ccdb3647cfd8a8bedfdb57a5c5d7.jpg,C:\Users\venka\Documents\Project\data\processed\train\Onychogryphosis\Screenshot-2021-11-19-004245_png.rf.8922ccdb3647cfd8a8bedfdb57a5c5d7.jpg,d4617863619f1e9c
train,Onychogryphosis,Screenshot-2021-11-19-004259_png.rf.1934340640650da76d52282cca89b2f9.jpg,C:\Users\venka\Documents\Project\data\processed\train\Onychogryphosis\Screenshot-2021-11-19-004259_png.rf.1934340640650da76d52282cca89b2f9.jpg,c06d4a3f27f00f69
train,Onychogryphosis,Screenshot-2021-11-19-004259_png.rf.5d6e86e7952d2b96651f5ca7bb436c7f.jpg,C:\Users\venka\Documents\Project\data\processed\train\Onychogryphosis\Screenshot-2021-11-19-004259_png.rf.5d6e86e7952d2b96651f5ca7bb436c7f.jpg,85ee1973525a53d8
train,Onychogryphosis,Screenshot-2021-11-19-004259_png.rf.682609eea6df812eab4a1967d1e3c991.jpg,C:\Users\venka\Documents\Project\data\processed\train\Onychogryphosis\Screenshot-2021-11-19-004259_png.rf.682609eea6df812eab4a1967d1e3c991.jpg,82a96d1a12767e1f
train,Onychogryphosis,Screenshot-2021-11-19-004402_png.rf.1c9d1fca2026494925bc3bc1ef20a39c.jpg,C:\Users\venka\Documents\Project\data\processed\train\Onychogryphosis\Screenshot-2021-11-19-004402_png.rf.1c9d1fca2026494925bc3bc1ef20a39c.jpg,81c81f3d6b936475
train,Onychogryphosis,Screenshot-2021-11-19-004402_png.rf.8a3c3bd5959788fd0c74b92145b47610.jpg,C:\Users\venka\Documents\Project\data\processed\train\Onychogryphosis\Screenshot-2021-11-19-004402_png.rf.8a3c3bd5959788fd0c74b92145b47610.jpg,9521db4f4a693533
train,Onychogryphosis,Screenshot-2021-11-19-004418_png.rf.0303a044692adb9e56e42d7da5a0045f.jpg,C:\Users\venka\Documents\Project\data\processed\train\Onychogryphosis\Screenshot-2021-11-19-004418_png.rf.0303a044692adb9e56e42d7da5a0045f.jpg,95d753380f385e25
train,Onychogryphosis,Screenshot-2021-11-19-004418_png.rf.79388d7fe8425382363ffeb591b93122.jpg,C:\Users\venka\Documents\Project\data\processed\train\Onychogryphosis\Screenshot-2021-11-19-004418_png.rf.79388d7fe8425382363ffeb591b93122.jpg,95957c3c60956bd2
train,Onychogryphosis,Screenshot-2021-11-19-004507_png.rf.6bb7210739cc353d3b50086abd9ff3e2.jpg,C:\Users\venka\Documents\Project\data\processed\train\Onychogryphosis\Screenshot-2021-11-19-004507_png.rf.6bb7210739cc353d3b50086abd9ff3e2.jpg,c17503083a776f3e
train,Onychogryphosis,Screenshot-2021-11-19-004507_png.rf.9ba13e365ce66d8317b08a9439b2cbd9.jpg,C:\Users\venka\Documents\Project\data\processed\train\Onychogryphosis\Screenshot-2021-11-19-004507_png.rf.9ba13e365ce66d8317b08a9439b2cbd9.jpg,d52d009e4e063f3f
train,Onychogryphosis,Screenshot-2021-11-19-004507_png.rf.de9f4befc1a3b23a841c015a1fef1387.jpg,C:\Users\venka\Documents\Project\data\processed\train\Onychogryphosis\Screenshot-2021-11-19-004507_png.rf.de9f4befc1a3b23a841c015a1fef1387.jpg,d5655a686a62692f
train,Onychogryphosis,Screenshot-2021-11-19-005001_png.rf.01bccc1447c554e7f53dd6acd2e39dd7.jpg,C:\Users\venka\Documents\Project\data\processed\train\Onychogryphosis\Screenshot-2021-11-19-005001_png.rf.01bccc1447c554e7f53dd6acd2e39dd7.jpg,816e17597ae46995
train,Onychogryphosis,Screenshot-2021-11-19-005001_png.rf.417576003987987e615d2039520e5a7a.jpg,C:\Users\venka\Documents\Project\data\processed\train\Onychogryphosis\Screenshot-2021-11-19-005001_png.rf.417576003987987e615d2039520e5a7a.jpg,95bd0a853b1d3a66
train,Onychogryphosis,Screenshot-2021-11-19-005001_png.rf.94786c23e10a7867f5506917785fe29a.jpg,C:\Users\venka\Documents\Project\data\processed\train\Onychogryphosis\Screenshot-2021-11-19-005001_png.rf.94786c23e10a7867f5506917785fe29a.jpg,814f5f4c3ca13fc4
train,Onychogryphosis,Screenshot-2021-11-19-005315_png.rf.e53b3352ad90a4ebb4a0603cf7a23a4b.jpg,C:\Users\venka\Documents\Project\data\processed\train\Onychogryphosis\Screenshot-2021-11-19-005315_png.rf.e53b3352ad90a4ebb4a0603cf7a23a4b.jpg,e07fd16ac2a60fa1
train,Onychogryphosis,Screenshot-2021-11-19-005315_png.rf.edea332a301f74969b335ab3f0226b6f.jpg,C:\Users\venka\Documents\Project\data\processed\train\Onychogryphosis\Screenshot-2021-11-19-005315_png.rf.edea332a301f74969b335ab3f0226b6f.jpg,99a240d57ad173c7
train,Onychogryphosis,Screenshot-2021-11-19-005529_png.rf.d664d0555d54af5ddf1cfe8d21bf0702.jpg,C:\Users\venka\Documents\Project\data\processed\train\Onychogryphosis\Screenshot-2021-11-19-005529_png.rf.d664d0555d54af5ddf1cfe8d21bf0702.jpg,d59072c50dc30f9f
train,Onychogryphosis,Screenshot-2021-11-19-005529_png.rf.e5ff76cad4cd63afb20387990142e46b.jpg,C:\Users\venka\Documents\Project\data\processed\train\Onychogryphosis\Screenshot-2021-11-19-005529_png.rf.e5ff76cad4cd63afb20387990142e46b.jpg,e55f123e7d62c809
train,Onychogryphosis,Screenshot-2021-11-19-005556_png.rf.06c49b29f113948f337e29d4b062e407.jpg,C:\Users\venka\Documents\Project\data\processed\train\Onychogryphosis\Screenshot-2021-11-19-005556_png.rf.06c49b29f113948f337e29d4b062e407.jpg,c0e1333c3e2d332f
train,Onychogryphosis,Screenshot-2021-11-19-005611_png.rf.a93204a5659df89ff47e7bc7e6e68190.jpg,C:\Users\venka\Documents\Project\data\processed\train\Onychogryphosis\Screenshot-2021-11-19-005611_png.rf.a93204a5659df89ff47e7bc7e6e68190.jpg,e0a91f967875e20b
train,Onychogryphosis,Screenshot-2021-11-19-005624_png.rf.30913db8f3b7729030403f572bf6bab6.jpg,C:\Users\venka\Documents\Project\data\processed\train\Onychogryphosis\Screenshot-2021-11-19-005624_png.rf.30913db8f3b7729030403f572bf6bab6.jpg,866b698778966996
train,Onychogryphosis,Screenshot-2021-11-19-005926_png.rf.3720f5db37d546b776bd657634fbb39a.jpg,C:\Users\venka\Documents\Project\data\processed\train\Onychogryphosis\Screenshot-2021-11-19-005926_png.rf.3720f5db37d546b776bd657634fbb39a.jpg,84701f373e3a386b
train,Onychogryphosis,Screenshot-2021-11-19-005926_png.rf.cac67f2c9b9cd3a1dab70158e5688817.jpg,C:\Users\venka\Documents\Project\data\processed\train\Onychogryphosis\Screenshot-2021-11-19-005926_png.rf.cac67f2c9b9cd3a1dab70158e5688817.jpg,90c84ef06fc16b97
train,Onychogryphosis,Screenshot-2021-11-19-010045_png.rf.05f8287b13cd28a1ec3dbbf1c6b6edac.jpg,C:\Users\venka\Documents\Project\data\processed\train\Onychogryphosis\Screenshot-2021-11-19-010045_png.rf.05f8287b13cd28a1ec3dbbf1c6b6edac.jpg,80e07b906d2f6737
train,Onychogryphosis,Screenshot-2021-11-19-010045_png.rf.7f6b8b9e68287920556d6749545791df.jpg,C:\Users\venka\Documents\Project\data\processed\train\Onychogryphosis\Screenshot-2021-11-19-010045_png.rf.7f6b8b9e68287920556d6749545791df.jpg,d49f2b413de7c058
train,Onychogryphosis,Screenshot-2021-11-19-010045_png.rf.84144c0ee582278e80015d2fa0c36f49.jpg,C:\Users\venka\Documents\Project\data\processed\train\Onychogryphosis\Screenshot-2021-11-19-010045_png.rf.84144c0ee582278e80015d2fa0c36f49.jpg,954e6eb0387b916c
train,Onychogryphosis,Screenshot-2021-11-19-010109_png.rf.43c1376913ca4629fb49a407c913531d.jpg,C:\Users\venka\Documents\Project\data\processed\train\Onychogryphosis\Screenshot-2021-11-19-010109_png.rf.43c1376913ca4629fb49a407c913531d.jpg,856a6a857abf2dc0
train,Onychogryphosis,Screenshot-2021-11-19-010124_png.rf.cec9ce72997b378f097a754d1303c9ed.jpg,C:\Users\venka\Documents\Project\data\processed\train\Onychogryphosis\Screenshot-2021-11-19-010124_png.rf.cec9ce72997b378f097a754d1303c9ed.jpg,855e7aa33dc4c21b
train,Onychogryphosis,Screenshot-2021-11-19-010124_png.rf.d19ca9b7302d235c8e4681fd93a4d1d8.jpg,C:\Users\venka\Documents\Project\data\processed\train\Onychogryphosis\Screenshot-2021-11-19-010124_png.rf.d19ca9b7302d235c8e4681fd93a4d1d8.jpg,cb3327ce3cc831c6
train,Onychogryphosis,Screenshot-2021-11-19-010147_png.rf.f8c16eb95e9680989205dad0217ce2b1.jpg,C:\Users\venka\Documents\Project\data\processed\train\Onychogryphosis\Screenshot-2021-11-19-010147_png.rf.f8c16eb95e9680989205dad0217ce2b1.jpg,8154606b1fbd3f92
train,Onychogryphosis,Screenshot-2021-11-19-010215_png.rf.5a31202fe47ef13fa48d36341f8bde88.jpg,C:\Users\venka\Documents\Project\data\processed\train\Onychogryphosis\Screenshot-2021-11-19-010215_png.rf.5a31202fe47ef13fa48d36341f8bde88.jpg,91a265b50aed7f24
train,Onychogryphosis,Screenshot-2021-11-19-010215_png.rf.e659558b117651cd6fe85c4877ce18e5.jpg,C:\Users\venka\Documents\Project\data\processed\train\Onychogryphosis\Screenshot-2021-11-19-010215_png.rf.e659558b117651cd6fe85c4877ce18e5.jpg,c7b82ef11e4e4949
train,Onychogryphosis,Screenshot-2021-11-19-010255_png.rf.3a439c52016df9003c9c61de5c8e8acb.jpg,C:\Users\venka\Documents\Project\data\processed\train\Onychogryphosis\Screenshot-2021-11-19-010255_png.rf.3a439c52016df9003c9c61de5c8e8acb.jpg,c078250f3e3f3707
train,Onychogryphosis,Screenshot-2021-11-19-010255_png.rf.6947260b4b3b7ef406856e398f7137a4.jpg,C:\Users\venka\Documents\Project\data\processed\train\Onychogryphosis\Screenshot-2021-11-19-010255_png.rf.6947260b4b3b7ef406856e398f7137a4.jpg,c01f3138e6c33e6d
train,Onychogryphosis,Screenshot-2021-11-19-010315_png.rf.6e64f952c6090ef7c411de8b5b68732b.jpg,C:\Users\venka\Documents\Project\data\processed\train\Onychogryphosis\Screenshot-2021-11-19-010315_png.rf.6e64f952c6090ef7c411de8b5b68732b.jpg,c5a5a0329fc33eca
train,Onychogryphosis,Screenshot-2021-11-19-010315_png.rf.d3db7eaf1922f15d76c40914902f0cf2.jpg,C:\Users\venka\Documents\Project\data\processed\train\Onychogryphosis\Screenshot-2021-11-19-010315_png.rf.d3db7eaf1922f15d76c40914902f0cf2.jpg,c0b165473ecc7c5a
train,Onychogryphosis,Screenshot-2021-11-19-010332_png.rf.26d9a9207125ce5953f6872fff748731.jpg,C:\Users\venka\Documents\Project\data\processed\train\Onychogryphosis\Screenshot-2021-11-19-010332_png.rf.26d9a9207125ce5953f6872fff748731.jpg,c16132db0de6b369
train,Onychogryphosis,Screenshot-2021-11-19-010434_png.rf.b18c12a1fd262999ecf3ef3294e743c9.jpg,C:\Users\venka\Documents\Project\data\processed\train\Onychogryphosis\Screenshot-2021-11-19-010434_png.rf.b18c12a1fd262999ecf3ef3294e743c9.jpg,c08a1f75e1da962d
train,Onychogryphosis,Screenshot-2021-11-19-010434_png.rf.ea693d0cbccdafbc627b9223c31e379c.jpg,C:\Users\venka\Documents\Project\data\processed\train\Onychogryphosis\Screenshot-2021-11-19-010434_png.rf.ea693d0cbccdafbc627b9223c31e379c.jpg,92586de387beb8c0
train,Onychogryphosis,Screenshot-2021-11-19-010444_png.rf.75518266430c1bf9ca65b59ccf07607b.jpg,C:\Users\venka\Documents\Project\data\processed\train\Onychogryphosis\Screenshot-2021-11-19-010444_png.rf.75518266430c1bf9ca65b59ccf07607b.jpg,8f9730c83e70e762
train,Onychogryphosis,Screenshot-2021-11-19-010454_png.rf.393b531a979995c938c8d486f9895351.jpg,C:\Users\venka\Documents\Project\data\processed\train\Onychogryphosis\Screenshot-2021-11-19-010454_png.rf.393b531a979995c938c8d486f9895351.jpg,d502625b646a7e6d
train,Onychogryphosis,Screenshot-2021-11-19-010454_png.rf.5ee5c075dbc1ca6bced6ce97ba80f09d.jpg,C:\Users\venka\Documents\Project\data\processed\train\Onychogryphosis\Screenshot-2021-11-19-010454_png.rf.5ee5c075dbc1ca6bced6ce97ba80f09d.jpg,d5a933b44f607e84
train,Onychogryphosis,Screenshot-2021-11-19-010506_png.rf.32c8355da598c70296ad8d6be033fe6e.jpg,C:\Users\venka\Documents\Project\data\processed\train\Onychogryphosis\Screenshot-2021-11-19-010506_png.rf.32c8355da598c70296ad8d6be033fe6e.jpg,d55e231b3b2c0c2f
train,Onychogryphosis,Screenshot-2021-11-19-010506_png.rf.d51532fedd6e788e9c054d62dd75e76f.jpg,C:\Users\venka\Documents\Project\data\processed\train\Onychogryphosis\Screenshot-2021-11-19-010506_png.rf.d51532fedd6e788e9c054d62dd75e76f.jpg,8174762e5e2b1b4b
train,Onychogryphosis,Screenshot-2021-11-19-010537_png.rf.11f04159688dd9c1d58e5fb4c366af9c.jpg,C:\Users\venka\Documents\Project\data\processed\train\Onychogryphosis\Screenshot-2021-11-19-010537_png.rf.11f04159688dd9c1d58e5fb4c366af9c.jpg,d4216a4f786e613e
train,Onychogryphosis,Screenshot-2021-11-19-010546_png.rf.852be4c8b6f3625178fd8424dee104f4.jpg,C:\Users\venka\Documents\Project\data\processed\train\Onychogryphosis\Screenshot-2021-11-19-010546_png.rf.852be4c8b6f3625178fd8424dee104f4.jpg,d56e304a346563de
train,Onychogryphosis,Screenshot-2021-11-19-010546_png.rf.aaf458ee10b0d88e242f9ee41e796464.jpg,C:\Users\venka\Documents\Project\data\processed\train\Onychogryphosis\Screenshot-2021-11-19-010546_png.rf.aaf458ee10b0d88e242f9ee41e796464.jpg,80686e457fca3a73
train,Onychogryphosis,Screenshot-2021-11-19-010604_png.rf.749665c9d659f8aa125edf1616d0bf7b.jpg,C:\Users\venka\Documents\Project\data\processed\train\Onychogryphosis\Screenshot-2021-11-19-010604_png.rf.749665c9d659f8aa125edf1616d0bf7b.jpg,c7603a9d4b2d2c1f
train,Onychogryphosis,Screenshot-2021-11-19-010604_png.rf.a261ae48631f76e1a4af4621d473f762.jpg,C:\Users\venka\Documents\Project\data\processed\train\Onychogryphosis\Screenshot-2021-11-19-010604_png.rf.a261ae48631f76e1a4af4621d473f762.jpg,c2f13964693f3433
train,Onychogryphosis,Screenshot-2021-11-19-010627_png.rf.48d97a98e1a4e39ed30102954b8b2063.jpg,C:\Users\venka\Documents\Project\data\processed\train\Onychogryphosis\Screenshot-2021-11-19-010627_png.rf.48d97a98e1a4e39ed30102954b8b2063.jpg,ada5109f2b523d6c
train,Onychogryphosis,Screenshot-2021-11-19-010627_png.rf.5892ff858fa151aadd0dbc4aefd17fab.jpg,C:\Users\venka\Documents\Project\data\processed\train\Onychogryphosis\Screenshot-2021-11-19-010627_png.rf.5892ff858fa151aadd0dbc4aefd17fab.jpg,d425626c5b6a7a6c
train,Onychogryphosis,Screenshot-2021-11-19-010627_png.rf.aad25ba8d29a2c54914ee69678c12ffe.jpg,C:\Users\venka\Documents\Project\data\processed\train\Onychogryphosis\Screenshot-2021-11-19-010627_png.rf.aad25ba8d29a2c54914ee69678c12ffe.jpg,80413f746f8a6c9f
train,Onychogryphosis,Screenshot-2021-11-19-010640_png.rf.7f160cc2c48f203f4ef59acb00576826.jpg,C:\Users\venka\Documents\Project\data\processed\train\Onychogryphosis\Screenshot-2021-11-19-010640_png.rf.7f160cc2c48f203f4ef59acb00576826.jpg,85a98ba63b856adc
train,Onychogryphosis,Screenshot-2021-11-19-010640_png.rf.c17d2a43d4f4e53c60dba5eca2de72c4.jpg,C:\Users\venka\Documents\Project\data\processed\train\Onychogryphosis\Screenshot-2021-11-19-010640_png.rf.c17d2a43d4f4e53c60dba5eca2de72c4.jpg,f0976fe80f8c2a98
train,Onychogryphosis,Screenshot-2021-11-19-010724_png.rf.9f0b1e5a4be81bbab15603e209cdc017.jpg,C:\Users\venka\Documents\Project\data\processed\train\Onychogryphosis\Screenshot-2021-11-19-010724_png.rf.9f0b1e5a4be81bbab15603e209cdc017.jpg,c08244ae3fe17bcd
train,Onychogryphosis,Screenshot-2021-11-19-010811_png.rf.83ab5bf3eeb95bee2f1cf3a7ec9cf7d0.jpg,C:\Users\venka\Documents\Project\data\processed\train\Onychogryphosis\Screenshot-2021-11-19-010811_png.rf.83ab5bf3eeb95bee2f1cf3a7ec9cf7d0.jpg,e855361e53784b4d
train,Onychogryphosis,Screenshot-2021-11-19-010819_png.rf.798a9e534626a0c59cfb62eb0ff14934.jpg,C:\Users\venka\Documents\Project\data\processed\train\Onychogryphosis\Screenshot-2021-11-19-010819_png.rf.798a9e534626a0c59cfb62eb0ff14934.jpg,ddf0604f1f362a2a
train,Onychogryphosis,Screenshot-2021-11-19-010819_png.rf.ac3434654f31996c8f382116f9b8306f.jpg,C:\Users\venka\Documents\Project\data\processed\train\Onychogryphosis\Screenshot-2021-11-19-010819_png.rf.ac3434654f31996c8f382116f9b8306f.jpg,81706f481e3b3f35
train,Onychogryphosis,Screenshot-2021-11-19-010819_png.rf.b1c2430eb9b9844ee91017668be3d53f.jpg,C:\Users\venka\Documents\Project\data\processed\train\Onychogryphosis\Screenshot-2021-11-19-010819_png.rf.b1c2430eb9b9844ee91017668be3d53f.jpg,d03e37cf1ec86861
train,Onychogryphosis,Screenshot-2021-11-19-010828_png.rf.5e46b54427c566d032cbbd5efe2c18c2.jpg,C:\Users\venka\Documents\Project\data\processed\train\Onychogryphosis\Screenshot-2021-11-19-010828_png.rf.5e46b54427c566d032cbbd5efe2c18c2.jpg,80ad7f1a5bc1784b
train,Onychogryphosis,Screenshot-2021-11-19-010828_png.rf.72ad0ec3b6ec329dd714e389bc74b79f.jpg,C:\Users\venka\Documents\Project\data\processed\train\Onychogryphosis\Screenshot-2021-11-19-010828_png.rf.72ad0ec3b6ec329dd714e389bc74b79f.jpg,85706a1f1b4b4f2d
train,Onychogryphosis,Screenshot-2021-11-19-010828_png.rf.c8e9788b2c61c48a900e8725459cb0e5.jpg,C:\Users\venka\Documents\Project\data\processed\train\Onychogryphosis\Screenshot-2021-11-19-010828_png.rf.c8e9788b2c61c48a900e8725459cb0e5.jpg,95507a4f0f1e3d23
train,Onychogryphosis,Screenshot-2021-11-19-010837_png.rf.b461179c34cf0a18448416e10847d8ba.jpg,C:\Users\venka\Documents\Project\data\processed\train\Onychogryphosis\Screenshot-2021-11-19-010837_png.rf.b461179c34cf0a18448416e10847d8ba.jpg,c1c2156f2f397835
train,Onychogryphosis,Screenshot-2021-11-19-010837_png.rf.ef273f6c6eb328fdc8a4eb9ac7d603f5.jpg,C:\Users\venka\Documents\Project\data\processed\train\Onychogryphosis\Screenshot-2021-11-19-010837_png.rf.ef273f6c6eb328fdc8a4eb9ac7d603f5.jpg,887a77e53b83348a
train,Onychogryphosis,Screenshot-2021-11-19-010857_png.rf.f1fb791af0d38eea5abef63cd062c983.jpg,C:\Users\venka\Documents\Project\data\processed\train\Onychogryphosis\Screenshot-2021-11-19-010857_png.rf.f1fb791af0d38eea5abef63cd062c983.jpg,887d575a520b6a3e
train,Onychogryphosis,Screenshot-2021-11-19-010944_png.rf.6211703c5014054e4c0100bae8b332a4.jpg,C:\Users\venka\Documents\Project\data\processed\train\Onychogryphosis\Screenshot-2021-11-19-010944_png.rf.6211703c5014054e4c0100bae8b332a4.jpg,d5091a7c496b8ae7
train,Onychogryphosis,Screenshot-2021-11-19-010944_png.rf.64743f80899b9d68caf01a62549f4597.jpg,C:\Users\venka\Documents\Project\data\processed\train\Onychogryphosis\Screenshot-2021-11-19-010944_png.rf.64743f80899b9d68caf01a62549f4597.jpg,d0da6b8d4397351a
train,Onychogryphosis,Screenshot-2021-11-19-010944_png.rf.fcdf2c5d26f9a355a5de7c811680c083.jpg,C:\Users\venka\Documents\Project\data\processed\train\Onychogryphosis\Screenshot-2021-11-19-010944_png.rf.fcdf2c5d26f9a355a5de7c811680c083.jpg,85507a8f6db05e2b
train,Onychogryphosis,Screenshot-2021-11-19-011002_png.rf.139187ece436d674ea003b190529f195.jpg,C:\Users\venka\Documents\Project\data\processed\train\Onychogryphosis\Screenshot-2021-11-19-011002_png.rf.139187ece436d674ea003b190529f195.jpg,8c7147483bb73596
train,Onychogryphosis,Screenshot-2021-11-19-011002_png.rf.3677113ef1c38d8c8e9fb62be5fa9852.jpg,C:\Users\venka\Documents\Project\data\processed\train\Onychogryphosis\Screenshot-2021-11-19-011002_png.rf.3677113ef1c38d8c8e9fb62be5fa9852.jpg,956a42712e87739d
train,Onychogryphosis,Screenshot-2021-11-19-011220_png.rf.4adbdec13d295e7a20505f5001e05139.jpg,C:\Users\venka\Documents\Project\data\processed\train\Onychogryphosis\Screenshot-2021-11-19-011220_png.rf.4adbdec13d295e7a20505f5001e05139.jpg,c19c91f133b7b530
train,Onychogryphosis,Screenshot-2021-11-19-011220_png.rf.9277c629b5480310248b3f16ec8589e4.jpg,C:\Users\venka\Documents\Project\data\processed\train\Onychogryphosis\Screenshot-2021-11-19-011220_png.rf.9277c629b5480310248b3f16ec8589e4.jpg,df9921252793534e
train,Onychogryphosis,Screenshot-2021-11-19-011229_png.rf.21b54aa398b59455d30ab10941c7f07a.jpg,C:\Users\venka\Documents\Project\data\processed\train\Onychogryphosis\Screenshot-2021-11-19-011229_png.rf.21b54aa398b59455d30ab10941c7f07a.jpg,d29e3c4959436e6c
train,Onychogryphosis,Screenshot-2021-11-19-011229_png.rf.5ec2639e19c477956a6743c5bf53a396.jpg,C:\Users\venka\Documents\Project\data\processed\train\Onychogryphosis\Screenshot-2021-11-19-011229_png.rf.5ec2639e19c477956a6743c5bf53a396.jpg,808e7f73c0cc83bb
train,Onychogryphosis,Screenshot-2021-11-19-011229_png.rf.5ef9b8e8e468add2c44addfa4e2547fd.jpg,C:\Users\venka\Documents\Project\data\processed\train\Onychogryphosis\Screenshot-2021-11-19-011229_png.rf.5ef9b8e8e468add2c44addfa4e2547fd.jpg,c696cccccdccce88
train,Onychogryphosis,Screenshot-2021-11-19-011259_png.rf.60ba314ad8f65b2328edb2f9635339c4.jpg,C:\Users\venka\Documents\Project\data\processed\train\Onychogryphosis\Screenshot-2021-11-19-011259_png.rf.60ba314ad8f65b2328edb2f9635339c4.jpg,9a396665699b646c
train,Onychogryphosis,Screenshot-2021-11-19-011331_png.rf.20a58552759acd34916af3c0eb96c186.jpg,C:\Users\venka\Documents\Project\data\processed\train\Onychogryphosis\Screenshot-2021-11-19-011331_png.rf.20a58552759acd34916af3c0eb96c186.jpg,9ab5259574a64b55
train,Onychogryphosis,Screenshot-2021-11-19-011331_png.rf.7a8ebec3f943fee14dd66ab2c7f3467f.jpg,C:\Users\venka\Documents\Project\data\processed\train\Onychogryphosis\Screenshot-2021-11-19-011331_png.rf.7a8ebec3f943fee14dd66ab2c7f3467f.jpg,906a35787a9d4ba5
train,Onychogryphosis,Screenshot-2021-11-19-011331_png.rf.e301ab9137a908899baa98d3bcf9cfb8.jpg,C:\Users\venka\Documents\Project\data\processed\train\Onychogryphosis\Screenshot-2021-11-19-011331_png.rf.e301ab9137a908899baa98d3bcf9cfb8.jpg,851e61b8dea55ac6
train,Onychogryphosis,Screenshot-2021-11-19-011359_png.rf.30769910d11f38d9cfaeaf8ab1282f33.jpg,C:\Users\venka\Documents\Project\data\processed\train\Onychogryphosis\Screenshot-2021-11-19-011359_png.rf.30769910d11f38d9cfaeaf8ab1282f33.jpg,d025db7fc266c02d
train,Onychogryphosis,Screenshot-2021-11-19-011359_png.rf.b87804fc355df5fee5681d8b85ad5965.jpg,C:\Users\venka\Documents\Project\data\processed\train\Onychogryphosis\Screenshot-2021-11-19-011359_png.rf.b87804fc355df5fee5681d8b85ad5965.jpg,adb555b5301634ce
train,Onychogryphosis,Screenshot-2021-11-19-012106_png.rf.2548ac95609e4258103173d063a5af28.jpg,C:\Users\venka\Documents\Project\data\processed\train\Onychogryphosis\Screenshot-2021-11-19-012106_png.rf.2548ac95609e4258103173d063a5af28.jpg,d0250fd233d687cd
train,Onychogryphosis,Screenshot-2021-11-19-012106_png.rf.2ec78df773de7c53304acd53425cf445.jpg,C:\Users\venka\Documents\Project\data\processed\train\Onychogryphosis\Screenshot-2021-11-19-012106_png.rf.2ec78df773de7c53304acd53425cf445.jpg,85d05a99662d5b97
train,Onychogryphosis,Screenshot-2021-11-19-012312_png.rf.18dfee5ecc873fa31cb33c78c15dd7c7.jpg,C:\Users\venka\Documents\Project\data\processed\train\Onychogryphosis\Screenshot-2021-11-19-012312_png.rf.18dfee5ecc873fa31cb33c78c15dd7c7.jpg,c0a197960ed32bf5
train,Onychogryphosis,Screenshot-2021-11-19-012312_png.rf.4a1922c6992e02db85eff799c9467fa8.jpg,C:\Users\venka\Documents\Project\data\processed\train\Onychogryphosis\Screenshot-2021-11-19-012312_png.rf.4a1922c6992e02db85eff799c9467fa8.jpg,a05c4f611f463f8e
train,Onychogryphosis,Screenshot-2021-11-19-012324_png.rf.373465ededd91b8e8abc6d2b09c4d81f.jpg,C:\Users\venka\Documents\Project\data\processed\train\Onychogryphosis\Screenshot-2021-11-19-012324_png.rf.373465ededd91b8e8abc6d2b09c4d81f.jpg,c04825733f8e3d1f
train,Onychogryphosis,Screenshot-2021-11-19-012324_png.rf.4595a67d99d4654007ffd25e96450045.jpg,C:\Users\venka\Documents\Project\data\processed\train\Onychogryphosis\Screenshot-2021-11-19-012324_png.rf.4595a67d99d4654007ffd25e96450045.jpg,c52f6c70da6a6e60
train,Onychogryphosis,Screenshot-2021-11-19-012324_png.rf.ec92582666d08b9c889b4fc01a9d993f.jpg,C:\Users\venka\Documents\Project\data\processed\train\Onychogryphosis\Screenshot-2021-11-19-012324_png.rf.ec92582666d08b9c889b4fc01a9d993f.jpg,d07f2d103fc81fc8
train,Onychogryphosis,Screenshot-2021-11-19-012333_png.rf.b2bb5c8c52d9fe03cf3fa17183012e3c.jpg,C:\Users\venka\Documents\Project\data\processed\train\Onychogryphosis\Screenshot-2021-11-19-012333_png.rf.b2bb5c8c52d9fe03cf3fa17183012e3c.jpg,80d474607f8b2e3f
train,Onychogryphosis,Screenshot-2021-11-19-012333_png.rf.d1a0a8f3316f3763f03189c827c9debf.jpg,C:\Users\venka\Documents\Project\data\processed\train\Onychogryphosis\Screenshot-2021-11-19-012333_png.rf.d1a0a8f3316f3763f03189c827c9debf.jpg,90d86f507f8270af
train,Onychogryphosis,Screenshot-2021-11-19-012640_png.rf.6adabba7602422f405a2d55d9ff18b16.jpg,C:\Users\venka\Documents\Project\data\processed\train\Onychogryphosis\Screenshot-2021-11-19-012640_png.rf.6adabba7602422f405a2d55d9ff18b16.jpg,905e7f2f49b056e0
train,Onychogryphosis,Screenshot-2021-11-19-012640_png.rf.fcb688a803f6783305b99901b75ce950.jpg,C:\Users\venka\Documents\Project\data\processed\train\Onychogryphosis\Screenshot-2021-11-19-012640_png.rf.fcb688a803f6783305b99901b75ce950.jpg,80356f286ae3f4ce
train,Onychogryphosis,Screenshot-2021-11-19-012709_png.rf.37ef53930c69484ad95c51e4152f99f4.jpg,C:\Users\venka\Documents\Project\data\processed\train\Onychogryphosis\Screenshot-2021-11-19-012709_png.rf.37ef53930c69484ad95c51e4152f99f4.jpg,d5e433d14e8c4997
train,Onychogryphosis,Screenshot-2021-11-19-012709_png.rf.3e0b507aa418baca1bbce5f85276616f.jpg,C:\Users\venka\Documents\Project\data\processed\train\Onychogryphosis\Screenshot-2021-11-19-012709_png.rf.3e0b507aa418baca1bbce5f85276616f.jpg,917c5f1a264d6a69
train,Onychogryphosis,Screenshot-2021-11-19-012709_png.rf.de5a69e250dbe6cf647037182a6ca4bd.jpg,C:\Users\venka\Documents\Project\data\processed\train\Onychogryphosis\Screenshot-2021-11-19-012709_png.rf.de5a69e250dbe6cf647037182a6ca4bd.jpg,c4c85b584c73357e
train,Onychogryphosis,Screenshot-2021-11-19-012721_png.rf.4ee1ffefc857fca0e34d1a1af4f0a40f.jpg,C:\Users\venka\Documents\Project\data\processed\train\Onychogryphosis\Screenshot-2021-11-19-012721_png.rf.4ee1ffefc857fca0e34d1a1af4f0a40f.jpg,e5e93a9e48052e9b
train,Onychogryphosis,Screenshot-2021-11-19-012914_png.rf.451b02c5a1f3b2589bd4caa4f3810779.jpg,C:\Users\venka\Documents\Project\data\processed\train\Onychogryphosis\Screenshot-2021-11-19-012914_png.rf.451b02c5a1f3b2589bd4caa4f3810779.jpg,c49743e43a33c7c3
train,Onychogryphosis,Screenshot-2021-11-19-012914_png.rf.edc96168d7fcb8bf161b563c10c3b2dc.jpg,C:\Users\venka\Documents\Project\data\processed\train\Onychogryphosis\Screenshot-2021-11-19-012914_png.rf.edc96168d7fcb8bf161b563c10c3b2dc.jpg,803f7f0d7a496ac2
train,Onychogryphosis,Screenshot-2021-11-19-013107_png.rf.24417ff2a38ef939916dbbd86fa621f5.jpg,C:\Users\venka\Documents\Project\data\processed\train\Onychogryphosis\Screenshot-2021-11-19-013107_png.rf.24417ff2a38ef939916dbbd86fa621f5.jpg,d54a2a25161f393f
train,Onychogryphosis,Screenshot-2021-11-19-013107_png.rf.26310450597e39275b36ea7f79a799be.jpg,C:\Users\venka\Documents\Project\data\processed\train\Onychogryphosis\Screenshot-2021-11-19-013107_png.rf.26310450597e39275b36ea7f79a799be.jpg,9662632b0d3d1e3d
train,Onychogryphosis,Screenshot-2021-11-19-013107_png.rf.b450598a160dafd5eb81192b5b9d5fa2.jpg,C:\Users\venka\Documents\Project\data\processed\train\Onychogryphosis\Screenshot-2021-11-19-013107_png.rf.b450598a160dafd5eb81192b5b9d5fa2.jpg,953d60721ecb72c9
train,Onychogryphosis,Screenshot-2021-11-19-013239_png.rf.520fcc5fcd21c377d248670d3a434cf6.jpg,C:\Users\venka\Documents\Project\data\processed\train\Onychogryphosis\Screenshot-2021-11-19-013239_png.rf.520fcc5fcd21c377d248670d3a434cf6.jpg,bd60c0544e1f597e
train,Onychogryphosis,Screenshot-2021-11-19-013239_png.rf.f22d9271737d20ea7cb78f961e5c3a89.jpg,C:\Users\venka\Documents\Project\data\processed\train\Onychogryphosis\Screenshot-2021-11-19-013239_png.rf.f22d9271737d20ea7cb78f961e5c3a89.jpg,b59f702e036a0f2b
train,Onychogryphosis,Screenshot-2021-11-19-013411_png.rf.195f90890be39ca3743c8cc320eb9d8f.jpg,C:\Users\venka\Documents\Project\data\processed\train\Onychogryphosis\Screenshot-2021-11-19-013411_png.rf.195f90890be39ca3743c8cc320eb9d8f.jpg,d00f5a9e2f1a4d9c
train,Onychogryphosis,Screenshot-2021-11-19-013411_png.rf.2eba02dae884f97baac066d9dc90b4c8.jpg,C:\Users\venka\Documents\Project\data\processed\train\Onychogryphosis\Screenshot-2021-11-19-013411_png.rf.2eba02dae884f97baac066d9dc90b4c8.jpg,856a875f705c706b
train,Onychogryphosis,Screenshot-2021-11-19-013411_png.rf.398ec3402c075c01ec4ef9d2eaef6910.jpg,C:\Users\venka\Documents\Project\data\processed\train\Onychogryphosis\Screenshot-2021-11-19-013411_png.rf.398ec3402c075c01ec4ef9d2eaef6910.jpg,80bc0f074ecf4f87
train,Onychogryphosis,Screenshot-2021-11-19-013935_png.rf.7b6a291757b9889c6d33bd35773ea41a.jpg,C:\Users\venka\Documents\Project\data\processed\train\Onychogryphosis\Screenshot-2021-11-19-013935_png.rf.7b6a291757b9889c6d33bd35773ea41a.jpg,c1856a5f2b363c35
train,Onychogryphosis,Screenshot-2021-11-19-013935_png.rf.b2e594dacff9fc6f1172c9688d48b956.jpg,C:\Users\venka\Documents\Project\data\processed\train\Onychogryphosis\Screenshot-2021-11-19-013935_png.rf.b2e594dacff9fc6f1172c9688d48b956.jpg,85e06a2f783c7875
train,Onychogryphosis,Screenshot-2021-11-19-013935_png.rf.f45eafd187daf6fe4eb6bf57a8a58aa4.jpg,C:\Users\venka\Documents\Project\data\processed\train\Onychogryphosis\Screenshot-2021-11-19-013935_png.rf.f45eafd187daf6fe4eb6bf57a8a58aa4.jpg,813d3f607b616a47
train,Onychogryphosis,Screenshot-2021-11-19-014147_png.rf.69fbe87ce0e311da8596ee66c71b51ce.jpg,C:\Users\venka\Documents\Project\data\processed\train\Onychogryphosis\Screenshot-2021-11-19-014147_png.rf.69fbe87ce0e311da8596ee66c71b51ce.jpg,90dd4b244e7a366e
train,Onychogryphosis,Screenshot-2021-11-19-014147_png.rf.7d67aa6da67e8c7fbcf58eef62c4698f.jpg,C:\Users\venka\Documents\Project\data\processed\train\Onychogryphosis\Screenshot-2021-11-19-014147_png.rf.7d67aa6da67e8c7fbcf58eef62c4698f.jpg,807c67e038e7378d
train,Onychogryphosis,Screenshot-2021-11-19-014147_png.rf.a56d5c5dda1062fcc01dc199e5cc1d7c.jpg,C:\Users\venka\Documents\Project\data\processed\train\Onychogryphosis\Screenshot-2021-11-19-014147_png.rf.a56d5c5dda1062fcc01dc199e5cc1d7c.jpg,c0743f9957834c8f
train,Onychogryphosis,Screenshot-2021-11-19-015033_png.rf.63c34c037b02d0b1b39cbd541f5babbc.jpg,C:\Users\venka\Documents\Project\data\processed\train\Onychogryphosis\Screenshot-2021-11-19-015033_png.rf.63c34c037b02d0b1b39cbd541f5babbc.jpg,c0f7439a1f8b198d
train,Onychogryphosis,Screenshot-2021-11-19-015046_png.rf.1e7c6a3e717c133d884592a38c65c3b9.jpg,C:\Users\venka\Documents\Project\data\processed\train\Onychogryphosis\Screenshot-2021-11-19-015046_png.rf.1e7c6a3e717c133d884592a38c65c3b9.jpg,d52b6f3f78300307
train,Onychogryphosis,Screenshot-2021-11-19-015046_png.rf.3a68047b7b5d18951546a812ff5cec3e.jpg,C:\Users\venka\Documents\Project\data\processed\train\Onychogryphosis\Screenshot-2021-11-19-015046_png.rf.3a68047b7b5d18951546a812ff5cec3e.jpg,80f97c6959615373
train,Onychogryphosis,Screenshot-2021-11-19-015046_png.rf.75776fd7cbbb119c8787eeb64059545d.jpg,C:\Users\venka\Documents\Project\data\processed\train\Onychogryphosis\Screenshot-2021-11-19-015046_png.rf.75776fd7cbbb119c8787eeb64059545d.jpg,803f4f3c682067df
train,Onychogryphosis,Screenshot-2021-11-19-015139_png.rf.279ad7ab3edf999e7c47c28ab719c25f.jpg,C:\Users\venka\Documents\Project\data\processed\train\Onychogryphosis\Screenshot-2021-11-19-015139_png.rf.279ad7ab3edf999e7c47c28ab719c25f.jpg,952a545a49574b6f
train,Onychogryphosis,Screenshot-2021-11-19-015139_png.rf.773787aa33ddab9bc44adeaf0721cef9.jpg,C:\Users\venka\Documents\Project\data\processed\train\Onychogryphosis\Screenshot-2021-11-19-015139_png.rf.773787aa33ddab9bc44adeaf0721cef9.jpg,807f3d7655545670
train,Onychogryphosis,Screenshot-2021-11-19-015637_png.rf.da99f8ac61870429ee5947dbd0f209fd.jpg,C:\Users\venka\Documents\Project\data\processed\train\Onychogryphosis\Screenshot-2021-11-19-015637_png.rf.da99f8ac61870429ee5947dbd0f209fd.jpg,d53ec2924a954e97
train,Onychogryphosis,Screenshot-2021-11-19-015637_png.rf.f0d88e4bde02149243538607911bed75.jpg,C:\Users\venka\Documents\Project\data\processed\train\Onychogryphosis\Screenshot-2021-11-19-015637_png.rf.f0d88e4bde02149243538607911bed75.jpg,d4810bfe0f5a5a5a
train,Onychogryphosis,Screenshot-2021-11-19-015739_png.rf.8026fb8dabb40d6be846369edfb19c4f.jpg,C:\Users\venka\Documents\Project\data\processed\train\Onychogryphosis\Screenshot-2021-11-19-015739_png.rf.8026fb8dabb40d6be846369edfb19c4f.jpg,c5cd699c4b913e92
train,Onychogryphosis,Screenshot-2021-11-19-015739_png.rf.f5720d95c4104603beeedeaefe977303.jpg,C:\Users\venka\Documents\Project\data\processed\train\Onychogryphosis\Screenshot-2021-11-19-015739_png.rf.f5720d95c4104603beeedeaefe977303.jpg,d5df4a944b910e96
train,Onychogryphosis,Screenshot-2021-11-19-015807_png.rf.2d3c2149f4bbaed49137336eb14d43d5.jpg,C:\Users\venka\Documents\Project\data\processed\train\Onychogryphosis\Screenshot-2021-11-19-015807_png.rf.2d3c2149f4bbaed49137336eb14d43d5.jpg,e0df405f7b606e60
train,Onychogryphosis,Screenshot-2021-11-19-015807_png.rf.a18ec90920f2949c0fd60c416a48e3d3.jpg,C:\Users\venka\Documents\Project\data\processed\train\Onychogryphosis\Screenshot-2021-11-19-015807_png.rf.a18ec90920f2949c0fd60c416a48e3d3.jpg,f5bfc0941295171e
train,Onychogryphosis,Screenshot-2021-11-19-015807_png.rf.b13b89d36cde30fa2df61e9d193556ae.jpg,C:\Users\venka\Documents\Project\data\processed\train\Onychogryphosis\Screenshot-2021-11-19-015807_png.rf.b13b89d36cde30fa2df61e9d193556ae.jpg,83755c497642787b
train,Onychogryphosis,Screenshot-2021-11-19-015829_png.rf.743af384d79fa8e639c238186c579870.jpg,C:\Users\venka\Documents\Project\data\processed\train\Onychogryphosis\Screenshot-2021-11-19-015829_png.rf.743af384d79fa8e639c238186c579870.jpg,e0ea27875b3f3070
train,Onychogryphosis,Screenshot-2021-11-19-015829_png.rf.93295b34151a1c038535108a91de369e.jpg,C:\Users\venka\Documents\Project\data\processed\train\Onychogryphosis\Screenshot-2021-11-19-015829_png.rf.93295b34151a1c038535108a91de369e.jpg,807f7f4a5a824f94
train,Onychogryphosis,Screenshot-2021-11-19-015829_png.rf.96b1a0665840b110433601dec5294115.jpg,C:\Users\venka\Documents\Project\data\processed\train\Onychogryphosis\Screenshot-2021-11-19-015829_png.rf.96b1a0665840b110433601dec5294115.jpg,c0b464f32cca6dcb
train,Onychogryphosis,Screenshot-2021-11-19-015917_png.rf.1a77c056e0da94a5769af21b6ee1defc.jpg,C:\Users\venka\Documents\Project\data\processed\train\Onychogryphosis\Screenshot-2021-11-19-015917_png.rf.1a77c056e0da94a5769af21b6ee1defc.jpg,807f323b6ba86aa6
train,Onychogryphosis,Screenshot-2021-11-19-015917_png.rf.312899f487425a8f6c50db9c3cf67376.jpg,C:\Users\venka\Documents\Project\data\processed\train\Onychogryphosis\Screenshot-2021-11-19-015917_png.rf.312899f487425a8f6c50db9c3cf67376.jpg,81f07ea247af6233
train,Onychogryphosis,Screenshot-2021-11-19-020017_png.rf.1d9afde373541b445f0fee1585ac50a1.jpg,C:\Users\venka\Documents\Project\data\processed\train\Onychogryphosis\Screenshot-2021-11-19-020017_png.rf.1d9afde373541b445f0fee1585ac50a1.jpg,803655607a737d6b
train,Onychogryphosis,Screenshot-2021-11-19-020108_png.rf.90062afe6fb5be1e04b03989525bc469.jpg,C:\Users\venka\Documents\Project\data\processed\train\Onychogryphosis\Screenshot-2021-11-19-020108_png.rf.90062afe6fb5be1e04b03989525bc469.jpg,816b79655e603ee2
train,Onychogryphosis,Screenshot-2021-11-19-020108_png.rf.b2bfa3616a13bfe6311e117026962133.jpg,C:\Users\venka\Documents\Project\data\processed\train\Onychogryphosis\Screenshot-2021-11-19-020108_png.rf.b2bfa3616a13bfe6311e117026962133.jpg,c1976fc916bc4b84
train,Onychogryphosis,Screenshot-2021-11-19-020108_png.rf.dd9b0058ac27431bff50c152584b55f7.jpg,C:\Users\venka\Documents\Project\data\processed\train\Onychogryphosis\Screenshot-2021-11-19-020108_png.rf.dd9b0058ac27431bff50c152584b55f7.jpg,d08965e93eb423bc
train,Onychogryphosis,Screenshot-2021-11-19-020136_png.rf.b5698b3044537bb9e93f2331b697603d.jpg,C:\Users\venka\Documents\Project\data\processed\train\Onychogryphosis\Screenshot-2021-11-19-020136_png.rf.b5698b3044537bb9e93f2331b697603d.jpg,87609ad369974b95
train,Onychogryphosis,Screenshot-2021-11-19-020136_png.rf.dc8616b82eff0c2207371315cf095bb4.jpg,C:\Users\venka\Documents\Project\data\processed\train\Onychogryphosis\Screenshot-2021-11-19-020136_png.rf.dc8616b82eff0c2207371315cf095bb4.jpg,f13708ca3f70a56c
train,Onychogryphosis,Screenshot-2021-11-19-020240_png.rf.0f432b0bb53c3f7a4d7ffca6b821cfa0.jpg,C:\Users\venka\Documents\Project\data\processed\train\Onychogryphosis\Screenshot-2021-11-19-020240_png.rf.0f432b0bb53c3f7a4d7ffca6b821cfa0.jpg,807f473a0b2f332e
train,Onychogryphosis,Screenshot-2021-11-19-020240_png.rf.ba49d3b6f104f6c881753987e41e03e7.jpg,C:\Users\venka\Documents\Project\data\processed\train\Onychogryphosis\Screenshot-2021-11-19-020240_png.rf.ba49d3b6f104f6c881753987e41e03e7.jpg,d51d50374a2d5b36
train,Onychogryphosis,Screenshot-2021-11-19-020317_png.rf.189aa63b7ce2ecb964588369f29d5ccf.jpg,C:\Users\venka\Documents\Project\data\processed\train\Onychogryphosis\Screenshot-2021-11-19-020317_png.rf.189aa63b7ce2ecb964588369f29d5ccf.jpg,d4a122e71f9427d9
train,Onychogryphosis,Screenshot-2021-11-19-020317_png.rf.42057179f05e8fa00ac16274e9213a51.jpg,C:\Users\venka\Documents\Project\data\processed\train\Onychogryphosis\Screenshot-2021-11-19-020317_png.rf.42057179f05e8fa00ac16274e9213a51.jpg,852332e21bf133db
train,Onychogryphosis,Screenshot-2021-11-19-020327_png.rf.5d220fd76243d520da7cab3e22b58b9b.jpg,C:\Users\venka\Documents\Project\data\processed\train\Onychogryphosis\Screenshot-2021-11-19-020327_png.rf.5d220fd76243d520da7cab3e22b58b9b.jpg,801f57287cb06fcd
train,Onychogryphosis,Screenshot-2021-11-19-020327_png.rf.b28f049575f192e4bd250638b2b8f52d.jpg,C:\Users\venka\Documents\Project\data\processed\train\Onychogryphosis\Screenshot-2021-11-19-020327_png.rf.b28f049575f192e4bd250638b2b8f52d.jpg,80bf3f003f457f60
train,Onychogryphosis,Screenshot-2021-11-19-021039_png.rf.6b620d250ea66e07b0fb334db59c371a.jpg,C:\Users\venka\Documents\Project\data\processed\train\Onychogryphosis\Screenshot-2021-11-19-021039_png.rf.6b620d250ea66e07b0fb334db59c371a.jpg,c035383c6f6a6c3b
train,Onychogryphosis,Screenshot-2021-11-19-021039_png.rf.aa122a5491cefa3a3ff68f1256ffffab.jpg,C:\Users\venka\Documents\Project\data\processed\train\Onychogryphosis\Screenshot-2021-11-19-021039_png.rf.aa122a5491cefa3a3ff68f1256ffffab.jpg,f58a2ae5414b1f1b
train,Onychogryphosis,Screenshot-2021-11-19-021039_png.rf.ac39f401dd3ce195481c23343b49bbaa.jpg,C:\Users\venka\Documents\Project\data\processed\train\Onychogryphosis\Screenshot-2021-11-19-021039_png.rf.ac39f401dd3ce195481c23343b49bbaa.jpg,c625fb0b6b4a6a62
train,Onychogryphosis,Screenshot-2021-11-19-021128_png.rf.9e1aa2a3ad7acd538f29a94eab238305.jpg,C:\Users\venka\Documents\Project\data\processed\train\Onychogryphosis\Screenshot-2021-11-19-021128_png.rf.9e1aa2a3ad7acd538f29a94eab238305.jpg,c07d474e0e3c4b7a
train,Onychogryphosis,Screenshot-2021-11-19-021128_png.rf.bd98971deda1b78d8dc137795cf331ae.jpg,C:\Users\venka\Documents\Project\data\processed\train\Onychogryphosis\Screenshot-2021-11-19-021128_png.rf.bd98971deda1b78d8dc137795cf331ae.jpg,d48139f063c287f7
train,Onychogryphosis,Screenshot-2021-11-19-021246_png.rf.1892bc8d8133c742e02b3dee62f1bcef.jpg,C:\Users\venka\Documents\Project\data\processed\train\Onychogryphosis\Screenshot-2021-11-19-021246_png.rf.1892bc8d8133c742e02b3dee62f1bcef.jpg,807d3f257a226af2
train,Onychogryphosis,Screenshot-2021-11-19-021246_png.rf.67835bb4b786d3e02a6bef67b764b488.jpg,C:\Users\venka\Documents\Project\data\processed\train\Onychogryphosis\Screenshot-2021-11-19-021246_png.rf.67835bb4b786d3e02a6bef67b764b488.jpg,95aa7ad54add4246
train,Onychogryphosis,Screenshot-2021-11-19-021309_png.rf.57d45b543b4e38fb2d569e1291ab0f9d.jpg,C:\Users\venka\Documents\Project\data\processed\train\Onychogryphosis\Screenshot-2021-11-19-021309_png.rf.57d45b543b4e38fb2d569e1291ab0f9d.jpg,80687f603fc43f8b
train,Onychogryphosis,Screenshot-2021-11-19-021909_png.rf.147bc6a7bf6914faa468d2cb4bb3c481.jpg,C:\Users\venka\Documents\Project\data\processed\train\Onychogryphosis\Screenshot-2021-11-19-021909_png.rf.147bc6a7bf6914faa468d2cb4bb3c481.jpg,d06a4ab532f60bf2
train,Onychogryphosis,Screenshot-2021-11-19-021909_png.rf.a82b8b717d62d00caad8bf4d2e947204.jpg,C:\Users\venka\Documents\Project\data\processed\train\Onychogryphosis\Screenshot-2021-11-19-021909_png.rf.a82b8b717d62d00caad8bf4d2e947204.jpg,809c5f136a9d2d8f
train,Onychogryphosis,Screenshot-2021-11-19-021929_png.rf.69ba6bae819acbe7c726f5e8a194c906.jpg,C:\Users\venka\Documents\Project\data\processed\train\Onychogryphosis\Screenshot-2021-11-19-021929_png.rf.69ba6bae819acbe7c726f5e8a194c906.jpg,89bf4684398f3569
train,Onychogryphosis,Screenshot-2021-11-19-021929_png.rf.81bf980ce6ddcdbf3a698a740d73d02e.jpg,C:\Users\venka\Documents\Project\data\processed\train\Onychogryphosis\Screenshot-2021-11-19-021929_png.rf.81bf980ce6ddcdbf3a698a740d73d02e.jpg,f9b7268c290b2a73
train,Onychogryphosis,Screenshot-2021-11-19-021929_png.rf.ac072b3988e1814f346746046b2ef661.jpg,C:\Users\venka\Documents\Project\data\processed\train\Onychogryphosis\Screenshot-2021-11-19-021929_png.rf.ac072b3988e1814f346746046b2ef661.jpg,c4cd7719186e364b
train,Onychogryphosis,Screenshot-2021-11-19-021939_png.rf.7c2b591e181d9dfe73c671c01ee5ad0e.jpg,C:\Users\venka\Documents\Project\data\processed\train\Onychogryphosis\Screenshot-2021-11-19-021939_png.rf.7c2b591e181d9dfe73c671c01ee5ad0e.jpg,80403bdc67b3399f
train,Onychogryphosis,Screenshot-2021-11-19-021939_png.rf.a831202aa97a86131fc98799aa141d5d.jpg,C:\Users\venka\Documents\Project\data\processed\train\Onychogryphosis\Screenshot-2021-11-19-021939_png.rf.a831202aa97a86131fc98799aa141d5d.jpg,f04207f968277a3d
train,Onychogryphosis,Screenshot-2021-11-19-022203_png.rf.1b8082b71feac28e318501526cf62f9a.jpg,C:\Users\venka\Documents\Project\data\processed\train\Onychogryphosis\Screenshot-2021-11-19-022203_png.rf.1b8082b71feac28e318501526cf62f9a.jpg,d5c8005fce3d4e71
train,Onychogryphosis,Screenshot-2021-11-19-022203_png.rf.bb73d56bbd576cb2311c444386d35d3c.jpg,C:\Users\venka\Documents\Project\data\processed\train\Onychogryphosis\Screenshot-2021-11-19-022203_png.rf.bb73d56bbd576cb2311c444386d35d3c.jpg,953f60d667c2468d
train,Onychogryphosis,Screenshot-2021-11-19-022203_png.rf.e6b735614907b64e109a1978ce2c9fd6.jpg,C:\Users\venka\Documents\Project\data\processed\train\Onychogryphosis\Screenshot-2021-11-19-022203_png.rf.e6b735614907b64e109a1978ce2c9fd6.jpg,80640fc31fdd5e6c
train,Onychogryphosis,Screenshot-2021-11-19-022213_png.rf.bc2bf9f7fa0b5916dab18e6f9ebf6de1.jpg,C:\Users\venka\Documents\Project\data\processed\train\Onychogryphosis\Screenshot-2021-11-19-022213_png.rf.bc2bf9f7fa0b5916dab18e6f9ebf6de1.jpg,d57f3a3272270703
train,Onychogryphosis,Screenshot-2021-11-19-022213_png.rf.ea6ded7fd82576b213f90578712058b7.jpg,C:\Users\venka\Documents\Project\data\processed\train\Onychogryphosis\Screenshot-2021-11-19-022213_png.rf.ea6ded7fd82576b213f90578712058b7.jpg,90692b745666367b
train,Onychogryphosis,Screenshot-2021-11-19-022255_png.rf.f85bb5cffac52ca9691871d12e0dd381.jpg,C:\Users\venka\Documents\Project\data\processed\train\Onychogryphosis\Screenshot-2021-11-19-022255_png.rf.f85bb5cffac52ca9691871d12e0dd381.jpg,d01c39e8c33a65ee
train,Onychogryphosis,Screenshot-2021-11-19-022422_png.rf.65cfc641d6ea2d93dbce81f6c0ddf155.jpg,C:\Users\venka\Documents\Project\data\processed\train\Onychogryphosis\Screenshot-2021-11-19-022422_png.rf.65cfc641d6ea2d93dbce81f6c0ddf155.jpg,d52a0d325b68736d
train,Onychogryphosis,Screenshot-2021-11-19-022422_png.rf.aca0b87f4823de565889b5796fe52f32.jpg,C:\Users\venka\Documents\Project\data\processed\train\Onychogryphosis\Screenshot-2021-11-19-022422_png.rf.aca0b87f4823de565889b5796fe52f32.jpg,805078c867637f7d
train,Onychogryphosis,Screenshot-2021-11-19-022652_png.rf.178b2488d6524ac5997ad61687fdaad1.jpg,C:\Users\venka\Documents\Project\data\processed\train\Onychogryphosis\Screenshot-2021-11-19-022652_png.rf.178b2488d6524ac5997ad61687fdaad1.jpg,c5a012350fd76bce
train,Onychogryphosis,Screenshot-2021-11-19-022652_png.rf.19acf9c117a4221b251a2b50a0964e63.jpg,C:\Users\venka\Documents\Project\data\processed\train\Onychogryphosis\Screenshot-2021-11-19-022652_png.rf.19acf9c117a4221b251a2b50a0964e63.jpg,c52b127450df6e5a
train,Onychogryphosis,Screenshot-2021-11-19-022652_png.rf.ae7fd1df38b22994d765ffefea282f21.jpg,C:\Users\venka\Documents\Project\data\processed\train\Onychogryphosis\Screenshot-2021-11-19-022652_png.rf.ae7fd1df38b22994d765ffefea282f21.jpg,9595609d4a853fc7
train,Onychogryphosis,Screenshot-2021-11-19-022714_png.rf.5171b87646134baa4305de15e36cbd2e.jpg,C:\Users\venka\Documents\Project\data\processed\train\Onychogryphosis\Screenshot-2021-11-19-022714_png.rf.5171b87646134baa4305de15e36cbd2e.jpg,837c7531925a4e6b
train,Onychogryphosis,Screenshot-2021-11-19-022714_png.rf.863d81c13466054fb35874c8665f7b31.jpg,C:\Users\venka\Documents\Project\data\processed\train\Onychogryphosis\Screenshot-2021-11-19-022714_png.rf.863d81c13466054fb35874c8665f7b31.jpg,80ae63f81fe16ee0
train,Onychogryphosis,Screenshot-2021-11-19-022714_png.rf.8f08037a88258230cbfed0ad25bd51ae.jpg,C:\Users\venka\Documents\Project\data\processed\train\Onychogryphosis\Screenshot-2021-11-19-022714_png.rf.8f08037a88258230cbfed0ad25bd51ae.jpg,807f3768b5391e83
train,Onychogryphosis,Screenshot-2021-11-19-022953_png.rf.5d2e5bc442b970d853c3f8b8327744e3.jpg,C:\Users\venka\Documents\Project\data\processed\train\Onychogryphosis\Screenshot-2021-11-19-022953_png.rf.5d2e5bc442b970d853c3f8b8327744e3.jpg,90de4b892c3d1f2e
train,Onychogryphosis,Screenshot-2021-11-19-022953_png.rf.7aba52f63f19fd32f5edd5d4c809eb29.jpg,C:\Users\venka\Documents\Project\data\processed\train\Onychogryphosis\Screenshot-2021-11-19-022953_png.rf.7aba52f63f19fd32f5edd5d4c809eb29.jpg,ed3eddd0603c6232
train,Onychogryphosis,Screenshot-2021-11-19-022953_png.rf.b6dd9f6729fc51975af8121411d4b295.jpg,C:\Users\venka\Documents\Project\data\processed\train\Onychogryphosis\Screenshot-2021-11-19-022953_png.rf.b6dd9f6729fc51975af8121411d4b295.jpg,d5897f9132943e85
train,Onychogryphosis,Screenshot-2021-11-19-023001_png.rf.cd181baa0f3908148bb99f04bd423014.jpg,C:\Users\venka\Documents\Project\data\processed\train\Onychogryphosis\Screenshot-2021-11-19-023001_png.rf.cd181baa0f3908148bb99f04bd423014.jpg,d5ec98326213de1d
train,Onychogryphosis,Screenshot-2021-11-19-023001_png.rf.ea6e21ca91e5c2969819afa310ced247.jpg,C:\Users\venka\Documents\Project\data\processed\train\Onychogryphosis\Screenshot-2021-11-19-023001_png.rf.ea6e21ca91e5c2969819afa310ced247.jpg,d5279e35639c070e
train,Onychogryphosis,Screenshot-2021-11-19-023011_png.rf.568d8bc317bce9852d1f07243cacd936.jpg,C:\Users\venka\Documents\Project\data\processed\train\Onychogryphosis\Screenshot-2021-11-19-023011_png.rf.568d8bc317bce9852d1f07243cacd936.jpg,8572b1c9da869fc8
train,Onychogryphosis,Screenshot-2021-11-19-023136_png.rf.1104c1f7c8a93ba55a03a1c5fde03619.jpg,C:\Users\venka\Documents\Project\data\processed\train\Onychogryphosis\Screenshot-2021-11-19-023136_png.rf.1104c1f7c8a93ba55a03a1c5fde03619.jpg,c4c0294dd9b73b33
train,Onychogryphosis,Screenshot-2021-11-19-023136_png.rf.fda171bb13ba4c2c71ed712bf498a19c.jpg,C:\Users\venka\Documents\Project\data\processed\train\Onychogryphosis\Screenshot-2021-11-19-023136_png.rf.fda171bb13ba4c2c71ed712bf498a19c.jpg,804ca63b936bb5d9
train,Onychogryphosis,Screenshot-2021-11-19-023312_png.rf.248a470a45078a77ba27501d5cd1e63c.jpg,C:\Users\venka\Documents\Project\data\processed\train\Onychogryphosis\Screenshot-2021-11-19-023312_png.rf.248a470a45078a77ba27501d5cd1e63c.jpg,c41e3b63616c39d9
train,Onychogryphosis,Screenshot-2021-11-19-023312_png.rf.afac5763fe33b6e8d2ad473b068e81b8.jpg,C:\Users\venka\Documents\Project\data\processed\train\Onychogryphosis\Screenshot-2021-11-19-023312_png.rf.afac5763fe33b6e8d2ad473b068e81b8.jpg,c06b3c2f360ec9d9
train,Onychogryphosis,Screenshot-2021-11-19-023312_png.rf.cb72ff4c73b120d6cbb8b426d0018f6d.jpg,C:\Users\venka\Documents\Project\data\processed\train\Onychogryphosis\Screenshot-2021-11-19-023312_png.rf.cb72ff4c73b120d6cbb8b426d0018f6d.jpg,d0683c8e37db3709
train,Onychogryphosis,Screenshot-2021-11-19-023518_png.rf.16dc36b672aba748b8aa475aca4ad113.jpg,C:\Users\venka\Documents\Project\data\processed\train\Onychogryphosis\Screenshot-2021-11-19-023518_png.rf.16dc36b672aba748b8aa475aca4ad113.jpg,d5952af5311b1c33
train,Onychogryphosis,Screenshot-2021-11-19-023518_png.rf.dfc829ea02aaf79444b75c9fbe14b93d.jpg,C:\Users\venka\Documents\Project\data\processed\train\Onychogryphosis\Screenshot-2021-11-19-023518_png.rf.dfc829ea02aaf79444b75c9fbe14b93d.jpg,d58e2a7533584763
train,Onychogryphosis,Screenshot-2021-11-19-023646_png.rf.4c789c3dddcfbcaac0dd081746c1d75e.jpg,C:\Users\venka\Documents\Project\data\processed\train\Onychogryphosis\Screenshot-2021-11-19-023646_png.rf.4c789c3dddcfbcaac0dd081746c1d75e.jpg,c5c52bda8d692d15
train,Onychogryphosis,Screenshot-2021-11-19-023646_png.rf.4e9825db78e3199a7ecc6246479d8ed4.jpg,C:\Users\venka\Documents\Project\data\processed\train\Onychogryphosis\Screenshot-2021-11-19-023646_png.rf.4e9825db78e3199a7ecc6246479d8ed4.jpg,c502663d3ee93a47
train,Onychogryphosis,Screenshot-2021-11-19-024347_png.rf.b3fc9065471d487d6be4c2b1e59f2773.jpg,C:\Users\venka\Documents\Project\data\processed\train\Onychogryphosis\Screenshot-2021-11-19-024347_png.rf.b3fc9065471d487d6be4c2b1e59f2773.jpg,85744f3b0d681e4f
train,Onychogryphosis,Screenshot-2021-11-19-025136_png.rf.c5b2b5af26000f004b59ff1b6e3939e6.jpg,C:\Users\venka\Documents\Project\data\processed\train\Onychogryphosis\Screenshot-2021-11-19-025136_png.rf.c5b2b5af26000f004b59ff1b6e3939e6.jpg,85286e474e567e6a
train,Onychogryphosis,Screenshot-2021-11-19-025145_png.rf.2a760fbf90d8b1028925db150bc3794d.jpg,C:\Users\venka\Documents\Project\data\processed\train\Onychogryphosis\Screenshot-2021-11-19-025145_png.rf.2a760fbf90d8b1028925db150bc3794d.jpg,80ff361a79296e25
train,Onychogryphosis,Screenshot-2021-11-19-025145_png.rf.2d6abd0798d151b72e8f06096d2540f6.jpg,C:\Users\venka\Documents\Project\data\processed\train\Onychogryphosis\Screenshot-2021-11-19-025145_png.rf.2d6abd0798d151b72e8f06096d2540f6.jpg,80404f653fee3b8b
train,Onychogryphosis,Screenshot-2021-11-19-025145_png.rf.d0cec93004e39fd8c449cd1205ee44ac.jpg,C:\Users\venka\Documents\Project\data\processed\train\Onychogryphosis\Screenshot-2021-11-19-025145_png.rf.d0cec93004e39fd8c449cd1205ee44ac.jpg,c078176d3be239c5
train,Onychogryphosis,Screenshot-2021-11-19-025158_png.rf.000510afeed7e6598acc842c422646ce.jpg,C:\Users\venka\Documents\Project\data\processed\train\Onychogryphosis\Screenshot-2021-11-19-025158_png.rf.000510afeed7e6598acc842c422646ce.jpg,84873cb45ef3398c
train,Onychogryphosis,Screenshot-2021-11-19-025158_png.rf.2e934e7c63a72690017b34d4bd7fa28b.jpg,C:\Users\venka\Documents\Project\data\processed\train\Onychogryphosis\Screenshot-2021-11-19-025158_png.rf.2e934e7c63a72690017b34d4bd7fa28b.jpg,85d73a1e49684e67
train,Onychogryphosis,Screenshot-2021-11-19-025249_png.rf.87de07419d542ab890a31309bce44b3a.jpg,C:\Users\venka\Documents\Project\data\processed\train\Onychogryphosis\Screenshot-2021-11-19-025249_png.rf.87de07419d542ab890a31309bce44b3a.jpg,84812db6e43d97b6
train,Onychogryphosis,Screenshot-2021-11-19-025249_png.rf.c304b7bc7132842a1a3983ccd438e3ed.jpg,C:\Users\venka\Documents\Project\data\processed\train\Onychogryphosis\Screenshot-2021-11-19-025249_png.rf.c304b7bc7132842a1a3983ccd438e3ed.jpg,d02f0ddc92db474a
train,Onychogryphosis,Screenshot-2021-11-19-025249_png.rf.c431511f9a6eef422387a195fc07f885.jpg,C:\Users\venka\Documents\Project\data\processed\train\Onychogryphosis\Screenshot-2021-11-19-025249_png.rf.c431511f9a6eef422387a195fc07f885.jpg,d21f20d82f0d3b9b
train,Onychogryphosis,Screenshot-2021-11-19-025416_png.rf.4f5658c35c9ce915492b1e397881711f.jpg,C:\Users\venka\Documents\Project\data\processed\train\Onychogryphosis\Screenshot-2021-11-19-025416_png.rf.4f5658c35c9ce915492b1e397881711f.jpg,c0482d363b6d371f
train,Onychogryphosis,Screenshot-2021-11-19-025416_png.rf.b5293548f66bc4832e9531ab4a6d9ee9.jpg,C:\Users\venka\Documents\Project\data\processed\train\Onychogryphosis\Screenshot-2021-11-19-025416_png.rf.b5293548f66bc4832e9531ab4a6d9ee9.jpg,c4c13b6e563e3247
train,Onychogryphosis,Screenshot-2021-11-19-025416_png.rf.d60498f78e99b848d6e5e026746b601e.jpg,C:\Users\venka\Documents\Project\data\processed\train\Onychogryphosis\Screenshot-2021-11-19-025416_png.rf.d60498f78e99b848d6e5e026746b601e.jpg,c56a5a7431632f87
train,Onychogryphosis,Screenshot-2021-11-19-025646_png.rf.90c965be8972e08f2d492557ed254c26.jpg,C:\Users\venka\Documents\Project\data\processed\train\Onychogryphosis\Screenshot-2021-11-19-025646_png.rf.90c965be8972e08f2d492557ed254c26.jpg,806a7f955ac26a6d
train,Onychogryphosis,Screenshot-2021-11-19-030345_png.rf.43f54fef520e646a7d7a7cd6957418d7.jpg,C:\Users\venka\Documents\Project\data\processed\train\Onychogryphosis\Screenshot-2021-11-19-030345_png.rf.43f54fef520e646a7d7a7cd6957418d7.jpg,d1485067697d373c
train,Onychogryphosis,Screenshot-2021-11-19-030345_png.rf.d57769925233cbc2868b00ac6fac6a61.jpg,C:\Users\venka\Documents\Project\data\processed\train\Onychogryphosis\Screenshot-2021-11-19-030345_png.rf.d57769925233cbc2868b00ac6fac6a61.jpg,dd05c378ce655c32
train,Onychogryphosis,Screenshot-2021-11-19-030651_png.rf.3d739242387a406018d287088ba99ce4.jpg,C:\Users\venka\Documents\Project\data\processed\train\Onychogryphosis\Screenshot-2021-11-19-030651_png.rf.3d739242387a406018d287088ba99ce4.jpg,d50822f74bf169e4
train,Onychogryphosis,Screenshot-2021-11-19-030651_png.rf.a2d9ba82b9032fbc852cecd0897e1e56.jpg,C:\Users\venka\Documents\Project\data\processed\train\Onychogryphosis\Screenshot-2021-11-19-030651_png.rf.a2d9ba82b9032fbc852cecd0897e1e56.jpg,d46a276e1c72785a
train,Onychogryphosis,Screenshot-2021-11-19-030818_png.rf.08ae38dce4ce8798e0879d9b6eac8471.jpg,C:\Users\venka\Documents\Project\data\processed\train\Onychogryphosis\Screenshot-2021-11-19-030818_png.rf.08ae38dce4ce8798e0879d9b6eac8471.jpg,d46143cfbd664893
train,Onychogryphosis,Screenshot-2021-11-19-030818_png.rf.b7a0e8e527782f41364a46796da8e061.jpg,C:\Users\venka\Documents\Project\data\processed\train\Onychogryphosis\Screenshot-2021-11-19-030818_png.rf.b7a0e8e527782f41364a46796da8e061.jpg,c0d0327b6bc56c1f
train,Onychogryphosis,Screenshot-2021-11-19-030818_png.rf.d163321922d84dce73bddaa75eb93509.jpg,C:\Users\venka\Documents\Project\data\processed\train\Onychogryphosis\Screenshot-2021-11-19-030818_png.rf.d163321922d84dce73bddaa75eb93509.jpg,9a57677899682c87
train,Onychogryphosis,Screenshot-2021-11-19-031124_png.rf.2dd733528eb30c664ca4c1a9130747a9.jpg,C:\Users\venka\Documents\Project\data\processed\train\Onychogryphosis\Screenshot-2021-11-19-031124_png.rf.2dd733528eb30c664ca4c1a9130747a9.jpg,d18072c74cda32df
train,Onychogryphosis,Screenshot-2021-11-19-031124_png.rf.c8803fcf78ca79535d6be4c5641a34f7.jpg,C:\Users\venka\Documents\Project\data\processed\train\Onychogryphosis\Screenshot-2021-11-19-031124_png.rf.c8803fcf78ca79535d6be4c5641a34f7.jpg,d0807f59685f287e
train,Onychogryphosis,Screenshot-2021-11-19-031133_png.rf.742c8812c7ebd56ea076b9bc24e59d97.jpg,C:\Users\venka\Documents\Project\data\processed\train\Onychogryphosis\Screenshot-2021-11-19-031133_png.rf.742c8812c7ebd56ea076b9bc24e59d97.jpg,c5857ae60dda1ec8
train,Onychogryphosis,Screenshot-2021-11-19-031133_png.rf.ecdca3173cb48ed3b4efd4a9b1f1fa1f.jpg,C:\Users\venka\Documents\Project\data\processed\train\Onychogryphosis\Screenshot-2021-11-19-031133_png.rf.ecdca3173cb48ed3b4efd4a9b1f1fa1f.jpg,810b6ec46bb13b97
train,Onychogryphosis,Screenshot-2021-11-21-162607_png.rf.e6221a4ce9544e36cbaa230991626e3b.jpg,C:\Users\venka\Documents\Project\data\processed\train\Onychogryphosis\Screenshot-2021-11-21-162607_png.rf.e6221a4ce9544e36cbaa230991626e3b.jpg,d5256e9436d2316e
train,Onychogryphosis,Screenshot-2021-11-21-162607_png.rf.f1a1caf7bec3b6255065a57c55176adf.jpg,C:\Users\venka\Documents\Project\data\processed\train\Onychogryphosis\Screenshot-2021-11-21-162607_png.rf.f1a1caf7bec3b6255065a57c55176adf.jpg,c0832bd22fd72bd4
train,Onychogryphosis,Screenshot-2021-11-21-163024_png.rf.2f60d8189c9026c5bb5b8891c561bb08.jpg,C:\Users\venka\Documents\Project\data\processed\train\Onychogryphosis\Screenshot-2021-11-21-163024_png.rf.2f60d8189c9026c5bb5b8891c561bb08.jpg,c0cb21e03ff075d5
train,Onychogryphosis,Screenshot-2021-11-21-163024_png.rf.d44c939eb484653d073ffeacafe4db66.jpg,C:\Users\venka\Documents\Project\data\processed\train\Onychogryphosis\Screenshot-2021-11-21-163024_png.rf.d44c939eb484653d073ffeacafe4db66.jpg,c0543b452b6f2f6a
train,Onychogryphosis,Screenshot-2021-11-21-163157_png.rf.85702f5c45434f3077616e1514a0fde3.jpg,C:\Users\venka\Documents\Project\data\processed\train\Onychogryphosis\Screenshot-2021-11-21-163157_png.rf.85702f5c45434f3077616e1514a0fde3.jpg,905d43b24fcc5bb1
train,Onychogryphosis,Screenshot-2021-11-21-163157_png.rf.a702c7b7ffb3f01b5336a8d1f1e52a64.jpg,C:\Users\venka\Documents\Project\data\processed\train\Onychogryphosis\Screenshot-2021-11-21-163157_png.rf.a702c7b7ffb3f01b5336a8d1f1e52a64.jpg,906855f36e999b91
train,Onychogryphosis,Screenshot-2021-11-21-163157_png.rf.c3af284736f856645b6b7478a7e06795.jpg,C:\Users\venka\Documents\Project\data\processed\train\Onychogryphosis\Screenshot-2021-11-21-163157_png.rf.c3af284736f856645b6b7478a7e06795.jpg,c58502cd3dd32f9a
train,Onychogryphosis,Screenshot-2021-11-21-163641_png.rf.ce2acf7df88cc8f12bf7ac914710c676.jpg,C:\Users\venka\Documents\Project\data\processed\train\Onychogryphosis\Screenshot-2021-11-21-163641_png.rf.ce2acf7df88cc8f12bf7ac914710c676.jpg,90176f386d3a4bb4
train,Onychogryphosis,Screenshot-2021-11-21-163753_png.rf.87a19b9b51490cc81f1efc607d6523a8.jpg,C:\Users\venka\Documents\Project\data\processed\train\Onychogryphosis\Screenshot-2021-11-21-163753_png.rf.87a19b9b51490cc81f1efc607d6523a8.jpg,c10d5e3413f84efa
train,Onychogryphosis,Screenshot-2021-11-21-163753_png.rf.a112bf5a5b91a6b10dbd24288f05ce8b.jpg,C:\Users\venka\Documents\Project\data\processed\train\Onychogryphosis\Screenshot-2021-11-21-163753_png.rf.a112bf5a5b91a6b10dbd24288f05ce8b.jpg,87c734ca374a5d4a
train,Onychogryphosis,Screenshot-2021-11-21-163806_png.rf.57780a73feb5290cfe22fd482c3d19dc.jpg,C:\Users\venka\Documents\Project\data\processed\train\Onychogryphosis\Screenshot-2021-11-21-163806_png.rf.57780a73feb5290cfe22fd482c3d19dc.jpg,91884ee518f7cfd0
train,Onychogryphosis,Screenshot-2021-11-21-163806_png.rf.5aa024bad2931ae8a695427d71602f57.jpg,C:\Users\venka\Documents\Project\data\processed\train\Onychogryphosis\Screenshot-2021-11-21-163806_png.rf.5aa024bad2931ae8a695427d71602f57.jpg,c5225a4d49f6496f
train,Onychogryphosis,Screenshot-2021-11-21-163806_png.rf.d9bc99bdd30c1947492bf2012b93b46e.jpg,C:\Users\venka\Documents\Project\data\processed\train\Onychogryphosis\Screenshot-2021-11-21-163806_png.rf.d9bc99bdd30c1947492bf2012b93b46e.jpg,80b853b52d972c9f
train,Onychogryphosis,Screenshot-2021-11-21-164053_png.rf.907ca5efe3fd6dc0174975c7438f2b90.jpg,C:\Users\venka\Documents\Project\data\processed\train\Onychogryphosis\Screenshot-2021-11-21-164053_png.rf.907ca5efe3fd6dc0174975c7438f2b90.jpg,d47f68704387389e
train,Onychogryphosis,Screenshot-2021-11-21-164053_png.rf.af6fc371c3cfda5c37e51707234c159c.jpg,C:\Users\venka\Documents\Project\data\processed\train\Onychogryphosis\Screenshot-2021-11-21-164053_png.rf.af6fc371c3cfda5c37e51707234c159c.jpg,8454397932e2ed67
train,Onychogryphosis,Screenshot-2021-11-21-164053_png.rf.bd948dc5c5d7afd2879b64f2000f9a9a.jpg,C:\Users\venka\Documents\Project\data\processed\train\Onychogryphosis\Screenshot-2021-11-21-164053_png.rf.bd948dc5c5d7afd2879b64f2000f9a9a.jpg,851ebde83c6a9263
train,Onychogryphosis,Screenshot-2021-11-21-165411_png.rf.d6d94fe2d0f46ca0a780b21a2f468681.jpg,C:\Users\venka\Documents\Project\data\processed\train\Onychogryphosis\Screenshot-2021-11-21-165411_png.rf.d6d94fe2d0f46ca0a780b21a2f468681.jpg,856a75ca703d3636
train,Onychogryphosis,Screenshot-2021-11-21-165411_png.rf.e1b85cfa69597e38a559c90a7b627efa.jpg,C:\Users\venka\Documents\Project\data\processed\train\Onychogryphosis\Screenshot-2021-11-21-165411_png.rf.e1b85cfa69597e38a559c90a7b627efa.jpg,c52d7a7015f606f1
train,Onychogryphosis,Screenshot-2021-11-21-165448_png.rf.395c49a352f2208155044291b688b892.jpg,C:\Users\venka\Documents\Project\data\processed\train\Onychogryphosis\Screenshot-2021-11-21-165448_png.rf.395c49a352f2208155044291b688b892.jpg,91c163784e6e6e6c
train,Onychogryphosis,Screenshot-2021-11-21-165448_png.rf.94633318d1109621e9563fa1509329fa.jpg,C:\Users\venka\Documents\Project\data\processed\train\Onychogryphosis\Screenshot-2021-11-21-165448_png.rf.94633318d1109621e9563fa1509329fa.jpg,c0b5278d1c3d787a
train,Onychogryphosis,Screenshot-2021-11-21-165820_png.rf.4a3f5a958c6c1b573e1e27bcaba821c7.jpg,C:\Users\venka\Documents\Project\data\processed\train\Onychogryphosis\Screenshot-2021-11-21-165820_png.rf.4a3f5a958c6c1b573e1e27bcaba821c7.jpg,c59f3a9732708f60
train,Onychogryphosis,Screenshot-2021-11-21-165820_png.rf.829b1c698420fc90d8fcb5b74f9723f2.jpg,C:\Users\venka\Documents\Project\data\processed\train\Onychogryphosis\Screenshot-2021-11-21-165820_png.rf.829b1c698420fc90d8fcb5b74f9723f2.jpg,80406fa03fbfdc17
train,Onychogryphosis,Screenshot-2021-11-21-170250_png.rf.4b7a00abf8c9abb46075a594dd6973b1.jpg,C:\Users\venka\Documents\Project\data\processed\train\Onychogryphosis\Screenshot-2021-11-21-170250_png.rf.4b7a00abf8c9abb46075a594dd6973b1.jpg,f1880ee84ee53ce5
train,Onychogryphosis,Screenshot-2021-11-21-170250_png.rf.59f3c6f2cd0a821a06f7a8c92cfad6bb.jpg,C:\Users\venka\Documents\Project\data\processed\train\Onychogryphosis\Screenshot-2021-11-21-170250_png.rf.59f3c6f2cd0a821a06f7a8c92cfad6bb.jpg,807f70f471f1e621
train,Onychogryphosis,Screenshot-2021-11-21-170250_png.rf.9d71cae88487ac21dc53b7ba7437d680.jpg,C:\Users\venka\Documents\Project\data\processed\train\Onychogryphosis\Screenshot-2021-11-21-170250_png.rf.9d71cae88487ac21dc53b7ba7437d680.jpg,963f64b565816b92
train,Onychogryphosis,Screenshot-2021-11-21-170429_png.rf.df0014b044364fa199d751a691f865e2.jpg,C:\Users\venka\Documents\Project\data\processed\train\Onychogryphosis\Screenshot-2021-11-21-170429_png.rf.df0014b044364fa199d751a691f865e2.jpg,d4f117874a8d2b17
train,Onychogryphosis,Screenshot-2021-11-21-172912_png.rf.3492150b91d7a8da31b604fe6ebfc8ae.jpg,C:\Users\venka\Documents\Project\data\processed\train\Onychogryphosis\Screenshot-2021-11-21-172912_png.rf.3492150b91d7a8da31b604fe6ebfc8ae.jpg,e0738fe11cc639cc
train,Onychogryphosis,Screenshot-2021-11-21-172912_png.rf.af63b7d1afef994342d44e3cf4b47437.jpg,C:\Users\venka\Documents\Project\data\processed\train\Onychogryphosis\Screenshot-2021-11-21-172912_png.rf.af63b7d1afef994342d44e3cf4b47437.jpg,f52880ed4bd1487f
train,Onychogryphosis,Screenshot-2021-11-21-172912_png.rf.f434071bd37847573decee64175da8ce.jpg,C:\Users\venka\Documents\Project\data\processed\train\Onychogryphosis\Screenshot-2021-11-21-172912_png.rf.f434071bd37847573decee64175da8ce.jpg,b45f11680b6a796e
train,Onychogryphosis,Screenshot-2021-11-21-173027_png.rf.b3c3171af48932e676f51777ceda8cfb.jpg,C:\Users\venka\Documents\Project\data\processed\train\Onychogryphosis\Screenshot-2021-11-21-173027_png.rf.b3c3171af48932e676f51777ceda8cfb.jpg,e0df95601b3b1a2e
train,Onychogryphosis,Screenshot-2021-11-21-173159_png.rf.c4e805d6b62684b3db952b4292fa4435.jpg,C:\Users\venka\Documents\Project\data\processed\train\Onychogryphosis\Screenshot-2021-11-21-173159_png.rf.c4e805d6b62684b3db952b4292fa4435.jpg,e56b125c67b52c83
train,Onychogryphosis,Screenshot-2021-11-21-173159_png.rf.c7b8428961d4ae77b115de23ec00dbdc.jpg,C:\Users\venka\Documents\Project\data\processed\train\Onychogryphosis\Screenshot-2021-11-21-173159_png.rf.c7b8428961d4ae77b115de23ec00dbdc.jpg,a5ea48d53e65c706
train,Onychogryphosis,Screenshot-2021-11-21-173159_png.rf.ca244190a65933db9c828063a6b75cb9.jpg,C:\Users\venka\Documents\Project\data\processed\train\Onychogryphosis\Screenshot-2021-11-21-173159_png.rf.ca244190a65933db9c828063a6b75cb9.jpg,fdee40c10a37271b
train,Onychogryphosis,Screenshot-2021-11-21-174132_png.rf.1d3637f39370b61650ff3cd30c7d963d.jpg,C:\Users\venka\Documents\Project\data\processed\train\Onychogryphosis\Screenshot-2021-11-21-174132_png.rf.1d3637f39370b61650ff3cd30c7d963d.jpg,b0b50f83629a2c7f
train,Onychogryphosis,Screenshot-2021-11-21-174327_png.rf.5746a0c7cdc71c646f0735abf5fe21ed.jpg,C:\Users\venka\Documents\Project\data\processed\train\Onychogryphosis\Screenshot-2021-11-21-174327_png.rf.5746a0c7cdc71c646f0735abf5fe21ed.jpg,d5a422c27f03da3e
train,Onychogryphosis,Screenshot-2021-11-21-174327_png.rf.772a6b3698149ff40f14779082f3a1ca.jpg,C:\Users\venka\Documents\Project\data\processed\train\Onychogryphosis\Screenshot-2021-11-21-174327_png.rf.772a6b3698149ff40f14779082f3a1ca.jpg,c57d1b02281e6f3b
train,Onychogryphosis,Screenshot-2021-11-21-174327_png.rf.7bb6794c5e671ac1ed52e89767fdd53d.jpg,C:\Users\venka\Documents\Project\data\processed\train\Onychogryphosis\Screenshot-2021-11-21-174327_png.rf.7bb6794c5e671ac1ed52e89767fdd53d.jpg,9517142b7a276b2e
train,Onychogryphosis,Screenshot-2021-11-21-174400_png.rf.3695e5a672f941460157c27ee64861ca.jpg,C:\Users\venka\Documents\Project\data\processed\train\Onychogryphosis\Screenshot-2021-11-21-174400_png.rf.3695e5a672f941460157c27ee64861ca.jpg,817c57271f9c468d
train,Onychogryphosis,Screenshot-2021-11-21-174400_png.rf.6e92d1a9b6b223099178cd7a3e485eae.jpg,C:\Users\venka\Documents\Project\data\processed\train\Onychogryphosis\Screenshot-2021-11-21-174400_png.rf.6e92d1a9b6b223099178cd7a3e485eae.jpg,d56966620f0f7b48
train,Onychogryphosis,Screenshot-2021-11-21-174400_png.rf.be3e05048537a4a13e0d276e76b8340b.jpg,C:\Users\venka\Documents\Project\data\processed\train\Onychogryphosis\Screenshot-2021-11-21-174400_png.rf.be3e05048537a4a13e0d276e76b8340b.jpg,c02b735e4b693c4e
train,Onychogryphosis,Screenshot-2021-11-21-174416_png.rf.10d9aff4ade2de16ca1bf2c6719565c4.jpg,C:\Users\venka\Documents\Project\data\processed\train\Onychogryphosis\Screenshot-2021-11-21-174416_png.rf.10d9aff4ade2de16ca1bf2c6719565c4.jpg,81d46e9c3a3ed2a3
train,Onychogryphosis,Screenshot-2021-11-21-174416_png.rf.54d0e4d3aaabe27de395038ec9b78851.jpg,C:\Users\venka\Documents\Project\data\processed\train\Onychogryphosis\Screenshot-2021-11-21-174416_png.rf.54d0e4d3aaabe27de395038ec9b78851.jpg,d00f2b723ecd2d0d
train,Onychogryphosis,Screenshot-2021-11-21-174430_png.rf.5a84db0935792b866d09e97aea018d5c.jpg,C:\Users\venka\Documents\Project\data\processed\train\Onychogryphosis\Screenshot-2021-11-21-174430_png.rf.5a84db0935792b866d09e97aea018d5c.jpg,e50d5609da257a97
train,Onychogryphosis,Screenshot-2021-11-21-174430_png.rf.c0e564513140edd40056670fb5053017.jpg,C:\Users\venka\Documents\Project\data\processed\train\Onychogryphosis\Screenshot-2021-11-21-174430_png.rf.c0e564513140edd40056670fb5053017.jpg,e4ef1b415555561a
train,Onychogryphosis,Screenshot-2021-11-21-174511_png.rf.2d1ff8b70feea25fd469aaa0e9c2b93c.jpg,C:\Users\venka\Documents\Project\data\processed\train\Onychogryphosis\Screenshot-2021-11-21-174511_png.rf.2d1ff8b70feea25fd469aaa0e9c2b93c.jpg,a45359ce736c622b
train,Onychogryphosis,Screenshot-2021-11-21-174511_png.rf.3661370ad66ebf6d8f1fa19b5ac4ec6c.jpg,C:\Users\venka\Documents\Project\data\processed\train\Onychogryphosis\Screenshot-2021-11-21-174511_png.rf.3661370ad66ebf6d8f1fa19b5ac4ec6c.jpg,952e527379594c6c
train,Onychogryphosis,Screenshot-2021-11-21-175728_png.rf.a77f1726dfd13c33ce13a83426300d2c.jpg,C:\Users\venka\Documents\Project\data\processed\train\Onychogryphosis\Screenshot-2021-11-21-175728_png.rf.a77f1726dfd13c33ce13a83426300d2c.jpg,d5bd4142cf6f090b
train,Onychogryphosis,Screenshot-2021-11-21-175728_png.rf.be8b3837207342fdeb4a8130fd3a107c.jpg,C:\Users\venka\Documents\Project\data\processed\train\Onychogryphosis\Screenshot-2021-11-21-175728_png.rf.be8b3837207342fdeb4a8130fd3a107c.jpg,d5ca6c25607e6969
train,Onychogryphosis,Screenshot-2021-11-21-175909_png.rf.4e11fb4e534c813aeaf839396e437dd5.jpg,C:\Users\venka\Documents\Project\data\processed\train\Onychogryphosis\Screenshot-2021-11-21-175909_png.rf.4e11fb4e534c813aeaf839396e437dd5.jpg,dd832a7c0776017d
train,Onychogryphosis,Screenshot-2021-11-21-175909_png.rf.50f7a0cc18bc39bb5677e7e4c0929f7e.jpg,C:\Users\venka\Documents\Project\data\processed\train\Onychogryphosis\Screenshot-2021-11-21-175909_png.rf.50f7a0cc18bc39bb5677e7e4c0929f7e.jpg,dda002d72d7b2639
train,Onychogryphosis,Screenshot-2021-11-21-192508_png.rf.2b6a1274b93661b09885882c1315847d.jpg,C:\Users\venka\Documents\Project\data\processed\train\Onychogryphosis\Screenshot-2021-11-21-192508_png.rf.2b6a1274b93661b09885882c1315847d.jpg,d42b7ee180fc0e5a
train,Onychogryphosis,Screenshot-2021-11-21-192508_png.rf.2b76fe04b16981440edc492ed587ac69.jpg,C:\Users\venka\Documents\Project\data\processed\train\Onychogryphosis\Screenshot-2021-11-21-192508_png.rf.2b76fe04b16981440edc492ed587ac69.jpg,d42f273297b54ac8
train,Onychogryphosis,Screenshot-2021-11-21-192508_png.rf.bba49e762cd724d137604a742650bf69.jpg,C:\Users\venka\Documents\Project\data\processed\train\Onychogryphosis\Screenshot-2021-11-21-192508_png.rf.bba49e762cd724d137604a742650bf69.jpg,90d47e8f182d1b7a
train,Onychogryphosis,Screenshot-2021-11-21-192554_png.rf.2f2891da3f6ccf5fa8b95e25d62a1e46.jpg,C:\Users\venka\Documents\Project\data\processed\train\Onychogryphosis\Screenshot-2021-11-21-192554_png.rf.2f2891da3f6ccf5fa8b95e25d62a1e46.jpg,d1902f4f6270ceda
train,Onychogryphosis,Screenshot-2021-11-21-192554_png.rf.75f0be91abd5275c9d3e77edc67ca245.jpg,C:\Users\venka\Documents\Project\data\processed\train\Onychogryphosis\Screenshot-2021-11-21-192554_png.rf.75f0be91abd5275c9d3e77edc67ca245.jpg,d095270f783267cb
train,Onychogryphosis,Screenshot-2021-11-21-192605_png.rf.eda0067e4a77bf591f1b5f7a1467409f.jpg,C:\Users\venka\Documents\Project\data\processed\train\Onychogryphosis\Screenshot-2021-11-21-192605_png.rf.eda0067e4a77bf591f1b5f7a1467409f.jpg,837c3ce26e8c7859
train,Onychogryphosis,Screenshot-2021-11-21-192605_png.rf.f9396d3dbcfc1ddb0e635832ba375fcc.jpg,C:\Users\venka\Documents\Project\data\processed\train\Onychogryphosis\Screenshot-2021-11-21-192605_png.rf.f9396d3dbcfc1ddb0e635832ba375fcc.jpg,d5956a947862e167
train,Onychogryphosis,Screenshot-2021-11-21-192708_png.rf.4692177d8dede6b336b30e34a9df23c0.jpg,C:\Users\venka\Documents\Project\data\processed\train\Onychogryphosis\Screenshot-2021-11-21-192708_png.rf.4692177d8dede6b336b30e34a9df23c0.jpg,84d85b2d1d251f3e
train,Onychogryphosis,Screenshot-2021-11-21-192850_png.rf.89d4e14aca5c1b5a10fb504c114e46dc.jpg,C:\Users\venka\Documents\Project\data\processed\train\Onychogryphosis\Screenshot-2021-11-21-192850_png.rf.89d4e14aca5c1b5a10fb504c114e46dc.jpg,85521e6a2b6d61d7
train,Onychogryphosis,Screenshot-2021-11-21-192850_png.rf.b028c7a666baf88ce9541cb735b0d3f7.jpg,C:\Users\venka\Documents\Project\data\processed\train\Onychogryphosis\Screenshot-2021-11-21-192850_png.rf.b028c7a666baf88ce9541cb735b0d3f7.jpg,d0110bdf25d936e5
train,Onychogryphosis,Screenshot-2021-11-21-193041_png.rf.8fe5bc11655feb81223525bce14b29ac.jpg,C:\Users\venka\Documents\Project\data\processed\train\Onychogryphosis\Screenshot-2021-11-21-193041_png.rf.8fe5bc11655feb81223525bce14b29ac.jpg,965a3b8d66336c26
train,Onychogryphosis,Screenshot-2021-11-21-193041_png.rf.e477f46552c85bec01228e2092fff063.jpg,C:\Users\venka\Documents\Project\data\processed\train\Onychogryphosis\Screenshot-2021-11-21-193041_png.rf.e477f46552c85bec01228e2092fff063.jpg,c30f6f783660396c
train,Onychogryphosis,Screenshot-2021-11-21-193041_png.rf.eecac781123fce387ddb5f418dac76fa.jpg,C:\Users\venka\Documents\Project\data\processed\train\Onychogryphosis\Screenshot-2021-11-21-193041_png.rf.eecac781123fce387ddb5f418dac76fa.jpg,93c36c3c2c3b9327
train,Onychogryphosis,Screenshot-2021-11-21-193106_png.rf.2b88064982cdc7a163ddf220b2e51a25.jpg,C:\Users\venka\Documents\Project\data\processed\train\Onychogryphosis\Screenshot-2021-11-21-193106_png.rf.2b88064982cdc7a163ddf220b2e51a25.jpg,9075622a4d96373f
train,Onychogryphosis,Screenshot-2021-11-21-193106_png.rf.60291fdd750adb0ab7aa310e23c9a6ad.jpg,C:\Users\venka\Documents\Project\data\processed\train\Onychogryphosis\Screenshot-2021-11-21-193106_png.rf.60291fdd750adb0ab7aa310e23c9a6ad.jpg,c42836715a4d7d6e
train,Onychogryphosis,Screenshot-2021-11-21-193106_png.rf.9e666488d16c2f91f6b5dea85279f0aa.jpg,C:\Users\venka\Documents\Project\data\processed\train\Onychogryphosis\Screenshot-2021-11-21-193106_png.rf.9e666488d16c2f91f6b5dea85279f0aa.jpg,917f2644683f4a3e
train,Onychogryphosis,Screenshot-2021-11-21-193418_png.rf.09cf5ada4e5b7368c1f0193a01b70ec2.jpg,C:\Users\venka\Documents\Project\data\processed\train\Onychogryphosis\Screenshot-2021-11-21-193418_png.rf.09cf5ada4e5b7368c1f0193a01b70ec2.jpg,d2782d974c990b9e
train,Onychogryphosis,Screenshot-2021-11-21-193418_png.rf.530a6b8515b42ce83220ce58d64e48e1.jpg,C:\Users\venka\Documents\Project\data\processed\train\Onychogryphosis\Screenshot-2021-11-21-193418_png.rf.530a6b8515b42ce83220ce58d64e48e1.jpg,d56a2a800b9f9f9c
train,Onychogryphosis,Screenshot-2021-11-21-193418_png.rf.f4bf9f86b79a06da4457d3ca9dd1df21.jpg,C:\Users\venka\Documents\Project\data\processed\train\Onychogryphosis\Screenshot-2021-11-21-193418_png.rf.f4bf9f86b79a06da4457d3ca9dd1df21.jpg,803f77c06ac2bbd1
train,Onychogryphosis,Screenshot-2021-11-21-193524_png.rf.27fbd454c4ea2a926e732f20f77ec7ce.jpg,C:\Users\venka\Documents\Project\data\processed\train\Onychogryphosis\Screenshot-2021-11-21-193524_png.rf.27fbd454c4ea2a926e732f20f77ec7ce.jpg,859d54e7719162cd
train,Onychogryphosis,Screenshot-2021-11-21-193524_png.rf.3df18733903af04ee4a4cbb966340b2a.jpg,C:\Users\venka\Documents\Project\data\processed\train\Onychogryphosis\Screenshot-2021-11-21-193524_png.rf.3df18733903af04ee4a4cbb966340b2a.jpg,c4802ade97c51f97
train,Onychogryphosis,Screenshot-2021-11-21-193604_png.rf.58473cbab9768f0ae8957fe6237bbbb8.jpg,C:\Users\venka\Documents\Project\data\processed\train\Onychogryphosis\Screenshot-2021-11-21-193604_png.rf.58473cbab9768f0ae8957fe6237bbbb8.jpg,b54a40713fe53d8a
train,Onychogryphosis,Screenshot-2021-11-21-193604_png.rf.7ebf7198211c8c7ee13dbd319206cdfc.jpg,C:\Users\venka\Documents\Project\data\processed\train\Onychogryphosis\Screenshot-2021-11-21-193604_png.rf.7ebf7198211c8c7ee13dbd319206cdfc.jpg,d47e2a9a2d0b2d2d
train,Onychogryphosis,Screenshot-2021-11-21-194040_png.rf.039b7bdf445bcf1666a60a63eb32a356.jpg,C:\Users\venka\Documents\Project\data\processed\train\Onychogryphosis\Screenshot-2021-11-21-194040_png.rf.039b7bdf445bcf1666a60a63eb32a356.jpg,d5d72f941a0a292f
train,Onychogryphosis,Screenshot-2021-11-21-194040_png.rf.095c248e7cedb6d9df15f7cc9524308e.jpg,C:\Users\venka\Documents\Project\data\processed\train\Onychogryphosis\Screenshot-2021-11-21-194040_png.rf.095c248e7cedb6d9df15f7cc9524308e.jpg,90807f5d4b7d6a68
train,Onychogryphosis,Screenshot-2021-11-21-194040_png.rf.fa40f6765574036c7364dc6808ef218b.jpg,C:\Users\venka\Documents\Project\data\processed\train\Onychogryphosis\Screenshot-2021-11-21-194040_png.rf.fa40f6765574036c7364dc6808ef218b.jpg,d5332e7b12f02dd0
train,Onychogryphosis,Screenshot-2021-11-21-194050_png.rf.33fec076eade721571aeabad24674ca7.jpg,C:\Users\venka\Documents\Project\data\processed\train\Onychogryphosis\Screenshot-2021-11-21-194050_png.rf.33fec076eade721571aeabad24674ca7.jpg,945f6b3062394ed3
train,Onychogryphosis,Screenshot-2021-11-21-194050_png.rf.37be36b92f4eb499e76a7276d3f5e456.jpg,C:\Users\venka\Documents\Project\data\processed\train\Onychogryphosis\Screenshot-2021-11-21-194050_png.rf.37be36b92f4eb499e76a7276d3f5e456.jpg,95357dba6282668e
train,Onychogryphosis,Screenshot-2021-11-21-194226_png.rf.ed3aca10d6b3f5b2a8eb5eb30a41c425.jpg,C:\Users\venka\Documents\Project\data\processed\train\Onychogryphosis\Screenshot-2021-11-21-194226_png.rf.ed3aca10d6b3f5b2a8eb5eb30a41c425.jpg,807f578c0f953d31
train,Onychogryphosis,Screenshot-2021-11-21-194332_png.rf.447b56cf9130dd63f28882027ed5a496.jpg,C:\Users\venka\Documents\Project\data\processed\train\Onychogryphosis\Screenshot-2021-11-21-194332_png.rf.447b56cf9130dd63f28882027ed5a496.jpg,80bd153e7f606aca
train,Onychogryphosis,Screenshot-2021-11-21-194332_png.rf.9921090f63df767a4667597921cb82d9.jpg,C:\Users\venka\Documents\Project\data\processed\train\Onychogryphosis\Screenshot-2021-11-21-194332_png.rf.9921090f63df767a4667597921cb82d9.jpg,d5a520963bd23a6b
train,Onychogryphosis,Screenshot-2021-11-21-194356_png.rf.082ed249fa7eed8f4e4f9e67c48b5c18.jpg,C:\Users\venka\Documents\Project\data\processed\train\Onychogryphosis\Screenshot-2021-11-21-194356_png.rf.082ed249fa7eed8f4e4f9e67c48b5c18.jpg,d4d7068c3b0a3f0f
train,Onychogryphosis,Screenshot-2021-11-21-194356_png.rf.15db73bba9c522d8f93dea5b6927a1fc.jpg,C:\Users\venka\Documents\Project\data\processed\train\Onychogryphosis\Screenshot-2021-11-21-194356_png.rf.15db73bba9c522d8f93dea5b6927a1fc.jpg,d4850bde2dda28da
train,Onychogryphosis,Screenshot-2021-11-21-194356_png.rf.795a471a4a3cbf02a1ba64c73b15a580.jpg,C:\Users\venka\Documents\Project\data\processed\train\Onychogryphosis\Screenshot-2021-11-21-194356_png.rf.795a471a4a3cbf02a1ba64c73b15a580.jpg,d4c02ac22ff327e9
train,Onychogryphosis,Screenshot-2021-11-21-210225_png.rf.b447ccc9eb8a35d325cafdf6cb842fcd.jpg,C:\Users\venka\Documents\Project\data\processed\train\Onychogryphosis\Screenshot-2021-11-21-210225_png.rf.b447ccc9eb8a35d325cafdf6cb842fcd.jpg,8d7d17b27e9a4290
train,Onychogryphosis,Screenshot-2021-11-21-210225_png.rf.c4cdf849674cb2844084b302744de893.jpg,C:\Users\venka\Documents\Project\data\processed\train\Onychogryphosis\Screenshot-2021-11-21-210225_png.rf.c4cdf849674cb2844084b302744de893.jpg,813d15b67e3a7232
train,Onychogryphosis,Screenshot-2021-11-21-210302_png.rf.017931787842c5291930470981b7b6a9.jpg,C:\Users\venka\Documents\Project\data\processed\train\Onychogryphosis\Screenshot-2021-11-21-210302_png.rf.017931787842c5291930470981b7b6a9.jpg,a83fc1709e63782e
train,Onychogryphosis,Screenshot-2021-11-21-210302_png.rf.4c943c8040fd3c44c1315147edb0a16a.jpg,C:\Users\venka\Documents\Project\data\processed\train\Onychogryphosis\Screenshot-2021-11-21-210302_png.rf.4c943c8040fd3c44c1315147edb0a16a.jpg,c07d870e1e3c5cb5
train,Onychogryphosis,Screenshot-2021-11-21-210328_png.rf.0b30a8cf58a259dc11cc424a74a0be43.jpg,C:\Users\venka\Documents\Project\data\processed\train\Onychogryphosis\Screenshot-2021-11-21-210328_png.rf.0b30a8cf58a259dc11cc424a74a0be43.jpg,80ff78e570c36307
train,Onychogryphosis,Screenshot-2021-11-21-210328_png.rf.2b9b916928a8bfc387b0143d90f13351.jpg,C:\Users\venka\Documents\Project\data\processed\train\Onychogryphosis\Screenshot-2021-11-21-210328_png.rf.2b9b916928a8bfc387b0143d90f13351.jpg,844a5de064e36b6f
train,Onychogryphosis,Screenshot-2021-11-21-210328_png.rf.92aa884726cd4ea79d6d61020fc76ee3.jpg,C:\Users\venka\Documents\Project\data\processed\train\Onychogryphosis\Screenshot-2021-11-21-210328_png.rf.92aa884726cd4ea79d6d61020fc76ee3.jpg,df3a486070d175c7
train,Onychogryphosis,Screenshot-2021-11-21-210436_png.rf.672870fec62770f55852acc3e9ce5eec.jpg,C:\Users\venka\Documents\Project\data\processed\train\Onychogryphosis\Screenshot-2021-11-21-210436_png.rf.672870fec62770f55852acc3e9ce5eec.jpg,95be6a4863626975
train,Onychogryphosis,Screenshot-2021-11-21-210436_png.rf.7efbbb7adb8f7850c728dc6359c4f1fd.jpg,C:\Users\venka\Documents\Project\data\processed\train\Onychogryphosis\Screenshot-2021-11-21-210436_png.rf.7efbbb7adb8f7850c728dc6359c4f1fd.jpg,c0f9079d1d1f159c
train,Onychogryphosis,Screenshot-2021-11-21-210615_png.rf.03390237a228289d71b2c4c832ab40c2.jpg,C:\Users\venka\Documents\Project\data\processed\train\Onychogryphosis\Screenshot-2021-11-21-210615_png.rf.03390237a228289d71b2c4c832ab40c2.jpg,80b33f8b4eca69e1
train,Onychogryphosis,Screenshot-2021-11-21-210615_png.rf.c1f9bea80ffec3a0fd41ae5110276797.jpg,C:\Users\venka\Documents\Project\data\processed\train\Onychogryphosis\Screenshot-2021-11-21-210615_png.rf.c1f9bea80ffec3a0fd41ae5110276797.jpg,cd32d00dd64f447b
train,Onychogryphosis,Screenshot-2021-11-21-225758_png.rf.012556b828f3ce6a57b2e13d9758189e.jpg,C:\Users\venka\Documents\Project\data\processed\train\Onychogryphosis\Screenshot-2021-11-21-225758_png.rf.012556b828f3ce6a57b2e13d9758189e.jpg,84aa415f5e6a4b6d
train,Onychogryphosis,Screenshot-2021-11-21-225758_png.rf.e24976caed808e54a32ca3dab4cf4fcd.jpg,C:\Users\venka\Documents\Project\data\processed\train\Onychogryphosis\Screenshot-2021-11-21-225758_png.rf.e24976caed808e54a32ca3dab4cf4fcd.jpg,d108447f436d077f
train,Onychogryphosis,Screenshot-2021-11-21-225812_png.rf.411d352285fd681f127cb9c9c916defb.jpg,C:\Users\venka\Documents\Project\data\processed\train\Onychogryphosis\Screenshot-2021-11-21-225812_png.rf.411d352285fd681f127cb9c9c916defb.jpg,d480287a2f8f8fc7
train,Onychogryphosis,Screenshot-2021-11-21-225812_png.rf.df3376e3b7f49eb7105436e73f2d051d.jpg,C:\Users\venka\Documents\Project\data\processed\train\Onychogryphosis\Screenshot-2021-11-21-225812_png.rf.df3376e3b7f49eb7105436e73f2d051d.jpg,807f4ac03fd8656b
train,Onychogryphosis,Screenshot-2021-11-21-230002_png.rf.0bb8daa348e80628e53722ac89857f10.jpg,C:\Users\venka\Documents\Project\data\processed\train\Onychogryphosis\Screenshot-2021-11-21-230002_png.rf.0bb8daa348e80628e53722ac89857f10.jpg,c08397e19fc11fc6
train,Onychogryphosis,Screenshot-2021-11-21-230002_png.rf.9fb856ec52f13883bb64a779c27cd26d.jpg,C:\Users\venka\Documents\Project\data\processed\train\Onychogryphosis\Screenshot-2021-11-21-230002_png.rf.9fb856ec52f13883bb64a779c27cd26d.jpg,c0a14fda4fc21ec7
train,Onychogryphosis,Screenshot-2021-11-21-230209_png.rf.4d120707698d2a656ee3d3fa85cb575e.jpg,C:\Users\venka\Documents\Project\data\processed\train\Onychogryphosis\Screenshot-2021-11-21-230209_png.rf.4d120707698d2a656ee3d3fa85cb575e.jpg,f52d971e0b603e62
train,Onychogryphosis,Screenshot-2021-11-21-230209_png.rf.6dd0956e38d0e3faa3a2b0d90c703fd4.jpg,C:\Users\venka\Documents\Project\data\processed\train\Onychogryphosis\Screenshot-2021-11-21-230209_png.rf.6dd0956e38d0e3faa3a2b0d90c703fd4.jpg,a0c487625f4b3fc9
train,Onychogryphosis,Screenshot-2021-11-21-230252_png.rf.9ea7515c33865930bda515e2205f514e.jpg,C:\Users\venka\Documents\Project\data\processed\train\Onychogryphosis\Screenshot-2021-11-21-230252_png.rf.9ea7515c33865930bda515e2205f514e.jpg,856a92c55a4d476f
train,Onychogryphosis,Screenshot-2021-11-21-230424_png.rf.3ff450bea3319945b92c3867c64d8975.jpg,C:\Users\venka\Documents\Project\data\processed\train\Onychogryphosis\Screenshot-2021-11-21-230424_png.rf.3ff450bea3319945b92c3867c64d8975.jpg,fdad62904f8d0ea4
train,Onychogryphosis,Screenshot-2021-11-21-230424_png.rf.9ca23f05d1abc90dc6cf960704103ca9.jpg,C:\Users\venka\Documents\Project\data\processed\train\Onychogryphosis\Screenshot-2021-11-21-230424_png.rf.9ca23f05d1abc90dc6cf960704103ca9.jpg,81bd173559a3499d
train,Onychogryphosis,Screenshot-2021-11-21-230424_png.rf.fb6fd1b18f3e226d825d43aa5e8e094c.jpg,C:\Users\venka\Documents\Project\data\processed\train\Onychogryphosis\Screenshot-2021-11-21-230424_png.rf.fb6fd1b18f3e226d825d43aa5e8e094c.jpg,817fcc7a13622b6a
train,Onychogryphosis,Screenshot-2021-11-21-231246_png.rf.7a1a3929f9ac88dc38a3b7b93b73eef6.jpg,C:\Users\venka\Documents\Project\data\processed\train\Onychogryphosis\Screenshot-2021-11-21-231246_png.rf.7a1a3929f9ac88dc38a3b7b93b73eef6.jpg,94957f886a6b88cb
train,Onychogryphosis,Screenshot-2021-11-21-231246_png.rf.a2418666a09de68053ace49417260fb9.jpg,C:\Users\venka\Documents\Project\data\processed\train\Onychogryphosis\Screenshot-2021-11-21-231246_png.rf.a2418666a09de68053ace49417260fb9.jpg,966a39a572a5790e
train,Onychogryphosis,Screenshot-2021-11-21-231246_png.rf.ee3bcc7bb83c0c345486ab7972e74066.jpg,C:\Users\venka\Documents\Project\data\processed\train\Onychogryphosis\Screenshot-2021-11-21-231246_png.rf.ee3bcc7bb83c0c345486ab7972e74066.jpg,97727b95608761ca
train,Onychogryphosis,Screenshot-2021-11-21-231416_png.rf.3920d523016b69bf232143cc02f42f5c.jpg,C:\Users\venka\Documents\Project\data\processed\train\Onychogryphosis\Screenshot-2021-11-21-231416_png.rf.3920d523016b69bf232143cc02f42f5c.jpg,95824a3d3bd2356b
train,Onychogryphosis,Screenshot-2021-11-21-231416_png.rf.84c0b8c7583289fc8602f743408fedd6.jpg,C:\Users\venka\Documents\Project\data\processed\train\Onychogryphosis\Screenshot-2021-11-21-231416_png.rf.84c0b8c7583289fc8602f743408fedd6.jpg,d56a027d3ec22997
train,Onychogryphosis,Screenshot-2021-11-21-231442_png.rf.638e9c929db58339ce26438a90afe283.jpg,C:\Users\venka\Documents\Project\data\processed\train\Onychogryphosis\Screenshot-2021-11-21-231442_png.rf.638e9c929db58339ce26438a90afe283.jpg,80fc65e52da633b1
train,Onychogryphosis,Screenshot-2021-11-21-231442_png.rf.682db26350cb18336ec36d79724c78d2.jpg,C:\Users\venka\Documents\Project\data\processed\train\Onychogryphosis\Screenshot-2021-11-21-231442_png.rf.682db26350cb18336ec36d79724c78d2.jpg,d59750a50ba74e9c
train,Onychogryphosis,Screenshot-2021-11-21-231442_png.rf.826eb73fc943efa1ccd41121f58e8d27.jpg,C:\Users\venka\Documents\Project\data\processed\train\Onychogryphosis\Screenshot-2021-11-21-231442_png.rf.826eb73fc943efa1ccd41121f58e8d27.jpg,90bf41bc96171b99
train,Onychogryphosis,Screenshot-2021-11-21-231633_png.rf.2d43562fb693a0c11c9d56eb8a52a6b0.jpg,C:\Users\venka\Documents\Project\data\processed\train\Onychogryphosis\Screenshot-2021-11-21-231633_png.rf.2d43562fb693a0c11c9d56eb8a52a6b0.jpg,856e3f325a296aa5
train,Onychogryphosis,Screenshot-2021-11-21-231633_png.rf.7c081874d21df89a27595cbce44cbe7a.jpg,C:\Users\venka\Documents\Project\data\processed\train\Onychogryphosis\Screenshot-2021-11-21-231633_png.rf.7c081874d21df89a27595cbce44cbe7a.jpg,d46b2a6d3b266d06
train,Onychogryphosis,Screenshot-2021-11-21-231633_png.rf.811dcffefb54e18aaa95665036fc4e35.jpg,C:\Users\venka\Documents\Project\data\processed\train\Onychogryphosis\Screenshot-2021-11-21-231633_png.rf.811dcffefb54e18aaa95665036fc4e35.jpg,d19007cf3d8e0fd2
train,Onychogryphosis,Screenshot-2021-11-21-231740_png.rf.65c5ec2f864f62882f0c4d10a46d487d.jpg,C:\Users\venka\Documents\Project\data\processed\train\Onychogryphosis\Screenshot-2021-11-21-231740_png.rf.65c5ec2f864f62882f0c4d10a46d487d.jpg,85a04b9f789e3cc3
train,Onychogryphosis,Screenshot-2021-11-21-231740_png.rf.b939d0587e08ec5ed004656f14c102a5.jpg,C:\Users\venka\Documents\Project\data\processed\train\Onychogryphosis\Screenshot-2021-11-21-231740_png.rf.b939d0587e08ec5ed004656f14c102a5.jpg,90eb53984ad73a96
train,Onychogryphosis,Screenshot-2021-11-21-231740_png.rf.eae9fc21f8a3a1c5449bfdf5b3202809.jpg,C:\Users\venka\Documents\Project\data\processed\train\Onychogryphosis\Screenshot-2021-11-21-231740_png.rf.eae9fc21f8a3a1c5449bfdf5b3202809.jpg,c0f05fb8655b70c9
train,Onychogryphosis,Screenshot-2021-11-21-231800_png.rf.4681750821d7d942de87486dbbc71b98.jpg,C:\Users\venka\Documents\Project\data\processed\train\Onychogryphosis\Screenshot-2021-11-21-231800_png.rf.4681750821d7d942de87486dbbc71b98.jpg,d570dc23622f463e
train,Onychogryphosis,Screenshot-2021-11-21-231800_png.rf.5e7d628f3177386822ccf0ffd341f784.jpg,C:\Users\venka\Documents\Project\data\processed\train\Onychogryphosis\Screenshot-2021-11-21-231800_png.rf.5e7d628f3177386822ccf0ffd341f784.jpg,f5850e0f123d4fb4
train,Onychogryphosis,Screenshot-2021-11-21-231800_png.rf.b1481cc52781757c4c9b39cc8dc1e446.jpg,C:\Users\venka\Documents\Project\data\processed\train\Onychogryphosis\Screenshot-2021-11-21-231800_png.rf.b1481cc52781757c4c9b39cc8dc1e446.jpg,c0ff570e4e0d2999
train,Onychogryphosis,Screenshot-2021-11-21-231905_png.rf.13adc1d27b62629bb88c8d05e8144fba.jpg,C:\Users\venka\Documents\Project\data\processed\train\Onychogryphosis\Screenshot-2021-11-21-231905_png.rf.13adc1d27b62629bb88c8d05e8144fba.jpg,d5a90ac623d259de
train,Onychogryphosis,Screenshot-2021-11-21-231905_png.rf.7c55794d2c056c25f3420cee5ea303f2.jpg,C:\Users\venka\Documents\Project\data\processed\train\Onychogryphosis\Screenshot-2021-11-21-231905_png.rf.7c55794d2c056c25f3420cee5ea303f2.jpg,d5287a434e7d017e
train,Onychogryphosis,Screenshot-2021-11-21-232550_png.rf.1feb58fa72c615d4355aebd21e7fb0fd.jpg,C:\Users\venka\Documents\Project\data\processed\train\Onychogryphosis\Screenshot-2021-11-21-232550_png.rf.1feb58fa72c615d4355aebd21e7fb0fd.jpg,d54a253d1ce0cbc7
train,Onychogryphosis,Screenshot-2021-11-21-232550_png.rf.3b30e4fd02b21c8029741a50c3d6a03d.jpg,C:\Users\venka\Documents\Project\data\processed\train\Onychogryphosis\Screenshot-2021-11-21-232550_png.rf.3b30e4fd02b21c8029741a50c3d6a03d.jpg,9121cd693e6d1976
train,Onychogryphosis,Screenshot-2021-11-21-232620_png.rf.7286929a29477565f3ac5725534fdc41.jpg,C:\Users\venka\Documents\Project\data\processed\train\Onychogryphosis\Screenshot-2021-11-21-232620_png.rf.7286929a29477565f3ac5725534fdc41.jpg,d0294a754f7a28af
train,Onychogryphosis,Screenshot-2021-11-21-232633_png.rf.31eae5bcec99630570599c663c8c9d50.jpg,C:\Users\venka\Documents\Project\data\processed\train\Onychogryphosis\Screenshot-2021-11-21-232633_png.rf.31eae5bcec99630570599c663c8c9d50.jpg,d5022b7f2ab430f5
train,Onychogryphosis,Screenshot-2021-11-21-232633_png.rf.33d35283c9690a9853f09b78d3641d31.jpg,C:\Users\venka\Documents\Project\data\processed\train\Onychogryphosis\Screenshot-2021-11-21-232633_png.rf.33d35283c9690a9853f09b78d3641d31.jpg,815e6bb865a175a5
train,Onychogryphosis,Screenshot-2021-11-21-232633_png.rf.96a7ac8818035b5246a4f05e3e4a9964.jpg,C:\Users\venka\Documents\Project\data\processed\train\Onychogryphosis\Screenshot-2021-11-21-232633_png.rf.96a7ac8818035b5246a4f05e3e4a9964.jpg,c0a03ad3755b664f
train,Onychogryphosis,Screenshot-2021-11-21-233015_png.rf.260658fa2a2b7336affaf3708e85c083.jpg,C:\Users\venka\Documents\Project\data\processed\train\Onychogryphosis\Screenshot-2021-11-21-233015_png.rf.260658fa2a2b7336affaf3708e85c083.jpg,c1e016cd68ce6fd8
train,Onychogryphosis,Screenshot-2021-11-21-233015_png.rf.4a342a5a1d97f754037bbff4b05424e6.jpg,C:\Users\venka\Documents\Project\data\processed\train\Onychogryphosis\Screenshot-2021-11-21-233015_png.rf.4a342a5a1d97f754037bbff4b05424e6.jpg,947a71692ec00fe7
train,Onychogryphosis,Screenshot-2021-11-21-233833_png.rf.104046a4460f2c4d656901bffada2eb4.jpg,C:\Users\venka\Documents\Project\data\processed\train\Onychogryphosis\Screenshot-2021-11-21-233833_png.rf.104046a4460f2c4d656901bffada2eb4.jpg,b1f45f061e83453b
train,Onychogryphosis,Screenshot-2021-11-21-233833_png.rf.56844b43501ebd873bb84f0a5c8192af.jpg,C:\Users\venka\Documents\Project\data\processed\train\Onychogryphosis\Screenshot-2021-11-21-233833_png.rf.56844b43501ebd873bb84f0a5c8192af.jpg,d06a67f169c325d1
train,Onychogryphosis,Screenshot-2021-11-21-233833_png.rf.d4f21137105bfa2978f02245a4663b8c.jpg,C:\Users\venka\Documents\Project\data\processed\train\Onychogryphosis\Screenshot-2021-11-21-233833_png.rf.d4f21137105bfa2978f02245a4663b8c.jpg,c1fc17952d8b4a0f
train,Onychogryphosis,Screenshot-2021-11-21-233854_png.rf.4ee916785dab3f71e1b3b3badb9f5c1c.jpg,C:\Users\venka\Documents\Project\data\processed\train\Onychogryphosis\Screenshot-2021-11-21-233854_png.rf.4ee916785dab3f71e1b3b3badb9f5c1c.jpg,c063114e6f713df2
train,Onychogryphosis,Screenshot-2021-11-21-233854_png.rf.c80a214563ddabbbedbbf6518eb2d4b2.jpg,C:\Users\venka\Documents\Project\data\processed\train\Onychogryphosis\Screenshot-2021-11-21-233854_png.rf.c80a214563ddabbbedbbf6518eb2d4b2.jpg,914e3b306a634e5f
train,Onychogryphosis,Screenshot-2021-11-21-234235_png.rf.6c37fd9d3ead2a7ddad8f0d24c97557a.jpg,C:\Users\venka\Documents\Project\data\processed\train\Onychogryphosis\Screenshot-2021-11-21-234235_png.rf.6c37fd9d3ead2a7ddad8f0d24c97557a.jpg,95b54e1e06271ed9
train,Onychogryphosis,Screenshot-2021-11-21-234235_png.rf.7f88333e227eaeabe295e5477ce052dc.jpg,C:\Users\venka\Documents\Project\data\processed\train\Onychogryphosis\Screenshot-2021-11-21-234235_png.rf.7f88333e227eaeabe295e5477ce052dc.jpg,80747f6a69573a4a
train,Onychogryphosis,Screenshot-2021-11-21-234235_png.rf.cbf2e69da48486c57c0691f071a3cff0.jpg,C:\Users\venka\Documents\Project\data\processed\train\Onychogryphosis\Screenshot-2021-11-21-234235_png.rf.cbf2e69da48486c57c0691f071a3cff0.jpg,d5df0728192d3a0f
train,Onychogryphosis,Screenshot-2021-11-21-234423_png.rf.28194f65eb023c9b736a2ebf8ad4fe93.jpg,C:\Users\venka\Documents\Project\data\processed\train\Onychogryphosis\Screenshot-2021-11-21-234423_png.rf.28194f65eb023c9b736a2ebf8ad4fe93.jpg,d5353f961ec07285
train,Onychogryphosis,Screenshot-2021-11-21-234423_png.rf.a763def5f2949fbbf4d876104c038aec.jpg,C:\Users\venka\Documents\Project\data\processed\train\Onychogryphosis\Screenshot-2021-11-21-234423_png.rf.a763def5f2949fbbf4d876104c038aec.jpg,c8df352b7c3c60a4
train,Onychogryphosis,Screenshot-2021-11-21-234823_png.rf.15c3c27634bd4b1f1be7df00c1062464.jpg,C:\Users\venka\Documents\Project\data\processed\train\Onychogryphosis\Screenshot-2021-11-21-234823_png.rf.15c3c27634bd4b1f1be7df00c1062464.jpg,9775493865a615b3
train,Onychogryphosis,Screenshot-2021-11-21-234823_png.rf.505a51f536263a1c06a56073ead7fe4f.jpg,C:\Users\venka\Documents\Project\data\processed\train\Onychogryphosis\Screenshot-2021-11-21-234823_png.rf.505a51f536263a1c06a56073ead7fe4f.jpg,cad8312165cf0f1f
train,Onychogryphosis,Screenshot-2021-11-21-234843_png.rf.6685c17dfb580d66762259b42f98df4a.jpg,C:\Users\venka\Documents\Project\data\processed\train\Onychogryphosis\Screenshot-2021-11-21-234843_png.rf.6685c17dfb580d66762259b42f98df4a.jpg,80684f667f782eaa
train,Onychogryphosis,Screenshot-2021-11-21-234843_png.rf.8df6a6e1961f09d67a0e56862250bde8.jpg,C:\Users\venka\Documents\Project\data\processed\train\Onychogryphosis\Screenshot-2021-11-21-234843_png.rf.8df6a6e1961f09d67a0e56862250bde8.jpg,80fd5da45f851d15
train,Onychogryphosis,Screenshot-2021-11-21-234929_png.rf.3c52b5edc39ae57ea5de932edf5bd6e2.jpg,C:\Users\venka\Documents\Project\data\processed\train\Onychogryphosis\Screenshot-2021-11-21-234929_png.rf.3c52b5edc39ae57ea5de932edf5bd6e2.jpg,f5bd81950a952997
train,Onychogryphosis,Screenshot-2021-11-21-234929_png.rf.9b40f9f83572b1b5980e8fed741c56b5.jpg,C:\Users\venka\Documents\Project\data\processed\train\Onychogryphosis\Screenshot-2021-11-21-234929_png.rf.9b40f9f83572b1b5980e8fed741c56b5.jpg,b5a8d0d000d73fd7
train,Onychogryphosis,Screenshot-2021-11-21-234929_png.rf.a73d13c809a9ba568c6dfd9ba4ddcb92.jpg,C:\Users\venka\Documents\Project\data\processed\train\Onychogryphosis\Screenshot-2021-11-21-234929_png.rf.a73d13c809a9ba568c6dfd9ba4ddcb92.jpg,a17f071e1b6b0a1e
train,Onychogryphosis,Screenshot-2021-11-21-235210_png.rf.da927c69ce2d5ff952fe5f22bed1123c.jpg,C:\Users\venka\Documents\Project\data\processed\train\Onychogryphosis\Screenshot-2021-11-21-235210_png.rf.da927c69ce2d5ff952fe5f22bed1123c.jpg,cada3dc817176133
train,Onychogryphosis,Screenshot-2021-11-22-012937_png.rf.a841745307657c403f788d0dc7d125d8.jpg,C:\Users\venka\Documents\Project\data\processed\train\Onychogryphosis\Screenshot-2021-11-22-012937_png.rf.a841745307657c403f788d0dc7d125d8.jpg,80651fd1729e2f9a
train,Onychogryphosis,Screenshot-2021-11-22-012937_png.rf.b2149cbd84cbb83a637723295b050db6.jpg,C:\Users\venka\Documents\Project\data\processed\train\Onychogryphosis\Screenshot-2021-11-22-012937_png.rf.b2149cbd84cbb83a637723295b050db6.jpg,95c048db2d357736
train,Onychogryphosis,Screenshot-2021-11-22-012951_png.rf.5ef33482fc47bda271a197e377e62d8c.jpg,C:\Users\venka\Documents\Project\data\processed\train\Onychogryphosis\Screenshot-2021-11-22-012951_png.rf.5ef33482fc47bda271a197e377e62d8c.jpg,b55b0965161b592f
train,Onychogryphosis,Screenshot-2021-11-22-013700_png.rf.b68b96685065b342041b304b75d49eec.jpg,C:\Users\venka\Documents\Project\data\processed\train\Onychogryphosis\Screenshot-2021-11-22-013700_png.rf.b68b96685065b342041b304b75d49eec.jpg,c5c061ce3637e61b
train,Onychogryphosis,Screenshot-2021-11-22-013700_png.rf.d695a8b8eae09504f8d23275fb48e126.jpg,C:\Users\venka\Documents\Project\data\processed\train\Onychogryphosis\Screenshot-2021-11-22-013700_png.rf.d695a8b8eae09504f8d23275fb48e126.jpg,d437701d619ce396
train,Onychogryphosis,Screenshot-2021-11-22-013700_png.rf.fe48789eb3f16f03712b3406442b9715.jpg,C:\Users\venka\Documents\Project\data\processed\train\Onychogryphosis\Screenshot-2021-11-22-013700_png.rf.fe48789eb3f16f03712b3406442b9715.jpg,85c4246e3639b72f
train,Onychogryphosis,Screenshot-2021-11-22-013713_png.rf.242954e9e224cdaab4b05f61aba8d9e1.jpg,C:\Users\venka\Documents\Project\data\processed\train\Onychogryphosis\Screenshot-2021-11-22-013713_png.rf.242954e9e224cdaab4b05f61aba8d9e1.jpg,d035634e2fca7949
train,Onychogryphosis,Screenshot-2021-11-22-013713_png.rf.488687271241577873ff2904a6590841.jpg,C:\Users\venka\Documents\Project\data\processed\train\Onychogryphosis\Screenshot-2021-11-22-013713_png.rf.488687271241577873ff2904a6590841.jpg,95397a9762cb25c2
train,Onychogryphosis,Screenshot-2021-11-22-013713_png.rf.65f73e19287277158405e326c1b0da2e.jpg,C:\Users\venka\Documents\Project\data\processed\train\Onychogryphosis\Screenshot-2021-11-22-013713_png.rf.65f73e19287277158405e326c1b0da2e.jpg,943f6a600d3d69c7
train,Onychogryphosis,Screenshot-2021-11-22-014500_png.rf.53b210283eeffe8e946931d170938734.jpg,C:\Users\venka\Documents\Project\data\processed\train\Onychogryphosis\Screenshot-2021-11-22-014500_png.rf.53b210283eeffe8e946931d170938734.jpg,fdf85040135f3e4c
train,Onychogryphosis,Screenshot-2021-11-22-014500_png.rf.b80db9be9f208e240c848318d4c8b1ee.jpg,C:\Users\venka\Documents\Project\data\processed\train\Onychogryphosis\Screenshot-2021-11-22-014500_png.rf.b80db9be9f208e240c848318d4c8b1ee.jpg,c00ac3f18ff10ee7
train,Onychogryphosis,Screenshot-2021-11-22-014707_png.rf.93d7d6cc07c960115e9ed4deebbf3c63.jpg,C:\Users\venka\Documents\Project\data\processed\train\Onychogryphosis\Screenshot-2021-11-22-014707_png.rf.93d7d6cc07c960115e9ed4deebbf3c63.jpg,e981338d16d83dd3
train,Onychogryphosis,Screenshot-2021-11-22-014933_png.rf.15fa446f8aca8011be25105771337725.jpg,C:\Users\venka\Documents\Project\data\processed\train\Onychogryphosis\Screenshot-2021-11-22-014933_png.rf.15fa446f8aca8011be25105771337725.jpg,c0bf458767852f85
train,Onychogryphosis,Screenshot-2021-11-22-014933_png.rf.444f45b3006f684eac0b1851b931b8e9.jpg,C:\Users\venka\Documents\Project\data\processed\train\Onychogryphosis\Screenshot-2021-11-22-014933_png.rf.444f45b3006f684eac0b1851b931b8e9.jpg,80ff79aa55895a8c
train,Onychogryphosis,Screenshot-2021-11-22-014933_png.rf.eda14ce78eac61373331c4c38ad89ab2.jpg,C:\Users\venka\Documents\Project\data\processed\train\Onychogryphosis\Screenshot-2021-11-22-014933_png.rf.eda14ce78eac61373331c4c38ad89ab2.jpg,85a215f546f54ad3
train,Onychogryphosis,Screenshot-2021-11-22-015012_png.rf.c797b3062fdfc3ee98d67ce555a1aae6.jpg,C:\Users\venka\Documents\Project\data\processed\train\Onychogryphosis\Screenshot-2021-11-22-015012_png.rf.c797b3062fdfc3ee98d67ce555a1aae6.jpg,80603f87739e67b8
train,Onychogryphosis,Screenshot-2021-11-22-015244_png.rf.3e28cfa83eaf7f18f219cfacfe88776a.jpg,C:\Users\venka\Documents\Project\data\processed\train\Onychogryphosis\Screenshot-2021-11-22-015244_png.rf.3e28cfa83eaf7f18f219cfacfe88776a.jpg,80406f973b3f0f99
train,Onychogryphosis,Screenshot-2021-11-22-015259_png.rf.0c3a2baa748f2cc91ddeaccb86aa46c7.jpg,C:\Users\venka\Documents\Project\data\processed\train\Onychogryphosis\Screenshot-2021-11-22-015259_png.rf.0c3a2baa748f2cc91ddeaccb86aa46c7.jpg,95bf6a4075405b6d
train,Onychogryphosis,Screenshot-2021-11-22-015259_png.rf.1d16f8a743673fba88fc4e297ad11b86.jpg,C:\Users\venka\Documents\Project\data\processed\train\Onychogryphosis\Screenshot-2021-11-22-015259_png.rf.1d16f8a743673fba88fc4e297ad11b86.jpg,c5023fff2188be85
train,Onychogryphosis,Screenshot-2021-11-22-015259_png.rf.b73145bc1dd2a7399745aa804fe40634.jpg,C:\Users\venka\Documents\Project\data\processed\train\Onychogryphosis\Screenshot-2021-11-22-015259_png.rf.b73145bc1dd2a7399745aa804fe40634.jpg,956b34cd324c725e
train,Onychogryphosis,Screenshot-2021-11-22-015522_png.rf.0d031682b4e37b66fdb89133ae998a36.jpg,C:\Users\venka\Documents\Project\data\processed\train\Onychogryphosis\Screenshot-2021-11-22-015522_png.rf.0d031682b4e37b66fdb89133ae998a36.jpg,d06a2d342e9b3b99
train,Onychogryphosis,Screenshot-2021-11-22-015522_png.rf.9a97ea39c6e3e87c45439f4c084c6b01.jpg,C:\Users\venka\Documents\Project\data\processed\train\Onychogryphosis\Screenshot-2021-11-22-015522_png.rf.9a97ea39c6e3e87c45439f4c084c6b01.jpg,85bc7ae173422e6a
train,Onychogryphosis,Screenshot-2021-11-22-015641_png.rf.3c9f354ad8db32ac2b992e258b74a66f.jpg,C:\Users\venka\Documents\Project\data\processed\train\Onychogryphosis\Screenshot-2021-11-22-015641_png.rf.3c9f354ad8db32ac2b992e258b74a66f.jpg,953926cc7b86cd4a
train,Onychogryphosis,Screenshot-2021-11-22-015705_png.rf.338baf61daba5ba6d9080fa887b7c484.jpg,C:\Users\venka\Documents\Project\data\processed\train\Onychogryphosis\Screenshot-2021-11-22-015705_png.rf.338baf61daba5ba6d9080fa887b7c484.jpg,80bf3f080fca66d6
train,Onychogryphosis,Screenshot-2021-11-22-015705_png.rf.36a37f755d1cf33815c8345871751bd7.jpg,C:\Users\venka\Documents\Project\data\processed\train\Onychogryphosis\Screenshot-2021-11-22-015705_png.rf.36a37f755d1cf33815c8345871751bd7.jpg,807f470d793177c2
train,Onychogryphosis,Screenshot-2021-11-22-015705_png.rf.60716107073c81e743ec443f5aea59ca.jpg,C:\Users\venka\Documents\Project\data\processed\train\Onychogryphosis\Screenshot-2021-11-22-015705_png.rf.60716107073c81e743ec443f5aea59ca.jpg,d5ea3a1748ba1371
train,Onychogryphosis,Screenshot-2021-11-22-015804_png.rf.b5e533943da810ded484191a24390f9c.jpg,C:\Users\venka\Documents\Project\data\processed\train\Onychogryphosis\Screenshot-2021-11-22-015804_png.rf.b5e533943da810ded484191a24390f9c.jpg,803d33b77c94325b
train,Onychogryphosis,Screenshot-2021-11-22-015804_png.rf.eeeee48f00b9413dbb2f59d7580266d6.jpg,C:\Users\venka\Documents\Project\data\processed\train\Onychogryphosis\Screenshot-2021-11-22-015804_png.rf.eeeee48f00b9413dbb2f59d7580266d6.jpg,95717a8c73877286
train,Onychogryphosis,Screenshot-2021-11-22-015947_png.rf.d69475e06e463539025ed4c64f928081.jpg,C:\Users\venka\Documents\Project\data\processed\train\Onychogryphosis\Screenshot-2021-11-22-015947_png.rf.d69475e06e463539025ed4c64f928081.jpg,c4d0f3971c2f3307
train,Onychogryphosis,Screenshot-2021-11-22-015947_png.rf.f9a17a61d22feedbcdf9e3c6d08a74c9.jpg,C:\Users\venka\Documents\Project\data\processed\train\Onychogryphosis\Screenshot-2021-11-22-015947_png.rf.f9a17a61d22feedbcdf9e3c6d08a74c9.jpg,d4e07e9f2a09219f
train,Onychogryphosis,Screenshot-2021-11-22-020004_png.rf.a463330d2d04fcd941a89773ad7e41c3.jpg,C:\Users\venka\Documents\Project\data\processed\train\Onychogryphosis\Screenshot-2021-11-22-020004_png.rf.a463330d2d04fcd941a89773ad7e41c3.jpg,c0b42bc237c93ced
train,Onychogryphosis,Screenshot-2021-11-22-020004_png.rf.a8db119c7a0fd10090496f8048aa0b66.jpg,C:\Users\venka\Documents\Project\data\processed\train\Onychogryphosis\Screenshot-2021-11-22-020004_png.rf.a8db119c7a0fd10090496f8048aa0b66.jpg,c0942dc336c53f7c
train,Onychogryphosis,Screenshot-2021-11-22-020018_png.rf.dfd44267115d56fa7372298e0f243ed8.jpg,C:\Users\venka\Documents\Project\data\processed\train\Onychogryphosis\Screenshot-2021-11-22-020018_png.rf.dfd44267115d56fa7372298e0f243ed8.jpg,9294d9c269da359b
train,Onychogryphosis,Screenshot-2021-11-22-020049_png.rf.47b30dc04f78452ec4c445c167613ab4.jpg,C:\Users\venka\Documents\Project\data\processed\train\Onychogryphosis\Screenshot-2021-11-22-020049_png.rf.47b30dc04f78452ec4c445c167613ab4.jpg,9c9c635f29621f61
train,Onychogryphosis,Screenshot-2021-11-22-020049_png.rf.61eafac08f2ffd94b49fbb0fb50e2f48.jpg,C:\Users\venka\Documents\Project\data\processed\train\Onychogryphosis\Screenshot-2021-11-22-020049_png.rf.61eafac08f2ffd94b49fbb0fb50e2f48.jpg,9c615b9839a76786
train,Onychogryphosis,Screenshot-2021-11-22-020049_png.rf.a67296782098daa913f925cd19a5cb92.jpg,C:\Users\venka\Documents\Project\data\processed\train\Onychogryphosis\Screenshot-2021-11-22-020049_png.rf.a67296782098daa913f925cd19a5cb92.jpg,d5cb2925ca19b6c6
train,Onychogryphosis,Screenshot-2021-11-22-020439_png.rf.3aa890c70c4e5a00bf4d3a0fa1bdcd7c.jpg,C:\Users\venka\Documents\Project\data\processed\train\Onychogryphosis\Screenshot-2021-11-22-020439_png.rf.3aa890c70c4e5a00bf4d3a0fa1bdcd7c.jpg,80bf5dd2348e433b
train,Onychogryphosis,Screenshot-2021-11-22-020439_png.rf.7b7e20bc20fa377ac82699c42df2df81.jpg,C:\Users\venka\Documents\Project\data\processed\train\Onychogryphosis\Screenshot-2021-11-22-020439_png.rf.7b7e20bc20fa377ac82699c42df2df81.jpg,c0df450f4e383b53
train,Onychogryphosis,Screenshot-2021-11-22-020526_png.rf.6395c5a1501123d3f772ebaf48fd223f.jpg,C:\Users\venka\Documents\Project\data\processed\train\Onychogryphosis\Screenshot-2021-11-22-020526_png.rf.6395c5a1501123d3f772ebaf48fd223f.jpg,a4bd112a07b33cd7
train,Onychogryphosis,Screenshot-2021-11-22-020526_png.rf.81ea43168eacc262b03bafa60d92b55f.jpg,C:\Users\venka\Documents\Project\data\processed\train\Onychogryphosis\Screenshot-2021-11-22-020526_png.rf.81ea43168eacc262b03bafa60d92b55f.jpg,b595580f073b3974
train,Onychogryphosis,Screenshot-2021-11-22-020714_png.rf.4825f855bffbad9b8ee06b1baa830fd9.jpg,C:\Users\venka\Documents\Project\data\processed\train\Onychogryphosis\Screenshot-2021-11-22-020714_png.rf.4825f855bffbad9b8ee06b1baa830fd9.jpg,95d59fc6261b3125
train,Onychogryphosis,Screenshot-2021-11-22-021051_png.rf.7569aec07c9b4af50a67f35715dda1a3.jpg,C:\Users\venka\Documents\Project\data\processed\train\Onychogryphosis\Screenshot-2021-11-22-021051_png.rf.7569aec07c9b4af50a67f35715dda1a3.jpg,95e8487a74656bc3
train,Onychogryphosis,Screenshot-2021-11-22-021051_png.rf.76dc31df462f2064f2d99db1c9797404.jpg,C:\Users\venka\Documents\Project\data\processed\train\Onychogryphosis\Screenshot-2021-11-22-021051_png.rf.76dc31df462f2064f2d99db1c9797404.jpg,81b57eb2518275ab
train,Onychogryphosis,Screenshot-2021-11-22-021538_png.rf.193279b42d96415544372f0eb341be7a.jpg,C:\Users\venka\Documents\Project\data\processed\train\Onychogryphosis\Screenshot-2021-11-22-021538_png.rf.193279b42d96415544372f0eb341be7a.jpg,c03f6ba0e6cd15c5
train,Onychogryphosis,Screenshot-2021-11-22-021538_png.rf.e78da1061185d8372f3755fab51a0827.jpg,C:\Users\venka\Documents\Project\data\processed\train\Onychogryphosis\Screenshot-2021-11-22-021538_png.rf.e78da1061185d8372f3755fab51a0827.jpg,c8dfc0992bc9350f
train,Onychogryphosis,Screenshot-2021-11-22-021538_png.rf.fa04c9c6e4d04c578404536f482261c1.jpg,C:\Users\venka\Documents\Project\data\processed\train\Onychogryphosis\Screenshot-2021-11-22-021538_png.rf.fa04c9c6e4d04c578404536f482261c1.jpg,95df601a2a2f7a2c
train,Onychogryphosis,Screenshot-2021-11-22-021607_png.rf.15ad7c87e5839b7d8fb2544c58c736e2.jpg,C:\Users\venka\Documents\Project\data\processed\train\Onychogryphosis\Screenshot-2021-11-22-021607_png.rf.15ad7c87e5839b7d8fb2544c58c736e2.jpg,853d64a64e9f5c8c
train,Onychogryphosis,Screenshot-2021-11-22-021607_png.rf.283e44c5ffe1777da75ef1a6e450b4a7.jpg,C:\Users\venka\Documents\Project\data\processed\train\Onychogryphosis\Screenshot-2021-11-22-021607_png.rf.283e44c5ffe1777da75ef1a6e450b4a7.jpg,85c37a34d5536a6a
train,Onychogryphosis,Screenshot-2021-11-22-021607_png.rf.b3ab0b338cca119a33ad868185944ac6.jpg,C:\Users\venka\Documents\Project\data\processed\train\Onychogryphosis\Screenshot-2021-11-22-021607_png.rf.b3ab0b338cca119a33ad868185944ac6.jpg,d5802ac41f6b457f
train,Onychogryphosis,Screenshot-2021-11-22-021657_png.rf.1663ade41c650617722864989a9c8700.jpg,C:\Users\venka\Documents\Project\data\processed\train\Onychogryphosis\Screenshot-2021-11-22-021657_png.rf.1663ade41c650617722864989a9c8700.jpg,98bd3590462fda96
train,Onychogryphosis,Screenshot-2021-11-22-021657_png.rf.5052be7357cadadbdffdbb52bfdd3b05.jpg,C:\Users\venka\Documents\Project\data\processed\train\Onychogryphosis\Screenshot-2021-11-22-021657_png.rf.5052be7357cadadbdffdbb52bfdd3b05.jpg,c07ac3e03ce70fe8
train,Onychogryphosis,Screenshot-2021-11-22-021657_png.rf.d24c6cce166ca2ccb31343ae5a792519.jpg,C:\Users\venka\Documents\Project\data\processed\train\Onychogryphosis\Screenshot-2021-11-22-021657_png.rf.d24c6cce166ca2ccb31343ae5a792519.jpg,dd62016837ed1e6a
train,pitting,100_JPG.rf.8cf423010c668a4010e40f6d260e7bda.jpg,C:\Users\venka\Documents\Project\data\processed\train\pitting\100_JPG.rf.8cf423010c668a4010e40f6d260e7bda.jpg,959d28b272996b9a
train,pitting,100_JPG.rf.a80bfbf37fe7c3ba475cd65f7bab9b34.jpg,C:\Users\venka\Documents\Project\data\processed\train\pitting\100_JPG.rf.a80bfbf37fe7c3ba475cd65f7bab9b34.jpg,81aa6a7d4dcd8f84
train,pitting,102_JPG.rf.5553a6135edab07140e1e9ac55d36afa.jpg,C:\Users\venka\Documents\Project\data\processed\train\pitting\102_JPG.rf.5553a6135edab07140e1e9ac55d36afa.jpg,95522bca2b4b3a6b
train,pitting,102_JPG.rf.9c2bf2de4ef96893a903c5d2f57cd408.jpg,C:\Users\venka\Documents\Project\data\processed\train\pitting\102_JPG.rf.9c2bf2de4ef96893a903c5d2f57cd408.jpg,cf82407f1ddc3cc8
train,pitting,102_JPG.rf.d5b25b4072d9e45ddccc0e7c7d67412e.jpg,C:\Users\venka\Documents\Project\data\processed\train\pitting\102_JPG.rf.d5b25b4072d9e45ddccc0e7c7d67412e.jpg,80403fa7709e7bba
train,pitting,104_JPG.rf.6d1a147afa3346d315f6e75fa8449ef1.jpg,C:\Users\venka\Documents\Project\data\processed\train\pitting\104_JPG.rf.6d1a147afa3346d315f6e75fa8449ef1.jpg,df8028ff87097e05
train,pitting,104_JPG.rf.b9669d6c0d5b26603ccef66ac5890a1f.jpg,C:\Users\venka\Documents\Project\data\processed\train\pitting\104_JPG.rf.b9669d6c0d5b26603ccef66ac5890a1f.jpg,916a2f3f253d2534
train,pitting,105_JPG.rf.955d03cb8e35fc76ff56e4d9cd687692.jpg,C:\Users\venka\Documents\Project\data\processed\train\pitting\105_JPG.rf.955d03cb8e35fc76ff56e4d9cd687692.jpg,85582e3d2d2d3c3d
train,pitting,105_JPG.rf.a3a1184aec9eb5ad4cb498e786b71b89.jpg,C:\Users\venka\Documents\Project\data\processed\train\pitting\105_JPG.rf.a3a1184aec9eb5ad4cb498e786b71b89.jpg,859f3d803a743b6a
train,pitting,105_JPG.rf.d6b40c812af4617716bf95eeb085b269.jpg,C:\Users\venka\Documents\Project\data\processed\train\pitting\105_JPG.rf.d6b40c812af4617716bf95eeb085b269.jpg,c09b1f1e6bb56894
train,pitting,10_JPG.rf.18054ef450440910073b7e7d8b550ea7.jpg,C:\Users\venka\Documents\Project\data\processed\train\pitting\10_JPG.rf.18054ef450440910073b7e7d8b550ea7.jpg,d44b713dfa643072
train,pitting,10_JPG.rf.327ba59128b08ab2a466363fdacc2337.jpg,C:\Users\venka\Documents\Project\data\processed\train\pitting\10_JPG.rf.327ba59128b08ab2a466363fdacc2337.jpg,c13c67238e4b3ccd
train,pitting,10_JPG.rf.6024f56d80a39c5b43aebd073c87e42f.jpg,C:\Users\venka\Documents\Project\data\processed\train\pitting\10_JPG.rf.6024f56d80a39c5b43aebd073c87e42f.jpg,856e6035729e63b9
train,pitting,111_JPG.rf.676c29c101b5e226077d1a71a3a80c9b.jpg,C:\Users\venka\Documents\Project\data\processed\train\pitting\111_JPG.rf.676c29c101b5e226077d1a71a3a80c9b.jpg,d56a28705567376a
train,pitting,111_JPG.rf.bf91232d5fd30bc7d7508eac53e5db8c.jpg,C:\Users\venka\Documents\Project\data\processed\train\pitting\111_JPG.rf.bf91232d5fd30bc7d7508eac53e5db8c.jpg,d5a82efd68f46070
train,pitting,111_JPG.rf.c13cde7d7fc2150e38de91ae30d417f3.jpg,C:\Users\venka\Documents\Project\data\processed\train\pitting\111_JPG.rf.c13cde7d7fc2150e38de91ae30d417f3.jpg,d47f3a3838276227
train,pitting,112_JPG.rf.4a61af6ceaa29030b5965935eae3d3a0.jpg,C:\Users\venka\Documents\Project\data\processed\train\pitting\112_JPG.rf.4a61af6ceaa29030b5965935eae3d3a0.jpg,88647cdd74d07077
train,pitting,112_JPG.rf.ef572a5574aaf9b8839f6f4120c9ffac.jpg,C:\Users\venka\Documents\Project\data\processed\train\pitting\112_JPG.rf.ef572a5574aaf9b8839f6f4120c9ffac.jpg,d1aa252991f55575
train,pitting,113_JPG.rf.a99eaf9556734f053f7343c79112f9f7.jpg,C:\Users\venka\Documents\Project\data\processed\train\pitting\113_JPG.rf.a99eaf9556734f053f7343c79112f9f7.jpg,80546bc32fea2faa
train,pitting,113_JPG.rf.e9450e0dbf3a0e3b588abe6cbbf9bd09.jpg,C:\Users\venka\Documents\Project\data\processed\train\pitting\113_JPG.rf.e9450e0dbf3a0e3b588abe6cbbf9bd09.jpg,c52b4e754f603e25
train,pitting,115_JPG.rf.1093c0f6850fd6e600ee619e45f86d0f.jpg,C:\Users\venka\Documents\Project\data\processed\train\pitting\115_JPG.rf.1093c0f6850fd6e600ee619e45f86d0f.jpg,d5856aba21713d47
train,pitting,115_JPG.rf.25da2042a343b93974bce8a64d98a236.jpg,C:\Users\venka\Documents\Project\data\processed\train\pitting\115_JPG.rf.25da2042a343b93974bce8a64d98a236.jpg,956a687f25903e87
train,pitting,115_JPG.rf.83aa064b00b75267b31fc93cc40b6285.jpg,C:\Users\venka\Documents\Project\data\processed\train\pitting\115_JPG.rf.83aa064b00b75267b31fc93cc40b6285.jpg,d58f2a953b20396b
train,pitting,116_JPG.rf.13aee8567d6a22a8ee31e47471850438.jpg,C:\Users\venka\Documents\Project\data\processed\train\pitting\116_JPG.rf.13aee8567d6a22a8ee31e47471850438.jpg,80b53f343f343672
train,pitting,116_JPG.rf.38d29e2b6a21e13c64713248d88fbe25.jpg,C:\Users\venka\Documents\Project\data\processed\train\pitting\116_JPG.rf.38d29e2b6a21e13c64713248d88fbe25.jpg,95cc6b3a61386739
train,pitting,117_JPG.rf.14930960ba6fda41b77fd4546614eda4.jpg,C:\Users\venka\Documents\Project\data\processed\train\pitting\117_JPG.rf.14930960ba6fda41b77fd4546614eda4.jpg,d4204a7f4bd74bc2
train,pitting,117_JPG.rf.5db846bf6d1ada1b3ca4b7fe737638e8.jpg,C:\Users\venka\Documents\Project\data\processed\train\pitting\117_JPG.rf.5db846bf6d1ada1b3ca4b7fe737638e8.jpg,db80054f3e5d3574
train,pitting,117_JPG.rf.f38c8e2d0ff67c4f860c287650e29eba.jpg,C:\Users\venka\Documents\Project\data\processed\train\pitting\117_JPG.rf.f38c8e2d0ff67c4f860c287650e29eba.jpg,d55f2a4a293e0d3c
train,pitting,119_jpg.rf.5d4d19dcfb0a055687224443e8e5cd04.jpg,C:\Users\venka\Documents\Project\data\processed\train\pitting\119_jpg.rf.5d4d19dcfb0a055687224443e8e5cd04.jpg,c5979ec22dca6b60
train,pitting,119_jpg.rf.9f1597f0ea6e5b3700cd38b147f8d8e9.jpg,C:\Users\venka\Documents\Project\data\processed\train\pitting\119_jpg.rf.9f1597f0ea6e5b3700cd38b147f8d8e9.jpg,953d8e343c9e38c3
train,pitting,11_png.rf.3b282f8c18ef5c4d5f82ca0bcf05f007.jpg,C:\Users\venka\Documents\Project\data\processed\train\pitting\11_png.rf.3b282f8c18ef5c4d5f82ca0bcf05f007.jpg,d8e0239f3c1e3b0b
train,pitting,11_png.rf.e9ba0e46345c6b3a2dd77c1bf208c418.jpg,C:\Users\venka\Documents\Project\data\processed\train\pitting\11_png.rf.e9ba0e46345c6b3a2dd77c1bf208c418.jpg,95c06a9e6b9d2f12
train,pitting,120_JPG.rf.7e92fa0a785de7b96cfdfd951ddc558e.jpg,C:\Users\venka\Documents\Project\data\processed\train\pitting\120_JPG.rf.7e92fa0a785de7b96cfdfd951ddc558e.jpg,d40f6cb0626f678c
train,pitting,120_JPG.rf.eb7386574801d4346d6095d61decbba6.jpg,C:\Users\venka\Documents\Project\data\processed\train\pitting\120_JPG.rf.eb7386574801d4346d6095d61decbba6.jpg,857a32a966966b96
train,pitting,121_JPG.rf.01813795e8153c1ca3ffbdbf3ef5c5c0.jpg,C:\Users\venka\Documents\Project\data\processed\train\pitting\121_JPG.rf.01813795e8153c1ca3ffbdbf3ef5c5c0.jpg,c0d03e9f361c1e3d
train,pitting,121_JPG.rf.8cb4dce21ac120000a6facb3cbd3ee82.jpg,C:\Users\venka\Documents\Project\data\processed\train\pitting\121_JPG.rf.8cb4dce21ac120000a6facb3cbd3ee82.jpg,81327ec56be93685
train,pitting,122_JPG.rf.7c6f3d23d143f80805168f949f0fd2d7.jpg,C:\Users\venka\Documents\Project\data\processed\train\pitting\122_JPG.rf.7c6f3d23d143f80805168f949f0fd2d7.jpg,d460017f0d7717f2
train,pitting,122_JPG.rf.831230383061db2047ac13d46e0a0309.jpg,C:\Users\venka\Documents\Project\data\processed\train\pitting\122_JPG.rf.831230383061db2047ac13d46e0a0309.jpg,8dbd73c7cd89180a
train,pitting,122_JPG.rf.8c68e3bd03063c6ada031cfbb03cc442.jpg,C:\Users\venka\Documents\Project\data\processed\train\pitting\122_JPG.rf.8c68e3bd03063c6ada031cfbb03cc442.jpg,d4ff23846f0b380b
train,pitting,124_JPG.rf.6e4134ed8f456889a34e797bd3d2a828.jpg,C:\Users\venka\Documents\Project\data\processed\train\pitting\124_JPG.rf.6e4134ed8f456889a34e797bd3d2a828.jpg,807535759533173e
train,pitting,126_JPG.rf.372fbad28457b8da7cbe482df957c190.jpg,C:\Users\venka\Documents\Project\data\processed\train\pitting\126_JPG.rf.372fbad28457b8da7cbe482df957c190.jpg,d0c947c9c3c94b6d
train,pitting,126_JPG.rf.4556e9cf4e9ceaf8c811e994d363df47.jpg,C:\Users\venka\Documents\Project\data\processed\train\pitting\126_JPG.rf.4556e9cf4e9ceaf8c811e994d363df47.jpg,80706a780f639f6f
train,pitting,127_JPG.rf.925937be10b8e60383d0a12b0c92a683.jpg,C:\Users\venka\Documents\Project\data\processed\train\pitting\127_JPG.rf.925937be10b8e60383d0a12b0c92a683.jpg,c515522b6abd6ad2
train,pitting,127_JPG.rf.f834a858815a735d4e2c7533898c48f3.jpg,C:\Users\venka\Documents\Project\data\processed\train\pitting\127_JPG.rf.f834a858815a735d4e2c7533898c48f3.jpg,94564ab54a956f96
train,pitting,130_JPG.rf.623b9e8b76f5b72efa5bec516e73d0f2.jpg,C:\Users\venka\Documents\Project\data\processed\train\pitting\130_JPG.rf.623b9e8b76f5b72efa5bec516e73d0f2.jpg,c0963f6d787463c8
train,pitting,130_JPG.rf.98b1f4e92dbdd91bd44d863c1b9a90e5.jpg,C:\Users\venka\Documents\Project\data\processed\train\pitting\130_JPG.rf.98b1f4e92dbdd91bd44d863c1b9a90e5.jpg,c9e4361b393d3334
train,pitting,130_JPG.rf.dccad67a78f35ba61e6ff1a6234fa14a.jpg,C:\Users\venka\Documents\Project\data\processed\train\pitting\130_JPG.rf.dccad67a78f35ba61e6ff1a6234fa14a.jpg,9594706bc9b166cd
train,pitting,132_JPG.rf.2034c093bb85323e02457456ce0e498a.jpg,C:\Users\venka\Documents\Project\data\processed\train\pitting\132_JPG.rf.2034c093bb85323e02457456ce0e498a.jpg,91807857e762e567
train,pitting,132_JPG.rf.4d82f2698a65b9cf922fcc681045b371.jpg,C:\Users\venka\Documents\Project\data\processed\train\pitting\132_JPG.rf.4d82f2698a65b9cf922fcc681045b371.jpg,c2c22d6c34f53367
train,pitting,133_JPG.rf.b3b3a8e9874a8b3de117d2a4aaabb9d0.jpg,C:\Users\venka\Documents\Project\data\processed\train\pitting\133_JPG.rf.b3b3a8e9874a8b3de117d2a4aaabb9d0.jpg,80fd5765478e478c
train,pitting,133_JPG.rf.b8d3b8cac5f34dce23c8a018bd90a63e.jpg,C:\Users\venka\Documents\Project\data\processed\train\pitting\133_JPG.rf.b8d3b8cac5f34dce23c8a018bd90a63e.jpg,809d0fc2dae961b7
train,pitting,134_JPG.rf.0cfedd3a99b5ff5f45242e3e47dcac2c.jpg,C:\Users\venka\Documents\Project\data\processed\train\pitting\134_JPG.rf.0cfedd3a99b5ff5f45242e3e47dcac2c.jpg,d59520952f193d7c
train,pitting,134_JPG.rf.80eb79e89054a69176edf2f508081b82.jpg,C:\Users\venka\Documents\Project\data\processed\train\pitting\134_JPG.rf.80eb79e89054a69176edf2f508081b82.jpg,d0286a7f407f486f
train,pitting,134_JPG.rf.9c4c75e59f7ab8f9ab32500b85bc9127.jpg,C:\Users\venka\Documents\Project\data\processed\train\pitting\134_JPG.rf.9c4c75e59f7ab8f9ab32500b85bc9127.jpg,807f77403f603f68
train,pitting,135_JPG.rf.2e8c19fc6a200208a927159b68688fd4.jpg,C:\Users\venka\Documents\Project\data\processed\train\pitting\135_JPG.rf.2e8c19fc6a200208a927159b68688fd4.jpg,d548373f2a29722d
train,pitting,135_JPG.rf.63c18b88fe9715be7e06e94c063a95c5.jpg,C:\Users\venka\Documents\Project\data\processed\train\pitting\135_JPG.rf.63c18b88fe9715be7e06e94c063a95c5.jpg,d5a97a952a962b86
train,pitting,136_JPG.rf.3e1781cdde5eabfb662a16e2fc9a21ff.jpg,C:\Users\venka\Documents\Project\data\processed\train\pitting\136_JPG.rf.3e1781cdde5eabfb662a16e2fc9a21ff.jpg,80ea57c17ec7620f
train,pitting,136_JPG.rf.8f01cf9ac957bd56fc347c770b5a2f45.jpg,C:\Users\venka\Documents\Project\data\processed\train\pitting\136_JPG.rf.8f01cf9ac957bd56fc347c770b5a2f45.jpg,8057763a6fab6b80
train,pitting,136_JPG.rf.f1e203faaa2a7e0b39b280385b7d60a0.jpg,C:\Users\venka\Documents\Project\data\processed\train\pitting\136_JPG.rf.f1e203faaa2a7e0b39b280385b7d60a0.jpg,85786a2b5f291f85
train,pitting,138_JPG.rf.770aefbabfc319d70159cbda56133274.jpg,C:\Users\venka\Documents\Project\data\processed\train\pitting\138_JPG.rf.770aefbabfc319d70159cbda56133274.jpg,c5bd559d44834a97
train,pitting,138_JPG.rf.7f25086f8d6f0411c5b251c1771974c5.jpg,C:\Users\venka\Documents\Project\data\processed\train\pitting\138_JPG.rf.7f25086f8d6f0411c5b251c1771974c5.jpg,d5284add4a784779
train,pitting,139_jpg.rf.34cc82efeb3157d34f7da288453ecbe9.jpg,C:\Users\venka\Documents\Project\data\processed\train\pitting\139_jpg.rf.34cc82efeb3157d34f7da288453ecbe9.jpg,894b376176d8789c
train,pitting,139_jpg.rf.53ef1c4a4cdb27013ef822c87d0311d0.jpg,C:\Users\venka\Documents\Project\data\processed\train\pitting\139_jpg.rf.53ef1c4a4cdb27013ef822c87d0311d0.jpg,d4d52b956aca274a
train,pitting,142_JPG.rf.334a6679d095e8a6448c39346e71ae71.jpg,C:\Users\venka\Documents\Project\data\processed\train\pitting\142_JPG.rf.334a6679d095e8a6448c39346e71ae71.jpg,96496bb6316296cd
train,pitting,142_JPG.rf.5b924fa87b40bd70d05775304594718d.jpg,C:\Users\venka\Documents\Project\data\processed\train\pitting\142_JPG.rf.5b924fa87b40bd70d05775304594718d.jpg,c53f069862936e4f
train,pitting,143_JPG.rf.04245d7ab8a14ba9ea61e7e22b252329.jpg,C:\Users\venka\Documents\Project\data\processed\train\pitting\143_JPG.rf.04245d7ab8a14ba9ea61e7e22b252329.jpg,946e7b304ccb26b5
train,pitting,143_JPG.rf.ed44ce91d8d0cafb44d7606d5b40b2f9.jpg,C:\Users\venka\Documents\Project\data\processed\train\pitting\143_JPG.rf.ed44ce91d8d0cafb44d7606d5b40b2f9.jpg,81c06e77683a6b5b
train,pitting,144_JPG.rf.55eea4eceeeccd120db3568108c63b23.jpg,C:\Users\venka\Documents\Project\data\processed\train\pitting\144_JPG.rf.55eea4eceeeccd120db3568108c63b23.jpg,80ae7f81787a706b
train,pitting,146_JPG.rf.6729964466db986217be629f14f3fe0e.jpg,C:\Users\venka\Documents\Project\data\processed\train\pitting\146_JPG.rf.6729964466db986217be629f14f3fe0e.jpg,d0fe4b8027270f97
train,pitting,146_JPG.rf.6d47df8a1deb4d9c27b8ad5a78368b38.jpg,C:\Users\venka\Documents\Project\data\processed\train\pitting\146_JPG.rf.6d47df8a1deb4d9c27b8ad5a78368b38.jpg,847f3b6435603fe0
train,pitting,146_JPG.rf.de5c27c25208ecae2f293d3b217fe0bd.jpg,C:\Users\venka\Documents\Project\data\processed\train\pitting\146_JPG.rf.de5c27c25208ecae2f293d3b217fe0bd.jpg,d0a0435f4577157e
train,pitting,149_JPG.rf.69c7278affdb726cb811e2fc7e7889d5.jpg,C:\Users\venka\Documents\Project\data\processed\train\pitting\149_JPG.rf.69c7278affdb726cb811e2fc7e7889d5.jpg,d6962b983c693437
train,pitting,149_JPG.rf.8dfcdddb21ad8aba122b548f538bbf15.jpg,C:\Users\venka\Documents\Project\data\processed\train\pitting\149_JPG.rf.8dfcdddb21ad8aba122b548f538bbf15.jpg,81957f9b7a4a2165
train,pitting,151_JPG.rf.cfb4aa0196480a17430dd5c388a32395.jpg,C:\Users\venka\Documents\Project\data\processed\train\pitting\151_JPG.rf.cfb4aa0196480a17430dd5c388a32395.jpg,81956a946f9a678d
train,pitting,151_JPG.rf.f38e8a66823dcd2c7a8a6d52bdf65935.jpg,C:\Users\venka\Documents\Project\data\processed\train\pitting\151_JPG.rf.f38e8a66823dcd2c7a8a6d52bdf65935.jpg,d5680a412bef3787
train,pitting,152_jpg.rf.24c238a17812fa9f58795792b8c5f676.jpg,C:\Users\venka\Documents\Project\data\processed\train\pitting\152_jpg.rf.24c238a17812fa9f58795792b8c5f676.jpg,d2966a946b976896
train,pitting,152_jpg.rf.6d6bf6bfe5c85794e5eb68aebc433df5.jpg,C:\Users\venka\Documents\Project\data\processed\train\pitting\152_jpg.rf.6d6bf6bfe5c85794e5eb68aebc433df5.jpg,f50d02f22ada2cdb
train,pitting,154_jpg.rf.16b223f125aeaf6aed4460c8fb56ee41.jpg,C:\Users\venka\Documents\Project\data\processed\train\pitting\154_jpg.rf.16b223f125aeaf6aed4460c8fb56ee41.jpg,83457e9ed094c36b
train,pitting,154_jpg.rf.74f15d863d58e3f40efaa79f6061cbe0.jpg,C:\Users\venka\Documents\Project\data\processed\train\pitting\154_jpg.rf.74f15d863d58e3f40efaa79f6061cbe0.jpg,81427fbde0bd9a48
train,pitting,155_JPG.rf.60f065d7ec40ad904b3820473c4710e9.jpg,C:\Users\venka\Documents\Project\data\processed\train\pitting\155_JPG.rf.60f065d7ec40ad904b3820473c4710e9.jpg,d09b6b987ab46991
train,pitting,155_JPG.rf.8852a4a8b645a308d6e8991bc66bb528.jpg,C:\Users\venka\Documents\Project\data\processed\train\pitting\155_JPG.rf.8852a4a8b645a308d6e8991bc66bb528.jpg,df9960520bae3566
train,pitting,155_JPG.rf.905f51fad45c95769a4169aca6f8dfa6.jpg,C:\Users\venka\Documents\Project\data\processed\train\pitting\155_JPG.rf.905f51fad45c95769a4169aca6f8dfa6.jpg,d017c76da66c1ce4
train,pitting,157_JPG.rf.5c81f6937bdd719c4faa3542a59410e4.jpg,C:\Users\venka\Documents\Project\data\processed\train\pitting\157_JPG.rf.5c81f6937bdd719c4faa3542a59410e4.jpg,805772703f7a3a69
train,pitting,157_JPG.rf.86356f126bec011ea60a8b6e3476b17b.jpg,C:\Users\venka\Documents\Project\data\processed\train\pitting\157_JPG.rf.86356f126bec011ea60a8b6e3476b17b.jpg,909f43a86a9d3dca
train,pitting,157_JPG.rf.a22f37208726e46753efa794c3d24fcf.jpg,C:\Users\venka\Documents\Project\data\processed\train\pitting\157_JPG.rf.a22f37208726e46753efa794c3d24fcf.jpg,80ba6f0545a755be
train,pitting,158_JPG.rf.856077afdff2cc24a02fa7d85d73d96f.jpg,C:\Users\venka\Documents\Project\data\processed\train\pitting\158_JPG.rf.856077afdff2cc24a02fa7d85d73d96f.jpg,9a7f61765a1a6918
train,pitting,158_JPG.rf.869b4d02705f31966e34a93967b49f7c.jpg,C:\Users\venka\Documents\Project\data\processed\train\pitting\158_JPG.rf.869b4d02705f31966e34a93967b49f7c.jpg,94de69817a8165e7
train,pitting,158_JPG.rf.997a1f4ce194be11e053f7fa2c0ac199.jpg,C:\Users\venka\Documents\Project\data\processed\train\pitting\158_JPG.rf.997a1f4ce194be11e053f7fa2c0ac199.jpg,817c5f884f925f0b
train,pitting,159_JPG.rf.732108fd1144e84dc27857c930a26772.jpg,C:\Users\venka\Documents\Project\data\processed\train\pitting\159_JPG.rf.732108fd1144e84dc27857c930a26772.jpg,d4a852606b6f6937
train,pitting,159_JPG.rf.fc3c855c09b3b602759cbde96a115b20.jpg,C:\Users\venka\Documents\Project\data\processed\train\pitting\159_JPG.rf.fc3c855c09b3b602759cbde96a115b20.jpg,d58a90e506f51af5
train,pitting,15_JPG.rf.7e40221a2e58ca67f185786b29e3d9d2.jpg,C:\Users\venka\Documents\Project\data\processed\train\pitting\15_JPG.rf.7e40221a2e58ca67f185786b29e3d9d2.jpg,ed3f121a4aa56a27
train,pitting,160_JPG.rf.4dd7d36015e29b03a1d2c6871e2eeeee.jpg,C:\Users\venka\Documents\Project\data\processed\train\pitting\160_JPG.rf.4dd7d36015e29b03a1d2c6871e2eeeee.jpg,91687ccf63c64e4a
train,pitting,160_JPG.rf.de98f214510ad940af5e984a097d17dd.jpg,C:\Users\venka\Documents\Project\data\processed\train\pitting\160_JPG.rf.de98f214510ad940af5e984a097d17dd.jpg,81813f8778df41dc
train,pitting,161_JPG.rf.70acf04491a5bda97ee009afdb8ef314.jpg,C:\Users\venka\Documents\Project\data\processed\train\pitting\161_JPG.rf.70acf04491a5bda97ee009afdb8ef314.jpg,c170397a2d1b368f
train,pitting,163_JPG.rf.25009247303ddb1bc93cc535fb62e6ff.jpg,C:\Users\venka\Documents\Project\data\processed\train\pitting\163_JPG.rf.25009247303ddb1bc93cc535fb62e6ff.jpg,d47f4a292f252c35
train,pitting,163_JPG.rf.63ae6f646797c2efeeba5c17784d1770.jpg,C:\Users\venka\Documents\Project\data\processed\train\pitting\163_JPG.rf.63ae6f646797c2efeeba5c17784d1770.jpg,d4850ad22fda3e4e
train,pitting,163_JPG.rf.fe727da496ca5716515f266fd625b62c.jpg,C:\Users\venka\Documents\Project\data\processed\train\pitting\163_JPG.rf.fe727da496ca5716515f266fd625b62c.jpg,807a5f6a7e2934a5
train,pitting,164_JPG.rf.0cb925f8e626b87ef1b2fb8c067398dc.jpg,C:\Users\venka\Documents\Project\data\processed\train\pitting\164_JPG.rf.0cb925f8e626b87ef1b2fb8c067398dc.jpg,954f2a2f7db440a3
train,pitting,164_JPG.rf.bfd95d9ef53f1b620cb936ab284d2dec.jpg,C:\Users\venka\Documents\Project\data\processed\train\pitting\164_JPG.rf.bfd95d9ef53f1b620cb936ab284d2dec.jpg,859c2efd7ec468c0
train,pitting,165_jpg.rf.243fa1bdcc2e4beea0f0ee17778fc658.jpg,C:\Users\venka\Documents\Project\data\processed\train\pitting\165_jpg.rf.243fa1bdcc2e4beea0f0ee17778fc658.jpg,80d46b74e969b5ca
train,pitting,165_jpg.rf.929ebf8172a3c30e337327ded22c1140.jpg,C:\Users\venka\Documents\Project\data\processed\train\pitting\165_jpg.rf.929ebf8172a3c30e337327ded22c1140.jpg,d51b6a956a902bd3
train,pitting,166_jpg.rf.37e2ec554731ee3ed40afabf1965a59c.jpg,C:\Users\venka\Documents\Project\data\processed\train\pitting\166_jpg.rf.37e2ec554731ee3ed40afabf1965a59c.jpg,80f53f4a1d2b542f
train,pitting,167_jpg.rf.e286d518ed6e4f245d870e12d1d1225c.jpg,C:\Users\venka\Documents\Project\data\processed\train\pitting\167_jpg.rf.e286d518ed6e4f245d870e12d1d1225c.jpg,9e6a68a567865a9c
train,pitting,168_jpg.rf.2bb69151eb3c12d3744188165be077db.jpg,C:\Users\venka\Documents\Project\data\processed\train\pitting\168_jpg.rf.2bb69151eb3c12d3744188165be077db.jpg,887f617e42656a74
train,pitting,168_jpg.rf.9832aef2582adbab72f5c4c89ab7f7de.jpg,C:\Users\venka\Documents\Project\data\processed\train\pitting\168_jpg.rf.9832aef2582adbab72f5c4c89ab7f7de.jpg,d5a163b74a954a95
train,pitting,168_jpg.rf.ef77e606f8804861f8dd9a2b072e8bbd.jpg,C:\Users\venka\Documents\Project\data\processed\train\pitting\168_jpg.rf.ef77e606f8804861f8dd9a2b072e8bbd.jpg,d5a840654a6f1f6b
train,pitting,169_JPG.rf.2357def33c04e6f9d4f9e9d82e1807d1.jpg,C:\Users\venka\Documents\Project\data\processed\train\pitting\169_JPG.rf.2357def33c04e6f9d4f9e9d82e1807d1.jpg,85d5508a6a9f479e
train,pitting,169_JPG.rf.2d27d892380e72878d9200c5e9f8be15.jpg,C:\Users\venka\Documents\Project\data\processed\train\pitting\169_JPG.rf.2d27d892380e72878d9200c5e9f8be15.jpg,d07f09a43f251c3e
train,pitting,16_JPG.rf.0e9fd61c95d215715a46039474bb4cbd.jpg,C:\Users\venka\Documents\Project\data\processed\train\pitting\16_JPG.rf.0e9fd61c95d215715a46039474bb4cbd.jpg,807f15382a2f6a7e
train,pitting,16_JPG.rf.129ef05a250ffed974887b61c8b52319.jpg,C:\Users\venka\Documents\Project\data\processed\train\pitting\16_JPG.rf.129ef05a250ffed974887b61c8b52319.jpg,c1805a958bb52ef7
train,pitting,16_JPG.rf.89856df6c0fa2baced75073d98781b17.jpg,C:\Users\venka\Documents\Project\data\processed\train\pitting\16_JPG.rf.89856df6c0fa2baced75073d98781b17.jpg,d56a42690a652ff3
train,pitting,170_jpg.rf.5d3c53848761ed0a0c8781e4f0803561.jpg,C:\Users\venka\Documents\Project\data\processed\train\pitting\170_jpg.rf.5d3c53848761ed0a0c8781e4f0803561.jpg,c0c02d3f923ecb9b
train,pitting,170_jpg.rf.efda6138ef974d78fb31e359875d73bb.jpg,C:\Users\venka\Documents\Project\data\processed\train\pitting\170_jpg.rf.efda6138ef974d78fb31e359875d73bb.jpg,9e9665494b614d73
train,pitting,171_JPG.rf.24f87fd4df3f80afbb7af54238a1d339.jpg,C:\Users\venka\Documents\Project\data\processed\train\pitting\171_JPG.rf.24f87fd4df3f80afbb7af54238a1d339.jpg,d56a2acc6de076e0
train,pitting,171_JPG.rf.8cd7e14d3a56bb1a5dca69a331bc89fe.jpg,C:\Users\venka\Documents\Project\data\processed\train\pitting\171_JPG.rf.8cd7e14d3a56bb1a5dca69a331bc89fe.jpg,c07f3f2e3d3c3030
train,pitting,171_JPG.rf.f5ba8094ed9be10ce0f1af3071bfc9a7.jpg,C:\Users\venka\Documents\Project\data\processed\train\pitting\171_JPG.rf.f5ba8094ed9be10ce0f1af3071bfc9a7.jpg,95b46a8369da65c9
train,pitting,172_jpg.rf.04945ed48a8ae911c9c157ca8b4a2682.jpg,C:\Users\venka\Documents\Project\data\processed\train\pitting\172_jpg.rf.04945ed48a8ae911c9c157ca8b4a2682.jpg,da9625e91a550f72
train,pitting,172_jpg.rf.075e4b7a97e33b2dd521047233bb55d2.jpg,C:\Users\venka\Documents\Project\data\processed\train\pitting\172_jpg.rf.075e4b7a97e33b2dd521047233bb55d2.jpg,d5ca22359a972fa2
train,pitting,172_jpg.rf.c1e6ff5c342e842f326ca6f815df0531.jpg,C:\Users\venka\Documents\Project\data\processed\train\pitting\172_jpg.rf.c1e6ff5c342e842f326ca6f815df0531.jpg,c01d2f7a3e781ee0
train,pitting,173_jpg.rf.30a647d6f575603f9b487e22abd5cf19.jpg,C:\Users\venka\Documents\Project\data\processed\train\pitting\173_jpg.rf.30a647d6f575603f9b487e22abd5cf19.jpg,9450407d5f61277f
train,pitting,173_jpg.rf.b6bdf768006d2f6cda584b12d36f5e4d.jpg,C:\Users\venka\Documents\Project\data\processed\train\pitting\173_jpg.rf.b6bdf768006d2f6cda584b12d36f5e4d.jpg,c05f151e193e5b35
train,pitting,174_jpg.rf.042ead2558f8e6df2321a7fa39eab181.jpg,C:\Users\venka\Documents\Project\data\processed\train\pitting\174_jpg.rf.042ead2558f8e6df2321a7fa39eab181.jpg,d5956a522d6835e5
train,pitting,174_jpg.rf.0840cb7f61953d3a424d9adfb8c58294.jpg,C:\Users\venka\Documents\Project\data\processed\train\pitting\174_jpg.rf.0840cb7f61953d3a424d9adfb8c58294.jpg,83503e8f6196e79a
train,pitting,174_jpg.rf.67680fae1b7fcdece8dc47e5ec46f967.jpg,C:\Users\venka\Documents\Project\data\processed\train\pitting\174_jpg.rf.67680fae1b7fcdece8dc47e5ec46f967.jpg,852f3f797ac06087
train,pitting,175_jpg.rf.d24155ed3da24326fc59cd0916286a7e.jpg,C:\Users\venka\Documents\Project\data\processed\train\pitting\175_jpg.rf.d24155ed3da24326fc59cd0916286a7e.jpg,c485313b5edb6c64
train,pitting,176_JPG.rf.55419fbe8da8034650ee581a2ce5e24c.jpg,C:\Users\venka\Documents\Project\data\processed\train\pitting\176_JPG.rf.55419fbe8da8034650ee581a2ce5e24c.jpg,ca7d2bd4d572224a
train,pitting,176_JPG.rf.f677d0ac8a2b4bb4ac35242b9208a318.jpg,C:\Users\venka\Documents\Project\data\processed\train\pitting\176_JPG.rf.f677d0ac8a2b4bb4ac35242b9208a318.jpg,c0bf35851db532d2
train,pitting,177_jpg.rf.2ba35a9b9f1533a7d2a57fc3177d3495.jpg,C:\Users\venka\Documents\Project\data\processed\train\pitting\177_jpg.rf.2ba35a9b9f1533a7d2a57fc3177d3495.jpg,d0802f7e7c8fb131
train,pitting,177_jpg.rf.39322f2f97cba9a4fa883923a7e7256d.jpg,C:\Users\venka\Documents\Project\data\processed\train\pitting\177_jpg.rf.39322f2f97cba9a4fa883923a7e7256d.jpg,97c27abd699e3018
train,pitting,177_jpg.rf.bf88ce1c3ebb5b8ef42f48c785bef472.jpg,C:\Users\venka\Documents\Project\data\processed\train\pitting\177_jpg.rf.bf88ce1c3ebb5b8ef42f48c785bef472.jpg,86973cca636c6b68
train,pitting,178_jpg.rf.83a4d2d5eeaa5c61e56f9ca814c9e199.jpg,C:\Users\venka\Documents\Project\data\processed\train\pitting\178_jpg.rf.83a4d2d5eeaa5c61e56f9ca814c9e199.jpg,96ca6934347273b9
train,pitting,178_jpg.rf.ba42292edf47fd08d5bbbb02219f8d4e.jpg,C:\Users\venka\Documents\Project\data\processed\train\pitting\178_jpg.rf.ba42292edf47fd08d5bbbb02219f8d4e.jpg,c8c0333e1f63b0fc
train,pitting,17_JPG.rf.adf8c8e01f09a59833f7616e1d78b630.jpg,C:\Users\venka\Documents\Project\data\processed\train\pitting\17_JPG.rf.adf8c8e01f09a59833f7616e1d78b630.jpg,849f77ae72a070b2
train,pitting,17_JPG.rf.d43e9d41115e9e81a17e945229d8cb83.jpg,C:\Users\venka\Documents\Project\data\processed\train\pitting\17_JPG.rf.d43e9d41115e9e81a17e945229d8cb83.jpg,d96f66d42bc84b48
train,pitting,180_JPG.rf.be054d69c564b8d3d775bfbb83100f1b.jpg,C:\Users\venka\Documents\Project\data\processed\train\pitting\180_JPG.rf.be054d69c564b8d3d775bfbb83100f1b.jpg,d0df43b4470b2787
train,pitting,182_JPG.rf.0a5e638d811f22ba7f88197285588926.jpg,C:\Users\venka\Documents\Project\data\processed\train\pitting\182_JPG.rf.0a5e638d811f22ba7f88197285588926.jpg,d07f252a0f3e0b33
train,pitting,182_JPG.rf.5e5d6b17e3b7372bcc8d8d1b7bc7c3e7.jpg,C:\Users\venka\Documents\Project\data\processed\train\pitting\182_JPG.rf.5e5d6b17e3b7372bcc8d8d1b7bc7c3e7.jpg,d47f40a24b872f87
train,pitting,183_JPG.rf.42022969a7bbc3c2d9d13b77fb34335b.jpg,C:\Users\venka\Documents\Project\data\processed\train\pitting\183_JPG.rf.42022969a7bbc3c2d9d13b77fb34335b.jpg,c17e3d70375a1949
train,pitting,183_JPG.rf.8d347d8e8125bcad56fee98397420e58.jpg,C:\Users\venka\Documents\Project\data\processed\train\pitting\183_JPG.rf.8d347d8e8125bcad56fee98397420e58.jpg,956a70e063cf0f8e
train,pitting,184_JPG.rf.2482831fb34037a233fd13cf9b769ee7.jpg,C:\Users\venka\Documents\Project\data\processed\train\pitting\184_JPG.rf.2482831fb34037a233fd13cf9b769ee7.jpg,854a75c14fce6a39
train,pitting,184_JPG.rf.4279191bbc55f859b0718f28eae8173d.jpg,C:\Users\venka\Documents\Project\data\processed\train\pitting\184_JPG.rf.4279191bbc55f859b0718f28eae8173d.jpg,c42932f599e68976
train,pitting,184_JPG.rf.ee4f2a97f2ee6ac3a8f994ba309d05d6.jpg,C:\Users\venka\Documents\Project\data\processed\train\pitting\184_JPG.rf.ee4f2a97f2ee6ac3a8f994ba309d05d6.jpg,d0e12bc13792f696
train,pitting,185_jpg.rf.6caf3b028ba25d6a1810b4a360c77208.jpg,C:\Users\venka\Documents\Project\data\processed\train\pitting\185_jpg.rf.6caf3b028ba25d6a1810b4a360c77208.jpg,c41f3bc04e3739c9
train,pitting,185_jpg.rf.bd44e53439fb2f480831cf82825a4c93.jpg,C:\Users\venka\Documents\Project\data\processed\train\pitting\185_jpg.rf.bd44e53439fb2f480831cf82825a4c93.jpg,d5186a6b26f662d1
train,pitting,185_jpg.rf.e72a1951e9623a9a305e87e406e5e1bd.jpg,C:\Users\venka\Documents\Project\data\processed\train\pitting\185_jpg.rf.e72a1951e9623a9a305e87e406e5e1bd.jpg,80d53f6bc8b837a1
train,pitting,186_JPG.rf.d51b82ad95618426a7d3133e2462a5cf.jpg,C:\Users\venka\Documents\Project\data\processed\train\pitting\186_JPG.rf.d51b82ad95618426a7d3133e2462a5cf.jpg,c07427d21fcb3f84
train,pitting,186_JPG.rf.d6c963815162e3ca156d97297a6b990a.jpg,C:\Users\venka\Documents\Project\data\processed\train\pitting\186_JPG.rf.d6c963815162e3ca156d97297a6b990a.jpg,956a3e4f23bf0c90
train,pitting,187_JPG.rf.7845e2374590b9e62d31dbf7153cb635.jpg,C:\Users\venka\Documents\Project\data\processed\train\pitting\187_JPG.rf.7845e2374590b9e62d31dbf7153cb635.jpg,97506c5fce6258a5
train,pitting,187_JPG.rf.8878539789f0a8b3fa5030455e9ab027.jpg,C:\Users\venka\Documents\Project\data\processed\train\pitting\187_JPG.rf.8878539789f0a8b3fa5030455e9ab027.jpg,97276cc03ada1eca
train,pitting,188_JPG.rf.606794e37c73a5ba3c33794084151ab9.jpg,C:\Users\venka\Documents\Project\data\processed\train\pitting\188_JPG.rf.606794e37c73a5ba3c33794084151ab9.jpg,c4153e787a784bc9
train,pitting,188_JPG.rf.dbaea1bef0929d67eaa9db32bb6d63b1.jpg,C:\Users\venka\Documents\Project\data\processed\train\pitting\188_JPG.rf.dbaea1bef0929d67eaa9db32bb6d63b1.jpg,95926a2a6b6d2d6c
train,pitting,188_JPG.rf.f007b084ee82473d8d1bf0ce6cf16804.jpg,C:\Users\venka\Documents\Project\data\processed\train\pitting\188_JPG.rf.f007b084ee82473d8d1bf0ce6cf16804.jpg,c027696b786c3d2e
train,pitting,18_JPG.rf.436a0baface30f33e81f0def541454d9.jpg,C:\Users\venka\Documents\Project\data\processed\train\pitting\18_JPG.rf.436a0baface30f33e81f0def541454d9.jpg,812a3f7536747652
train,pitting,18_JPG.rf.a85639c20f3337527c0ed0962d0a8866.jpg,C:\Users\venka\Documents\Project\data\processed\train\pitting\18_JPG.rf.a85639c20f3337527c0ed0962d0a8866.jpg,80857ad16bd07fca
train,pitting,191_JPG.rf.418997058565ec6ec0c8ad5280f0304d.jpg,C:\Users\venka\Documents\Project\data\processed\train\pitting\191_JPG.rf.418997058565ec6ec0c8ad5280f0304d.jpg,d56b30e912e51a4f
train,pitting,192_JPG.rf.2a8d3ebfb40d56b2a1ee49d37739f97f.jpg,C:\Users\venka\Documents\Project\data\processed\train\pitting\192_JPG.rf.2a8d3ebfb40d56b2a1ee49d37739f97f.jpg,90806c77536b8bed
train,pitting,192_JPG.rf.6a31e292b3753784616aa8de8f8ca9a9.jpg,C:\Users\venka\Documents\Project\data\processed\train\pitting\192_JPG.rf.6a31e292b3753784616aa8de8f8ca9a9.jpg,ea5d3433870f1c2e
train,pitting,192_JPG.rf.7127a76c46ab1a8e60819916e4f492e2.jpg,C:\Users\venka\Documents\Project\data\processed\train\pitting\192_JPG.rf.7127a76c46ab1a8e60819916e4f492e2.jpg,c06b2f355e5e1958
train,pitting,193_JPG.rf.9ccf6d7ae76667152ca6f00dde825033.jpg,C:\Users\venka\Documents\Project\data\processed\train\pitting\193_JPG.rf.9ccf6d7ae76667152ca6f00dde825033.jpg,806e1f6b1ee519c9
train,pitting,194_JPG.rf.f1e6750d9f485fc406a8092aa8f0927c.jpg,C:\Users\venka\Documents\Project\data\processed\train\pitting\194_JPG.rf.f1e6750d9f485fc406a8092aa8f0927c.jpg,c0a127b73b9a0dd9
train,pitting,194_JPG.rf.fc8d57420792d74371cc4a80dabeab4d.jpg,C:\Users\venka\Documents\Project\data\processed\train\pitting\194_JPG.rf.fc8d57420792d74371cc4a80dabeab4d.jpg,c0812f7f5a645b72
train,pitting,195_JPG.rf.011c19a9470c782060ed9a93def381f6.jpg,C:\Users\venka\Documents\Project\data\processed\train\pitting\195_JPG.rf.011c19a9470c782060ed9a93def381f6.jpg,90616f9d3fa2d44a
train,pitting,195_JPG.rf.1f7f796030ff5bb0e454c4938659416e.jpg,C:\Users\venka\Documents\Project\data\processed\train\pitting\195_JPG.rf.1f7f796030ff5bb0e454c4938659416e.jpg,d5352aca36cd9136
train,pitting,195_JPG.rf.b9743ec101ccb8e56bb2c32c27e483be.jpg,C:\Users\venka\Documents\Project\data\processed\train\pitting\195_JPG.rf.b9743ec101ccb8e56bb2c32c27e483be.jpg,8afa7f054137ca4a
train,pitting,197_JPG.rf.7ccbd8eab53a19e591a6a41bfe4fa4c7.jpg,C:\Users\venka\Documents\Project\data\processed\train\pitting\197_JPG.rf.7ccbd8eab53a19e591a6a41bfe4fa4c7.jpg,807f1f507f4a3a4a
train,pitting,197_JPG.rf.dd9cbcf8ae164da451e551f6ec617756.jpg,C:\Users\venka\Documents\Project\data\processed\train\pitting\197_JPG.rf.dd9cbcf8ae164da451e551f6ec617756.jpg,808045f51ed71fd7
train,pitting,198_JPG.rf.88336755f5ca2520773e8403c75c9f4f.jpg,C:\Users\venka\Documents\Project\data\processed\train\pitting\198_JPG.rf.88336755f5ca2520773e8403c75c9f4f.jpg,d5802af12bc7359e
train,pitting,198_JPG.rf.e0156686bd1a7d1b18b8020bbbad73b8.jpg,C:\Users\venka\Documents\Project\data\processed\train\pitting\198_JPG.rf.e0156686bd1a7d1b18b8020bbbad73b8.jpg,85f45f2a1a2b4b27
train,pitting,199_JPG.rf.15294abd7d2a6e2598596c4cc7506f7c.jpg,C:\Users\venka\Documents\Project\data\processed\train\pitting\199_JPG.rf.15294abd7d2a6e2598596c4cc7506f7c.jpg,957a2f6531ca96c8
train,pitting,199_JPG.rf.4b33f2a59afbf337c99fdf8b5ea09b50.jpg,C:\Users\venka\Documents\Project\data\processed\train\pitting\199_JPG.rf.4b33f2a59afbf337c99fdf8b5ea09b50.jpg,c03f783a619c4fc3
train,pitting,199_JPG.rf.cc991f91b54c72b18c5b3fb971eef192.jpg,C:\Users\venka\Documents\Project\data\processed\train\pitting\199_JPG.rf.cc991f91b54c72b18c5b3fb971eef192.jpg,957a6ab562962aca
train,pitting,19_JPG.rf.8583465f443942b570fc9621d8e01ef0.jpg,C:\Users\venka\Documents\Project\data\processed\train\pitting\19_JPG.rf.8583465f443942b570fc9621d8e01ef0.jpg,85743a1b6a4b6a6b
train,pitting,19_JPG.rf.9d1202aa0bce65ec12d14c0fe32a1846.jpg,C:\Users\venka\Documents\Project\data\processed\train\pitting\19_JPG.rf.9d1202aa0bce65ec12d14c0fe32a1846.jpg,827d698a55b26997
train,pitting,19_JPG.rf.c4968d746c5dc3d079a141fcf521035b.jpg,C:\Users\venka\Documents\Project\data\processed\train\pitting\19_JPG.rf.c4968d746c5dc3d079a141fcf521035b.jpg,81d06ab56a3b3f61
train,pitting,200_JPG.rf.0b61d06c2366c7a425214ee432950a67.jpg,C:\Users\venka\Documents\Project\data\processed\train\pitting\200_JPG.rf.0b61d06c2366c7a425214ee432950a67.jpg,d5936b956a952a94
train,pitting,201_JPG.rf.1c2266d21018bf4eef10a5dbae2560fd.jpg,C:\Users\venka\Documents\Project\data\processed\train\pitting\201_JPG.rf.1c2266d21018bf4eef10a5dbae2560fd.jpg,947e618327962eda
train,pitting,201_JPG.rf.ad50879a3e60bcc6cf5901b47a891394.jpg,C:\Users\venka\Documents\Project\data\processed\train\pitting\201_JPG.rf.ad50879a3e60bcc6cf5901b47a891394.jpg,845e6a714f600fe7
train,pitting,201_JPG.rf.f048200a6b6ff75d66c19b299e6647e9.jpg,C:\Users\venka\Documents\Project\data\processed\train\pitting\201_JPG.rf.f048200a6b6ff75d66c19b299e6647e9.jpg,c0a22df537d51ac3
train,pitting,203_JPG.rf.012bc7801d52a38d592538f8d908f998.jpg,C:\Users\venka\Documents\Project\data\processed\train\pitting\203_JPG.rf.012bc7801d52a38d592538f8d908f998.jpg,c07e0f014f8e4f9e
train,pitting,203_JPG.rf.10a8e09d931e83000ed4b04afe454ff0.jpg,C:\Users\venka\Documents\Project\data\processed\train\pitting\203_JPG.rf.10a8e09d931e83000ed4b04afe454ff0.jpg,a03fc2a96f907c87
train,pitting,203_JPG.rf.df981716b195526c5fcc818ed0ba064e.jpg,C:\Users\venka\Documents\Project\data\processed\train\pitting\203_JPG.rf.df981716b195526c5fcc818ed0ba064e.jpg,a8d4d0c3470f4e7e
train,pitting,204_JPG.rf.3f7fa13cdd555cbe9604a4cb6ebc156f.jpg,C:\Users\venka\Documents\Project\data\processed\train\pitting\204_JPG.rf.3f7fa13cdd555cbe9604a4cb6ebc156f.jpg,80f51d526f6a2f2a
train,pitting,204_JPG.rf.7636af36367bc0772a34ea44414e5391.jpg,C:\Users\venka\Documents\Project\data\processed\train\pitting\204_JPG.rf.7636af36367bc0772a34ea44414e5391.jpg,852a547d5a7f4a38
train,pitting,206_JPG.rf.e2b27c9fad8a429d09d10eb88691c993.jpg,C:\Users\venka\Documents\Project\data\processed\train\pitting\206_JPG.rf.e2b27c9fad8a429d09d10eb88691c993.jpg,807f03c03fc31fc7
train,pitting,207_JPG.rf.749416fef19a7a276a00f0c7c97be69a.jpg,C:\Users\venka\Documents\Project\data\processed\train\pitting\207_JPG.rf.749416fef19a7a276a00f0c7c97be69a.jpg,956a52644d4732ef
train,pitting,207_JPG.rf.7d6d35c38974863b3308c1210210f9ec.jpg,C:\Users\venka\Documents\Project\data\processed\train\pitting\207_JPG.rf.7d6d35c38974863b3308c1210210f9ec.jpg,80bf5f9d399c2158
train,pitting,207_JPG.rf.ee3456da10953ef0f72f95ece15e4493.jpg,C:\Users\venka\Documents\Project\data\processed\train\pitting\207_JPG.rf.ee3456da10953ef0f72f95ece15e4493.jpg,d5802ad02bcd2fe7
train,pitting,209_JPG.rf.5b90d37d0af69d6dd9369b2c982b7fca.jpg,C:\Users\venka\Documents\Project\data\processed\train\pitting\209_JPG.rf.5b90d37d0af69d6dd9369b2c982b7fca.jpg,d5d74ab17e81248e
train,pitting,209_JPG.rf.c478f72793ada932e67179c41c9b3123.jpg,C:\Users\venka\Documents\Project\data\processed\train\pitting\209_JPG.rf.c478f72793ada932e67179c41c9b3123.jpg,d56a00643e7a39af
train,pitting,210_JPG.rf.6456e9af2307c3bc57fe3d3b47aef419.jpg,C:\Users\venka\Documents\Project\data\processed\train\pitting\210_JPG.rf.6456e9af2307c3bc57fe3d3b47aef419.jpg,9fc3c99219997a34
train,pitting,210_JPG.rf.6d8e2f8b37d1f541fd2e5d72afeb2164.jpg,C:\Users\venka\Documents\Project\data\processed\train\pitting\210_JPG.rf.6d8e2f8b37d1f541fd2e5d72afeb2164.jpg,d5822a7d257ad496
train,pitting,212_JPG.rf.2d0aea4dd244d428a407ed008ef51edc.jpg,C:\Users\venka\Documents\Project\data\processed\train\pitting\212_JPG.rf.2d0aea4dd244d428a407ed008ef51edc.jpg,d56012cd2acd3de6
train,pitting,212_JPG.rf.340eb1a44df836cb29de7d3ba0e8dcf6.jpg,C:\Users\venka\Documents\Project\data\processed\train\pitting\212_JPG.rf.340eb1a44df836cb29de7d3ba0e8dcf6.jpg,c5c202652f633d6f
train,pitting,212_JPG.rf.9a0290f7237525be643e21279eade970.jpg,C:\Users\venka\Documents\Project\data\processed\train\pitting\212_JPG.rf.9a0290f7237525be643e21279eade970.jpg,c53e20df3fc039d0
train,pitting,217_JPG.rf.3cc6d0be1b7a8e7717775330c19d0b78.jpg,C:\Users\venka\Documents\Project\data\processed\train\pitting\217_JPG.rf.3cc6d0be1b7a8e7717775330c19d0b78.jpg,80503d7f35ea368b
train,pitting,217_JPG.rf.cbd01ac60201159526f44281d51cf435.jpg,C:\Users\venka\Documents\Project\data\processed\train\pitting\217_JPG.rf.cbd01ac60201159526f44281d51cf435.jpg,95f05e8146971e9e
train,pitting,218_JPG.rf.1f47f36e74980cd950ba55a7fc707029.jpg,C:\Users\venka\Documents\Project\data\processed\train\pitting\218_JPG.rf.1f47f36e74980cd950ba55a7fc707029.jpg,d43f60326f0c29b7
train,pitting,218_JPG.rf.808de00acbe829a58010cafca8f35c8a.jpg,C:\Users\venka\Documents\Project\data\processed\train\pitting\218_JPG.rf.808de00acbe829a58010cafca8f35c8a.jpg,81786f686e627e68
train,pitting,218_JPG.rf.f4cabb5f36c9191f940d64546982ab83.jpg,C:\Users\venka\Documents\Project\data\processed\train\pitting\218_JPG.rf.f4cabb5f36c9191f940d64546982ab83.jpg,d5023a0fcb39ce33
train,pitting,219_jpg.rf.00857298f628d88ffae1cec355eb7783.jpg,C:\Users\venka\Documents\Project\data\processed\train\pitting\219_jpg.rf.00857298f628d88ffae1cec355eb7783.jpg,8790ce96788d3379
train,pitting,219_jpg.rf.0d12ccb13ede090c68e94f0c28f67ce0.jpg,C:\Users\venka\Documents\Project\data\processed\train\pitting\219_jpg.rf.0d12ccb13ede090c68e94f0c28f67ce0.jpg,95e84ad22f3c2597
train,pitting,219_jpg.rf.9a07cbd55197d9dd994e82e22013d8b0.jpg,C:\Users\venka\Documents\Project\data\processed\train\pitting\219_jpg.rf.9a07cbd55197d9dd994e82e22013d8b0.jpg,d435db702cc82eda
train,pitting,21_JPG.rf.2f51aa54bd6d7e09e875d499ce03bc3a.jpg,C:\Users\venka\Documents\Project\data\processed\train\pitting\21_JPG.rf.2f51aa54bd6d7e09e875d499ce03bc3a.jpg,95106b6f6a6d2996
train,pitting,21_JPG.rf.34567103f8bbdc53984b2ea523e921a4.jpg,C:\Users\venka\Documents\Project\data\processed\train\pitting\21_JPG.rf.34567103f8bbdc53984b2ea523e921a4.jpg,813e37e13ec34ec1
train,pitting,220_JPG.rf.626a9bc7130d62fab9b22783b2b4213c.jpg,C:\Users\venka\Documents\Project\data\processed\train\pitting\220_JPG.rf.626a9bc7130d62fab9b22783b2b4213c.jpg,d87826cd31361f1b
train,pitting,220_JPG.rf.c70f55a0acc6640e54775b0c0dff00d9.jpg,C:\Users\venka\Documents\Project\data\processed\train\pitting\220_JPG.rf.c70f55a0acc6640e54775b0c0dff00d9.jpg,c38a352533ed0bf4
train,pitting,223_JPG.rf.0b35b71a3138785e3ec055e2672b6caa.jpg,C:\Users\venka\Documents\Project\data\processed\train\pitting\223_JPG.rf.0b35b71a3138785e3ec055e2672b6caa.jpg,85706a4f6f2c3539
train,pitting,223_JPG.rf.abf9b6cf8956d7d545dfe394474aa258.jpg,C:\Users\venka\Documents\Project\data\processed\train\pitting\223_JPG.rf.abf9b6cf8956d7d545dfe394474aa258.jpg,d59132dc69326727
train,pitting,224_JPG.rf.00ec2249899485a2d7c19525504f0b15.jpg,C:\Users\venka\Documents\Project\data\processed\train\pitting\224_JPG.rf.00ec2249899485a2d7c19525504f0b15.jpg,8574778872262f37
train,pitting,224_JPG.rf.c8d087bbae69f39c84adddf6046de5fd.jpg,C:\Users\venka\Documents\Project\data\processed\train\pitting\224_JPG.rf.c8d087bbae69f39c84adddf6046de5fd.jpg,81fa66b57ca52585
train,pitting,225_JPG.rf.607cb6cc0c1938bc5c017c7d2f00e9d2.jpg,C:\Users\venka\Documents\Project\data\processed\train\pitting\225_JPG.rf.607cb6cc0c1938bc5c017c7d2f00e9d2.jpg,90876d9e3a78783a
train,pitting,225_JPG.rf.6e66bd933533289be973b59104acbede.jpg,C:\Users\venka\Documents\Project\data\processed\train\pitting\225_JPG.rf.6e66bd933533289be973b59104acbede.jpg,d0212f7b1f603e69
train,pitting,225_JPG.rf.f7db362c83c6ba66b00bdc4058099c87.jpg,C:\Users\venka\Documents\Project\data\processed\train\pitting\225_JPG.rf.f7db362c83c6ba66b00bdc4058099c87.jpg,90f86f256a8f30ce
train,pitting,226_JPG.rf.4a8e7fdbdf7cf9cc8e3a5ffb2b186840.jpg,C:\Users\venka\Documents\Project\data\processed\train\pitting\226_JPG.rf.4a8e7fdbdf7cf9cc8e3a5ffb2b186840.jpg,817c3f3b5a1e60ac
train,pitting,226_JPG.rf.d80e4898ecad77f371a6dab3edbb5b9b.jpg,C:\Users\venka\Documents\Project\data\processed\train\pitting\226_JPG.rf.d80e4898ecad77f371a6dab3edbb5b9b.jpg,816965de6a323e4e
train,pitting,227_JPG.rf.4442d0593ddbbb3372c3cc109a4e5a6c.jpg,C:\Users\venka\Documents\Project\data\processed\train\pitting\227_JPG.rf.4442d0593ddbbb3372c3cc109a4e5a6c.jpg,cdaa32962fb12d92
train,pitting,229_JPG.rf.fe7df6899c704967b225e58d1f2ce4f1.jpg,C:\Users\venka\Documents\Project\data\processed\train\pitting\229_JPG.rf.fe7df6899c704967b225e58d1f2ce4f1.jpg,d41f6cbc70686363
train,pitting,22_JPG.rf.2c2fd066580fa067fd310c491b7f4eb4.jpg,C:\Users\venka\Documents\Project\data\processed\train\pitting\22_JPG.rf.2c2fd066580fa067fd310c491b7f4eb4.jpg,9ec761834b96ce98
train,pitting,22_JPG.rf.4d5914fc3bc7d0c187530560f60b7e43.jpg,C:\Users\venka\Documents\Project\data\processed\train\pitting\22_JPG.rf.4d5914fc3bc7d0c187530560f60b7e43.jpg,cf3426396332c733
train,pitting,22_JPG.rf.850bda5b7832f9096afc6dbce0bc4d3a.jpg,C:\Users\venka\Documents\Project\data\processed\train\pitting\22_JPG.rf.850bda5b7832f9096afc6dbce0bc4d3a.jpg,cb3c64ce65cc343c
train,pitting,230_jpg.rf.321a99397649485c8359ae2d7483e7bc.jpg,C:\Users\venka\Documents\Project\data\processed\train\pitting\230_jpg.rf.321a99397649485c8359ae2d7483e7bc.jpg,c7783cd861306773
train,pitting,230_jpg.rf.f0d98a3f60ab26992a3dedb1c43dccea.jpg,C:\Users\venka\Documents\Project\data\processed\train\pitting\230_jpg.rf.f0d98a3f60ab26992a3dedb1c43dccea.jpg,ce330fe031cf31cc
train,pitting,231_JPG.rf.6a5a557f0a4f1590b9471254d6910116.jpg,C:\Users\venka\Documents\Project\data\processed\train\pitting\231_JPG.rf.6a5a557f0a4f1590b9471254d6910116.jpg,959e3edd3bd404c0
train,pitting,231_JPG.rf.dc07cf4905cf60c012f1314d094444c4.jpg,C:\Users\venka\Documents\Project\data\processed\train\pitting\231_JPG.rf.dc07cf4905cf60c012f1314d094444c4.jpg,802a7ff53eb03e44
train,pitting,232_JPG.rf.13544b3bbc21debe0630aebbfec19839.jpg,C:\Users\venka\Documents\Project\data\processed\train\pitting\232_JPG.rf.13544b3bbc21debe0630aebbfec19839.jpg,85ca7e79603467b1
train,pitting,232_JPG.rf.58f7ff87de14ba374f60f46507827723.jpg,C:\Users\venka\Documents\Project\data\processed\train\pitting\232_JPG.rf.58f7ff87de14ba374f60f46507827723.jpg,9535682f656c6695
train,pitting,235_JPG.rf.02dcaadb11de79a4bc6ba22098fddf93.jpg,C:\Users\venka\Documents\Project\data\processed\train\pitting\235_JPG.rf.02dcaadb11de79a4bc6ba22098fddf93.jpg,806077cf784f6b2c
train,pitting,235_JPG.rf.fefeb4bd2a7f6ea97830472b906b7176.jpg,C:\Users\venka\Documents\Project\data\processed\train\pitting\235_JPG.rf.fefeb4bd2a7f6ea97830472b906b7176.jpg,90f34f95958d1599
train,pitting,236_jpg.rf.31cf1d03ddc15b2c35c9ccb9d7186a31.jpg,C:\Users\venka\Documents\Project\data\processed\train\pitting\236_jpg.rf.31cf1d03ddc15b2c35c9ccb9d7186a31.jpg,80b61fad59914d9d
train,pitting,236_jpg.rf.4a372cad27a004415763e774f4c7865d.jpg,C:\Users\venka\Documents\Project\data\processed\train\pitting\236_jpg.rf.4a372cad27a004415763e774f4c7865d.jpg,80d03f2f5c5c6d59
train,pitting,238_JPG.rf.20d959ae7b6b33ca63203d0934b8297f.jpg,C:\Users\venka\Documents\Project\data\processed\train\pitting\238_JPG.rf.20d959ae7b6b33ca63203d0934b8297f.jpg,d535282b63176a3e
train,pitting,240_jpg.rf.0242ae93bce8233d75cb7c0fd524965e.jpg,C:\Users\venka\Documents\Project\data\processed\train\pitting\240_jpg.rf.0242ae93bce8233d75cb7c0fd524965e.jpg,d53740a70f9d3c62
train,pitting,240_jpg.rf.745f0f6c39fe7aba0af47658c547c43b.jpg,C:\Users\venka\Documents\Project\data\processed\train\pitting\240_jpg.rf.745f0f6c39fe7aba0af47658c547c43b.jpg,d5a828c50b377a37
train,pitting,240_jpg.rf.a9444e0d37bf834ebc45969c100800e4.jpg,C:\Users\venka\Documents\Project\data\processed\train\pitting\240_jpg.rf.a9444e0d37bf834ebc45969c100800e4.jpg,80e83fa457d07b4b
train,pitting,241_JPG.rf.5dabd378e6459ecf481f056debe58fab.jpg,C:\Users\venka\Documents\Project\data\processed\train\pitting\241_JPG.rf.5dabd378e6459ecf481f056debe58fab.jpg,c17c7e9b4a9a3191
train,pitting,241_JPG.rf.69d551a1b7a510cfa56bc477b2d5be32.jpg,C:\Users\venka\Documents\Project\data\processed\train\pitting\241_JPG.rf.69d551a1b7a510cfa56bc477b2d5be32.jpg,d58d3a893a8f29d2
train,pitting,243_jpg.rf.505a223a7429698ae7185822cf949dde.jpg,C:\Users\venka\Documents\Project\data\processed\train\pitting\243_jpg.rf.505a223a7429698ae7185822cf949dde.jpg,8ad635696b346c33
train,pitting,243_jpg.rf.ff8a45d92dcf1454c5ea841d47cf45fe.jpg,C:\Users\venka\Documents\Project\data\processed\train\pitting\243_jpg.rf.ff8a45d92dcf1454c5ea841d47cf45fe.jpg,9c2d659063cb37cc
train,pitting,244_JPG.rf.996bd6085f28980907a4228bc6bcab59.jpg,C:\Users\venka\Documents\Project\data\processed\train\pitting\244_JPG.rf.996bd6085f28980907a4228bc6bcab59.jpg,9f4a24ed2221d767
train,pitting,244_JPG.rf.99e5551f58c72bcb9736f466c1289794.jpg,C:\Users\venka\Documents\Project\data\processed\train\pitting\244_JPG.rf.99e5551f58c72bcb9736f466c1289794.jpg,80bb3f7a454acf18
train,pitting,247-jpg-crdownload_jpg.rf.0fbd7608b3c8f942b75d2e0256bd6ceb.jpg,C:\Users\venka\Documents\Project\data\processed\train\pitting\247-jpg-crdownload_jpg.rf.0fbd7608b3c8f942b75d2e0256bd6ceb.jpg,d9db24254a5a7a4b
train,pitting,247-jpg-crdownload_jpg.rf.775061b36dcfbdd6f5939c1db19d6aa5.jpg,C:\Users\venka\Documents\Project\data\processed\train\pitting\247-jpg-crdownload_jpg.rf.775061b36dcfbdd6f5939c1db19d6aa5.jpg,876a70854bdc2ef1
train,pitting,247-jpg-crdownload_jpg.rf.872d3400fc1305148b5490e5e7fa0e2b.jpg,C:\Users\venka\Documents\Project\data\processed\train\pitting\247-jpg-crdownload_jpg.rf.872d3400fc1305148b5490e5e7fa0e2b.jpg,c0c0693d5f376a3a
train,pitting,247_JPG.rf.16bbdff3613db22b6c4234cbdb124da9.jpg,C:\Users\venka\Documents\Project\data\processed\train\pitting\247_JPG.rf.16bbdff3613db22b6c4234cbdb124da9.jpg,c0812fcf34ce3bc5
train,pitting,247_JPG.rf.a10f82bac70a798a30cf030d8220ea50.jpg,C:\Users\venka\Documents\Project\data\processed\train\pitting\247_JPG.rf.a10f82bac70a798a30cf030d8220ea50.jpg,80d87f803f8a3f2d
train,pitting,248_JPG.rf.52ad9c822453acc1413c74eab4053e8e.jpg,C:\Users\venka\Documents\Project\data\processed\train\pitting\248_JPG.rf.52ad9c822453acc1413c74eab4053e8e.jpg,d2002d3f34dff2c8
train,pitting,248_JPG.rf.940a4de9cacc190722df9940daa7f3c8.jpg,C:\Users\venka\Documents\Project\data\processed\train\pitting\248_JPG.rf.940a4de9cacc190722df9940daa7f3c8.jpg,c06b3f743ec093c9
train,pitting,248_JPG.rf.f3e8eebd7c8751ab2d818108552e6b91.jpg,C:\Users\venka\Documents\Project\data\processed\train\pitting\248_JPG.rf.f3e8eebd7c8751ab2d818108552e6b91.jpg,c0c83fc36dc6674a
train,pitting,249_jpg.rf.58ab605a9979885b1ace2b64120fb251.jpg,C:\Users\venka\Documents\Project\data\processed\train\pitting\249_jpg.rf.58ab605a9979885b1ace2b64120fb251.jpg,80aa6ad55b0f5e3a
train,pitting,24_JPG.rf.07eee667b959514230bca7997f26ccf8.jpg,C:\Users\venka\Documents\Project\data\processed\train\pitting\24_JPG.rf.07eee667b959514230bca7997f26ccf8.jpg,95b962666d7161b1
train,pitting,24_JPG.rf.aa79f4cc7720f00dbc5ac4cec0c39fe2.jpg,C:\Users\venka\Documents\Project\data\processed\train\pitting\24_JPG.rf.aa79f4cc7720f00dbc5ac4cec0c39fe2.jpg,d521427d6b682aed
train,pitting,24_JPG.rf.e208fb884d9121a0e59bc946f40635ed.jpg,C:\Users\venka\Documents\Project\data\processed\train\pitting\24_JPG.rf.e208fb884d9121a0e59bc946f40635ed.jpg,d59762956a873247
train,pitting,250_JPG.rf.0917f1cdff624f2a2ffc2befbff36daf.jpg,C:\Users\venka\Documents\Project\data\processed\train\pitting\250_JPG.rf.0917f1cdff624f2a2ffc2befbff36daf.jpg,d5e010e35b4f6365
train,pitting,250_JPG.rf.7154ec0258aaa04d7ab67a1c5d24d945.jpg,C:\Users\venka\Documents\Project\data\processed\train\pitting\250_JPG.rf.7154ec0258aaa04d7ab67a1c5d24d945.jpg,80a25bf51dd43ed2
train,pitting,250_JPG.rf.87aef0e0ec424ee36206447029ddfe3e.jpg,C:\Users\venka\Documents\Project\data\processed\train\pitting\250_JPG.rf.87aef0e0ec424ee36206447029ddfe3e.jpg,80955f923f1f2b98
train,pitting,251_JPG.rf.ac0206136ba536a95b9c2a7dc3276740.jpg,C:\Users\venka\Documents\Project\data\processed\train\pitting\251_JPG.rf.ac0206136ba536a95b9c2a7dc3276740.jpg,d0256b9659426f6e
train,pitting,257_jpg.rf.4aeba5d30c6882cadcf54211c9cd50d5.jpg,C:\Users\venka\Documents\Project\data\processed\train\pitting\257_jpg.rf.4aeba5d30c6882cadcf54211c9cd50d5.jpg,9f8524ce6a6a6b61
train,pitting,257_jpg.rf.6a131354df8c9ef8bdf4831bd8b775b8.jpg,C:\Users\venka\Documents\Project\data\processed\train\pitting\257_jpg.rf.6a131354df8c9ef8bdf4831bd8b775b8.jpg,96cb69946a396963
train,pitting,257_jpg.rf.e08fb4e1414ef62353f507431079393a.jpg,C:\Users\venka\Documents\Project\data\processed\train\pitting\257_jpg.rf.e08fb4e1414ef62353f507431079393a.jpg,c0c22f2d363ecad3
train,pitting,259_JPG.rf.233966ae4d3322a145a6d3aee459818f.jpg,C:\Users\venka\Documents\Project\data\processed\train\pitting\259_JPG.rf.233966ae4d3322a145a6d3aee459818f.jpg,8b9a746963b646d8
train,pitting,259_JPG.rf.a57d81683cd504d42ac1fd946e04e417.jpg,C:\Users\venka\Documents\Project\data\processed\train\pitting\259_JPG.rf.a57d81683cd504d42ac1fd946e04e417.jpg,c07d22947b9b2b3a
train,pitting,259_JPG.rf.ccfa196063ff8c39899c48dc3207cdcc.jpg,C:\Users\venka\Documents\Project\data\processed\train\pitting\259_JPG.rf.ccfa196063ff8c39899c48dc3207cdcc.jpg,98816a9fc0dc4b7e
train,pitting,260_JPG.rf.6c9284914502c4d1db5ef472024e7d9e.jpg,C:\Users\venka\Documents\Project\data\processed\train\pitting\260_JPG.rf.6c9284914502c4d1db5ef472024e7d9e.jpg,c4853d49d83dc8bd
train,pitting,260_JPG.rf.d747e6eff80a32c263e7cd849fa16271.jpg,C:\Users\venka\Documents\Project\data\processed\train\pitting\260_JPG.rf.d747e6eff80a32c263e7cd849fa16271.jpg,d4373e6148c3ca97
train,pitting,262_JPG.rf.0636baa95abe0349a41095e14e5e7c39.jpg,C:\Users\venka\Documents\Project\data\processed\train\pitting\262_JPG.rf.0636baa95abe0349a41095e14e5e7c39.jpg,81f07f0b7e3b6828
train,pitting,262_JPG.rf.5f786835bce736ff4ce4e5fc7c74ad9c.jpg,C:\Users\venka\Documents\Project\data\processed\train\pitting\262_JPG.rf.5f786835bce736ff4ce4e5fc7c74ad9c.jpg,d51a2a2d2b3e23f4
train,pitting,262_JPG.rf.8c49a1e63da7f42305b312bf5251b0a5.jpg,C:\Users\venka\Documents\Project\data\processed\train\pitting\262_JPG.rf.8c49a1e63da7f42305b312bf5251b0a5.jpg,d0e12a602fca3d9f
train,pitting,263_JPG.rf.ab069e82d24bc0f6863465e27eb2c1f9.jpg,C:\Users\venka\Documents\Project\data\processed\train\pitting\263_JPG.rf.ab069e82d24bc0f6863465e27eb2c1f9.jpg,80027f683f653f72
train,pitting,263_JPG.rf.baa61f5888a79dae2ba4e1efec5fcf81.jpg,C:\Users\venka\Documents\Project\data\processed\train\pitting\263_JPG.rf.baa61f5888a79dae2ba4e1efec5fcf81.jpg,953892c11acf79dc
train,pitting,264_jpg.rf.88771912cb668ca21636a6f9063a1747.jpg,C:\Users\venka\Documents\Project\data\processed\train\pitting\264_jpg.rf.88771912cb668ca21636a6f9063a1747.jpg,9e65319a6f496c49
train,pitting,264_jpg.rf.e5c63d426c8f953e01caa9c28f9504b2.jpg,C:\Users\venka\Documents\Project\data\processed\train\pitting\264_jpg.rf.e5c63d426c8f953e01caa9c28f9504b2.jpg,c5f870470f3e9c38
train,pitting,265_jpg.rf.8e4db8b799af02e02b8c6d33b3d5cdbf.jpg,C:\Users\venka\Documents\Project\data\processed\train\pitting\265_jpg.rf.8e4db8b799af02e02b8c6d33b3d5cdbf.jpg,c3173cc87a4a686f
train,pitting,265_jpg.rf.d6aced93ab817bfeb030002ac3db2a8f.jpg,C:\Users\venka\Documents\Project\data\processed\train\pitting\265_jpg.rf.d6aced93ab817bfeb030002ac3db2a8f.jpg,96bc69c32dc32dc4
train,pitting,266_JPG.rf.b8e0a74d3f30b4c6a0ee396615a83509.jpg,C:\Users\venka\Documents\Project\data\processed\train\pitting\266_JPG.rf.b8e0a74d3f30b4c6a0ee396615a83509.jpg,c46a6bc33897cc95
train,pitting,268_JPG.rf.294c051c5c52dfb5f3c4531a61719b0d.jpg,C:\Users\venka\Documents\Project\data\processed\train\pitting\268_JPG.rf.294c051c5c52dfb5f3c4531a61719b0d.jpg,85f4679062aa763e
train,pitting,269_jpg.rf.30c9d2f7fd6e863d3b2ad58c13e145af.jpg,C:\Users\venka\Documents\Project\data\processed\train\pitting\269_jpg.rf.30c9d2f7fd6e863d3b2ad58c13e145af.jpg,95e062a1599e67b3
train,pitting,269_jpg.rf.fed8b2b1f0919807c88c210bee609afc.jpg,C:\Users\venka\Documents\Project\data\processed\train\pitting\269_jpg.rf.fed8b2b1f0919807c88c210bee609afc.jpg,c0da37718d673519
train,pitting,26_JPG.rf.1c733d9a64085db3dccf50c0394a1796.jpg,C:\Users\venka\Documents\Project\data\processed\train\pitting\26_JPG.rf.1c733d9a64085db3dccf50c0394a1796.jpg,8037372b3dc47dc8
train,pitting,26_JPG.rf.e7427c8524c2ee6cdf2d624650058534.jpg,C:\Users\venka\Documents\Project\data\processed\train\pitting\26_JPG.rf.e7427c8524c2ee6cdf2d624650058534.jpg,90466f6831913efb
train,pitting,270_JPG.rf.157b83304fb07547ae931fbeebffdf74.jpg,C:\Users\venka\Documents\Project\data\processed\train\pitting\270_JPG.rf.157b83304fb07547ae931fbeebffdf74.jpg,d48103ff0eda2dd4
train,pitting,270_JPG.rf.5b9b40318d8bd900fad2e689cceef6f6.jpg,C:\Users\venka\Documents\Project\data\processed\train\pitting\270_JPG.rf.5b9b40318d8bd900fad2e689cceef6f6.jpg,80c0455a5f6a3f6f
train,pitting,270_JPG.rf.bc44fdbac10c541df51af1705587b612.jpg,C:\Users\venka\Documents\Project\data\processed\train\pitting\270_JPG.rf.bc44fdbac10c541df51af1705587b612.jpg,c57d33620f0b0f2e
train,pitting,271_JPG.rf.3ec80de9457ea827b1353d2ec39c84d0.jpg,C:\Users\venka\Documents\Project\data\processed\train\pitting\271_JPG.rf.3ec80de9457ea827b1353d2ec39c84d0.jpg,d51f0a3b6a296a63
train,pitting,273_JPG.rf.a17d927fb5655c7b7dd884e03f9b277c.jpg,C:\Users\venka\Documents\Project\data\processed\train\pitting\273_JPG.rf.a17d927fb5655c7b7dd884e03f9b277c.jpg,804a7fa12bb7751a
train,pitting,27_JPG.rf.3552d7246ba2f45894dba74fc6d138f1.jpg,C:\Users\venka\Documents\Project\data\processed\train\pitting\27_JPG.rf.3552d7246ba2f45894dba74fc6d138f1.jpg,80c07f3f7e35843c
train,pitting,280_JPG.rf.d33daa641895394cbe6b569885669fc2.jpg,C:\Users\venka\Documents\Project\data\processed\train\pitting\280_JPG.rf.d33daa641895394cbe6b569885669fc2.jpg,c19f0b852fce25cc
train,pitting,281_JPG.rf.354a96416f38260ea77d6c615218723d.jpg,C:\Users\venka\Documents\Project\data\processed\train\pitting\281_JPG.rf.354a96416f38260ea77d6c615218723d.jpg,d12f6a1525d263da
train,pitting,281_JPG.rf.c5a87973d31fbb7c0b495e4da93ec70a.jpg,C:\Users\venka\Documents\Project\data\processed\train\pitting\281_JPG.rf.c5a87973d31fbb7c0b495e4da93ec70a.jpg,d0772b320d1b2f2b
train,pitting,281_JPG.rf.c9ee6abf186e43821dedd27307986a83.jpg,C:\Users\venka\Documents\Project\data\processed\train\pitting\281_JPG.rf.c9ee6abf186e43821dedd27307986a83.jpg,84d07bf16a4b314f
train,pitting,282_jpg.rf.81781c3c1273b93bf323916f6c74eb29.jpg,C:\Users\venka\Documents\Project\data\processed\train\pitting\282_jpg.rf.81781c3c1273b93bf323916f6c74eb29.jpg,c07f2f292d2d351c
train,pitting,282_jpg.rf.a6ba66a51a95114ee8e0ad7d2d8598f3.jpg,C:\Users\venka\Documents\Project\data\processed\train\pitting\282_jpg.rf.a6ba66a51a95114ee8e0ad7d2d8598f3.jpg,9d88289f64bd0af5
train,pitting,283_JPG.rf.96c9fd733181c4447a26a3e5ea258f63.jpg,C:\Users\venka\Documents\Project\data\processed\train\pitting\283_JPG.rf.96c9fd733181c4447a26a3e5ea258f63.jpg,fda130b7029706db
train,pitting,285_JPG.rf.32a8117627c6989422f6c323d726eaaf.jpg,C:\Users\venka\Documents\Project\data\processed\train\pitting\285_JPG.rf.32a8117627c6989422f6c323d726eaaf.jpg,d52a5065437b26ed
train,pitting,285_JPG.rf.46b556eaafb375b62e95233cab70e8a6.jpg,C:\Users\venka\Documents\Project\data\processed\train\pitting\285_JPG.rf.46b556eaafb375b62e95233cab70e8a6.jpg,818a15f119dd5bce
train,pitting,285_JPG.rf.924d86819a6e486eec6c211df11b5eaf.jpg,C:\Users\venka\Documents\Project\data\processed\train\pitting\285_JPG.rf.924d86819a6e486eec6c211df11b5eaf.jpg,d5fad205dc2d61a2
train,pitting,286_JPG.rf.abd885f2f8268f2b2b7211efc77e06a9.jpg,C:\Users\venka\Documents\Project\data\processed\train\pitting\286_JPG.rf.abd885f2f8268f2b2b7211efc77e06a9.jpg,85af6ec44bd03ed0
train,pitting,286_JPG.rf.b382830ffcc8a7b8d64c76053635acdb.jpg,C:\Users\venka\Documents\Project\data\processed\train\pitting\286_JPG.rf.b382830ffcc8a7b8d64c76053635acdb.jpg,dd85219d0f6c3372
train,pitting,287_JPG.rf.801b0e2838b68b606fdb6e5997df1e60.jpg,C:\Users\venka\Documents\Project\data\processed\train\pitting\287_JPG.rf.801b0e2838b68b606fdb6e5997df1e60.jpg,c07d9b5a4a633167
train,pitting,287_JPG.rf.868be1f02f2bbd5cc2ab91c9120ad270.jpg,C:\Users\venka\Documents\Project\data\processed\train\pitting\287_JPG.rf.868be1f02f2bbd5cc2ab91c9120ad270.jpg,90c08ba5dacf63dc
train,pitting,287_JPG.rf.926678b5ff48740dfdb4458eee4307c3.jpg,C:\Users\venka\Documents\Project\data\processed\train\pitting\287_JPG.rf.926678b5ff48740dfdb4458eee4307c3.jpg,858f36b738803b76
train,pitting,288_jpg.rf.49d3259dc2b18a6bf153f767938c7bbd.jpg,C:\Users\venka\Documents\Project\data\processed\train\pitting\288_jpg.rf.49d3259dc2b18a6bf153f767938c7bbd.jpg,c07c3f6a4b2a2d69
train,pitting,288_jpg.rf.b4df91b8b53ff1fcca97c6b1f64e2d3a.jpg,C:\Users\venka\Documents\Project\data\processed\train\pitting\288_jpg.rf.b4df91b8b53ff1fcca97c6b1f64e2d3a.jpg,81743f37d1821e8f
train,pitting,289_jpg.rf.533ea893541ad38ef206729b3889ea67.jpg,C:\Users\venka\Documents\Project\data\processed\train\pitting\289_jpg.rf.533ea893541ad38ef206729b3889ea67.jpg,85866a796966b59c
train,pitting,289_jpg.rf.5e868ed54019a7bdaa21d332be9439ee.jpg,C:\Users\venka\Documents\Project\data\processed\train\pitting\289_jpg.rf.5e868ed54019a7bdaa21d332be9439ee.jpg,8e9f313073cc6c6c
train,pitting,28_JPG.rf.adc490dbbe49a2eb01aeb202dfd9ca92.jpg,C:\Users\venka\Documents\Project\data\processed\train\pitting\28_JPG.rf.adc490dbbe49a2eb01aeb202dfd9ca92.jpg,85953a1e7662da4e
train,pitting,28_JPG.rf.c0051aea12ec9b6e9653e357260d6f7b.jpg,C:\Users\venka\Documents\Project\data\processed\train\pitting\28_JPG.rf.c0051aea12ec9b6e9653e357260d6f7b.jpg,c0fd25923d893e8d
train,pitting,28_JPG.rf.ffbbee22bea8f3b85161bbb2f03abf3b.jpg,C:\Users\venka\Documents\Project\data\processed\train\pitting\28_JPG.rf.ffbbee22bea8f3b85161bbb2f03abf3b.jpg,c0c02f8f2fbc35b4
train,pitting,290_JPG.rf.2c1eff78bcfe78efc69ed8706841d35c.jpg,C:\Users\venka\Documents\Project\data\processed\train\pitting\290_JPG.rf.2c1eff78bcfe78efc69ed8706841d35c.jpg,80d071af6b374f23
train,pitting,290_JPG.rf.566ee1f4da64c7749b03d9a758f298f4.jpg,C:\Users\venka\Documents\Project\data\processed\train\pitting\290_JPG.rf.566ee1f4da64c7749b03d9a758f298f4.jpg,d3850fca02fe1ada
train,pitting,294_JPG.rf.7eb6218b50834781800ca209ea6a1f60.jpg,C:\Users\venka\Documents\Project\data\processed\train\pitting\294_JPG.rf.7eb6218b50834781800ca209ea6a1f60.jpg,d5952a913f813c4f
train,pitting,294_JPG.rf.aa2d65f1ba3b8e366ef48381f8d7f4d3.jpg,C:\Users\venka\Documents\Project\data\processed\train\pitting\294_JPG.rf.aa2d65f1ba3b8e366ef48381f8d7f4d3.jpg,87793e27609c7398
train,pitting,294_JPG.rf.ac7a8d022c2fc2b91db4c03070c119f6.jpg,C:\Users\venka\Documents\Project\data\processed\train\pitting\294_JPG.rf.ac7a8d022c2fc2b91db4c03070c119f6.jpg,807f7f302a166b5a
train,pitting,296_JPG.rf.4cc307e4387f4172b8e8347c959d2a01.jpg,C:\Users\venka\Documents\Project\data\processed\train\pitting\296_JPG.rf.4cc307e4387f4172b8e8347c959d2a01.jpg,80742a6b3e373d95
train,pitting,296_JPG.rf.7de7e9d1122c0e70ec0c6e0a3d09766e.jpg,C:\Users\venka\Documents\Project\data\processed\train\pitting\296_JPG.rf.7de7e9d1122c0e70ec0c6e0a3d09766e.jpg,d5216b7e687038b5
train,pitting,297_JPG.rf.25fc50934dc9e75ed0310b58daa47a66.jpg,C:\Users\venka\Documents\Project\data\processed\train\pitting\297_JPG.rf.25fc50934dc9e75ed0310b58daa47a66.jpg,80c07fda6b1a693d
train,pitting,29_JPG.rf.1ee36d95a5625729968533483ea16ea9.jpg,C:\Users\venka\Documents\Project\data\processed\train\pitting\29_JPG.rf.1ee36d95a5625729968533483ea16ea9.jpg,901b6d7e7ae828e1
train,pitting,29_JPG.rf.ba69b860536cfa1d38d8bba26f98f3c8.jpg,C:\Users\venka\Documents\Project\data\processed\train\pitting\29_JPG.rf.ba69b860536cfa1d38d8bba26f98f3c8.jpg,d5b522d43b523d0b
train,pitting,2_JPG.rf.c66030e2678dd0d03edf6369af2eba77.jpg,C:\Users\venka\Documents\Project\data\processed\train\pitting\2_JPG.rf.c66030e2678dd0d03edf6369af2eba77.jpg,c1ff3f8a4a891a85
train,pitting,300_JPG.rf.083daea6fa3b81f54be9238c22929743.jpg,C:\Users\venka\Documents\Project\data\processed\train\pitting\300_JPG.rf.083daea6fa3b81f54be9238c22929743.jpg,d5852a85289d27fb
train,pitting,300_JPG.rf.dca81a41890be3b65ac214a326b9f65c.jpg,C:\Users\venka\Documents\Project\data\processed\train\pitting\300_JPG.rf.dca81a41890be3b65ac214a326b9f65c.jpg,d09f6f3e4281529d
train,pitting,304_JPG.rf.65055625768e1ef21e24672e7cf7e6c7.jpg,C:\Users\venka\Documents\Project\data\processed\train\pitting\304_JPG.rf.65055625768e1ef21e24672e7cf7e6c7.jpg,c0e04bc56a776a76
train,pitting,304_JPG.rf.c1a416d9ccf7276196d374b43b7db368.jpg,C:\Users\venka\Documents\Project\data\processed\train\pitting\304_JPG.rf.c1a416d9ccf7276196d374b43b7db368.jpg,80e07ed5735a695a
train,pitting,307_jpg.rf.14b1fb6caccdd7ca9df509ae7fb28121.jpg,C:\Users\venka\Documents\Project\data\processed\train\pitting\307_jpg.rf.14b1fb6caccdd7ca9df509ae7fb28121.jpg,c57c2f4e68784a35
train,pitting,309_JPG.rf.06738fac10d22c0918433043c5449ac5.jpg,C:\Users\venka\Documents\Project\data\processed\train\pitting\309_JPG.rf.06738fac10d22c0918433043c5449ac5.jpg,c0602a9c6df72cf6
train,pitting,311_JPG.rf.192a0055742148990037181223b157de.jpg,C:\Users\venka\Documents\Project\data\processed\train\pitting\311_JPG.rf.192a0055742148990037181223b157de.jpg,80703f693dd73a8a
train,pitting,312_jpg.rf.6231d5cd338599bc8f0f9fbf113a2360.jpg,C:\Users\venka\Documents\Project\data\processed\train\pitting\312_jpg.rf.6231d5cd338599bc8f0f9fbf113a2360.jpg,9b616e7939863139
train,pitting,312_jpg.rf.fc8eae5a74812082b6469b1630635195.jpg,C:\Users\venka\Documents\Project\data\processed\train\pitting\312_jpg.rf.fc8eae5a74812082b6469b1630635195.jpg,c3cc3e17263e3c32
train,pitting,313_JPG.rf.1b04f5e43cdf91796c3eb581ffdba7f4.jpg,C:\Users\venka\Documents\Project\data\processed\train\pitting\313_JPG.rf.1b04f5e43cdf91796c3eb581ffdba7f4.jpg,c56206774a794f6a
train,pitting,313_JPG.rf.4b4a093bdbcbd20ca2880efb0ce9e81d.jpg,C:\Users\venka\Documents\Project\data\processed\train\pitting\313_JPG.rf.4b4a093bdbcbd20ca2880efb0ce9e81d.jpg,d5214ad22dda2dda
train,pitting,313_JPG.rf.d97ea03ba80d51f55c94c10a4844fdb8.jpg,C:\Users\venka\Documents\Project\data\processed\train\pitting\313_JPG.rf.d97ea03ba80d51f55c94c10a4844fdb8.jpg,d59540970787378f
train,pitting,314_JPG.rf.7e3eb5fd9306c1657ef7c7ecc61b4ed2.jpg,C:\Users\venka\Documents\Project\data\processed\train\pitting\314_JPG.rf.7e3eb5fd9306c1657ef7c7ecc61b4ed2.jpg,d56872c122e7389f
train,pitting,314_JPG.rf.95229383f478ca801ba808420532de7a.jpg,C:\Users\venka\Documents\Project\data\processed\train\pitting\314_JPG.rf.95229383f478ca801ba808420532de7a.jpg,c57a3f0f2a0b6929
train,pitting,314_JPG.rf.f819e44ae8ea9a03691acc5859e0b742.jpg,C:\Users\venka\Documents\Project\data\processed\train\pitting\314_JPG.rf.f819e44ae8ea9a03691acc5859e0b742.jpg,c09f35153758336b
train,pitting,315_JPG.rf.147b81ed1eb78f1115973c56b5ca797e.jpg,C:\Users\venka\Documents\Project\data\processed\train\pitting\315_JPG.rf.147b81ed1eb78f1115973c56b5ca797e.jpg,80c079c6753b7e2b
train,pitting,315_JPG.rf.af3354b3be67db43f456c64a13fec5cc.jpg,C:\Users\venka\Documents\Project\data\processed\train\pitting\315_JPG.rf.af3354b3be67db43f456c64a13fec5cc.jpg,80f87b553f0a35aa
train,pitting,315_JPG.rf.f081b9eb65b750750ad25ee84c9cb84e.jpg,C:\Users\venka\Documents\Project\data\processed\train\pitting\315_JPG.rf.f081b9eb65b750750ad25ee84c9cb84e.jpg,d0852fdb10ff01d3
train,pitting,316_JPG.rf.81a57b0b8761e80c7868ab1bb6423617.jpg,C:\Users\venka\Documents\Project\data\processed\train\pitting\316_JPG.rf.81a57b0b8761e80c7868ab1bb6423617.jpg,d2872f7878496969
train,pitting,316_JPG.rf.dc155a47506428c9137e7d0f9ede4db6.jpg,C:\Users\venka\Documents\Project\data\processed\train\pitting\316_JPG.rf.dc155a47506428c9137e7d0f9ede4db6.jpg,d21a3d653067678d
train,pitting,316_JPG.rf.e1c04c348b4aa9fa26185229c673680d.jpg,C:\Users\venka\Documents\Project\data\processed\train\pitting\316_JPG.rf.e1c04c348b4aa9fa26185229c673680d.jpg,956a6eed31966099
train,pitting,317_jpg.rf.57b1c59b3683ee93abf4c7ad2ab17f20.jpg,C:\Users\venka\Documents\Project\data\processed\train\pitting\317_jpg.rf.57b1c59b3683ee93abf4c7ad2ab17f20.jpg,80c075c057d76f4f
train,pitting,317_jpg.rf.af1c72dcba7ee92fee90694efdea5c1e.jpg,C:\Users\venka\Documents\Project\data\processed\train\pitting\317_jpg.rf.af1c72dcba7ee92fee90694efdea5c1e.jpg,906f71d40fc83ed1
train,pitting,317_jpg.rf.d6b3cc71a0962f8e651f6eb658a35e16.jpg,C:\Users\venka\Documents\Project\data\processed\train\pitting\317_jpg.rf.d6b3cc71a0962f8e651f6eb658a35e16.jpg,89d966865687599d
train,pitting,318_JPG.rf.41efb3b8b336178b573e4dae6663172a.jpg,C:\Users\venka\Documents\Project\data\processed\train\pitting\318_JPG.rf.41efb3b8b336178b573e4dae6663172a.jpg,d48562f46bc26bca
train,pitting,318_JPG.rf.ae173f7d3fc4301ffc334527f3c03056.jpg,C:\Users\venka\Documents\Project\data\processed\train\pitting\318_JPG.rf.ae173f7d3fc4301ffc334527f3c03056.jpg,c08833e47fd3744d
train,pitting,319_jpg.rf.4c38c85bf76394b4f359963d9ac5a1e1.jpg,C:\Users\venka\Documents\Project\data\processed\train\pitting\319_jpg.rf.4c38c85bf76394b4f359963d9ac5a1e1.jpg,856b3079dec44ec3
train,pitting,319_jpg.rf.b8ff7ba10dd8b6822225897f6b7a1e91.jpg,C:\Users\venka\Documents\Project\data\processed\train\pitting\319_jpg.rf.b8ff7ba10dd8b6822225897f6b7a1e91.jpg,958f66ca6b686962
train,pitting,319_jpg.rf.bc9aa919a053a94d97ba6b520adc5fd2.jpg,C:\Users\venka\Documents\Project\data\processed\train\pitting\319_jpg.rf.bc9aa919a053a94d97ba6b520adc5fd2.jpg,95c367865a687969
train,pitting,32_JPG.rf.28185df2bf20bbcb582dde9401766487.jpg,C:\Users\venka\Documents\Project\data\processed\train\pitting\32_JPG.rf.28185df2bf20bbcb582dde9401766487.jpg,c007cb326f63666e
train,pitting,32_JPG.rf.803d0050def3b9a9002c4055281f7077.jpg,C:\Users\venka\Documents\Project\data\processed\train\pitting\32_JPG.rf.803d0050def3b9a9002c4055281f7077.jpg,d56a4a752a952e96
train,pitting,33_JPG.rf.0ae9c612d417bdabae78615cb15b6899.jpg,C:\Users\venka\Documents\Project\data\processed\train\pitting\33_JPG.rf.0ae9c612d417bdabae78615cb15b6899.jpg,c5027f7a781e607c
train,pitting,33_JPG.rf.d05e7bed2aa2af7fe70e29a15b12c875.jpg,C:\Users\venka\Documents\Project\data\processed\train\pitting\33_JPG.rf.d05e7bed2aa2af7fe70e29a15b12c875.jpg,d39d2d873013370f
train,pitting,33_JPG.rf.d1f2b74d7dd774bc5238b34f97f2c9fa.jpg,C:\Users\venka\Documents\Project\data\processed\train\pitting\33_JPG.rf.d1f2b74d7dd774bc5238b34f97f2c9fa.jpg,d0a26cc82fe62de6
train,pitting,35_JPG.rf.b89f7b9dbe569337ee20815ab6339c9b.jpg,C:\Users\venka\Documents\Project\data\processed\train\pitting\35_JPG.rf.b89f7b9dbe569337ee20815ab6339c9b.jpg,d0956a5a2f1b3a6c
train,pitting,36_JPG.rf.49095ac760ad8a22452e00d4544a23e1.jpg,C:\Users\venka\Documents\Project\data\processed\train\pitting\36_JPG.rf.49095ac760ad8a22452e00d4544a23e1.jpg,c5c53a3e60ca7369
train,pitting,36_JPG.rf.f273ed7cb0fa48057da27e7ca6926317.jpg,C:\Users\venka\Documents\Project\data\processed\train\pitting\36_JPG.rf.f273ed7cb0fa48057da27e7ca6926317.jpg,85b67ac2691d2f49
train,pitting,37_JPG.rf.eaefa3a2b9fcd0f40d3ea3310580948e.jpg,C:\Users\venka\Documents\Project\data\processed\train\pitting\37_JPG.rf.eaefa3a2b9fcd0f40d3ea3310580948e.jpg,90d26ec96f614d6c
train,pitting,37_JPG.rf.f11d03c34523c008f9c1ff891ede9900.jpg,C:\Users\venka\Documents\Project\data\processed\train\pitting\37_JPG.rf.f11d03c34523c008f9c1ff891ede9900.jpg,85743a8b598d538f
train,pitting,38_JPG.rf.a52edea76ade9cc3f7d3e57533519b84.jpg,C:\Users\venka\Documents\Project\data\processed\train\pitting\38_JPG.rf.a52edea76ade9cc3f7d3e57533519b84.jpg,d5602ace23fa3be0
train,pitting,38_JPG.rf.aa12b449c64a6bb10ea1cbe0ea0d7689.jpg,C:\Users\venka\Documents\Project\data\processed\train\pitting\38_JPG.rf.aa12b449c64a6bb10ea1cbe0ea0d7689.jpg,d5bd0a10039d3fb5
train,pitting,3_JPG.rf.6993e87580041e689dc32caa0ec4b94d.jpg,C:\Users\venka\Documents\Project\data\processed\train\pitting\3_JPG.rf.6993e87580041e689dc32caa0ec4b94d.jpg,85507ab343ab4e1f
train,pitting,3_JPG.rf.cf85ee8a12f7175bd1eb005ca210b48e.jpg,C:\Users\venka\Documents\Project\data\processed\train\pitting\3_JPG.rf.cf85ee8a12f7175bd1eb005ca210b48e.jpg,d01f61346b616f0f
train,pitting,41_JPG.rf.b750de714306c84f39d4bdffcd26d937.jpg,C:\Users\venka\Documents\Project\data\processed\train\pitting\41_JPG.rf.b750de714306c84f39d4bdffcd26d937.jpg,d45a2b493c6e382f
train,pitting,41_JPG.rf.c964e22ba76d9000b32bc1d214b1f8a1.jpg,C:\Users\venka\Documents\Project\data\processed\train\pitting\41_JPG.rf.c964e22ba76d9000b32bc1d214b1f8a1.jpg,c0642ffb3c66319a
train,pitting,41_JPG.rf.dd83e738c146e09583714a68f9ca9b08.jpg,C:\Users\venka\Documents\Project\data\processed\train\pitting\41_JPG.rf.dd83e738c146e09583714a68f9ca9b08.jpg,91a12af638db31f4
train,pitting,42_JPG.rf.01bda6e256fc34feb9044b359a8ec6b8.jpg,C:\Users\venka\Documents\Project\data\processed\train\pitting\42_JPG.rf.01bda6e256fc34feb9044b359a8ec6b8.jpg,d5810a9f7e8b2b98
train,pitting,42_JPG.rf.081b871efa951359083d317903bca049.jpg,C:\Users\venka\Documents\Project\data\processed\train\pitting\42_JPG.rf.081b871efa951359083d317903bca049.jpg,c541377359dc58c6
train,pitting,48_JPG.rf.1bb1315bf3e5fd920d087efcde5a9bf0.jpg,C:\Users\venka\Documents\Project\data\processed\train\pitting\48_JPG.rf.1bb1315bf3e5fd920d087efcde5a9bf0.jpg,803f7fc23e802eb5
train,pitting,48_JPG.rf.e3a1d2b66e0101b6ce8af66549a096e5.jpg,C:\Users\venka\Documents\Project\data\processed\train\pitting\48_JPG.rf.e3a1d2b66e0101b6ce8af66549a096e5.jpg,80857f8a739b5770
train,pitting,48_JPG.rf.e46fb2ac18bae45cb53ecc70209916b5.jpg,C:\Users\venka\Documents\Project\data\processed\train\pitting\48_JPG.rf.e46fb2ac18bae45cb53ecc70209916b5.jpg,956a50f5756b0ab4
train,pitting,49_JPG.rf.7c8e6971a4d89c1500ecfe7bf1ceb911.jpg,C:\Users\venka\Documents\Project\data\processed\train\pitting\49_JPG.rf.7c8e6971a4d89c1500ecfe7bf1ceb911.jpg,97d26a3170957897
train,pitting,49_JPG.rf.95210d6b5f000514097c8ce5d7bfcfab.jpg,C:\Users\venka\Documents\Project\data\processed\train\pitting\49_JPG.rf.95210d6b5f000514097c8ce5d7bfcfab.jpg,80c07f4a763f923d
train,pitting,49_JPG.rf.b1b91b4538a8e6d52f96f4d49465d8c6.jpg,C:\Users\venka\Documents\Project\data\processed\train\pitting\49_JPG.rf.b1b91b4538a8e6d52f96f4d49465d8c6.jpg,97c24831589f7a8f
train,pitting,50_JPG.rf.22c19ec46f57922b690635c85b07cb3e.jpg,C:\Users\venka\Documents\Project\data\processed\train\pitting\50_JPG.rf.22c19ec46f57922b690635c85b07cb3e.jpg,85807a7f2d23bb31
train,pitting,50_JPG.rf.5ad8be28bc50db28a8cdffd2570f63c2.jpg,C:\Users\venka\Documents\Project\data\processed\train\pitting\50_JPG.rf.5ad8be28bc50db28a8cdffd2570f63c2.jpg,9542683d4fad4f8c
train,pitting,51_JPG.rf.3d1c5bca713096f3185053b090724942.jpg,C:\Users\venka\Documents\Project\data\processed\train\pitting\51_JPG.rf.3d1c5bca713096f3185053b090724942.jpg,913d6f945cb46895
train,pitting,51_JPG.rf.512f93947beec38f5e5aaf3adb72e397.jpg,C:\Users\venka\Documents\Project\data\processed\train\pitting\51_JPG.rf.512f93947beec38f5e5aaf3adb72e397.jpg,c5fa368b38071aa7
train,pitting,51_JPG.rf.e8a12ec1e92c29af47bea63e48c85447.jpg,C:\Users\venka\Documents\Project\data\processed\train\pitting\51_JPG.rf.e8a12ec1e92c29af47bea63e48c85447.jpg,df2a61571c442bea
train,pitting,52_JPG.rf.333caf7439e7c982a2e472f857c5d09f.jpg,C:\Users\venka\Documents\Project\data\processed\train\pitting\52_JPG.rf.333caf7439e7c982a2e472f857c5d09f.jpg,807878177a4f615f
train,pitting,53_JPG.rf.b2f378feaad13383cb6d59aaa3cb30e4.jpg,C:\Users\venka\Documents\Project\data\processed\train\pitting\53_JPG.rf.b2f378feaad13383cb6d59aaa3cb30e4.jpg,c07d6a7672425b4b
train,pitting,53_JPG.rf.c0ec0c7862aea5e6fc2a0bd0cace8493.jpg,C:\Users\venka\Documents\Project\data\processed\train\pitting\53_JPG.rf.c0ec0c7862aea5e6fc2a0bd0cace8493.jpg,850a575f47686e6a
train,pitting,55_JPG.rf.3a2a0d6c2884ae9a72c63caf304025b2.jpg,C:\Users\venka\Documents\Project\data\processed\train\pitting\55_JPG.rf.3a2a0d6c2884ae9a72c63caf304025b2.jpg,9321c6d692de0fd8
train,pitting,55_JPG.rf.64db079c08dfed37b46e6d5248a5654e.jpg,C:\Users\venka\Documents\Project\data\processed\train\pitting\55_JPG.rf.64db079c08dfed37b46e6d5248a5654e.jpg,9474271f1f3a6925
train,pitting,55_JPG.rf.a672c5ff7e78558ae81653316a2e9d6d.jpg,C:\Users\venka\Documents\Project\data\processed\train\pitting\55_JPG.rf.a672c5ff7e78558ae81653316a2e9d6d.jpg,85d4c46cd6697a27
train,pitting,56_JPG.rf.899c6d4e38f150c88f4cd99d3a1ef638.jpg,C:\Users\venka\Documents\Project\data\processed\train\pitting\56_JPG.rf.899c6d4e38f150c88f4cd99d3a1ef638.jpg,f581033f2e7863e2
train,pitting,56_JPG.rf.d0b9319be19b1719cf250ca80902215f.jpg,C:\Users\venka\Documents\Project\data\processed\train\pitting\56_JPG.rf.d0b9319be19b1719cf250ca80902215f.jpg,80bf771a1f613c62
train,pitting,57_jpg.rf.0c83a5d0175fe7e96f078f510526554b.jpg,C:\Users\venka\Documents\Project\data\processed\train\pitting\57_jpg.rf.0c83a5d0175fe7e96f078f510526554b.jpg,81a57f37789c2958
train,pitting,57_jpg.rf.a5226193db1caea80d8fb8fedda05b59.jpg,C:\Users\venka\Documents\Project\data\processed\train\pitting\57_jpg.rf.a5226193db1caea80d8fb8fedda05b59.jpg,c43b636d3e343296
train,pitting,57_jpg.rf.c4219ee5d96fc728324044ca54b04ee4.jpg,C:\Users\venka\Documents\Project\data\processed\train\pitting\57_jpg.rf.c4219ee5d96fc728324044ca54b04ee4.jpg,80707f4b3d0f3d25
train,pitting,58_JPG.rf.38ef21fc36aa2a63c7ba7ac823808b86.jpg,C:\Users\venka\Documents\Project\data\processed\train\pitting\58_JPG.rf.38ef21fc36aa2a63c7ba7ac823808b86.jpg,95256a5a4afd495a
train,pitting,58_JPG.rf.3bc989cc838cd99038bfbb43bcc58eb7.jpg,C:\Users\venka\Documents\Project\data\processed\train\pitting\58_JPG.rf.3bc989cc838cd99038bfbb43bcc58eb7.jpg,d45e39341a170f37
train,pitting,58_JPG.rf.881f2cdebc1a4180105a6a9702d1eebe.jpg,C:\Users\venka\Documents\Project\data\processed\train\pitting\58_JPG.rf.881f2cdebc1a4180105a6a9702d1eebe.jpg,80c07fd06f3b3a33
train,pitting,59_JPG.rf.06d80799e75b70535a3bb10acc9129ff.jpg,C:\Users\venka\Documents\Project\data\processed\train\pitting\59_JPG.rf.06d80799e75b70535a3bb10acc9129ff.jpg,d04a213c3f333e3d
train,pitting,59_JPG.rf.8150502c4b4767a24824a182805894f1.jpg,C:\Users\venka\Documents\Project\data\processed\train\pitting\59_JPG.rf.8150502c4b4767a24824a182805894f1.jpg,c09033c31f7f63c6
train,pitting,5_JPG.rf.c53d95c715570696af26c33038120342.jpg,C:\Users\venka\Documents\Project\data\processed\train\pitting\5_JPG.rf.c53d95c715570696af26c33038120342.jpg,d43f3d9670956285
train,pitting,5_JPG.rf.fc9ddd78082483728bc43a24aef52954.jpg,C:\Users\venka\Documents\Project\data\processed\train\pitting\5_JPG.rf.fc9ddd78082483728bc43a24aef52954.jpg,81bd3e9575850755
train,pitting,60_JPG.rf.00cb9ed084edc154e33adbb49dcc103a.jpg,C:\Users\venka\Documents\Project\data\processed\train\pitting\60_JPG.rf.00cb9ed084edc154e33adbb49dcc103a.jpg,95686287969d3e39
train,pitting,60_JPG.rf.4550d7e0f86a9787d8fe9accc7b51744.jpg,C:\Users\venka\Documents\Project\data\processed\train\pitting\60_JPG.rf.4550d7e0f86a9787d8fe9accc7b51744.jpg,83d27c8f603acf61
train,pitting,60_JPG.rf.6c29acfa536c6581877e510ace8dacd4.jpg,C:\Users\venka\Documents\Project\data\processed\train\pitting\60_JPG.rf.6c29acfa536c6581877e510ace8dacd4.jpg,89423c6d87333e97
train,pitting,62_JPG.rf.3ae41b3c9b3b02401adad09361aa6b47.jpg,C:\Users\venka\Documents\Project\data\processed\train\pitting\62_JPG.rf.3ae41b3c9b3b02401adad09361aa6b47.jpg,c13a3cb527cac3d8
train,pitting,62_JPG.rf.918ecfc1bcea8632657a72b4a4d11f06.jpg,C:\Users\venka\Documents\Project\data\processed\train\pitting\62_JPG.rf.918ecfc1bcea8632657a72b4a4d11f06.jpg,966968de65b04e36
train,pitting,62_JPG.rf.f7051881b6105211733246c4c59494c6.jpg,C:\Users\venka\Documents\Project\data\processed\train\pitting\62_JPG.rf.f7051881b6105211733246c4c59494c6.jpg,d0c46d7272cb339c
train,pitting,64_JPG.rf.a86fdee1cd8ded82414f0fab903f0315.jpg,C:\Users\venka\Documents\Project\data\processed\train\pitting\64_JPG.rf.a86fdee1cd8ded82414f0fab903f0315.jpg,817d3f4b893e3432
train,pitting,65_JPG.rf.461d043a36ca4b19b39ff991b623757c.jpg,C:\Users\venka\Documents\Project\data\processed\train\pitting\65_JPG.rf.461d043a36ca4b19b39ff991b623757c.jpg,96853be668de08da
train,pitting,65_JPG.rf.614974639db3617bd52141bd7e733a38.jpg,C:\Users\venka\Documents\Project\data\processed\train\pitting\65_JPG.rf.614974639db3617bd52141bd7e733a38.jpg,855a700d3e2f7a2d
train,pitting,66_jpg.rf.d8ea79fd6e0b257bfbb3d8b85208bd13.jpg,C:\Users\venka\Documents\Project\data\processed\train\pitting\66_jpg.rf.d8ea79fd6e0b257bfbb3d8b85208bd13.jpg,959560b72b6e2f60
train,pitting,67_JPG.rf.80c2fefffc2a12bda7bb958f3acaca4b.jpg,C:\Users\venka\Documents\Project\data\processed\train\pitting\67_JPG.rf.80c2fefffc2a12bda7bb958f3acaca4b.jpg,80bf7f8535827782
train,pitting,67_JPG.rf.a60d5edd04ce12b38889a5b208c2d2ac.jpg,C:\Users\venka\Documents\Project\data\processed\train\pitting\67_JPG.rf.a60d5edd04ce12b38889a5b208c2d2ac.jpg,d5853f956a87204f
train,pitting,67_JPG.rf.b08f71bf3df54010e6915890df93eaa0.jpg,C:\Users\venka\Documents\Project\data\processed\train\pitting\67_JPG.rf.b08f71bf3df54010e6915890df93eaa0.jpg,81f557824a8f4f9c
train,pitting,68_JPG.rf.7ed348860e085a4f394628b41a0e0bfa.jpg,C:\Users\venka\Documents\Project\data\processed\train\pitting\68_JPG.rf.7ed348860e085a4f394628b41a0e0bfa.jpg,c46a45784d6b646f
train,pitting,68_JPG.rf.f6953e5270f2b2f32cfcde721fcdffe0.jpg,C:\Users\venka\Documents\Project\data\processed\train\pitting\68_JPG.rf.f6953e5270f2b2f32cfcde721fcdffe0.jpg,d5a80ad02bd32bd7
train,pitting,69_JPG.rf.2bb37b2be5cf9e0d10f00a91b7eeebfc.jpg,C:\Users\venka\Documents\Project\data\processed\train\pitting\69_JPG.rf.2bb37b2be5cf9e0d10f00a91b7eeebfc.jpg,d5802bdf06d572f0
train,pitting,69_JPG.rf.566dd303ce3cd11966ea536156d82b0b.jpg,C:\Users\venka\Documents\Project\data\processed\train\pitting\69_JPG.rf.566dd303ce3cd11966ea536156d82b0b.jpg,80d037f515f6aaca
train,pitting,69_JPG.rf.77560fcdad94212cdab2c44e977c66b4.jpg,C:\Users\venka\Documents\Project\data\processed\train\pitting\69_JPG.rf.77560fcdad94212cdab2c44e977c66b4.jpg,81f4578a4a9b4f87
train,pitting,6_JPG.rf.0216bd55f24c62bee4faf760b92bf0d9.jpg,C:\Users\venka\Documents\Project\data\processed\train\pitting\6_JPG.rf.0216bd55f24c62bee4faf760b92bf0d9.jpg,80a041f76ed53ab7
train,pitting,6_JPG.rf.0f47bfb99c95d1e5486089d73e0b9c8c.jpg,C:\Users\venka\Documents\Project\data\processed\train\pitting\6_JPG.rf.0f47bfb99c95d1e5486089d73e0b9c8c.jpg,80747eca4ee11dd9
train,pitting,70_JPG.rf.60cbf0bfce0b19da8f2611049519c164.jpg,C:\Users\venka\Documents\Project\data\processed\train\pitting\70_JPG.rf.60cbf0bfce0b19da8f2611049519c164.jpg,d00d6f723a782b78
train,pitting,70_JPG.rf.ee70e5df0c504f9760f71c3c8a53af15.jpg,C:\Users\venka\Documents\Project\data\processed\train\pitting\70_JPG.rf.ee70e5df0c504f9760f71c3c8a53af15.jpg,80bd3db53f423a62
train,pitting,72_JPG.rf.047d3ba3bb709fb2c8758e789b15faff.jpg,C:\Users\venka\Documents\Project\data\processed\train\pitting\72_JPG.rf.047d3ba3bb709fb2c8758e789b15faff.jpg,975f6f6a69022523
train,pitting,72_JPG.rf.57ff966dff2291977c21c088580c7dff.jpg,C:\Users\venka\Documents\Project\data\processed\train\pitting\72_JPG.rf.57ff966dff2291977c21c088580c7dff.jpg,d58224ca324d7f6d
train,pitting,73_JPG.rf.ab72f53655101f744e4b1ee0773bb4c9.jpg,C:\Users\venka\Documents\Project\data\processed\train\pitting\73_JPG.rf.ab72f53655101f744e4b1ee0773bb4c9.jpg,859f458d7e8d24a5
train,pitting,73_JPG.rf.c11ab7add5df5591485b4a172186bdf1.jpg,C:\Users\venka\Documents\Project\data\processed\train\pitting\73_JPG.rf.c11ab7add5df5591485b4a172186bdf1.jpg,80ff7e30591a4b2e
train,pitting,73_JPG.rf.f7bf99775c3b57e15ce1ef335532dc72.jpg,C:\Users\venka\Documents\Project\data\processed\train\pitting\73_JPG.rf.f7bf99775c3b57e15ce1ef335532dc72.jpg,81dd7f052c8e3593
train,pitting,74_JPG.rf.457f76d569723b0ed023461f84205576.jpg,C:\Users\venka\Documents\Project\data\processed\train\pitting\74_JPG.rf.457f76d569723b0ed023461f84205576.jpg,90f26dc92b95cc36
train,pitting,74_JPG.rf.9e76722ecab6259f96252c2b9f67da13.jpg,C:\Users\venka\Documents\Project\data\processed\train\pitting\74_JPG.rf.9e76722ecab6259f96252c2b9f67da13.jpg,c07f5a384ba34b87
train,pitting,75_JPG.rf.1915f6900b8f5f9f2dc96af167638026.jpg,C:\Users\venka\Documents\Project\data\processed\train\pitting\75_JPG.rf.1915f6900b8f5f9f2dc96af167638026.jpg,c5c238cece981b9d
train,pitting,78_JPG.rf.789a8139dbe97ac906c4c52d3fd30865.jpg,C:\Users\venka\Documents\Project\data\processed\train\pitting\78_JPG.rf.789a8139dbe97ac906c4c52d3fd30865.jpg,d01d3f2664e686d6
train,pitting,78_JPG.rf.8839a0e7fa9628a14b7f4fb1717cd976.jpg,C:\Users\venka\Documents\Project\data\processed\train\pitting\78_JPG.rf.8839a0e7fa9628a14b7f4fb1717cd976.jpg,803f7a4a259f44d7
train,pitting,78_JPG.rf.fa2633408ad904b5df6a0282cf647a10.jpg,C:\Users\venka\Documents\Project\data\processed\train\pitting\78_JPG.rf.fa2633408ad904b5df6a0282cf647a10.jpg,859668cb784a3e6d
train,pitting,79_JPG.rf.2fd5655e30f95c179b9bfdb06a592618.jpg,C:\Users\venka\Documents\Project\data\processed\train\pitting\79_JPG.rf.2fd5655e30f95c179b9bfdb06a592618.jpg,c0d26a8f719d271d
train,pitting,79_JPG.rf.71e345dd573dbd0c39f64f7e06c05a13.jpg,C:\Users\venka\Documents\Project\data\processed\train\pitting\79_JPG.rf.71e345dd573dbd0c39f64f7e06c05a13.jpg,d5b52e5a784a007f
train,pitting,7_JPG.rf.bcd81c8ec1e2c5888885da8d54bef18d.jpg,C:\Users\venka\Documents\Project\data\processed\train\pitting\7_JPG.rf.bcd81c8ec1e2c5888885da8d54bef18d.jpg,d42167cb0b943d9d
train,pitting,80_JPG.rf.16e1215daab2da8e9b38589c04826542.jpg,C:\Users\venka\Documents\Project\data\processed\train\pitting\80_JPG.rf.16e1215daab2da8e9b38589c04826542.jpg,c0b73f403f68ca65
train,pitting,80_JPG.rf.4599ac5ec213ed7c71a2e3265ba429be.jpg,C:\Users\venka\Documents\Project\data\processed\train\pitting\80_JPG.rf.4599ac5ec213ed7c71a2e3265ba429be.jpg,90957f707c62c06f
train,pitting,80_JPG.rf.5a77d6bad01353770146768db3653bd9.jpg,C:\Users\venka\Documents\Project\data\processed\train\pitting\80_JPG.rf.5a77d6bad01353770146768db3653bd9.jpg,c2933ecd319e6992
train,pitting,81_JPG.rf.8a5d8318b1686ae60b312a40d7432345.jpg,C:\Users\venka\Documents\Project\data\processed\train\pitting\81_JPG.rf.8a5d8318b1686ae60b312a40d7432345.jpg,80355f933fb13a91
train,pitting,81_JPG.rf.d98f292cd360cb1e2281feb65c8eb513.jpg,C:\Users\venka\Documents\Project\data\processed\train\pitting\81_JPG.rf.d98f292cd360cb1e2281feb65c8eb513.jpg,804f2f3a29f56596
train,pitting,85_JPG.rf.0b103fb62b1fccc981fe8c98b660ce64.jpg,C:\Users\venka\Documents\Project\data\processed\train\pitting\85_JPG.rf.0b103fb62b1fccc981fe8c98b660ce64.jpg,95e0785f2a3e2f81
train,pitting,87_jpg.rf.6e0ccdb67c15828061ca5e9873197209.jpg,C:\Users\venka\Documents\Project\data\processed\train\pitting\87_jpg.rf.6e0ccdb67c15828061ca5e9873197209.jpg,81823a396e3ded36
train,pitting,87_jpg.rf.ef6a01f00187d57e04b1cdffd0aa7a5c.jpg,C:\Users\venka\Documents\Project\data\processed\train\pitting\87_jpg.rf.ef6a01f00187d57e04b1cdffd0aa7a5c.jpg,c53d3ac2f0694b8d
train,pitting,89_JPG.rf.381a352dbf39017aa20f01d42ab2375e.jpg,C:\Users\venka\Documents\Project\data\processed\train\pitting\89_JPG.rf.381a352dbf39017aa20f01d42ab2375e.jpg,95572ab67ca36017
train,pitting,89_JPG.rf.71a19d1c8b2d80c21531091fa4875018.jpg,C:\Users\venka\Documents\Project\data\processed\train\pitting\89_JPG.rf.71a19d1c8b2d80c21531091fa4875018.jpg,90807ed5694e65db
train,pitting,8_JPG.rf.734b1a0b861c6d6227bb1a901cd52995.jpg,C:\Users\venka\Documents\Project\data\processed\train\pitting\8_JPG.rf.734b1a0b861c6d6227bb1a901cd52995.jpg,d700682f10da6dfd
train,pitting,8_JPG.rf.b2d3c29f5fba2f53160b6fcac4b31ee9.jpg,C:\Users\venka\Documents\Project\data\processed\train\pitting\8_JPG.rf.b2d3c29f5fba2f53160b6fcac4b31ee9.jpg,d597682823d03fcb
train,pitting,91_JPG.rf.c43f89e14a89edcf468338e46de45045.jpg,C:\Users\venka\Documents\Project\data\processed\train\pitting\91_JPG.rf.c43f89e14a89edcf468338e46de45045.jpg,c1e43e5e36996998
train,pitting,93_JPG.rf.0d3c94af829f9bfc021d4b12d2746c2e.jpg,C:\Users\venka\Documents\Project\data\processed\train\pitting\93_JPG.rf.0d3c94af829f9bfc021d4b12d2746c2e.jpg,c24a3d253f3c6fc0
train,pitting,94_JPG.rf.5083c1dc2c4804c2111a8ee2f4892987.jpg,C:\Users\venka\Documents\Project\data\processed\train\pitting\94_JPG.rf.5083c1dc2c4804c2111a8ee2f4892987.jpg,c52b7cf428ea386c
train,pitting,94_JPG.rf.8a37d4bce25b3bab77b3312579dc9983.jpg,C:\Users\venka\Documents\Project\data\processed\train\pitting\94_JPG.rf.8a37d4bce25b3bab77b3312579dc9983.jpg,817567b865946a9e
train,pitting,94_JPG.rf.d06505f55725b99c8a435d2415dabc26.jpg,C:\Users\venka\Documents\Project\data\processed\train\pitting\94_JPG.rf.d06505f55725b99c8a435d2415dabc26.jpg,816a34d12ed71fcc
train,pitting,95_JPG.rf.1194f2c26730acd06f3ca8bea7dcbf93.jpg,C:\Users\venka\Documents\Project\data\processed\train\pitting\95_JPG.rf.1194f2c26730acd06f3ca8bea7dcbf93.jpg,d5a06a7508d463f7
train,pitting,95_JPG.rf.588755b63ffe62791e9e7fa719448ac2.jpg,C:\Users\venka\Documents\Project\data\processed\train\pitting\95_JPG.rf.588755b63ffe62791e9e7fa719448ac2.jpg,d55f093a2a7a2a6a
train,pitting,96_JPG.rf.76cf9fadea5dedb4cd2e09e63d12e2a0.jpg,C:\Users\venka\Documents\Project\data\processed\train\pitting\96_JPG.rf.76cf9fadea5dedb4cd2e09e63d12e2a0.jpg,c54a416a1f7d2e71
train,pitting,96_JPG.rf.f0d23358e8784dff1617bc73dcd23f21.jpg,C:\Users\venka\Documents\Project\data\processed\train\pitting\96_JPG.rf.f0d23358e8784dff1617bc73dcd23f21.jpg,cfc855413bc67b82
train,pitting,98_JPG.rf.a26f4d09b5958bc702d6ba08b45163f9.jpg,C:\Users\venka\Documents\Project\data\processed\train\pitting\98_JPG.rf.a26f4d09b5958bc702d6ba08b45163f9.jpg,803d4f9457921ebb
train,pitting,98_JPG.rf.f1d12cdfbf5772c7cef3c9197f9ff773.jpg,C:\Users\venka\Documents\Project\data\processed\train\pitting\98_JPG.rf.f1d12cdfbf5772c7cef3c9197f9ff773.jpg,c1ff178a52956a94
train,pitting,99_JPG.rf.5d0f5db56f9664e342d65f29b994daf4.jpg,C:\Users\venka\Documents\Project\data\processed\train\pitting\99_JPG.rf.5d0f5db56f9664e342d65f29b994daf4.jpg,c0ea36d04f276a3e
train,pitting,99_JPG.rf.816432e1fa71661b62d6ac01d76e0e62.jpg,C:\Users\venka\Documents\Project\data\processed\train\pitting\99_JPG.rf.816432e1fa71661b62d6ac01d76e0e62.jpg,956b72ca5a58685b
train,pitting,99_JPG.rf.a7fc6ed22fb161e57d07a772336075f2.jpg,C:\Users\venka\Documents\Project\data\processed\train\pitting\99_JPG.rf.a7fc6ed22fb161e57d07a772336075f2.jpg,90e061586f2f3f36
train,pitting,9_JPG.rf.26af31ebdab31f93e109850bc33d2cf7.jpg,C:\Users\venka\Documents\Project\data\processed\train\pitting\9_JPG.rf.26af31ebdab31f93e109850bc33d2cf7.jpg,85b57b47684ae668
train,pitting,9_JPG.rf.fc021210a8e20c2c02f3b1e592db8189.jpg,C:\Users\venka\Documents\Project\data\processed\train\pitting\9_JPG.rf.fc021210a8e20c2c02f3b1e592db8189.jpg,97976ac86b612b43
validation,Acral_Lentiginous_Melanoma,CuvmX-dWIAAv_PX_jpeg.rf.ef45383bb8925fcc7dacfe7fe0de2814.jpg,C:\Users\venka\Documents\Project\data\processed\val\Acral_Lentiginous_Melanoma\CuvmX-dWIAAv_PX_jpeg.rf.ef45383bb8925fcc7dacfe7fe0de2814.jpg,d1602abd3d96534e
validation,Acral_Lentiginous_Melanoma,Nail-apparatus-lentigo-in-an-adult_Q320_jpg.rf.9d072b7e4ac0f85b452e8b0e8826e855.jpg,C:\Users\venka\Documents\Project\data\processed\val\Acral_Lentiginous_Melanoma\Nail-apparatus-lentigo-in-an-adult_Q320_jpg.rf.9d072b7e4ac0f85b452e8b0e8826e855.jpg,fe8b50a752a64b8c
validation,Acral_Lentiginous_Melanoma,Screen-Shot-2021-11-16-at-6-57-22-PM_png.rf.5d2de4abeddea0fd6d4eb47c0b67e0a8.jpg,C:\Users\venka\Documents\Project\data\processed\val\Acral_Lentiginous_Melanoma\Screen-Shot-2021-11-16-at-6-57-22-PM_png.rf.5d2de4abeddea0fd6d4eb47c0b67e0a8.jpg,803f47903f3d724b
validation,Acral_Lentiginous_Melanoma,Screen-Shot-2021-11-16-at-6-57-44-PM_png.rf.13d81a139e11c6423597aacb47d252ad.jpg,C:\Users\venka\Documents\Project\data\processed\val\Acral_Lentiginous_Melanoma\Screen-Shot-2021-11-16-at-6-57-44-PM_png.rf.13d81a139e11c6423597aacb47d252ad.jpg,d0ad67d070ca4a6f
validation,Acral_Lentiginous_Melanoma,Screen-Shot-2021-11-16-at-6-58-00-PM_png.rf.ebc0512d12960462f7e2cde0fb25a192.jpg,C:\Users\venka\Documents\Project\data\processed\val\Acral_Lentiginous_Melanoma\Screen-Shot-2021-11-16-at-6-58-00-PM_png.rf.ebc0512d12960462f7e2cde0fb25a192.jpg,82bf4da472976398
validation,Acral_Lentiginous_Melanoma,Screen-Shot-2021-11-16-at-6-58-09-PM_png.rf.eb2daff7bab45b5969cc305bf2816bae.jpg,C:\Users\venka\Documents\Project\data\processed\val\Acral_Lentiginous_Melanoma\Screen-Shot-2021-11-16-at-6-58-09-PM_png.rf.eb2daff7bab45b5969cc305bf2816bae.jpg,b5a54c956992c51f
validation,Acral_Lentiginous_Melanoma,Screen-Shot-2021-11-16-at-6-58-51-PM_png.rf.eb238fce0f91aea0e7291c344cff82a9.jpg,C:\Users\venka\Documents\Project\data\processed\val\Acral_Lentiginous_Melanoma\Screen-Shot-2021-11-16-at-6-58-51-PM_png.rf.eb238fce0f91aea0e7291c344cff82a9.jpg,c08210cd4fe53ff3
validation,Acral_Lentiginous_Melanoma,Screen-Shot-2021-11-16-at-6-59-24-PM_png.rf.27ecfd49eac1378b22ea8d6b12b17728.jpg,C:\Users\venka\Documents\Project\data\processed\val\Acral_Lentiginous_Melanoma\Screen-Shot-2021-11-16-at-6-59-24-PM_png.rf.27ecfd49eac1378b22ea8d6b12b17728.jpg,b860016a3f8f3e9d
validation,Acral_Lentiginous_Melanoma,Screen-Shot-2021-11-16-at-7-00-05-PM_png.rf.b8e369c2bea5f9bc3a46a5bf2611795c.jpg,C:\Users\venka\Documents\Project\data\processed\val\Acral_Lentiginous_Melanoma\Screen-Shot-2021-11-16-at-7-00-05-PM_png.rf.b8e369c2bea5f9bc3a46a5bf2611795c.jpg,c05f726e0b282f6b
validation,Acral_Lentiginous_Melanoma,Screen-Shot-2021-11-16-at-7-02-13-PM_png.rf.a069e1c0a19813739f76f8d94ca3ad01.jpg,C:\Users\venka\Documents\Project\data\processed\val\Acral_Lentiginous_Melanoma\Screen-Shot-2021-11-16-at-7-02-13-PM_png.rf.a069e1c0a19813739f76f8d94ca3ad01.jpg,d0ca2f552e36af24
validation,Acral_Lentiginous_Melanoma,Screen-Shot-2021-11-16-at-7-06-38-PM_png.rf.60d15a89446814f59f75bb74ba74599b.jpg,C:\Users\venka\Documents\Project\data\processed\val\Acral_Lentiginous_Melanoma\Screen-Shot-2021-11-16-at-7-06-38-PM_png.rf.60d15a89446814f59f75bb74ba74599b.jpg,a0a10c9977e56fd1
validation,Acral_Lentiginous_Melanoma,Screen-Shot-2021-11-16-at-7-07-21-PM_png.rf.350f77c6b4430c9ecf9fd7cc98d56672.jpg,C:\Users\venka\Documents\Project\data\processed\val\Acral_Lentiginous_Melanoma\Screen-Shot-2021-11-16-at-7-07-21-PM_png.rf.350f77c6b4430c9ecf9fd7cc98d56672.jpg,8170cb903f6e1f6a
validation,Acral_Lentiginous_Melanoma,Screen-Shot-2021-11-16-at-7-07-35-PM_png.rf.8a6a136f50fecbafe7b9573a28da20e4.jpg,C:\Users\venka\Documents\Project\data\processed\val\Acral_Lentiginous_Melanoma\Screen-Shot-2021-11-16-at-7-07-35-PM_png.rf.8a6a136f50fecbafe7b9573a28da20e4.jpg,c5aa1ee57a114b65
validation,Acral_Lentiginous_Melanoma,Screen-Shot-2021-11-16-at-7-08-26-PM_png.rf.c7f101046f4b394fe75004bebf1b6867.jpg,C:\Users\venka\Documents\Project\data\processed\val\Acral_Lentiginous_Melanoma\Screen-Shot-2021-11-16-at-7-08-26-PM_png.rf.c7f101046f4b394fe75004bebf1b6867.jpg,94393f606663c9ce
validation,Acral_Lentiginous_Melanoma,Screen-Shot-2021-11-16-at-7-12-02-PM_png.rf.5c1bcfd62903be4997b2b56fa75edcb3.jpg,C:\Users\venka\Documents\Project\data\processed\val\Acral_Lentiginous_Melanoma\Screen-Shot-2021-11-16-at-7-12-02-PM_png.rf.5c1bcfd62903be4997b2b56fa75edcb3.jpg,9594cea5726a4ab5
validation,Acral_Lentiginous_Melanoma,Screen-Shot-2021-11-16-at-7-12-02-PM_png.rf.5fffb2a748cc4056e6c5e9e58acfe2d8.jpg,C:\Users\venka\Documents\Project\data\processed\val\Acral_Lentiginous_Melanoma\Screen-Shot-2021-11-16-at-7-12-02-PM_png.rf.5fffb2a748cc4056e6c5e9e58acfe2d8.jpg,80c07f1b2a7a373b
validation,Acral_Lentiginous_Melanoma,Screen-Shot-2021-11-16-at-7-13-08-PM_png.rf.1fa1159c398707fe7834880ce37d65f6.jpg,C:\Users\venka\Documents\Project\data\processed\val\Acral_Lentiginous_Melanoma\Screen-Shot-2021-11-16-at-7-13-08-PM_png.rf.1fa1159c398707fe7834880ce37d65f6.jpg,c021cbc93bf36969
validation,Acral_Lentiginous_Melanoma,Screen-Shot-2021-11-16-at-7-13-08-PM_png.rf.56c6f99b152c5eba4d9579ebc22c8e99.jpg,C:\Users\venka\Documents\Project\data\processed\val\Acral_Lentiginous_Melanoma\Screen-Shot-2021-11-16-at-7-13-08-PM_png.rf.56c6f99b152c5eba4d9579ebc22c8e99.jpg,95004ed73bfb0e58
validation,Acral_Lentiginous_Melanoma,Screen-Shot-2021-11-16-at-7-14-31-PM_png.rf.30bf52933f7706012cb7a854d05ee107.jpg,C:\Users\venka\Documents\Project\data\processed\val\Acral_Lentiginous_Melanoma\Screen-Shot-2021-11-16-at-7-14-31-PM_png.rf.30bf52933f7706012cb7a854d05ee107.jpg,c0c33f3f8990e41f
validation,Acral_Lentiginous_Melanoma,Screen-Shot-2021-11-16-at-7-14-39-PM_png.rf.4fb61121fbf5c300f085ecd8a08e2ea1.jpg,C:\Users\venka\Documents\Project\data\processed\val\Acral_Lentiginous_Melanoma\Screen-Shot-2021-11-16-at-7-14-39-PM_png.rf.4fb61121fbf5c300f085ecd8a08e2ea1.jpg,88bd37423a69736c
validation,Acral_Lentiginous_Melanoma,Screen-Shot-2021-11-16-at-7-16-03-PM_png.rf.3b8204284960148f64ed65456ce73742.jpg,C:\Users\venka\Documents\Project\data\processed\val\Acral_Lentiginous_Melanoma\Screen-Shot-2021-11-16-at-7-16-03-PM_png.rf.3b8204284960148f64ed65456ce73742.jpg,915a4e7239cc6769
validation,Acral_Lentiginous_Melanoma,Screen-Shot-2021-11-16-at-7-16-43-PM_png.rf.bdbcad9c3cf08226667dba8099ad7362.jpg,C:\Users\venka\Documents\Project\data\processed\val\Acral_Lentiginous_Melanoma\Screen-Shot-2021-11-16-at-7-16-43-PM_png.rf.bdbcad9c3cf08226667dba8099ad7362.jpg,90e36ba4ad157353
validation,Acral_Lentiginous_Melanoma,Screen-Shot-2021-11-19-at-1-25-53-AM_png.rf.48d1b8be36ff0674a81679489faed28a.jpg,C:\Users\venka\Documents\Project\data\processed\val\Acral_Lentiginous_Melanoma\Screen-Shot-2021-11-19-at-1-25-53-AM_png.rf.48d1b8be36ff0674a81679489faed28a.jpg,a0404be33f2f369e
validation,Acral_Lentiginous_Melanoma,Screen-Shot-2021-11-19-at-1-27-17-AM_png.rf.77b1c68d7bd4e5cc45807b165d534704.jpg,C:\Users\venka\Documents\Project\data\processed\val\Acral_Lentiginous_Melanoma\Screen-Shot-2021-11-19-at-1-27-17-AM_png.rf.77b1c68d7bd4e5cc45807b165d534704.jpg,d53f207a2f9730c8
validation,Acral_Lentiginous_Melanoma,Screen-Shot-2021-11-19-at-1-31-02-AM_png.rf.bd3a3fd34cf65cd6a38d37a924716796.jpg,C:\Users\venka\Documents\Project\data\processed\val\Acral_Lentiginous_Melanoma\Screen-Shot-2021-11-19-at-1-31-02-AM_png.rf.bd3a3fd34cf65cd6a38d37a924716796.jpg,d4d72aa8c18f631e
validation,Acral_Lentiginous_Melanoma,Screen-Shot-2021-11-19-at-1-31-46-AM_png.rf.28ff9f71711a633465e85164f0fa0980.jpg,C:\Users\venka\Documents\Project\data\processed\val\Acral_Lentiginous_Melanoma\Screen-Shot-2021-11-19-at-1-31-46-AM_png.rf.28ff9f71711a633465e85164f0fa0980.jpg,ffa2682fc0a0ca9e
validation,Acral_Lentiginous_Melanoma,Screen-Shot-2021-11-19-at-1-31-46-AM_png.rf.6036260dab2fdc78f3b190d2277ad3a1.jpg,C:\Users\venka\Documents\Project\data\processed\val\Acral_Lentiginous_Melanoma\Screen-Shot-2021-11-19-at-1-31-46-AM_png.rf.6036260dab2fdc78f3b190d2277ad3a1.jpg,80d079d5d75a476a
validation,Acral_Lentiginous_Melanoma,Screen-Shot-2021-11-19-at-1-33-18-AM_png.rf.11e7e70f668cfc1b77066799cd0a8a3c.jpg,C:\Users\venka\Documents\Project\data\processed\val\Acral_Lentiginous_Melanoma\Screen-Shot-2021-11-19-at-1-33-18-AM_png.rf.11e7e70f668cfc1b77066799cd0a8a3c.jpg,a53dd390698e4f2c
validation,Acral_Lentiginous_Melanoma,Screen-Shot-2021-11-19-at-1-33-18-AM_png.rf.e73cf3541e26ffc8c532db0304afb542.jpg,C:\Users\venka\Documents\Project\data\processed\val\Acral_Lentiginous_Melanoma\Screen-Shot-2021-11-19-at-1-33-18-AM_png.rf.e73cf3541e26ffc8c532db0304afb542.jpg,fd38d0051bda0fd2
validation,Acral_Lentiginous_Melanoma,Screen-Shot-2021-11-19-at-1-36-14-AM_png.rf.7a6c4ce10ab5c505deeae8e426d4ab2b.jpg,C:\Users\venka\Documents\Project\data\processed\val\Acral_Lentiginous_Melanoma\Screen-Shot-2021-11-19-at-1-36-14-AM_png.rf.7a6c4ce10ab5c505deeae8e426d4ab2b.jpg,f800c55f057e27f8
validation,Acral_Lentiginous_Melanoma,Screen-Shot-2021-11-19-at-1-38-32-AM_png.rf.425173783e39a01a9e0fe2e9661f70c8.jpg,C:\Users\venka\Documents\Project\data\processed\val\Acral_Lentiginous_Melanoma\Screen-Shot-2021-11-19-at-1-38-32-AM_png.rf.425173783e39a01a9e0fe2e9661f70c8.jpg,9d476a6a79296925
validation,Acral_Lentiginous_Melanoma,Screen-Shot-2021-11-19-at-1-41-42-AM_png.rf.8c81297febbc79956ad2cbc1ebb78f5a.jpg,C:\Users\venka\Documents\Project\data\processed\val\Acral_Lentiginous_Melanoma\Screen-Shot-2021-11-19-at-1-41-42-AM_png.rf.8c81297febbc79956ad2cbc1ebb78f5a.jpg,96ca69b94b95611d
validation,Acral_Lentiginous_Melanoma,Screen-Shot-2021-11-19-at-1-43-09-AM_png.rf.a130fb33907253a35d87b378b9a74f1b.jpg,C:\Users\venka\Documents\Project\data\processed\val\Acral_Lentiginous_Melanoma\Screen-Shot-2021-11-19-at-1-43-09-AM_png.rf.a130fb33907253a35d87b378b9a74f1b.jpg,ad2d52954a973e4a
validation,Acral_Lentiginous_Melanoma,Screen-Shot-2021-11-19-at-1-43-09-AM_png.rf.e99c5739bdc9c16ff818ca8ed768cfd2.jpg,C:\Users\venka\Documents\Project\data\processed\val\Acral_Lentiginous_Melanoma\Screen-Shot-2021-11-19-at-1-43-09-AM_png.rf.e99c5739bdc9c16ff818ca8ed768cfd2.jpg,91d44687d29d4b97
validation,Acral_Lentiginous_Melanoma,Screen-Shot-2021-11-19-at-1-43-09-AM_png.rf.fc6790624f9659629ac0f9016c408db7.jpg,C:\Users\venka\Documents\Project\data\processed\val\Acral_Lentiginous_Melanoma\Screen-Shot-2021-11-19-at-1-43-09-AM_png.rf.fc6790624f9659629ac0f9016c408db7.jpg,80f57f807722783e
validation,Acral_Lentiginous_Melanoma,Screen-Shot-2021-11-19-at-1-46-05-AM_png.rf.e8cc1eeb54c187d9cfa02190e9188de7.jpg,C:\Users\venka\Documents\Project\data\processed\val\Acral_Lentiginous_Melanoma\Screen-Shot-2021-11-19-at-1-46-05-AM_png.rf.e8cc1eeb54c187d9cfa02190e9188de7.jpg,c2d23d9b340d333d
validation,Acral_Lentiginous_Melanoma,Screen-Shot-2021-11-19-at-1-47-44-AM_png.rf.a25e2f94c25bb1fe6ecae95e22300934.jpg,C:\Users\venka\Documents\Project\data\processed\val\Acral_Lentiginous_Melanoma\Screen-Shot-2021-11-19-at-1-47-44-AM_png.rf.a25e2f94c25bb1fe6ecae95e22300934.jpg,9b963c6963316c63
validation,Acral_Lentiginous_Melanoma,Screen-Shot-2021-11-19-at-1-47-44-AM_png.rf.ac2f616e1cbacee0d4da17c4a3410d21.jpg,C:\Users\venka\Documents\Project\data\processed\val\Acral_Lentiginous_Melanoma\Screen-Shot-2021-11-19-at-1-47-44-AM_png.rf.ac2f616e1cbacee0d4da17c4a3410d21.jpg,c2f03d0ff294c3f0
validation,Acral_Lentiginous_Melanoma,Screen-Shot-2021-11-19-at-1-52-48-AM_png.rf.7f6598cd419e8fc6006399f6f49582c1.jpg,C:\Users\venka\Documents\Project\data\processed\val\Acral_Lentiginous_Melanoma\Screen-Shot-2021-11-19-at-1-52-48-AM_png.rf.7f6598cd419e8fc6006399f6f49582c1.jpg,d725b9c203fe08da
validation,Acral_Lentiginous_Melanoma,Screen-Shot-2021-11-19-at-1-52-59-AM_png.rf.736919d780c40fb6d916929a74fed06f.jpg,C:\Users\venka\Documents\Project\data\processed\val\Acral_Lentiginous_Melanoma\Screen-Shot-2021-11-19-at-1-52-59-AM_png.rf.736919d780c40fb6d916929a74fed06f.jpg,c060556a3f6b366b
validation,Acral_Lentiginous_Melanoma,Screen-Shot-2021-11-19-at-1-53-47-AM_png.rf.32ffa2df7b73b5d1929c65f3167803e2.jpg,C:\Users\venka\Documents\Project\data\processed\val\Acral_Lentiginous_Melanoma\Screen-Shot-2021-11-19-at-1-53-47-AM_png.rf.32ffa2df7b73b5d1929c65f3167803e2.jpg,859d68c16f952e96
validation,Acral_Lentiginous_Melanoma,Screen-Shot-2021-11-19-at-1-59-07-AM_png.rf.0b7a3d068048a50f69ac4fec416a768c.jpg,C:\Users\venka\Documents\Project\data\processed\val\Acral_Lentiginous_Melanoma\Screen-Shot-2021-11-19-at-1-59-07-AM_png.rf.0b7a3d068048a50f69ac4fec416a768c.jpg,d59472152a953db5
validation,Acral_Lentiginous_Melanoma,Screen-Shot-2021-11-19-at-1-59-34-AM_png.rf.d7471d003390147337786dbbb814163c.jpg,C:\Users\venka\Documents\Project\data\processed\val\Acral_Lentiginous_Melanoma\Screen-Shot-2021-11-19-at-1-59-34-AM_png.rf.d7471d003390147337786dbbb814163c.jpg,d0fa0f1d0f8d0b1d
validation,Acral_Lentiginous_Melanoma,Screen-Shot-2021-11-19-at-12-16-49-AM_png.rf.96ae678bbdd7f36d31d28d3684ed8270.jpg,C:\Users\venka\Documents\Project\data\processed\val\Acral_Lentiginous_Melanoma\Screen-Shot-2021-11-19-at-12-16-49-AM_png.rf.96ae678bbdd7f36d31d28d3684ed8270.jpg,91b50ec93f6a7078
validation,Acral_Lentiginous_Melanoma,Screen-Shot-2021-11-19-at-12-16-56-AM_png.rf.4658789ddc8f25b6d76683c4339aab27.jpg,C:\Users\venka\Documents\Project\data\processed\val\Acral_Lentiginous_Melanoma\Screen-Shot-2021-11-19-at-12-16-56-AM_png.rf.4658789ddc8f25b6d76683c4339aab27.jpg,c3da2ec33e07190f
validation,Acral_Lentiginous_Melanoma,Screen-Shot-2021-11-19-at-12-22-33-AM_png.rf.2c8bbcbdcf70e188c600f5417844e391.jpg,C:\Users\venka\Documents\Project\data\processed\val\Acral_Lentiginous_Melanoma\Screen-Shot-2021-11-19-at-12-22-33-AM_png.rf.2c8bbcbdcf70e188c600f5417844e391.jpg,d07e272b0a0b2f4f
validation,Acral_Lentiginous_Melanoma,Screen-Shot-2021-11-19-at-12-41-44-AM_png.rf.475e65553b151b0b0eb9c184984b69cd.jpg,C:\Users\venka\Documents\Project\data\processed\val\Acral_Lentiginous_Melanoma\Screen-Shot-2021-11-19-at-12-41-44-AM_png.rf.475e65553b151b0b0eb9c184984b69cd.jpg,81d47f7a626a6629
validation,Acral_Lentiginous_Melanoma,Screen-Shot-2021-11-19-at-12-48-45-AM_png.rf.3b2596629d7031159f8715e6885b53ef.jpg,C:\Users\venka\Documents\Project\data\processed\val\Acral_Lentiginous_Melanoma\Screen-Shot-2021-11-19-at-12-48-45-AM_png.rf.3b2596629d7031159f8715e6885b53ef.jpg,952a40d15acf4aef
validation,Acral_Lentiginous_Melanoma,Screen-Shot-2021-11-19-at-12-52-33-AM_png.rf.8d295d7c521dd2c6ab026979667670ee.jpg,C:\Users\venka\Documents\Project\data\processed\val\Acral_Lentiginous_Melanoma\Screen-Shot-2021-11-19-at-12-52-33-AM_png.rf.8d295d7c521dd2c6ab026979667670ee.jpg,d5006a1b2b9f2ef8
validation,Acral_Lentiginous_Melanoma,Screen-Shot-2021-11-19-at-12-55-17-AM_png.rf.9ac7a81337f439bcfabf28402b734981.jpg,C:\Users\venka\Documents\Project\data\processed\val\Acral_Lentiginous_Melanoma\Screen-Shot-2021-11-19-at-12-55-17-AM_png.rf.9ac7a81337f439bcfabf28402b734981.jpg,85d4387571956ab3
validation,Acral_Lentiginous_Melanoma,Screen-Shot-2021-11-19-at-12-56-15-AM_png.rf.1e51d9501028892d4275f0aaea74e903.jpg,C:\Users\venka\Documents\Project\data\processed\val\Acral_Lentiginous_Melanoma\Screen-Shot-2021-11-19-at-12-56-15-AM_png.rf.1e51d9501028892d4275f0aaea74e903.jpg,978768d867782c6a
validation,Acral_Lentiginous_Melanoma,Screen-Shot-2021-11-19-at-2-06-15-AM_png.rf.d71792a91862a793415fdfeec27b0bd8.jpg,C:\Users\venka\Documents\Project\data\processed\val\Acral_Lentiginous_Melanoma\Screen-Shot-2021-11-19-at-2-06-15-AM_png.rf.d71792a91862a793415fdfeec27b0bd8.jpg,d2002d3f3f363f90
validation,Acral_Lentiginous_Melanoma,Screen-Shot-2021-11-19-at-2-08-55-AM_png.rf.6737e338bbf8739cb82d48745f795f74.jpg,C:\Users\venka\Documents\Project\data\processed\val\Acral_Lentiginous_Melanoma\Screen-Shot-2021-11-19-at-2-08-55-AM_png.rf.6737e338bbf8739cb82d48745f795f74.jpg,815e1a693f6574f0
validation,Acral_Lentiginous_Melanoma,Screen-Shot-2021-11-19-at-2-10-19-AM_png.rf.8445e47771c23672618bed17829cced8.jpg,C:\Users\venka\Documents\Project\data\processed\val\Acral_Lentiginous_Melanoma\Screen-Shot-2021-11-19-at-2-10-19-AM_png.rf.8445e47771c23672618bed17829cced8.jpg,c4884075737e4e7e
validation,Acral_Lentiginous_Melanoma,Screen-Shot-2021-11-19-at-2-11-28-AM_png.rf.4f85e25587861686717e5da077d2c3c6.jpg,C:\Users\venka\Documents\Project\data\processed\val\Acral_Lentiginous_Melanoma\Screen-Shot-2021-11-19-at-2-11-28-AM_png.rf.4f85e25587861686717e5da077d2c3c6.jpg,8552aa792c3b3d4b
validation,Acral_Lentiginous_Melanoma,Screen-Shot-2021-11-19-at-2-12-47-AM_png.rf.fa584ae5010bd649aa700724520b69e0.jpg,C:\Users\venka\Documents\Project\data\processed\val\Acral_Lentiginous_Melanoma\Screen-Shot-2021-11-19-at-2-12-47-AM_png.rf.fa584ae5010bd649aa700724520b69e0.jpg,85427e6b686e7962
validation,Acral_Lentiginous_Melanoma,Screen-Shot-2021-11-19-at-2-13-48-AM_png.rf.a44d082129e6123b393a4eaeed433a80.jpg,C:\Users\venka\Documents\Project\data\processed\val\Acral_Lentiginous_Melanoma\Screen-Shot-2021-11-19-at-2-13-48-AM_png.rf.a44d082129e6123b393a4eaeed433a80.jpg,c1074f780f760cf9
validation,Acral_Lentiginous_Melanoma,Screen-Shot-2021-11-19-at-2-13-48-AM_png.rf.d12225f3a794981a380e7b1b7ed6cb59.jpg,C:\Users\venka\Documents\Project\data\processed\val\Acral_Lentiginous_Melanoma\Screen-Shot-2021-11-19-at-2-13-48-AM_png.rf.d12225f3a794981a380e7b1b7ed6cb59.jpg,d5852ad52b4a1e6e
validation,Acral_Lentiginous_Melanoma,Screen-Shot-2021-11-19-at-2-17-25-AM_png.rf.4131d5494d620e0b67bcb5cb65888e3d.jpg,C:\Users\venka\Documents\Project\data\processed\val\Acral_Lentiginous_Melanoma\Screen-Shot-2021-11-19-at-2-17-25-AM_png.rf.4131d5494d620e0b67bcb5cb65888e3d.jpg,976a3c6121bf0f94
validation,Acral_Lentiginous_Melanoma,Screen-Shot-2021-11-19-at-2-27-56-AM_png.rf.4d45095621f4ee41240a201c404e32a6.jpg,C:\Users\venka\Documents\Project\data\processed\val\Acral_Lentiginous_Melanoma\Screen-Shot-2021-11-19-at-2-27-56-AM_png.rf.4d45095621f4ee41240a201c404e32a6.jpg,d325ca636f786261
validation,Acral_Lentiginous_Melanoma,Screen-Shot-2021-11-19-at-2-28-32-AM_png.rf.58284ced7f291326fab2d8300fa452ec.jpg,C:\Users\venka\Documents\Project\data\processed\val\Acral_Lentiginous_Melanoma\Screen-Shot-2021-11-19-at-2-28-32-AM_png.rf.58284ced7f291326fab2d8300fa452ec.jpg,c88c337f3f780f80
validation,Acral_Lentiginous_Melanoma,Screen-Shot-2021-11-19-at-2-32-17-AM_png.rf.028a89cb3c804e12f79677d9534d9011.jpg,C:\Users\venka\Documents\Project\data\processed\val\Acral_Lentiginous_Melanoma\Screen-Shot-2021-11-19-at-2-32-17-AM_png.rf.028a89cb3c804e12f79677d9534d9011.jpg,85543b6b7e2a3a2a
validation,Acral_Lentiginous_Melanoma,Screen-Shot-2021-11-20-at-10-04-45-PM_png.rf.3964e80b0f10a79b06efde9b63124186.jpg,C:\Users\venka\Documents\Project\data\processed\val\Acral_Lentiginous_Melanoma\Screen-Shot-2021-11-20-at-10-04-45-PM_png.rf.3964e80b0f10a79b06efde9b63124186.jpg,d59548923b9b36c3
validation,Acral_Lentiginous_Melanoma,Screen-Shot-2021-11-20-at-10-24-17-PM_png.rf.cd4692f077053ad8ca2385d99237ae0f.jpg,C:\Users\venka\Documents\Project\data\processed\val\Acral_Lentiginous_Melanoma\Screen-Shot-2021-11-20-at-10-24-17-PM_png.rf.cd4692f077053ad8ca2385d99237ae0f.jpg,90556bd265526e5b
validation,Acral_Lentiginous_Melanoma,Screen-Shot-2021-11-20-at-10-24-56-PM_png.rf.823ef12f1ee1ec8ec541aa57875cef08.jpg,C:\Users\venka\Documents\Project\data\processed\val\Acral_Lentiginous_Melanoma\Screen-Shot-2021-11-20-at-10-24-56-PM_png.rf.823ef12f1ee1ec8ec541aa57875cef08.jpg,81587a69aa6a7765
validation,Acral_Lentiginous_Melanoma,Screen-Shot-2021-11-20-at-10-25-02-PM_png.rf.08d70925657da386e600f39ee2116207.jpg,C:\Users\venka\Documents\Project\data\processed\val\Acral_Lentiginous_Melanoma\Screen-Shot-2021-11-20-at-10-25-02-PM_png.rf.08d70925657da386e600f39ee2116207.jpg,c1de5fc57ac260c1
validation,Acral_Lentiginous_Melanoma,Screen-Shot-2021-11-20-at-10-25-02-PM_png.rf.093cc91ecba9025e707ec6fcf88ca128.jpg,C:\Users\venka\Documents\Project\data\processed\val\Acral_Lentiginous_Melanoma\Screen-Shot-2021-11-20-at-10-25-02-PM_png.rf.093cc91ecba9025e707ec6fcf88ca128.jpg,80721fd97ea178a5
validation,Acral_Lentiginous_Melanoma,Screen-Shot-2021-11-20-at-10-27-47-PM_png.rf.73c56c71cc05b89efd5c30b9e5b27aee.jpg,C:\Users\venka\Documents\Project\data\processed\val\Acral_Lentiginous_Melanoma\Screen-Shot-2021-11-20-at-10-27-47-PM_png.rf.73c56c71cc05b89efd5c30b9e5b27aee.jpg,849d2f9639d96c43
validation,Acral_Lentiginous_Melanoma,Screen-Shot-2021-11-20-at-10-30-41-PM_png.rf.04afcdd25f54617f05a08fead3516cfb.jpg,C:\Users\venka\Documents\Project\data\processed\val\Acral_Lentiginous_Melanoma\Screen-Shot-2021-11-20-at-10-30-41-PM_png.rf.04afcdd25f54617f05a08fead3516cfb.jpg,954a6d6d70646766
validation,Acral_Lentiginous_Melanoma,Screen-Shot-2021-11-20-at-10-37-59-PM_png.rf.4c531344f4186b7c921ae36a37719b37.jpg,C:\Users\venka\Documents\Project\data\processed\val\Acral_Lentiginous_Melanoma\Screen-Shot-2021-11-20-at-10-37-59-PM_png.rf.4c531344f4186b7c921ae36a37719b37.jpg,8b727c6576485a69
validation,Acral_Lentiginous_Melanoma,Screen-Shot-2021-11-20-at-10-37-59-PM_png.rf.9e24ca5b1903ee6b65cd4761e4502e32.jpg,C:\Users\venka\Documents\Project\data\processed\val\Acral_Lentiginous_Melanoma\Screen-Shot-2021-11-20-at-10-37-59-PM_png.rf.9e24ca5b1903ee6b65cd4761e4502e32.jpg,c0602bf42f923ef3
validation,Acral_Lentiginous_Melanoma,Screen-Shot-2021-11-20-at-10-37-59-PM_png.rf.c8183571d458d2f575480b1e7f1662fc.jpg,C:\Users\venka\Documents\Project\data\processed\val\Acral_Lentiginous_Melanoma\Screen-Shot-2021-11-20-at-10-37-59-PM_png.rf.c8183571d458d2f575480b1e7f1662fc.jpg,952f7a713ae08f82
validation,Acral_Lentiginous_Melanoma,Screen-Shot-2021-11-20-at-10-40-50-PM_png.rf.af285a474b6a8aa75020823659ecc4d0.jpg,C:\Users\venka\Documents\Project\data\processed\val\Acral_Lentiginous_Melanoma\Screen-Shot-2021-11-20-at-10-40-50-PM_png.rf.af285a474b6a8aa75020823659ecc4d0.jpg,80fe33d139a963a6
validation,Acral_Lentiginous_Melanoma,Screen-Shot-2021-11-20-at-10-41-17-PM_png.rf.27d3f9d735d9bdee54dcdb2a64cf53b9.jpg,C:\Users\venka\Documents\Project\data\processed\val\Acral_Lentiginous_Melanoma\Screen-Shot-2021-11-20-at-10-41-17-PM_png.rf.27d3f9d735d9bdee54dcdb2a64cf53b9.jpg,c04c72e35de25b9c
validation,Acral_Lentiginous_Melanoma,Screen-Shot-2021-11-20-at-10-41-17-PM_png.rf.f9bbf508a9971cdc38f01620852e1630.jpg,C:\Users\venka\Documents\Project\data\processed\val\Acral_Lentiginous_Melanoma\Screen-Shot-2021-11-20-at-10-41-17-PM_png.rf.f9bbf508a9971cdc38f01620852e1630.jpg,88da68b817a54fec
validation,Acral_Lentiginous_Melanoma,Screen-Shot-2021-11-20-at-10-43-02-PM_png.rf.4e25a8f80310eb2b75ad0390f113643f.jpg,C:\Users\venka\Documents\Project\data\processed\val\Acral_Lentiginous_Melanoma\Screen-Shot-2021-11-20-at-10-43-02-PM_png.rf.4e25a8f80310eb2b75ad0390f113643f.jpg,94f43a3272354b97
validation,Acral_Lentiginous_Melanoma,Screen-Shot-2021-11-20-at-10-43-27-PM_png.rf.83f548387d412d5346291b0799d25972.jpg,C:\Users\venka\Documents\Project\data\processed\val\Acral_Lentiginous_Melanoma\Screen-Shot-2021-11-20-at-10-43-27-PM_png.rf.83f548387d412d5346291b0799d25972.jpg,a8e23554575b6aa9
validation,Acral_Lentiginous_Melanoma,Screen-Shot-2021-11-20-at-7-48-45-PM_png.rf.04826eb7a4fdd22e738fe53fb1f7e1fc.jpg,C:\Users\venka\Documents\Project\data\processed\val\Acral_Lentiginous_Melanoma\Screen-Shot-2021-11-20-at-7-48-45-PM_png.rf.04826eb7a4fdd22e738fe53fb1f7e1fc.jpg,c17c9fa261a54787
validation,Acral_Lentiginous_Melanoma,Screen-Shot-2021-11-20-at-7-49-26-PM_png.rf.8215c45e0b360a364f65ea8c34fc1c4c.jpg,C:\Users\venka\Documents\Project\data\processed\val\Acral_Lentiginous_Melanoma\Screen-Shot-2021-11-20-at-7-49-26-PM_png.rf.8215c45e0b360a364f65ea8c34fc1c4c.jpg,84c2317d4ab76a5d
validation,Acral_Lentiginous_Melanoma,Screen-Shot-2021-11-20-at-7-49-38-PM_png.rf.6303bede7c4640191595f5c50690d4f1.jpg,C:\Users\venka\Documents\Project\data\processed\val\Acral_Lentiginous_Melanoma\Screen-Shot-2021-11-20-at-7-49-38-PM_png.rf.6303bede7c4640191595f5c50690d4f1.jpg,d47e0b090d0d2f3f
validation,Acral_Lentiginous_Melanoma,Screen-Shot-2021-11-20-at-7-49-38-PM_png.rf.ab85842b31f9fcd9d666e810637e5a1a.jpg,C:\Users\venka\Documents\Project\data\processed\val\Acral_Lentiginous_Melanoma\Screen-Shot-2021-11-20-at-7-49-38-PM_png.rf.ab85842b31f9fcd9d666e810637e5a1a.jpg,91614a4e4b5a6f6b
validation,Acral_Lentiginous_Melanoma,Screen-Shot-2021-11-20-at-8-00-58-PM_png.rf.0940a8d6aee158fa8ae4320a6ec3f2f5.jpg,C:\Users\venka\Documents\Project\data\processed\val\Acral_Lentiginous_Melanoma\Screen-Shot-2021-11-20-at-8-00-58-PM_png.rf.0940a8d6aee158fa8ae4320a6ec3f2f5.jpg,e0bf15142f686f43
validation,Acral_Lentiginous_Melanoma,Screen-Shot-2021-11-20-at-8-04-14-PM_png.rf.1ba17bde5498f6e7603c80a188fd4da7.jpg,C:\Users\venka\Documents\Project\data\processed\val\Acral_Lentiginous_Melanoma\Screen-Shot-2021-11-20-at-8-04-14-PM_png.rf.1ba17bde5498f6e7603c80a188fd4da7.jpg,dd9d6a0026679973
validation,Acral_Lentiginous_Melanoma,Screen-Shot-2021-11-20-at-8-08-21-PM_png.rf.8eb2f00044f612e93e57ec1fe949fd74.jpg,C:\Users\venka\Documents\Project\data\processed\val\Acral_Lentiginous_Melanoma\Screen-Shot-2021-11-20-at-8-08-21-PM_png.rf.8eb2f00044f612e93e57ec1fe949fd74.jpg,d4e822253fa7329e
validation,Acral_Lentiginous_Melanoma,Screen-Shot-2021-11-20-at-8-08-29-PM_png.rf.47d0d70270f490279530e8866203d037.jpg,C:\Users\venka\Documents\Project\data\processed\val\Acral_Lentiginous_Melanoma\Screen-Shot-2021-11-20-at-8-08-29-PM_png.rf.47d0d70270f490279530e8866203d037.jpg,c69949b661633d69
validation,Acral_Lentiginous_Melanoma,Screen-Shot-2021-11-20-at-8-08-29-PM_png.rf.b0a4204c006232acc8aec2230a092cb8.jpg,C:\Users\venka\Documents\Project\data\processed\val\Acral_Lentiginous_Melanoma\Screen-Shot-2021-11-20-at-8-08-29-PM_png.rf.b0a4204c006232acc8aec2230a092cb8.jpg,c51d7b764c680ae9
validation,Acral_Lentiginous_Melanoma,Screen-Shot-2021-11-20-at-8-10-21-PM_png.rf.4c124b1b788118cf932c6f2d202ec01a.jpg,C:\Users\venka\Documents\Project\data\processed\val\Acral_Lentiginous_Melanoma\Screen-Shot-2021-11-20-at-8-10-21-PM_png.rf.4c124b1b788118cf932c6f2d202ec01a.jpg,d53a6a723cc83ac5
validation,Acral_Lentiginous_Melanoma,Screen-Shot-2021-11-20-at-8-10-21-PM_png.rf.ffe0833e60f1b208b292bd5da540c200.jpg,C:\Users\venka\Documents\Project\data\processed\val\Acral_Lentiginous_Melanoma\Screen-Shot-2021-11-20-at-8-10-21-PM_png.rf.ffe0833e60f1b208b292bd5da540c200.jpg,854c5a367363b36a
validation,Acral_Lentiginous_Melanoma,Screen-Shot-2021-11-20-at-8-11-14-PM_png.rf.bf4354a30c05f101ad976d3820031a74.jpg,C:\Users\venka\Documents\Project\data\processed\val\Acral_Lentiginous_Melanoma\Screen-Shot-2021-11-20-at-8-11-14-PM_png.rf.bf4354a30c05f101ad976d3820031a74.jpg,95ad35744a1a6a2f
validation,Acral_Lentiginous_Melanoma,Screen-Shot-2021-11-20-at-8-11-49-PM_png.rf.5179b043269096d939009bf17a0fce02.jpg,C:\Users\venka\Documents\Project\data\processed\val\Acral_Lentiginous_Melanoma\Screen-Shot-2021-11-20-at-8-11-49-PM_png.rf.5179b043269096d939009bf17a0fce02.jpg,c53ef03cc3b54b30
validation,Acral_Lentiginous_Melanoma,Screen-Shot-2021-11-20-at-8-11-49-PM_png.rf.7626241e42cafb18092c93eb0760a73d.jpg,C:\Users\venka\Documents\Project\data\processed\val\Acral_Lentiginous_Melanoma\Screen-Shot-2021-11-20-at-8-11-49-PM_png.rf.7626241e42cafb18092c93eb0760a73d.jpg,c0be26055bf87ee0
validation,Acral_Lentiginous_Melanoma,Screen-Shot-2021-11-20-at-8-18-10-PM_png.rf.4084904a46bcecd7736b98bb606c168d.jpg,C:\Users\venka\Documents\Project\data\processed\val\Acral_Lentiginous_Melanoma\Screen-Shot-2021-11-20-at-8-18-10-PM_png.rf.4084904a46bcecd7736b98bb606c168d.jpg,952a10595f795d71
validation,Acral_Lentiginous_Melanoma,Screen-Shot-2021-11-20-at-8-19-44-PM_png.rf.7d1d107255834d0aa953ff2bdcb6e233.jpg,C:\Users\venka\Documents\Project\data\processed\val\Acral_Lentiginous_Melanoma\Screen-Shot-2021-11-20-at-8-19-44-PM_png.rf.7d1d107255834d0aa953ff2bdcb6e233.jpg,d594689f289f295a
validation,Acral_Lentiginous_Melanoma,Screen-Shot-2021-11-20-at-8-26-51-PM_png.rf.f2a1dc94e4efbe6ee13c9f6562740cea.jpg,C:\Users\venka\Documents\Project\data\processed\val\Acral_Lentiginous_Melanoma\Screen-Shot-2021-11-20-at-8-26-51-PM_png.rf.f2a1dc94e4efbe6ee13c9f6562740cea.jpg,c78c716274617c6d
validation,Acral_Lentiginous_Melanoma,Screen-Shot-2021-11-20-at-8-28-59-PM_png.rf.1c2701379ca9741573455f4d41e9990e.jpg,C:\Users\venka\Documents\Project\data\processed\val\Acral_Lentiginous_Melanoma\Screen-Shot-2021-11-20-at-8-28-59-PM_png.rf.1c2701379ca9741573455f4d41e9990e.jpg,d580103f957f7c68
validation,Acral_Lentiginous_Melanoma,Screen-Shot-2021-11-20-at-8-28-59-PM_png.rf.4168b576bb51f5ac0d035c4c08da8f4e.jpg,C:\Users\venka\Documents\Project\data\processed\val\Acral_Lentiginous_Melanoma\Screen-Shot-2021-11-20-at-8-28-59-PM_png.rf.4168b576bb51f5ac0d035c4c08da8f4e.jpg,c007159f5f9e5c98
validation,Acral_Lentiginous_Melanoma,Screen-Shot-2021-11-20-at-8-29-14-PM_png.rf.76717e7119f173185d9e1f48820ffb19.jpg,C:\Users\venka\Documents\Project\data\processed\val\Acral_Lentiginous_Melanoma\Screen-Shot-2021-11-20-at-8-29-14-PM_png.rf.76717e7119f173185d9e1f48820ffb19.jpg,bd08726702ff0af4
validation,Acral_Lentiginous_Melanoma,Screen-Shot-2021-11-20-at-8-29-20-PM_png.rf.8ef2748f2631c8179429008e69732323.jpg,C:\Users\venka\Documents\Project\data\processed\val\Acral_Lentiginous_Melanoma\Screen-Shot-2021-11-20-at-8-29-20-PM_png.rf.8ef2748f2631c8179429008e69732323.jpg,d5a02e943abb60d7
validation,Acral_Lentiginous_Melanoma,Screen-Shot-2021-11-20-at-8-29-24-PM_png.rf.824f6fd5309f495ae0b20ac979a02108.jpg,C:\Users\venka\Documents\Project\data\processed\val\Acral_Lentiginous_Melanoma\Screen-Shot-2021-11-20-at-8-29-24-PM_png.rf.824f6fd5309f495ae0b20ac979a02108.jpg,90687e7369636563
validation,Acral_Lentiginous_Melanoma,Screen-Shot-2021-11-20-at-8-29-24-PM_png.rf.8f086398031f0ca45915dfd983e69e88.jpg,C:\Users\venka\Documents\Project\data\processed\val\Acral_Lentiginous_Melanoma\Screen-Shot-2021-11-20-at-8-29-24-PM_png.rf.8f086398031f0ca45915dfd983e69e88.jpg,907e68786a6a6727
validation,Acral_Lentiginous_Melanoma,Screen-Shot-2021-11-20-at-8-35-31-PM_png.rf.c7d089b54fed0d24c6903c02e5394310.jpg,C:\Users\venka\Documents\Project\data\processed\val\Acral_Lentiginous_Melanoma\Screen-Shot-2021-11-20-at-8-35-31-PM_png.rf.c7d089b54fed0d24c6903c02e5394310.jpg,d59512073d7a90e7
validation,Acral_Lentiginous_Melanoma,Screen-Shot-2021-11-20-at-8-35-38-PM_png.rf.506c176be288f5628f222818b0f68ed0.jpg,C:\Users\venka\Documents\Project\data\processed\val\Acral_Lentiginous_Melanoma\Screen-Shot-2021-11-20-at-8-35-38-PM_png.rf.506c176be288f5628f222818b0f68ed0.jpg,d0994de61b132d1f
validation,Acral_Lentiginous_Melanoma,Screen-Shot-2021-11-20-at-8-36-13-PM_png.rf.315aab8fea31c89bf950bcb2641215ba.jpg,C:\Users\venka\Documents\Project\data\processed\val\Acral_Lentiginous_Melanoma\Screen-Shot-2021-11-20-at-8-36-13-PM_png.rf.315aab8fea31c89bf950bcb2641215ba.jpg,84bc6cd870c57b95
validation,Acral_Lentiginous_Melanoma,Screen-Shot-2021-11-20-at-9-41-10-PM_png.rf.df510fcdf679dc6c0b1dedbcfda3e58e.jpg,C:\Users\venka\Documents\Project\data\processed\val\Acral_Lentiginous_Melanoma\Screen-Shot-2021-11-20-at-9-41-10-PM_png.rf.df510fcdf679dc6c0b1dedbcfda3e58e.jpg,d03f6bc02fd0953a
validation,Acral_Lentiginous_Melanoma,Screen-Shot-2021-11-20-at-9-41-17-PM_png.rf.b0f5c33bc781b6d664d48e1ebb7e067f.jpg,C:\Users\venka\Documents\Project\data\processed\val\Acral_Lentiginous_Melanoma\Screen-Shot-2021-11-20-at-9-41-17-PM_png.rf.b0f5c33bc781b6d664d48e1ebb7e067f.jpg,b05f2b44273c3fd0
validation,Acral_Lentiginous_Melanoma,Screen-Shot-2021-11-20-at-9-41-50-PM_png.rf.26cf28e756965d7301771ab1706d5cd9.jpg,C:\Users\venka\Documents\Project\data\processed\val\Acral_Lentiginous_Melanoma\Screen-Shot-2021-11-20-at-9-41-50-PM_png.rf.26cf28e756965d7301771ab1706d5cd9.jpg,952a4ed1f2b29cc5
validation,Acral_Lentiginous_Melanoma,Screen-Shot-2021-11-20-at-9-41-50-PM_png.rf.8d70cea235260e5544041a4f8943647a.jpg,C:\Users\venka\Documents\Project\data\processed\val\Acral_Lentiginous_Melanoma\Screen-Shot-2021-11-20-at-9-41-50-PM_png.rf.8d70cea235260e5544041a4f8943647a.jpg,a4e75b3559934499
validation,Acral_Lentiginous_Melanoma,Screen-Shot-2021-11-20-at-9-41-53-PM_png.rf.07340b3e10a9027abd69d2e9ad849c2b.jpg,C:\Users\venka\Documents\Project\data\processed\val\Acral_Lentiginous_Melanoma\Screen-Shot-2021-11-20-at-9-41-53-PM_png.rf.07340b3e10a9027abd69d2e9ad849c2b.jpg,84f55fc26632388f
validation,Acral_Lentiginous_Melanoma,Screen-Shot-2021-11-20-at-9-43-58-PM_png.rf.6f2e2952baa67245a4035f0a9d83c2b2.jpg,C:\Users\venka\Documents\Project\data\processed\val\Acral_Lentiginous_Melanoma\Screen-Shot-2021-11-20-at-9-43-58-PM_png.rf.6f2e2952baa67245a4035f0a9d83c2b2.jpg,a5155f3a684af24e
validation,Acral_Lentiginous_Melanoma,Screen-Shot-2021-11-20-at-9-44-17-PM_png.rf.3f4c59b7c7ddfd58aa794dc790f4ce20.jpg,C:\Users\venka\Documents\Project\data\processed\val\Acral_Lentiginous_Melanoma\Screen-Shot-2021-11-20-at-9-44-17-PM_png.rf.3f4c59b7c7ddfd58aa794dc790f4ce20.jpg,c0e86be127d24e67
validation,Acral_Lentiginous_Melanoma,Traumatic-melanonychia-following-a-fracture-of-the-great-toe_Q640_jpg.rf.8c22e338bb361586c27141a1dedff13d.jpg,C:\Users\venka\Documents\Project\data\processed\val\Acral_Lentiginous_Melanoma\Traumatic-melanonychia-following-a-fracture-of-the-great-toe_Q640_jpg.rf.8c22e338bb361586c27141a1dedff13d.jpg,97bf648960c56396
validation,Acral_Lentiginous_Melanoma,vZXDEmh_jpg.rf.365d74e20473c66a612a6745c18a3054.jpg,C:\Users\venka\Documents\Project\data\processed\val\Acral_Lentiginous_Melanoma\vZXDEmh_jpg.rf.365d74e20473c66a612a6745c18a3054.jpg,c2666d936c92398f
validation,Acral_Lentiginous_Melanoma,vZXDEmh_jpg.rf.f1e9d49f74f68c39c49d3a7523b6e7a9.jpg,C:\Users\venka\Documents\Project\data\processed\val\Acral_Lentiginous_Melanoma\vZXDEmh_jpg.rf.f1e9d49f74f68c39c49d3a7523b6e7a9.jpg,d3376c929cd02fc8
validation,blue_finger,Screen-Shot-2021-10-15-at-10-36-10-AM_png.rf.c87bc0b458c290c6c4ed4747a98c975c.jpg,C:\Users\venka\Documents\Project\data\processed\val\blue_finger\Screen-Shot-2021-10-15-at-10-36-10-AM_png.rf.c87bc0b458c290c6c4ed4747a98c975c.jpg,d4d65a9a0b0d0b9f
validation,blue_finger,Screen-Shot-2021-10-15-at-10-36-37-AM_png.rf.5f92dc76065c8ba870e0269cab99afc7.jpg,C:\Users\venka\Documents\Project\data\processed\val\blue_finger\Screen-Shot-2021-10-15-at-10-36-37-AM_png.rf.5f92dc76065c8ba870e0269cab99afc7.jpg,956e62136ae459ce
validation,blue_finger,Screen-Shot-2021-10-15-at-10-38-28-AM_png.rf.46f700175938fe100e267e4d3781404d.jpg,C:\Users\venka\Documents\Project\data\processed\val\blue_finger\Screen-Shot-2021-10-15-at-10-38-28-AM_png.rf.46f700175938fe100e267e4d3781404d.jpg,954a517d4f700f63
validation,blue_finger,Screen-Shot-2021-10-15-at-10-38-58-AM_png.rf.300d4849d36cab3bceb0701c291c8a02.jpg,C:\Users\venka\Documents\Project\data\processed\val\blue_finger\Screen-Shot-2021-10-15-at-10-38-58-AM_png.rf.300d4849d36cab3bceb0701c291c8a02.jpg,90e845c57e166b37
validation,blue_finger,Screen-Shot-2021-10-15-at-10-43-24-AM_png.rf.d7cfd2a2eb508c0cf55d67a6e482e83f.jpg,C:\Users\venka\Documents\Project\data\processed\val\blue_finger\Screen-Shot-2021-10-15-at-10-43-24-AM_png.rf.d7cfd2a2eb508c0cf55d67a6e482e83f.jpg,d425cb926d9a2fc4
validation,blue_finger,Screen-Shot-2021-10-15-at-10-43-29-AM_png.rf.7f764dc977d9bff72b2107fd648c62e9.jpg,C:\Users\venka\Documents\Project\data\processed\val\blue_finger\Screen-Shot-2021-10-15-at-10-43-29-AM_png.rf.7f764dc977d9bff72b2107fd648c62e9.jpg,853e5a615cc25eda
validation,blue_finger,Screen-Shot-2021-10-15-at-10-44-09-AM_png.rf.9196975a777207fee17ee744f60d81b3.jpg,C:\Users\venka\Documents\Project\data\processed\val\blue_finger\Screen-Shot-2021-10-15-at-10-44-09-AM_png.rf.9196975a777207fee17ee744f60d81b3.jpg,95df47205e264f26
validation,blue_finger,Screen-Shot-2021-10-15-at-10-44-09-AM_png.rf.fa5059ea7a03fc7853fa574ce5b05a59.jpg,C:\Users\venka\Documents\Project\data\processed\val\blue_finger\Screen-Shot-2021-10-15-at-10-44-09-AM_png.rf.fa5059ea7a03fc7853fa574ce5b05a59.jpg,b52952a56a966a97
validation,blue_finger,Screen-Shot-2021-10-15-at-10-46-00-AM_png.rf.a0d8d4ebfd3119bfa53cb2dbd010f6b8.jpg,C:\Users\venka\Documents\Project\data\processed\val\blue_finger\Screen-Shot-2021-10-15-at-10-46-00-AM_png.rf.a0d8d4ebfd3119bfa53cb2dbd010f6b8.jpg,c0bf7e982b803bd1
validation,blue_finger,Screen-Shot-2021-10-15-at-10-51-13-AM_png.rf.c8b53ab79fdafea8067f3bf55557b23c.jpg,C:\Users\venka\Documents\Project\data\processed\val\blue_finger\Screen-Shot-2021-10-15-at-10-51-13-AM_png.rf.c8b53ab79fdafea8067f3bf55557b23c.jpg,80a87fd47e716227
validation,blue_finger,Screen-Shot-2021-10-15-at-10-51-13-AM_png.rf.dabc5794506e27a55f4596e6a5abbafc.jpg,C:\Users\venka\Documents\Project\data\processed\val\blue_finger\Screen-Shot-2021-10-15-at-10-51-13-AM_png.rf.dabc5794506e27a55f4596e6a5abbafc.jpg,95153e6a6ac54e9c
validation,blue_finger,Screen-Shot-2021-10-15-at-11-05-07-AM_png.rf.012c4e49947454343392dd48945c92a4.jpg,C:\Users\venka\Documents\Project\data\processed\val\blue_finger\Screen-Shot-2021-10-15-at-11-05-07-AM_png.rf.012c4e49947454343392dd48945c92a4.jpg,91ecc496d2975a93
validation,blue_finger,Screen-Shot-2021-10-15-at-11-10-19-AM_png.rf.b157f2b902d82c524b638388db492c4d.jpg,C:\Users\venka\Documents\Project\data\processed\val\blue_finger\Screen-Shot-2021-10-15-at-11-10-19-AM_png.rf.b157f2b902d82c524b638388db492c4d.jpg,897f7ee0539207b0
validation,blue_finger,Screen-Shot-2021-10-15-at-9-31-06-AM_png.rf.53629f0f52d8f93b7c319b6890a93d25.jpg,C:\Users\venka\Documents\Project\data\processed\val\blue_finger\Screen-Shot-2021-10-15-at-9-31-06-AM_png.rf.53629f0f52d8f93b7c319b6890a93d25.jpg,9ec3c96d6c945296
validation,blue_finger,Screen-Shot-2021-10-15-at-9-31-17-AM_png.rf.1b20f83a3f3d8e61db57e44aa1aaebb9.jpg,C:\Users\venka\Documents\Project\data\processed\val\blue_finger\Screen-Shot-2021-10-15-at-9-31-17-AM_png.rf.1b20f83a3f3d8e61db57e44aa1aaebb9.jpg,c0cf37304d62b34f
validation,blue_finger,Screen-Shot-2021-10-15-at-9-40-06-AM_png.rf.3bfa02e07a52c8c7c63ccde08cdccb10.jpg,C:\Users\venka\Documents\Project\data\processed\val\blue_finger\Screen-Shot-2021-10-15-at-9-40-06-AM_png.rf.3bfa02e07a52c8c7c63ccde08cdccb10.jpg,d49f20c13fe0bee0
validation,blue_finger,Screen-Shot-2021-10-15-at-9-40-58-AM_png.rf.067a31154cdd25fbd30d294094de0ce9.jpg,C:\Users\venka\Documents\Project\data\processed\val\blue_finger\Screen-Shot-2021-10-15-at-9-40-58-AM_png.rf.067a31154cdd25fbd30d294094de0ce9.jpg,a0de6e315f203ec5
validation,blue_finger,Screen-Shot-2021-10-15-at-9-40-58-AM_png.rf.890349b7c602ecf661434a32071815cb.jpg,C:\Users\venka\Documents\Project\data\processed\val\blue_finger\Screen-Shot-2021-10-15-at-9-40-58-AM_png.rf.890349b7c602ecf661434a32071815cb.jpg,d5aa3a506a952f0f
validation,blue_finger,Screen-Shot-2021-11-22-at-10-05-18-PM_png.rf.2647fcb402eabe071024ee0e0d9ee2d0.jpg,C:\Users\venka\Documents\Project\data\processed\val\blue_finger\Screen-Shot-2021-11-22-at-10-05-18-PM_png.rf.2647fcb402eabe071024ee0e0d9ee2d0.jpg,d0e0416b66f932f6
validation,blue_finger,Screen-Shot-2021-11-22-at-10-06-28-PM_png.rf.8247d9306fd58f6e3ea29f4c5fe52960.jpg,C:\Users\venka\Documents\Project\data\processed\val\blue_finger\Screen-Shot-2021-11-22-at-10-06-28-PM_png.rf.8247d9306fd58f6e3ea29f4c5fe52960.jpg,d22f2371d35838dc
validation,blue_finger,Screen-Shot-2021-11-22-at-10-06-33-PM_png.rf.61ff005cb02a6076cd511fb864fd12f8.jpg,C:\Users\venka\Documents\Project\data\processed\val\blue_finger\Screen-Shot-2021-11-22-at-10-06-33-PM_png.rf.61ff005cb02a6076cd511fb864fd12f8.jpg,9a6565666c9b329c
validation,blue_finger,Screen-Shot-2021-11-22-at-10-06-33-PM_png.rf.f33836c08d0b9e608f75af8ce019d6a8.jpg,C:\Users\venka\Documents\Project\data\processed\val\blue_finger\Screen-Shot-2021-11-22-at-10-06-33-PM_png.rf.f33836c08d0b9e608f75af8ce019d6a8.jpg,cb35276739883c9c
validation,blue_finger,Screen-Shot-2021-11-22-at-10-06-37-PM_png.rf.abeb1b77e5d1fb962b1f831188364b29.jpg,C:\Users\venka\Documents\Project\data\processed\val\blue_finger\Screen-Shot-2021-11-22-at-10-06-37-PM_png.rf.abeb1b77e5d1fb962b1f831188364b29.jpg,c2933d6c63c68f31
validation,blue_finger,Screen-Shot-2021-11-22-at-10-06-57-PM_png.rf.f28f26b0b8dcfb826bc2d2c893076983.jpg,C:\Users\venka\Documents\Project\data\processed\val\blue_finger\Screen-Shot-2021-11-22-at-10-06-57-PM_png.rf.f28f26b0b8dcfb826bc2d2c893076983.jpg,d5722d6a32663a6c
validation,blue_finger,Screen-Shot-2021-11-22-at-10-09-35-PM_png.rf.5962882e0ab125da4f3990c04789751c.jpg,C:\Users\venka\Documents\Project\data\processed\val\blue_finger\Screen-Shot-2021-11-22-at-10-09-35-PM_png.rf.5962882e0ab125da4f3990c04789751c.jpg,c2686d9e0d1e6d96
validation,blue_finger,Screen-Shot-2021-11-22-at-10-09-35-PM_png.rf.74b49657d13d160bae632c0a407871ed.jpg,C:\Users\venka\Documents\Project\data\processed\val\blue_finger\Screen-Shot-2021-11-22-at-10-09-35-PM_png.rf.74b49657d13d160bae632c0a407871ed.jpg,806267dd7a3de4b0
validation,blue_finger,Screen-Shot-2021-11-22-at-10-09-51-PM_png.rf.5ceb84e5922352a624e7cd31df12e478.jpg,C:\Users\venka\Documents\Project\data\processed\val\blue_finger\Screen-Shot-2021-11-22-at-10-09-51-PM_png.rf.5ceb84e5922352a624e7cd31df12e478.jpg,80a07d9578d761d7
validation,blue_finger,Screen-Shot-2021-11-22-at-10-09-58-PM_png.rf.941507f5032e9d87d11b7e19c06e7b89.jpg,C:\Users\venka\Documents\Project\data\processed\val\blue_finger\Screen-Shot-2021-11-22-at-10-09-58-PM_png.rf.941507f5032e9d87d11b7e19c06e7b89.jpg,d57f103a0f2a6a6a
validation,blue_finger,Screen-Shot-2021-11-22-at-10-10-41-PM_png.rf.f5372aa4d1963a9f8874aa4a4e96432d.jpg,C:\Users\venka\Documents\Project\data\processed\val\blue_finger\Screen-Shot-2021-11-22-at-10-10-41-PM_png.rf.f5372aa4d1963a9f8874aa4a4e96432d.jpg,c0e14fc24f623f6a
validation,blue_finger,Screen-Shot-2021-11-22-at-4-48-41-PM_png.rf.b5aab595d1e798a8533e933121d8f05d.jpg,C:\Users\venka\Documents\Project\data\processed\val\blue_finger\Screen-Shot-2021-11-22-at-4-48-41-PM_png.rf.b5aab595d1e798a8533e933121d8f05d.jpg,d0256a6e1a7c19fc
validation,blue_finger,Screen-Shot-2021-11-22-at-4-48-47-PM_png.rf.85e8b79f19ca933ca6f5a3b5adbd8349.jpg,C:\Users\venka\Documents\Project\data\processed\val\blue_finger\Screen-Shot-2021-11-22-at-4-48-47-PM_png.rf.85e8b79f19ca933ca6f5a3b5adbd8349.jpg,d06a25d576f85a34
validation,blue_finger,Screen-Shot-2021-11-22-at-4-48-47-PM_png.rf.e3dffa3cbcdd5a7c71616856837e82f3.jpg,C:\Users\venka\Documents\Project\data\processed\val\blue_finger\Screen-Shot-2021-11-22-at-4-48-47-PM_png.rf.e3dffa3cbcdd5a7c71616856837e82f3.jpg,809d6b3f7d705ac0
validation,blue_finger,Screen-Shot-2021-11-22-at-4-48-57-PM_png.rf.56d80482d60ef8600f34299c839be7c5.jpg,C:\Users\venka\Documents\Project\data\processed\val\blue_finger\Screen-Shot-2021-11-22-at-4-48-57-PM_png.rf.56d80482d60ef8600f34299c839be7c5.jpg,809f15153f5c3ada
validation,blue_finger,Screen-Shot-2021-11-22-at-4-50-57-PM_png.rf.4be3bee3fe22bc58412c333f9445a29c.jpg,C:\Users\venka\Documents\Project\data\processed\val\blue_finger\Screen-Shot-2021-11-22-at-4-50-57-PM_png.rf.4be3bee3fe22bc58412c333f9445a29c.jpg,8e636167347e3079
validation,blue_finger,Screen-Shot-2021-11-22-at-4-52-16-PM_png.rf.252686f5225089c723a7539a20271c6e.jpg,C:\Users\venka\Documents\Project\data\processed\val\blue_finger\Screen-Shot-2021-11-22-at-4-52-16-PM_png.rf.252686f5225089c723a7539a20271c6e.jpg,c1421fd57ebd6a80
validation,blue_finger,Screen-Shot-2021-11-22-at-4-52-16-PM_png.rf.cf8ffc61f9da536b86ebd035172fe226.jpg,C:\Users\venka\Documents\Project\data\processed\val\blue_finger\Screen-Shot-2021-11-22-at-4-52-16-PM_png.rf.cf8ffc61f9da536b86ebd035172fe226.jpg,9525cbda4b4a6b4a
validation,blue_finger,Screen-Shot-2021-11-22-at-4-52-19-PM_png.rf.eda1002a60f66d3f1e38887d379a6037.jpg,C:\Users\venka\Documents\Project\data\processed\val\blue_finger\Screen-Shot-2021-11-22-at-4-52-19-PM_png.rf.eda1002a60f66d3f1e38887d379a6037.jpg,b03f47905f403fc5
validation,blue_finger,Screen-Shot-2021-11-22-at-4-57-46-PM_png.rf.3935e375bc5086b7499b13063773080f.jpg,C:\Users\venka\Documents\Project\data\processed\val\blue_finger\Screen-Shot-2021-11-22-at-4-57-46-PM_png.rf.3935e375bc5086b7499b13063773080f.jpg,85af5aca5a4a7a43
validation,blue_finger,Screen-Shot-2021-11-22-at-4-57-46-PM_png.rf.c3c811f535ed9cc8608b38a6e9486134.jpg,C:\Users\venka\Documents\Project\data\processed\val\blue_finger\Screen-Shot-2021-11-22-at-4-57-46-PM_png.rf.c3c811f535ed9cc8608b38a6e9486134.jpg,c5958fc69a9930c7
validation,blue_finger,Screen-Shot-2021-11-22-at-4-57-51-PM_png.rf.8591387bd0dccb9448b0fdee4e235da8.jpg,C:\Users\venka\Documents\Project\data\processed\val\blue_finger\Screen-Shot-2021-11-22-at-4-57-51-PM_png.rf.8591387bd0dccb9448b0fdee4e235da8.jpg,d53520c52ecabd6a
validation,blue_finger,Screen-Shot-2021-11-22-at-5-01-41-PM_png.rf.b9405f7d08247ad59b160c9fa9fc9b1a.jpg,C:\Users\venka\Documents\Project\data\processed\val\blue_finger\Screen-Shot-2021-11-22-at-5-01-41-PM_png.rf.b9405f7d08247ad59b160c9fa9fc9b1a.jpg,9d3163c66dcc6632
validation,blue_finger,Screen-Shot-2021-11-22-at-5-02-19-PM_png.rf.66b7ea65cc319c2fd9dfc110afd24f53.jpg,C:\Users\venka\Documents\Project\data\processed\val\blue_finger\Screen-Shot-2021-11-22-at-5-02-19-PM_png.rf.66b7ea65cc319c2fd9dfc110afd24f53.jpg,850f9fe11ad43dc2
validation,blue_finger,Screen-Shot-2021-11-22-at-5-02-25-PM_png.rf.f2d7b2e56b930005d6990d9d4592678f.jpg,C:\Users\venka\Documents\Project\data\processed\val\blue_finger\Screen-Shot-2021-11-22-at-5-02-25-PM_png.rf.f2d7b2e56b930005d6990d9d4592678f.jpg,95ca526d1a6c3e39
validation,blue_finger,Screen-Shot-2021-11-22-at-5-03-01-PM_png.rf.bd21b4533d5c899c84171b25b2db47c0.jpg,C:\Users\venka\Documents\Project\data\processed\val\blue_finger\Screen-Shot-2021-11-22-at-5-03-01-PM_png.rf.bd21b4533d5c899c84171b25b2db47c0.jpg,91786f656d252935
validation,blue_finger,Screen-Shot-2021-11-22-at-5-05-43-PM_png.rf.60e67a01417e004f199fe48ea6bcb893.jpg,C:\Users\venka\Documents\Project\data\processed\val\blue_finger\Screen-Shot-2021-11-22-at-5-05-43-PM_png.rf.60e67a01417e004f199fe48ea6bcb893.jpg,d5957a784ac86e4a
validation,blue_finger,Screen-Shot-2021-11-22-at-5-06-00-PM_png.rf.7b23df10e0595e2e1c7e5ced31ef8d9a.jpg,C:\Users\venka\Documents\Project\data\processed\val\blue_finger\Screen-Shot-2021-11-22-at-5-06-00-PM_png.rf.7b23df10e0595e2e1c7e5ced31ef8d9a.jpg,c03178ca617d676b
validation,blue_finger,Screen-Shot-2021-11-22-at-5-06-33-PM_png.rf.e7022f324855dcaf8a9e5c58e9954447.jpg,C:\Users\venka\Documents\Project\data\processed\val\blue_finger\Screen-Shot-2021-11-22-at-5-06-33-PM_png.rf.e7022f324855dcaf8a9e5c58e9954447.jpg,958552974e992ecb
validation,blue_finger,Screen-Shot-2021-11-22-at-5-07-23-PM_png.rf.34e83cc1f8c49234d2b03cee4e275bc4.jpg,C:\Users\venka\Documents\Project\data\processed\val\blue_finger\Screen-Shot-2021-11-22-at-5-07-23-PM_png.rf.34e83cc1f8c49234d2b03cee4e275bc4.jpg,95aa2ab54f175a4a
validation,blue_finger,Screen-Shot-2021-11-22-at-5-10-19-PM_png.rf.ff4d9e4f97fbb7230f3cc9969e097e4e.jpg,C:\Users\venka\Documents\Project\data\processed\val\blue_finger\Screen-Shot-2021-11-22-at-5-10-19-PM_png.rf.ff4d9e4f97fbb7230f3cc9969e097e4e.jpg,ff10003f3eeaf0e0
validation,blue_finger,Screen-Shot-2021-11-22-at-5-11-17-PM_png.rf.2c5e912db9732da7ff341362e9cc56db.jpg,C:\Users\venka\Documents\Project\data\processed\val\blue_finger\Screen-Shot-2021-11-22-at-5-11-17-PM_png.rf.2c5e912db9732da7ff341362e9cc56db.jpg,d00f6e7c07780f78
validation,blue_finger,Screen-Shot-2021-11-22-at-5-11-17-PM_png.rf.8ed7ea99d11cbbee9372d336b0ed03b4.jpg,C:\Users\venka\Documents\Project\data\processed\val\blue_finger\Screen-Shot-2021-11-22-at-5-11-17-PM_png.rf.8ed7ea99d11cbbee9372d336b0ed03b4.jpg,855ef01de2b5c2b4
validation,blue_finger,Screen-Shot-2021-11-22-at-5-11-21-PM_png.rf.e813dbc40d53463ac97ffa417273961d.jpg,C:\Users\venka\Documents\Project\data\processed\val\blue_finger\Screen-Shot-2021-11-22-at-5-11-21-PM_png.rf.e813dbc40d53463ac97ffa417273961d.jpg,f5e000dd2b1f3f14
validation,blue_finger,Screen-Shot-2021-11-22-at-5-13-05-PM_png.rf.56c8ac2ce68e52efb8ea44f80b0ec2c1.jpg,C:\Users\venka\Documents\Project\data\processed\val\blue_finger\Screen-Shot-2021-11-22-at-5-13-05-PM_png.rf.56c8ac2ce68e52efb8ea44f80b0ec2c1.jpg,d01fc939cf278f20
validation,blue_finger,Screen-Shot-2021-11-22-at-5-13-05-PM_png.rf.9073f7a91050b02dc2e6d7924600b7f3.jpg,C:\Users\venka\Documents\Project\data\processed\val\blue_finger\Screen-Shot-2021-11-22-at-5-13-05-PM_png.rf.9073f7a91050b02dc2e6d7924600b7f3.jpg,85708e371c2f392f
validation,blue_finger,Screen-Shot-2021-11-22-at-5-14-49-PM_png.rf.f61169271f3411f50caf6299fa244699.jpg,C:\Users\venka\Documents\Project\data\processed\val\blue_finger\Screen-Shot-2021-11-22-at-5-14-49-PM_png.rf.f61169271f3411f50caf6299fa244699.jpg,d09e6f950f990f03
validation,blue_finger,Screen-Shot-2021-11-22-at-5-17-34-PM_png.rf.4460057dd413307bb9535f2ab234bcf3.jpg,C:\Users\venka\Documents\Project\data\processed\val\blue_finger\Screen-Shot-2021-11-22-at-5-17-34-PM_png.rf.4460057dd413307bb9535f2ab234bcf3.jpg,8042577a5f682f6b
validation,blue_finger,Screen-Shot-2021-11-22-at-5-18-25-PM_png.rf.79457b9c3d4fa8edb7e2a11c04766ab3.jpg,C:\Users\venka\Documents\Project\data\processed\val\blue_finger\Screen-Shot-2021-11-22-at-5-18-25-PM_png.rf.79457b9c3d4fa8edb7e2a11c04766ab3.jpg,954a7a39386a2b3b
validation,blue_finger,Screen-Shot-2021-11-22-at-5-18-25-PM_png.rf.8022c86daf89465d014b87660785135b.jpg,C:\Users\venka\Documents\Project\data\processed\val\blue_finger\Screen-Shot-2021-11-22-at-5-18-25-PM_png.rf.8022c86daf89465d014b87660785135b.jpg,b1d0482d17372f3b
validation,blue_finger,Screen-Shot-2021-11-22-at-5-18-25-PM_png.rf.876fbc17e9f2a28bf55ba43d1a2cb821.jpg,C:\Users\venka\Documents\Project\data\processed\val\blue_finger\Screen-Shot-2021-11-22-at-5-18-25-PM_png.rf.876fbc17e9f2a28bf55ba43d1a2cb821.jpg,b5b55294d29d4aa5
validation,blue_finger,Screen-Shot-2021-11-22-at-5-19-05-PM_png.rf.53bac48c999fd88dadee401935b53613.jpg,C:\Users\venka\Documents\Project\data\processed\val\blue_finger\Screen-Shot-2021-11-22-at-5-19-05-PM_png.rf.53bac48c999fd88dadee401935b53613.jpg,81d17d835f853786
validation,blue_finger,Screen-Shot-2021-11-22-at-5-19-05-PM_png.rf.63f3950b4c4a110e86b6bb1313f23c91.jpg,C:\Users\venka\Documents\Project\data\processed\val\blue_finger\Screen-Shot-2021-11-22-at-5-19-05-PM_png.rf.63f3950b4c4a110e86b6bb1313f23c91.jpg,807e2a2a2b6b6e6d
validation,blue_finger,Screen-Shot-2021-11-22-at-5-21-20-PM_png.rf.4b082b27c403e8a932b856951650803d.jpg,C:\Users\venka\Documents\Project\data\processed\val\blue_finger\Screen-Shot-2021-11-22-at-5-21-20-PM_png.rf.4b082b27c403e8a932b856951650803d.jpg,97d06a956a956a95
validation,blue_finger,Screen-Shot-2021-11-22-at-5-26-19-PM_png.rf.48e3d54d7a767ae0b02114e05c368fed.jpg,C:\Users\venka\Documents\Project\data\processed\val\blue_finger\Screen-Shot-2021-11-22-at-5-26-19-PM_png.rf.48e3d54d7a767ae0b02114e05c368fed.jpg,d50a057f56f203e3
validation,blue_finger,Screen-Shot-2021-11-22-at-5-26-29-PM_png.rf.a3880fd1571ace618052899ffb557581.jpg,C:\Users\venka\Documents\Project\data\processed\val\blue_finger\Screen-Shot-2021-11-22-at-5-26-29-PM_png.rf.a3880fd1571ace618052899ffb557581.jpg,9f73704c2c6b14c7
validation,blue_finger,Screen-Shot-2021-11-22-at-5-27-14-PM_png.rf.5d1682ebf8d8a10f4f6a597e9b229ec3.jpg,C:\Users\venka\Documents\Project\data\processed\val\blue_finger\Screen-Shot-2021-11-22-at-5-27-14-PM_png.rf.5d1682ebf8d8a10f4f6a597e9b229ec3.jpg,b0c833c6cd5b6647
validation,blue_finger,Screen-Shot-2021-11-22-at-5-27-22-PM_png.rf.b69f5528dded40387ce00b32aa126581.jpg,C:\Users\venka\Documents\Project\data\processed\val\blue_finger\Screen-Shot-2021-11-22-at-5-27-22-PM_png.rf.b69f5528dded40387ce00b32aa126581.jpg,813d47171f186e3b
validation,blue_finger,Screen-Shot-2021-11-22-at-5-27-50-PM_png.rf.de1e50512c0cdb84d44f1b8faa7f14b3.jpg,C:\Users\venka\Documents\Project\data\processed\val\blue_finger\Screen-Shot-2021-11-22-at-5-27-50-PM_png.rf.de1e50512c0cdb84d44f1b8faa7f14b3.jpg,a8a835e597371693
validation,blue_finger,Screen-Shot-2021-11-22-at-5-30-06-PM_png.rf.6dc63585e2d49da8d44ec68cfcd7a78b.jpg,C:\Users\venka\Documents\Project\data\processed\val\blue_finger\Screen-Shot-2021-11-22-at-5-30-06-PM_png.rf.6dc63585e2d49da8d44ec68cfcd7a78b.jpg,f13f04ad70956ad2
validation,blue_finger,Screen-Shot-2021-11-22-at-8-11-22-PM_png.rf.3c093bf0e52f05449b04b9268d45540e.jpg,C:\Users\venka\Documents\Project\data\processed\val\blue_finger\Screen-Shot-2021-11-22-at-8-11-22-PM_png.rf.3c093bf0e52f05449b04b9268d45540e.jpg,d5254a3e497a6e68
validation,blue_finger,Screen-Shot-2021-11-22-at-8-14-15-PM_png.rf.1ea2592a1a62f35bc5fa04eafd19b873.jpg,C:\Users\venka\Documents\Project\data\processed\val\blue_finger\Screen-Shot-2021-11-22-at-8-14-15-PM_png.rf.1ea2592a1a62f35bc5fa04eafd19b873.jpg,bf95403e71b151a3
validation,blue_finger,Screen-Shot-2021-11-22-at-8-15-37-PM_png.rf.1caf3f7b4130a4ab72f97934fdd47d61.jpg,C:\Users\venka\Documents\Project\data\processed\val\blue_finger\Screen-Shot-2021-11-22-at-8-15-37-PM_png.rf.1caf3f7b4130a4ab72f97934fdd47d61.jpg,808bd54a6f633f61
validation,blue_finger,Screen-Shot-2021-11-22-at-8-15-51-PM_png.rf.271ef8cc96d449a0f09ce35dd4a2e4fd.jpg,C:\Users\venka\Documents\Project\data\processed\val\blue_finger\Screen-Shot-2021-11-22-at-8-15-51-PM_png.rf.271ef8cc96d449a0f09ce35dd4a2e4fd.jpg,81ba37b52ec51c63
validation,blue_finger,Screen-Shot-2021-11-22-at-8-55-27-PM_png.rf.4a2b2bf44aa09d9bbe6721cd6dfc2427.jpg,C:\Users\venka\Documents\Project\data\processed\val\blue_finger\Screen-Shot-2021-11-22-at-8-55-27-PM_png.rf.4a2b2bf44aa09d9bbe6721cd6dfc2427.jpg,8a753dc24ab92795
validation,blue_finger,Screen-Shot-2021-11-22-at-8-55-27-PM_png.rf.9a004ad0550f5324df7f420a51f290c6.jpg,C:\Users\venka\Documents\Project\data\processed\val\blue_finger\Screen-Shot-2021-11-22-at-8-55-27-PM_png.rf.9a004ad0550f5324df7f420a51f290c6.jpg,999b6461cb656566
validation,blue_finger,Screen-Shot-2021-11-22-at-8-56-47-PM_png.rf.b72f503b33ba263a3bdeb747b093d05c.jpg,C:\Users\venka\Documents\Project\data\processed\val\blue_finger\Screen-Shot-2021-11-22-at-8-56-47-PM_png.rf.b72f503b33ba263a3bdeb747b093d05c.jpg,d49d29831d67387a
validation,blue_finger,Screen-Shot-2021-11-22-at-9-05-44-PM_png.rf.396bfa3f052b884fc47016a030c1cc93.jpg,C:\Users\venka\Documents\Project\data\processed\val\blue_finger\Screen-Shot-2021-11-22-at-9-05-44-PM_png.rf.396bfa3f052b884fc47016a030c1cc93.jpg,d07a297868692f2f
validation,blue_finger,Screen-Shot-2021-11-22-at-9-08-36-PM_png.rf.416aa34e1925fd0b473b571c7fd179e7.jpg,C:\Users\venka\Documents\Project\data\processed\val\blue_finger\Screen-Shot-2021-11-22-at-9-08-36-PM_png.rf.416aa34e1925fd0b473b571c7fd179e7.jpg,81d4c7ba57a15aa5
validation,blue_finger,Screen-Shot-2021-11-22-at-9-15-03-PM_png.rf.379b82047ab835907bf0595e86302c79.jpg,C:\Users\venka\Documents\Project\data\processed\val\blue_finger\Screen-Shot-2021-11-22-at-9-15-03-PM_png.rf.379b82047ab835907bf0595e86302c79.jpg,955a4f611927732d
validation,blue_finger,Screen-Shot-2021-11-22-at-9-15-03-PM_png.rf.78450c76624741ababa1986a20bb89c2.jpg,C:\Users\venka\Documents\Project\data\processed\val\blue_finger\Screen-Shot-2021-11-22-at-9-15-03-PM_png.rf.78450c76624741ababa1986a20bb89c2.jpg,f05a5a6925623797
validation,blue_finger,Screen-Shot-2021-11-22-at-9-21-16-PM_png.rf.70200efb2222568346d61cb91982b3ad.jpg,C:\Users\venka\Documents\Project\data\processed\val\blue_finger\Screen-Shot-2021-11-22-at-9-21-16-PM_png.rf.70200efb2222568346d61cb91982b3ad.jpg,84f05fcf29ac4c35
validation,blue_finger,Screen-Shot-2021-11-22-at-9-21-33-PM_png.rf.8d5d3725ea39407e5e4245e9200c28cf.jpg,C:\Users\venka\Documents\Project\data\processed\val\blue_finger\Screen-Shot-2021-11-22-at-9-21-33-PM_png.rf.8d5d3725ea39407e5e4245e9200c28cf.jpg,a0ca657e1f323fa0
validation,blue_finger,Screen-Shot-2021-11-22-at-9-21-43-PM_png.rf.58b523e7bb7cd00ee88660616ff7a160.jpg,C:\Users\venka\Documents\Project\data\processed\val\blue_finger\Screen-Shot-2021-11-22-at-9-21-43-PM_png.rf.58b523e7bb7cd00ee88660616ff7a160.jpg,c05e4b8a53b86eb5
validation,blue_finger,Screen-Shot-2021-11-22-at-9-21-43-PM_png.rf.e3b8328443edaebff648fcf6fa74d370.jpg,C:\Users\venka\Documents\Project\data\processed\val\blue_finger\Screen-Shot-2021-11-22-at-9-21-43-PM_png.rf.e3b8328443edaebff648fcf6fa74d370.jpg,80c072f06ff06b6f
validation,blue_finger,Screen-Shot-2021-11-22-at-9-46-05-PM_png.rf.013717b068a0548f1a23f12a1f7cd09c.jpg,C:\Users\venka\Documents\Project\data\processed\val\blue_finger\Screen-Shot-2021-11-22-at-9-46-05-PM_png.rf.013717b068a0548f1a23f12a1f7cd09c.jpg,d5205bbf20ce3666
validation,blue_finger,Screen-Shot-2021-11-22-at-9-46-20-PM_png.rf.40567c5011988bb4fd39798794748356.jpg,C:\Users\venka\Documents\Project\data\processed\val\blue_finger\Screen-Shot-2021-11-22-at-9-46-20-PM_png.rf.40567c5011988bb4fd39798794748356.jpg,cc32cd3366999b31
validation,blue_finger,Screen-Shot-2021-11-22-at-9-47-18-PM_png.rf.01ea3869f8ad74d5a9ee15c7f87fb12e.jpg,C:\Users\venka\Documents\Project\data\processed\val\blue_finger\Screen-Shot-2021-11-22-at-9-47-18-PM_png.rf.01ea3869f8ad74d5a9ee15c7f87fb12e.jpg,95ab6ae10cf41ef0
validation,blue_finger,Screen-Shot-2021-11-22-at-9-47-28-PM_png.rf.39445ca31785c1ece174a56fc010c839.jpg,C:\Users\venka\Documents\Project\data\processed\val\blue_finger\Screen-Shot-2021-11-22-at-9-47-28-PM_png.rf.39445ca31785c1ece174a56fc010c839.jpg,d4813bf22df106f4
validation,blue_finger,Screen-Shot-2021-11-22-at-9-48-08-PM_png.rf.14d2bb97663833b5d95422278b7d3186.jpg,C:\Users\venka\Documents\Project\data\processed\val\blue_finger\Screen-Shot-2021-11-22-at-9-48-08-PM_png.rf.14d2bb97663833b5d95422278b7d3186.jpg,c578328d4a94f51f
validation,blue_finger,Screen-Shot-2021-11-22-at-9-48-08-PM_png.rf.6483044ab047ad311fe0bfa45fba365b.jpg,C:\Users\venka\Documents\Project\data\processed\val\blue_finger\Screen-Shot-2021-11-22-at-9-48-08-PM_png.rf.6483044ab047ad311fe0bfa45fba365b.jpg,96267b8d24c66d96
validation,blue_finger,Screen-Shot-2021-11-22-at-9-48-12-PM_png.rf.15006792f8619263e4aab3bd34b87f80.jpg,C:\Users\venka\Documents\Project\data\processed\val\blue_finger\Screen-Shot-2021-11-22-at-9-48-12-PM_png.rf.15006792f8619263e4aab3bd34b87f80.jpg,86692473383c3e3f
validation,blue_finger,Screen-Shot-2021-11-22-at-9-52-28-PM_png.rf.b2cd1c682aef7aef20cb9d68f2a826fa.jpg,C:\Users\venka\Documents\Project\data\processed\val\blue_finger\Screen-Shot-2021-11-22-at-9-52-28-PM_png.rf.b2cd1c682aef7aef20cb9d68f2a826fa.jpg,d0e4c26a692f3e6a
validation,blue_finger,Screen-Shot-2021-11-22-at-9-53-45-PM_png.rf.669d5f436a1f6a60f14d1243dd4a528c.jpg,C:\Users\venka\Documents\Project\data\processed\val\blue_finger\Screen-Shot-2021-11-22-at-9-53-45-PM_png.rf.669d5f436a1f6a60f14d1243dd4a528c.jpg,c0f4361d1e1f1b1b
validation,clubbing,Screen-Shot-2021-10-26-at-10-54-32-AM_png.rf.ad1341aa254dbb1bb827e2da9f039321.jpg,C:\Users\venka\Documents\Project\data\processed\val\clubbing\Screen-Shot-2021-10-26-at-10-54-32-AM_png.rf.ad1341aa254dbb1bb827e2da9f039321.jpg,958f6a9c6bd00fe0
validation,clubbing,Screen-Shot-2021-10-26-at-10-55-01-AM_png.rf.d4da1401dc26beca3fefac2e866d2db5.jpg,C:\Users\venka\Documents\Project\data\processed\val\clubbing\Screen-Shot-2021-10-26-at-10-55-01-AM_png.rf.d4da1401dc26beca3fefac2e866d2db5.jpg,c5113aed81fa951d
validation,clubbing,Screen-Shot-2021-10-26-at-10-55-32-AM_png.rf.5aa15798cab30066b77beae8af3e5a63.jpg,C:\Users\venka\Documents\Project\data\processed\val\clubbing\Screen-Shot-2021-10-26-at-10-55-32-AM_png.rf.5aa15798cab30066b77beae8af3e5a63.jpg,805f6f3f24754352
validation,clubbing,Screen-Shot-2021-10-26-at-10-55-54-AM_png.rf.3a997e8f557313fc553105f31a7d36ef.jpg,C:\Users\venka\Documents\Project\data\processed\val\clubbing\Screen-Shot-2021-10-26-at-10-55-54-AM_png.rf.3a997e8f557313fc553105f31a7d36ef.jpg,d595225b3fea42e0
validation,clubbing,Screen-Shot-2021-10-26-at-10-56-02-AM_png.rf.1e3b89cfe521507d09fcd9b7c3580b49.jpg,C:\Users\venka\Documents\Project\data\processed\val\clubbing\Screen-Shot-2021-10-26-at-10-56-02-AM_png.rf.1e3b89cfe521507d09fcd9b7c3580b49.jpg,96622d723c67396c
validation,clubbing,Screen-Shot-2021-10-26-at-10-56-02-AM_png.rf.cd7723470c88017fecebbfe43c774dc9.jpg,C:\Users\venka\Documents\Project\data\processed\val\clubbing\Screen-Shot-2021-10-26-at-10-56-02-AM_png.rf.cd7723470c88017fecebbfe43c774dc9.jpg,c33761394b786939
validation,clubbing,Screen-Shot-2021-10-26-at-10-56-02-AM_png.rf.d83f6c5dd35dc646bd64d59781faf720.jpg,C:\Users\venka\Documents\Project\data\processed\val\clubbing\Screen-Shot-2021-10-26-at-10-56-02-AM_png.rf.d83f6c5dd35dc646bd64d59781faf720.jpg,d2c2938f9f0d9878
validation,clubbing,Screen-Shot-2021-10-26-at-10-56-32-AM_png.rf.769fed639a6f1fcccfeb27453a87638b.jpg,C:\Users\venka\Documents\Project\data\processed\val\clubbing\Screen-Shot-2021-10-26-at-10-56-32-AM_png.rf.769fed639a6f1fcccfeb27453a87638b.jpg,d56a3a812a85f71e
validation,clubbing,Screen-Shot-2021-10-26-at-10-59-07-AM_png.rf.c5c7f1d1be2d513173b6bf9c4000edf9.jpg,C:\Users\venka\Documents\Project\data\processed\val\clubbing\Screen-Shot-2021-10-26-at-10-59-07-AM_png.rf.c5c7f1d1be2d513173b6bf9c4000edf9.jpg,c764669338966d9c
validation,clubbing,Screen-Shot-2021-10-26-at-11-04-50-AM_png.rf.1a08d2b2ca8f6c7045bec3a4c4cc7b4b.jpg,C:\Users\venka\Documents\Project\data\processed\val\clubbing\Screen-Shot-2021-10-26-at-11-04-50-AM_png.rf.1a08d2b2ca8f6c7045bec3a4c4cc7b4b.jpg,f88080d34a5f5d7d
validation,clubbing,Screen-Shot-2021-10-26-at-11-04-50-AM_png.rf.aa9f8718ea462f918bf151bf1a386f60.jpg,C:\Users\venka\Documents\Project\data\processed\val\clubbing\Screen-Shot-2021-10-26-at-11-04-50-AM_png.rf.aa9f8718ea462f918bf151bf1a386f60.jpg,e19dd51e0e3a1a6a
validation,clubbing,Screen-Shot-2021-10-26-at-11-11-50-AM_png.rf.fcad66ef67b557cca35f7e088cc4934a.jpg,C:\Users\venka\Documents\Project\data\processed\val\clubbing\Screen-Shot-2021-10-26-at-11-11-50-AM_png.rf.fcad66ef67b557cca35f7e088cc4934a.jpg,ddb527901e193837
validation,clubbing,Screen-Shot-2021-10-26-at-11-12-59-AM_png.rf.ece165b6edb28c3951e85cbe831de923.jpg,C:\Users\venka\Documents\Project\data\processed\val\clubbing\Screen-Shot-2021-10-26-at-11-12-59-AM_png.rf.ece165b6edb28c3951e85cbe831de923.jpg,94939277636c4ed1
validation,clubbing,Screen-Shot-2021-10-26-at-11-17-51-AM_png.rf.9fa0f9567c9e2dd8ddaa712a100e9076.jpg,C:\Users\venka\Documents\Project\data\processed\val\clubbing\Screen-Shot-2021-10-26-at-11-17-51-AM_png.rf.9fa0f9567c9e2dd8ddaa712a100e9076.jpg,e0e002d75ddc475e
validation,clubbing,Screen-Shot-2021-10-26-at-11-18-01-AM_png.rf.386bd78a20cc58a0af1ea607dafcbf85.jpg,C:\Users\venka\Documents\Project\data\processed\val\clubbing\Screen-Shot-2021-10-26-at-11-18-01-AM_png.rf.386bd78a20cc58a0af1ea607dafcbf85.jpg,c06896671f0f2b3d
validation,clubbing,Screen-Shot-2021-10-26-at-11-18-39-AM_png.rf.28dd555e879ae0cbd28ffafe036d29a7.jpg,C:\Users\venka\Documents\Project\data\processed\val\clubbing\Screen-Shot-2021-10-26-at-11-18-39-AM_png.rf.28dd555e879ae0cbd28ffafe036d29a7.jpg,859569856f876c96
validation,clubbing,Screen-Shot-2021-10-26-at-12-06-59-PM_png.rf.b4906b67ac997cf565fc291e7319403b.jpg,C:\Users\venka\Documents\Project\data\processed\val\clubbing\Screen-Shot-2021-10-26-at-12-06-59-PM_png.rf.b4906b67ac997cf565fc291e7319403b.jpg,c1293e754b764f60
validation,clubbing,Screen-Shot-2021-10-26-at-12-07-03-PM_png.rf.2a2d2f13976b58b491b4eda7ae861da6.jpg,C:\Users\venka\Documents\Project\data\processed\val\clubbing\Screen-Shot-2021-10-26-at-12-07-03-PM_png.rf.2a2d2f13976b58b491b4eda7ae861da6.jpg,c1b12bcf1e36b438
validation,clubbing,Screen-Shot-2021-10-26-at-12-07-03-PM_png.rf.3514795dcb0a1e7bbbd78fd0acc2ac7b.jpg,C:\Users\venka\Documents\Project\data\processed\val\clubbing\Screen-Shot-2021-10-26-at-12-07-03-PM_png.rf.3514795dcb0a1e7bbbd78fd0acc2ac7b.jpg,85c215756af76a2a
validation,clubbing,Screen-Shot-2021-10-26-at-12-10-57-PM_png.rf.13d80dc781bd7e9b4d1c2c67ecbacb55.jpg,C:\Users\venka\Documents\Project\data\processed\val\clubbing\Screen-Shot-2021-10-26-at-12-10-57-PM_png.rf.13d80dc781bd7e9b4d1c2c67ecbacb55.jpg,d1354e67315e2333
validation,clubbing,Screen-Shot-2021-10-26-at-12-13-55-PM_png.rf.1f958ef0917a4aa70a8bae926504cf22.jpg,C:\Users\venka\Documents\Project\data\processed\val\clubbing\Screen-Shot-2021-10-26-at-12-13-55-PM_png.rf.1f958ef0917a4aa70a8bae926504cf22.jpg,d5256ad64c5b12ec
validation,clubbing,Screen-Shot-2021-10-26-at-12-15-04-PM_png.rf.fe1681ee82977cb461fad7598ada186a.jpg,C:\Users\venka\Documents\Project\data\processed\val\clubbing\Screen-Shot-2021-10-26-at-12-15-04-PM_png.rf.fe1681ee82977cb461fad7598ada186a.jpg,9115786f626e564e
validation,clubbing,Screen-Shot-2021-10-26-at-12-18-14-PM_png.rf.3dec1e99b6fa766af3a41d5083b83b16.jpg,C:\Users\venka\Documents\Project\data\processed\val\clubbing\Screen-Shot-2021-10-26-at-12-18-14-PM_png.rf.3dec1e99b6fa766af3a41d5083b83b16.jpg,8535c3e24ec33e4b
validation,clubbing,Screen-Shot-2021-10-26-at-12-19-35-PM_png.rf.7cdfaffc3c17e8a7f23a4a8a826a8e11.jpg,C:\Users\venka\Documents\Project\data\processed\val\clubbing\Screen-Shot-2021-10-26-at-12-19-35-PM_png.rf.7cdfaffc3c17e8a7f23a4a8a826a8e11.jpg,c7613c3f96343896
validation,clubbing,Screen-Shot-2021-10-26-at-12-19-42-PM_png.rf.ce43157296bfd0a67889071917a37eb1.jpg,C:\Users\venka\Documents\Project\data\processed\val\clubbing\Screen-Shot-2021-10-26-at-12-19-42-PM_png.rf.ce43157296bfd0a67889071917a37eb1.jpg,c99b26e4939ccc36
validation,clubbing,Screen-Shot-2021-10-26-at-12-19-59-PM_png.rf.48c3d5df9383d7810a9461ddac601443.jpg,C:\Users\venka\Documents\Project\data\processed\val\clubbing\Screen-Shot-2021-10-26-at-12-19-59-PM_png.rf.48c3d5df9383d7810a9461ddac601443.jpg,d44d3b9e663029b3
validation,clubbing,Screen-Shot-2021-10-26-at-12-20-04-PM_png.rf.bf1dabfca03207d787465e51b35aae8e.jpg,C:\Users\venka\Documents\Project\data\processed\val\clubbing\Screen-Shot-2021-10-26-at-12-20-04-PM_png.rf.bf1dabfca03207d787465e51b35aae8e.jpg,c19b6c2d389c7ce4
validation,clubbing,Screen-Shot-2021-10-26-at-12-20-16-PM_png.rf.888c96821f36a381c89b19604b6b65a9.jpg,C:\Users\venka\Documents\Project\data\processed\val\clubbing\Screen-Shot-2021-10-26-at-12-20-16-PM_png.rf.888c96821f36a381c89b19604b6b65a9.jpg,9196667138cf3365
validation,clubbing,Screen-Shot-2021-10-26-at-12-20-16-PM_png.rf.ab846a779576dd051eb0beb7db37740c.jpg,C:\Users\venka\Documents\Project\data\processed\val\clubbing\Screen-Shot-2021-10-26-at-12-20-16-PM_png.rf.ab846a779576dd051eb0beb7db37740c.jpg,d56a32e528d02b9f
validation,clubbing,Screen-Shot-2021-10-26-at-12-20-35-PM_png.rf.3389acd6fec2b7874439d2b228f2fca9.jpg,C:\Users\venka\Documents\Project\data\processed\val\clubbing\Screen-Shot-2021-10-26-at-12-20-35-PM_png.rf.3389acd6fec2b7874439d2b228f2fca9.jpg,c4ca1b314f853e8f
validation,clubbing,Screen-Shot-2021-10-26-at-12-21-21-PM_png.rf.01b19e26fd6e5a8c77b02050ac7250d5.jpg,C:\Users\venka\Documents\Project\data\processed\val\clubbing\Screen-Shot-2021-10-26-at-12-21-21-PM_png.rf.01b19e26fd6e5a8c77b02050ac7250d5.jpg,c0c034fd52d15f4f
validation,clubbing,Screen-Shot-2021-11-22-at-10-02-56-AM_png.rf.75d0a1dde61285eecd2a9e80d7217792.jpg,C:\Users\venka\Documents\Project\data\processed\val\clubbing\Screen-Shot-2021-11-22-at-10-02-56-AM_png.rf.75d0a1dde61285eecd2a9e80d7217792.jpg,b569361e4a724e4b
validation,clubbing,Screen-Shot-2021-11-22-at-10-02-56-AM_png.rf.8d80aa4cdfb1fc9b94524468f72e8aa5.jpg,C:\Users\venka\Documents\Project\data\processed\val\clubbing\Screen-Shot-2021-11-22-at-10-02-56-AM_png.rf.8d80aa4cdfb1fc9b94524468f72e8aa5.jpg,e5a5bffe40d20a03
validation,clubbing,Screen-Shot-2021-11-22-at-10-03-25-AM_png.rf.0ee82486e4c8731b91a171c4f5bf9b59.jpg,C:\Users\venka\Documents\Project\data\processed\val\clubbing\Screen-Shot-2021-11-22-at-10-03-25-AM_png.rf.0ee82486e4c8731b91a171c4f5bf9b59.jpg,cd5f16233b2a392a
validation,clubbing,Screen-Shot-2021-11-22-at-10-03-29-AM_png.rf.68150d485ebf58281e6a125005e922ef.jpg,C:\Users\venka\Documents\Project\data\processed\val\clubbing\Screen-Shot-2021-11-22-at-10-03-29-AM_png.rf.68150d485ebf58281e6a125005e922ef.jpg,bdd54a4a6d3a223a
validation,clubbing,Screen-Shot-2021-11-22-at-10-04-13-AM_png.rf.5f711096171035cbb522f122b642494b.jpg,C:\Users\venka\Documents\Project\data\processed\val\clubbing\Screen-Shot-2021-11-22-at-10-04-13-AM_png.rf.5f711096171035cbb522f122b642494b.jpg,964b39965a3d6d24
validation,clubbing,Screen-Shot-2021-11-22-at-10-04-41-AM_png.rf.44785a1e57052c69807250b120b6fdd9.jpg,C:\Users\venka\Documents\Project\data\processed\val\clubbing\Screen-Shot-2021-11-22-at-10-04-41-AM_png.rf.44785a1e57052c69807250b120b6fdd9.jpg,80c05f556e5f5d4a
validation,clubbing,Screen-Shot-2021-11-22-at-10-06-39-AM_png.rf.f4da71d551ccd262c9ee6c6231e8c7f4.jpg,C:\Users\venka\Documents\Project\data\processed\val\clubbing\Screen-Shot-2021-11-22-at-10-06-39-AM_png.rf.f4da71d551ccd262c9ee6c6231e8c7f4.jpg,e18a96e51ec7784c
validation,clubbing,Screen-Shot-2021-11-22-at-10-06-46-AM_png.rf.54c2bb1a2295bc020c552dc7abf1821b.jpg,C:\Users\venka\Documents\Project\data\processed\val\clubbing\Screen-Shot-2021-11-22-at-10-06-46-AM_png.rf.54c2bb1a2295bc020c552dc7abf1821b.jpg,e0af1f901e52706f
validation,clubbing,Screen-Shot-2021-11-22-at-10-06-49-AM_png.rf.266cfe7043d7b9b5ed6553001cef7caa.jpg,C:\Users\venka\Documents\Project\data\processed\val\clubbing\Screen-Shot-2021-11-22-at-10-06-49-AM_png.rf.266cfe7043d7b9b5ed6553001cef7caa.jpg,c2876b2c69696e69
validation,clubbing,Screen-Shot-2021-11-22-at-10-07-07-AM_png.rf.f6fb9e4a8ea27a224bae45d1173713df.jpg,C:\Users\venka\Documents\Project\data\processed\val\clubbing\Screen-Shot-2021-11-22-at-10-07-07-AM_png.rf.f6fb9e4a8ea27a224bae45d1173713df.jpg,854b6a7a4e686e78
validation,clubbing,Screen-Shot-2021-11-22-at-10-07-11-AM_png.rf.68da87c688bd8debbfc1d339cce7908b.jpg,C:\Users\venka\Documents\Project\data\processed\val\clubbing\Screen-Shot-2021-11-22-at-10-07-11-AM_png.rf.68da87c688bd8debbfc1d339cce7908b.jpg,d021cf3c4f624e79
validation,clubbing,Screen-Shot-2021-11-22-at-10-07-30-AM_png.rf.e9009345c6c7afcc59864eddd8a29294.jpg,C:\Users\venka\Documents\Project\data\processed\val\clubbing\Screen-Shot-2021-11-22-at-10-07-30-AM_png.rf.e9009345c6c7afcc59864eddd8a29294.jpg,95561a6d962b1f2c
validation,clubbing,Screen-Shot-2021-11-22-at-10-08-01-AM_png.rf.430a9baa632daaa8fba1fffe513cd759.jpg,C:\Users\venka\Documents\Project\data\processed\val\clubbing\Screen-Shot-2021-11-22-at-10-08-01-AM_png.rf.430a9baa632daaa8fba1fffe513cd759.jpg,95ea524b35213e9d
validation,clubbing,Screen-Shot-2021-11-22-at-10-08-26-AM_png.rf.1d8bbd6a127b0fc2df732d44ada0387e.jpg,C:\Users\venka\Documents\Project\data\processed\val\clubbing\Screen-Shot-2021-11-22-at-10-08-26-AM_png.rf.1d8bbd6a127b0fc2df732d44ada0387e.jpg,c0976d4b4f686b68
validation,clubbing,Screen-Shot-2021-11-22-at-10-08-34-AM_png.rf.c094ff5e546ae54610129e79ea6867b7.jpg,C:\Users\venka\Documents\Project\data\processed\val\clubbing\Screen-Shot-2021-11-22-at-10-08-34-AM_png.rf.c094ff5e546ae54610129e79ea6867b7.jpg,f52a0ad56af52592
validation,clubbing,Screen-Shot-2021-11-22-at-10-08-54-AM_png.rf.1d2da513dac8fd70a9616ee6a3b83ab8.jpg,C:\Users\venka\Documents\Project\data\processed\val\clubbing\Screen-Shot-2021-11-22-at-10-08-54-AM_png.rf.1d2da513dac8fd70a9616ee6a3b83ab8.jpg,85603c191b3f3e3e
validation,clubbing,Screen-Shot-2021-11-22-at-10-08-54-AM_png.rf.b5352e4050a2404409a15b47a9b6dab1.jpg,C:\Users\venka\Documents\Project\data\processed\val\clubbing\Screen-Shot-2021-11-22-at-10-08-54-AM_png.rf.b5352e4050a2404409a15b47a9b6dab1.jpg,95d04aaf4a876793
validation,clubbing,Screen-Shot-2021-11-22-at-10-08-58-AM_png.rf.0d9dfce76eaa3609aa7bfdc6f0c76eba.jpg,C:\Users\venka\Documents\Project\data\processed\val\clubbing\Screen-Shot-2021-11-22-at-10-08-58-AM_png.rf.0d9dfce76eaa3609aa7bfdc6f0c76eba.jpg,d0859be3cc1b8ec9
validation,clubbing,Screen-Shot-2021-11-22-at-10-08-58-AM_png.rf.961761c41850f7a0af908d99e135f82d.jpg,C:\Users\venka\Documents\Project\data\processed\val\clubbing\Screen-Shot-2021-11-22-at-10-08-58-AM_png.rf.961761c41850f7a0af908d99e135f82d.jpg,803f57527ac3f0d8
validation,clubbing,Screen-Shot-2021-11-22-at-4-55-14-PM_png.rf.0a9ee92cb5bffba8a3ed095e9de7838b.jpg,C:\Users\venka\Documents\Project\data\processed\val\clubbing\Screen-Shot-2021-11-22-at-4-55-14-PM_png.rf.0a9ee92cb5bffba8a3ed095e9de7838b.jpg,817f42382f338b37
validation,clubbing,Screen-Shot-2021-11-22-at-4-55-22-PM_png.rf.c23bf0eaba5fcc3fdeec6bda3c70e8d8.jpg,C:\Users\venka\Documents\Project\data\processed\val\clubbing\Screen-Shot-2021-11-22-at-4-55-22-PM_png.rf.c23bf0eaba5fcc3fdeec6bda3c70e8d8.jpg,fdaad0d5c1c54a4a
validation,clubbing,Screen-Shot-2021-11-22-at-5-01-12-PM_png.rf.e8bab9a7ef0d0a8fd11485afc996e9d7.jpg,C:\Users\venka\Documents\Project\data\processed\val\clubbing\Screen-Shot-2021-11-22-at-5-01-12-PM_png.rf.e8bab9a7ef0d0a8fd11485afc996e9d7.jpg,85d06ac66b6b8c6b
validation,clubbing,Screen-Shot-2021-11-22-at-5-01-21-PM_png.rf.01ad25f556163972732792968f0d8a33.jpg,C:\Users\venka\Documents\Project\data\processed\val\clubbing\Screen-Shot-2021-11-22-at-5-01-21-PM_png.rf.01ad25f556163972732792968f0d8a33.jpg,85cb9e8698d94e69
validation,clubbing,Screen-Shot-2021-11-22-at-5-08-48-PM_png.rf.a7fb01534f5ca8efa80cb76f7f1a3f4f.jpg,C:\Users\venka\Documents\Project\data\processed\val\clubbing\Screen-Shot-2021-11-22-at-5-08-48-PM_png.rf.a7fb01534f5ca8efa80cb76f7f1a3f4f.jpg,923e659ec8976c92
validation,clubbing,Screen-Shot-2021-11-22-at-8-09-17-AM_png.rf.f3536d256e94595a1b9ebba5f7836f26.jpg,C:\Users\venka\Documents\Project\data\processed\val\clubbing\Screen-Shot-2021-11-22-at-8-09-17-AM_png.rf.f3536d256e94595a1b9ebba5f7836f26.jpg,95852bf01bc72dd8
validation,clubbing,Screen-Shot-2021-11-22-at-8-09-47-AM_png.rf.dd3ba01cc7e668954267c4ef90c36016.jpg,C:\Users\venka\Documents\Project\data\processed\val\clubbing\Screen-Shot-2021-11-22-at-8-09-47-AM_png.rf.dd3ba01cc7e668954267c4ef90c36016.jpg,d587611f83bc06b9
validation,clubbing,Screen-Shot-2021-11-22-at-8-17-57-AM_png.rf.4b30019ea12f3eb669cf7b7556240be0.jpg,C:\Users\venka\Documents\Project\data\processed\val\clubbing\Screen-Shot-2021-11-22-at-8-17-57-AM_png.rf.4b30019ea12f3eb669cf7b7556240be0.jpg,e5853a7f1af848c2
validation,clubbing,Screen-Shot-2021-11-22-at-8-17-57-AM_png.rf.e6b17e960515d9be047b14b427123e01.jpg,C:\Users\venka\Documents\Project\data\processed\val\clubbing\Screen-Shot-2021-11-22-at-8-17-57-AM_png.rf.e6b17e960515d9be047b14b427123e01.jpg,912d4ac44b760dfb
validation,clubbing,Screen-Shot-2021-11-22-at-8-19-28-AM_png.rf.00159883cacb540ef9512b440dd8f1eb.jpg,C:\Users\venka\Documents\Project\data\processed\val\clubbing\Screen-Shot-2021-11-22-at-8-19-28-AM_png.rf.00159883cacb540ef9512b440dd8f1eb.jpg,841d77617a6a6a8b
validation,clubbing,Screen-Shot-2021-11-22-at-8-19-28-AM_png.rf.4dea6c92a5889ba1af6d0e49dff23b2d.jpg,C:\Users\venka\Documents\Project\data\processed\val\clubbing\Screen-Shot-2021-11-22-at-8-19-28-AM_png.rf.4dea6c92a5889ba1af6d0e49dff23b2d.jpg,8fa3619c35bc3370
validation,clubbing,Screen-Shot-2021-11-22-at-8-20-33-AM_png.rf.cf1c04524a476b605b04c9d6e5dedb8c.jpg,C:\Users\venka\Documents\Project\data\processed\val\clubbing\Screen-Shot-2021-11-22-at-8-20-33-AM_png.rf.cf1c04524a476b605b04c9d6e5dedb8c.jpg,d0253acb445f4b79
validation,clubbing,Screen-Shot-2021-11-22-at-8-20-40-AM_png.rf.5f49f597224d48cb3524843818cb0400.jpg,C:\Users\venka\Documents\Project\data\processed\val\clubbing\Screen-Shot-2021-11-22-at-8-20-40-AM_png.rf.5f49f597224d48cb3524843818cb0400.jpg,c4f5658d52354b87
validation,clubbing,Screen-Shot-2021-11-22-at-8-22-58-AM_png.rf.6c03e2b7cdd27078a979e7b944d933a5.jpg,C:\Users\venka\Documents\Project\data\processed\val\clubbing\Screen-Shot-2021-11-22-at-8-22-58-AM_png.rf.6c03e2b7cdd27078a979e7b944d933a5.jpg,d4806a5a637a477d
validation,clubbing,Screen-Shot-2021-11-22-at-8-24-20-AM_png.rf.432c4a419f7f390bf55df0138ac85af9.jpg,C:\Users\venka\Documents\Project\data\processed\val\clubbing\Screen-Shot-2021-11-22-at-8-24-20-AM_png.rf.432c4a419f7f390bf55df0138ac85af9.jpg,d58a607d40714ff3
validation,clubbing,Screen-Shot-2021-11-22-at-8-26-08-AM_png.rf.0ac903ae5f8f40837035c5c8e92ff8e6.jpg,C:\Users\venka\Documents\Project\data\processed\val\clubbing\Screen-Shot-2021-11-22-at-8-26-08-AM_png.rf.0ac903ae5f8f40837035c5c8e92ff8e6.jpg,90546f9a3593cbac
validation,clubbing,Screen-Shot-2021-11-22-at-8-26-08-AM_png.rf.a87200dfd78b32331bff725d97b900a8.jpg,C:\Users\venka\Documents\Project\data\processed\val\clubbing\Screen-Shot-2021-11-22-at-8-26-08-AM_png.rf.a87200dfd78b32331bff725d97b900a8.jpg,b1924e6d5a31b59a
validation,clubbing,Screen-Shot-2021-11-22-at-8-26-15-AM_png.rf.79598b4e0f44163580b985fecd992e01.jpg,C:\Users\venka\Documents\Project\data\processed\val\clubbing\Screen-Shot-2021-11-22-at-8-26-15-AM_png.rf.79598b4e0f44163580b985fecd992e01.jpg,a0905f4d5d3fa6b0
validation,clubbing,Screen-Shot-2021-11-22-at-8-28-06-AM_png.rf.1bdc5458da2b64f3225e35fffe5ddfd2.jpg,C:\Users\venka\Documents\Project\data\processed\val\clubbing\Screen-Shot-2021-11-22-at-8-28-06-AM_png.rf.1bdc5458da2b64f3225e35fffe5ddfd2.jpg,95d47e173a2a7429
validation,clubbing,Screen-Shot-2021-11-22-at-8-28-27-AM_png.rf.35a80970c44edc05675627b97bff9fca.jpg,C:\Users\venka\Documents\Project\data\processed\val\clubbing\Screen-Shot-2021-11-22-at-8-28-27-AM_png.rf.35a80970c44edc05675627b97bff9fca.jpg,d5152a0a6bad6b4e
validation,clubbing,Screen-Shot-2021-11-22-at-8-29-33-AM_png.rf.981ecadedd447134a36743f0179f995f.jpg,C:\Users\venka\Documents\Project\data\processed\val\clubbing\Screen-Shot-2021-11-22-at-8-29-33-AM_png.rf.981ecadedd447134a36743f0179f995f.jpg,c54839373c39729d
validation,clubbing,Screen-Shot-2021-11-22-at-8-30-42-AM_png.rf.25c8343f06b6c3516cc0fece38989137.jpg,C:\Users\venka\Documents\Project\data\processed\val\clubbing\Screen-Shot-2021-11-22-at-8-30-42-AM_png.rf.25c8343f06b6c3516cc0fece38989137.jpg,b08f47283cb539d5
validation,clubbing,Screen-Shot-2021-11-22-at-8-31-47-AM_png.rf.b7c22ba9c31492121179e908462e1618.jpg,C:\Users\venka\Documents\Project\data\processed\val\clubbing\Screen-Shot-2021-11-22-at-8-31-47-AM_png.rf.b7c22ba9c31492121179e908462e1618.jpg,a0ca17e41f974a37
validation,clubbing,Screen-Shot-2021-11-22-at-8-31-47-AM_png.rf.ed8f5fafdb941f0286992edea8cd87f6.jpg,C:\Users\venka\Documents\Project\data\processed\val\clubbing\Screen-Shot-2021-11-22-at-8-31-47-AM_png.rf.ed8f5fafdb941f0286992edea8cd87f6.jpg,859555b54a963b53
validation,clubbing,Screen-Shot-2021-11-22-at-8-36-52-AM_png.rf.7f323fbc6bb9c7aa649d0506e9bad318.jpg,C:\Users\venka\Documents\Project\data\processed\val\clubbing\Screen-Shot-2021-11-22-at-8-36-52-AM_png.rf.7f323fbc6bb9c7aa649d0506e9bad318.jpg,d52d2a956a856ada
validation,clubbing,Screen-Shot-2021-11-22-at-8-38-21-AM_png.rf.c02685205f7dd62faa3bb31f496752c4.jpg,C:\Users\venka\Documents\Project\data\processed\val\clubbing\Screen-Shot-2021-11-22-at-8-38-21-AM_png.rf.c02685205f7dd62faa3bb31f496752c4.jpg,958a2a75445d45df
validation,clubbing,Screen-Shot-2021-11-22-at-8-44-54-AM_png.rf.83c5fdd06ea4b8242e8e77941de8de0e.jpg,C:\Users\venka\Documents\Project\data\processed\val\clubbing\Screen-Shot-2021-11-22-at-8-44-54-AM_png.rf.83c5fdd06ea4b8242e8e77941de8de0e.jpg,9db562422b1e3e6a
validation,clubbing,Screen-Shot-2021-11-22-at-8-44-54-AM_png.rf.be32b9bf1f900d8cf73516ea6e966726.jpg,C:\Users\venka\Documents\Project\data\processed\val\clubbing\Screen-Shot-2021-11-22-at-8-44-54-AM_png.rf.be32b9bf1f900d8cf73516ea6e966726.jpg,c2963f932ccb64c9
validation,clubbing,Screen-Shot-2021-11-22-at-8-59-50-AM_png.rf.fcebc78086e8ead2f9f91445e18ca33a.jpg,C:\Users\venka\Documents\Project\data\processed\val\clubbing\Screen-Shot-2021-11-22-at-8-59-50-AM_png.rf.fcebc78086e8ead2f9f91445e18ca33a.jpg,95646e9948a6669f
validation,clubbing,Screen-Shot-2021-11-22-at-9-00-02-AM_png.rf.4eee646df95022b17d4f17f285f2f3d8.jpg,C:\Users\venka\Documents\Project\data\processed\val\clubbing\Screen-Shot-2021-11-22-at-9-00-02-AM_png.rf.4eee646df95022b17d4f17f285f2f3d8.jpg,c07f3f801f813f89
validation,clubbing,Screen-Shot-2021-11-22-at-9-00-17-AM_png.rf.ad8a7637c159d1cd316454863816b1c0.jpg,C:\Users\venka\Documents\Project\data\processed\val\clubbing\Screen-Shot-2021-11-22-at-9-00-17-AM_png.rf.ad8a7637c159d1cd316454863816b1c0.jpg,c5373fc028c7748b
validation,clubbing,Screen-Shot-2021-11-22-at-9-01-25-AM_png.rf.64a7a9bbb72afb9e6e7a16378ff767bd.jpg,C:\Users\venka\Documents\Project\data\processed\val\clubbing\Screen-Shot-2021-11-22-at-9-01-25-AM_png.rf.64a7a9bbb72afb9e6e7a16378ff767bd.jpg,e0bd8596c6625a67
validation,clubbing,Screen-Shot-2021-11-22-at-9-02-40-AM_png.rf.30cf5b387f550ffb840b5bb4270daf94.jpg,C:\Users\venka\Documents\Project\data\processed\val\clubbing\Screen-Shot-2021-11-22-at-9-02-40-AM_png.rf.30cf5b387f550ffb840b5bb4270daf94.jpg,80fc5d0f56a47ea4
validation,clubbing,Screen-Shot-2021-11-22-at-9-03-26-AM_png.rf.5b0f85b001e1b0755beda4e0d098ef61.jpg,C:\Users\venka\Documents\Project\data\processed\val\clubbing\Screen-Shot-2021-11-22-at-9-03-26-AM_png.rf.5b0f85b001e1b0755beda4e0d098ef61.jpg,80ff67a29f851c94
validation,clubbing,Screen-Shot-2021-11-22-at-9-03-26-AM_png.rf.d495ef9e60698c081ed277966398e522.jpg,C:\Users\venka\Documents\Project\data\processed\val\clubbing\Screen-Shot-2021-11-22-at-9-03-26-AM_png.rf.d495ef9e60698c081ed277966398e522.jpg,ccb545960e9b0f1d
validation,clubbing,Screen-Shot-2021-11-22-at-9-06-40-AM_png.rf.e683eaf4ebdeeb25b67d957ef1fb3165.jpg,C:\Users\venka\Documents\Project\data\processed\val\clubbing\Screen-Shot-2021-11-22-at-9-06-40-AM_png.rf.e683eaf4ebdeeb25b67d957ef1fb3165.jpg,805f2f287f2a7a68
validation,clubbing,Screen-Shot-2021-11-22-at-9-07-39-AM_png.rf.618aa9e4073c89feb0b19de671590ebf.jpg,C:\Users\venka\Documents\Project\data\processed\val\clubbing\Screen-Shot-2021-11-22-at-9-07-39-AM_png.rf.618aa9e4073c89feb0b19de671590ebf.jpg,d56a1a7629952d96
validation,clubbing,Screen-Shot-2021-11-22-at-9-07-39-AM_png.rf.7024293e27379d6b4852923dc843bf87.jpg,C:\Users\venka\Documents\Project\data\processed\val\clubbing\Screen-Shot-2021-11-22-at-9-07-39-AM_png.rf.7024293e27379d6b4852923dc843bf87.jpg,815c27d09e2b3f2e
validation,clubbing,Screen-Shot-2021-11-22-at-9-09-44-AM_png.rf.7c5ff6a5fa192ed1b8eb6b9b9cb27eb1.jpg,C:\Users\venka\Documents\Project\data\processed\val\clubbing\Screen-Shot-2021-11-22-at-9-09-44-AM_png.rf.7c5ff6a5fa192ed1b8eb6b9b9cb27eb1.jpg,841f519c3bd13763
validation,clubbing,Screen-Shot-2021-11-22-at-9-12-26-AM_png.rf.e848634fc5d5930bd09835c3d5ac29bd.jpg,C:\Users\venka\Documents\Project\data\processed\val\clubbing\Screen-Shot-2021-11-22-at-9-12-26-AM_png.rf.e848634fc5d5930bd09835c3d5ac29bd.jpg,8078c7a58d8f56dc
validation,clubbing,Screen-Shot-2021-11-22-at-9-12-51-AM_png.rf.2bc90c68b6784090b5a2bba85c84a242.jpg,C:\Users\venka\Documents\Project\data\processed\val\clubbing\Screen-Shot-2021-11-22-at-9-12-51-AM_png.rf.2bc90c68b6784090b5a2bba85c84a242.jpg,8060636a3fa736b7
validation,clubbing,Screen-Shot-2021-11-22-at-9-13-18-AM_png.rf.e781b8682e5c67f5bf493ade7957a57f.jpg,C:\Users\venka\Documents\Project\data\processed\val\clubbing\Screen-Shot-2021-11-22-at-9-13-18-AM_png.rf.e781b8682e5c67f5bf493ade7957a57f.jpg,90df67b51826396a
validation,clubbing,Screen-Shot-2021-11-22-at-9-15-11-AM_png.rf.3bda4568da7952f6d96e69fe44144df1.jpg,C:\Users\venka\Documents\Project\data\processed\val\clubbing\Screen-Shot-2021-11-22-at-9-15-11-AM_png.rf.3bda4568da7952f6d96e69fe44144df1.jpg,c09f693d25353734
validation,clubbing,Screen-Shot-2021-11-22-at-9-15-11-AM_png.rf.b9d2e4c9d46b24a7fd792d82cb2b75bc.jpg,C:\Users\venka\Documents\Project\data\processed\val\clubbing\Screen-Shot-2021-11-22-at-9-15-11-AM_png.rf.b9d2e4c9d46b24a7fd792d82cb2b75bc.jpg,972c6ad235cbb225
validation,clubbing,Screen-Shot-2021-11-22-at-9-18-33-AM_png.rf.0274c30febb097e0b68d647df95d4113.jpg,C:\Users\venka\Documents\Project\data\processed\val\clubbing\Screen-Shot-2021-11-22-at-9-18-33-AM_png.rf.0274c30febb097e0b68d647df95d4113.jpg,c0711e271a3fcf38
validation,clubbing,Screen-Shot-2021-11-22-at-9-19-10-AM_png.rf.b2cb5ae8271e7c1d6bdcd33222231cbb.jpg,C:\Users\venka\Documents\Project\data\processed\val\clubbing\Screen-Shot-2021-11-22-at-9-19-10-AM_png.rf.b2cb5ae8271e7c1d6bdcd33222231cbb.jpg,d0df4b224e9e0b99
validation,clubbing,Screen-Shot-2021-11-22-at-9-24-37-AM_png.rf.8e9dc6ccf7787a1caf7b18e2d31372b3.jpg,C:\Users\venka\Documents\Project\data\processed\val\clubbing\Screen-Shot-2021-11-22-at-9-24-37-AM_png.rf.8e9dc6ccf7787a1caf7b18e2d31372b3.jpg,84fd578f539249a1
validation,clubbing,Screen-Shot-2021-11-22-at-9-24-56-AM_png.rf.f4caf73c178f17cae1c74da4ac2c1b22.jpg,C:\Users\venka\Documents\Project\data\processed\val\clubbing\Screen-Shot-2021-11-22-at-9-24-56-AM_png.rf.f4caf73c178f17cae1c74da4ac2c1b22.jpg,80fd57aa1f9a1c86
validation,clubbing,Screen-Shot-2021-11-22-at-9-31-43-AM_png.rf.0a70fdec7eb2c55de414676b7e9ec329.jpg,C:\Users\venka\Documents\Project\data\processed\val\clubbing\Screen-Shot-2021-11-22-at-9-31-43-AM_png.rf.0a70fdec7eb2c55de414676b7e9ec329.jpg,80607fc03f617f69
validation,clubbing,Screen-Shot-2021-11-22-at-9-31-46-AM_png.rf.05908e8fd8b77007e2fc4f0525751644.jpg,C:\Users\venka\Documents\Project\data\processed\val\clubbing\Screen-Shot-2021-11-22-at-9-31-46-AM_png.rf.05908e8fd8b77007e2fc4f0525751644.jpg,c5c572946ab17a87
validation,clubbing,Screen-Shot-2021-11-22-at-9-31-46-AM_png.rf.10cb9fc2f908bffc830fb54ad04ab4b3.jpg,C:\Users\venka\Documents\Project\data\processed\val\clubbing\Screen-Shot-2021-11-22-at-9-31-46-AM_png.rf.10cb9fc2f908bffc830fb54ad04ab4b3.jpg,804b75cf5fcc1bc0
validation,clubbing,Screen-Shot-2021-11-22-at-9-34-36-AM_png.rf.91646a07fd01713c08c38b8108a73658.jpg,C:\Users\venka\Documents\Project\data\processed\val\clubbing\Screen-Shot-2021-11-22-at-9-34-36-AM_png.rf.91646a07fd01713c08c38b8108a73658.jpg,d5802a29367e7e5a
validation,clubbing,Screen-Shot-2021-11-22-at-9-34-36-AM_png.rf.eb6c96b1339928532926077a8c4cb018.jpg,C:\Users\venka\Documents\Project\data\processed\val\clubbing\Screen-Shot-2021-11-22-at-9-34-36-AM_png.rf.eb6c96b1339928532926077a8c4cb018.jpg,c39d3cc838e639d8
validation,clubbing,Screen-Shot-2021-11-22-at-9-37-36-AM_png.rf.2cca42df8649031fde9395c196113601.jpg,C:\Users\venka\Documents\Project\data\processed\val\clubbing\Screen-Shot-2021-11-22-at-9-37-36-AM_png.rf.2cca42df8649031fde9395c196113601.jpg,95d06aab55271e27
validation,clubbing,Screen-Shot-2021-11-22-at-9-37-42-AM_png.rf.1a5217219d03a4a92bdf8d97845ffc29.jpg,C:\Users\venka\Documents\Project\data\processed\val\clubbing\Screen-Shot-2021-11-22-at-9-37-42-AM_png.rf.1a5217219d03a4a92bdf8d97845ffc29.jpg,80c17a6a77b15e17
validation,clubbing,Screen-Shot-2021-11-22-at-9-40-12-AM_png.rf.3a3ae821fba8906de37e17b9041b7d19.jpg,C:\Users\venka\Documents\Project\data\processed\val\clubbing\Screen-Shot-2021-11-22-at-9-40-12-AM_png.rf.3a3ae821fba8906de37e17b9041b7d19.jpg,df6aa0828595d5d5
validation,clubbing,Screen-Shot-2021-11-22-at-9-43-27-AM_png.rf.ac279c4e48ecb299da337f3cf8d4437c.jpg,C:\Users\venka\Documents\Project\data\processed\val\clubbing\Screen-Shot-2021-11-22-at-9-43-27-AM_png.rf.ac279c4e48ecb299da337f3cf8d4437c.jpg,8460319f3398ef97
validation,clubbing,Screen-Shot-2021-11-22-at-9-44-21-AM_png.rf.37948056b205dfbf9f1564b6ba705602.jpg,C:\Users\venka\Documents\Project\data\processed\val\clubbing\Screen-Shot-2021-11-22-at-9-44-21-AM_png.rf.37948056b205dfbf9f1564b6ba705602.jpg,c6c83b372c953a96
validation,clubbing,Screen-Shot-2021-11-22-at-9-44-27-AM_png.rf.82bacf9bc0be9ea59c96fab23f374016.jpg,C:\Users\venka\Documents\Project\data\processed\val\clubbing\Screen-Shot-2021-11-22-at-9-44-27-AM_png.rf.82bacf9bc0be9ea59c96fab23f374016.jpg,90586f817b36d3a5
validation,clubbing,Screen-Shot-2021-11-22-at-9-46-12-AM_png.rf.6d30d0cef9adc9f5ad425e9cec9ed624.jpg,C:\Users\venka\Documents\Project\data\processed\val\clubbing\Screen-Shot-2021-11-22-at-9-46-12-AM_png.rf.6d30d0cef9adc9f5ad425e9cec9ed624.jpg,906563cd3f8cf291
validation,clubbing,Screen-Shot-2021-11-22-at-9-46-12-AM_png.rf.f1b191a15b76d92044ef3ce6914eeceb.jpg,C:\Users\venka\Documents\Project\data\processed\val\clubbing\Screen-Shot-2021-11-22-at-9-46-12-AM_png.rf.f1b191a15b76d92044ef3ce6914eeceb.jpg,80406ea63bbf3337
validation,clubbing,Screen-Shot-2021-11-22-at-9-46-26-AM_png.rf.0a59bddbe0fd9caf9e94435ca7d2b883.jpg,C:\Users\venka\Documents\Project\data\processed\val\clubbing\Screen-Shot-2021-11-22-at-9-46-26-AM_png.rf.0a59bddbe0fd9caf9e94435ca7d2b883.jpg,825f7e2b65a125c6
validation,clubbing,Screen-Shot-2021-11-22-at-9-47-47-AM_png.rf.7d7290cf1c8aefc810b553f02270a991.jpg,C:\Users\venka\Documents\Project\data\processed\val\clubbing\Screen-Shot-2021-11-22-at-9-47-47-AM_png.rf.7d7290cf1c8aefc810b553f02270a991.jpg,c03e3f7e48c8ca69
validation,clubbing,Screen-Shot-2021-11-22-at-9-49-25-AM_png.rf.78424b78e9c3e5326e9bb0c12cb4ec2f.jpg,C:\Users\venka\Documents\Project\data\processed\val\clubbing\Screen-Shot-2021-11-22-at-9-49-25-AM_png.rf.78424b78e9c3e5326e9bb0c12cb4ec2f.jpg,a13b4ec459d1b36a
validation,clubbing,Screen-Shot-2021-11-22-at-9-51-10-AM_png.rf.45691fd37867d8f881b0229b270592e2.jpg,C:\Users\venka\Documents\Project\data\processed\val\clubbing\Screen-Shot-2021-11-22-at-9-51-10-AM_png.rf.45691fd37867d8f881b0229b270592e2.jpg,bd8048295e7e686f
validation,clubbing,Screen-Shot-2021-11-22-at-9-56-30-AM_png.rf.5cff95e0cfacc3a879e1a34ff18f27cd.jpg,C:\Users\venka\Documents\Project\data\processed\val\clubbing\Screen-Shot-2021-11-22-at-9-56-30-AM_png.rf.5cff95e0cfacc3a879e1a34ff18f27cd.jpg,80bf35951b113d57
validation,clubbing,Screen-Shot-2021-11-22-at-9-58-28-AM_png.rf.81546cdabc973396b27bc1bf0321cd83.jpg,C:\Users\venka\Documents\Project\data\processed\val\clubbing\Screen-Shot-2021-11-22-at-9-58-28-AM_png.rf.81546cdabc973396b27bc1bf0321cd83.jpg,d47e2a092f2d2b2d
validation,Healthy_Nail,h110_png.rf.3dea125e0af4b85dd7188fd3a40f1c21.jpg,C:\Users\venka\Documents\Project\data\processed\val\Healthy_Nail\h110_png.rf.3dea125e0af4b85dd7188fd3a40f1c21.jpg,c2923c99c1999bf3
validation,Healthy_Nail,h119_png.rf.fac4bc16393dbd0800a12c4337ee4c87.jpg,C:\Users\venka\Documents\Project\data\processed\val\Healthy_Nail\h119_png.rf.fac4bc16393dbd0800a12c4337ee4c87.jpg,d58e6aa720f21ee2
validation,Healthy_Nail,h123_png.rf.e99a0fe34b92997dcde8ce1d44853444.jpg,C:\Users\venka\Documents\Project\data\processed\val\Healthy_Nail\h123_png.rf.e99a0fe34b92997dcde8ce1d44853444.jpg,c22d6f6962363734
validation,Healthy_Nail,h129_png.rf.6a842e5a1f792a9de2470a8379efe6e1.jpg,C:\Users\venka\Documents\Project\data\processed\val\Healthy_Nail\h129_png.rf.6a842e5a1f792a9de2470a8379efe6e1.jpg,d55e326d431c6c95
validation,Healthy_Nail,h130_png.rf.8acac3613aa3cbc1acf1f1e2db7a6a95.jpg,C:\Users\venka\Documents\Project\data\processed\val\Healthy_Nail\h130_png.rf.8acac3613aa3cbc1acf1f1e2db7a6a95.jpg,d02d3ff0e14b4d64
validation,Healthy_Nail,h13_png.rf.e862bd18c1be1defca230d47f575f16b.jpg,C:\Users\venka\Documents\Project\data\processed\val\Healthy_Nail\h13_png.rf.e862bd18c1be1defca230d47f575f16b.jpg,c0956ad26f966ad2
validation,Healthy_Nail,h144_png.rf.2149958f8bd607d179589d6b92aa958e.jpg,C:\Users\venka\Documents\Project\data\processed\val\Healthy_Nail\h144_png.rf.2149958f8bd607d179589d6b92aa958e.jpg,81b76acc9792178e
validation,Healthy_Nail,h145_png.rf.1c3c64324eb7605f7977417399f4ed4a.jpg,C:\Users\venka\Documents\Project\data\processed\val\Healthy_Nail\h145_png.rf.1c3c64324eb7605f7977417399f4ed4a.jpg,d0356d0f02e56e9e
validation,Healthy_Nail,h147_png.rf.c326097c25de8483937c1bf4a1f4776d.jpg,C:\Users\venka\Documents\Project\data\processed\val\Healthy_Nail\h147_png.rf.c326097c25de8483937c1bf4a1f4776d.jpg,c2ca0fd06f952997
validation,Healthy_Nail,h157_png.rf.26955f7588596a833daaa784655f2671.jpg,C:\Users\venka\Documents\Project\data\processed\val\Healthy_Nail\h157_png.rf.26955f7588596a833daaa784655f2671.jpg,874a32bd5bf548a8
validation,Healthy_Nail,h163_png.rf.6be053dbea9411ec37745327100babfd.jpg,C:\Users\venka\Documents\Project\data\processed\val\Healthy_Nail\h163_png.rf.6be053dbea9411ec37745327100babfd.jpg,c1252fe6964a7ac9
validation,Healthy_Nail,h164_png.rf.fcf1664ea94d8702c705aad760f81d2b.jpg,C:\Users\venka\Documents\Project\data\processed\val\Healthy_Nail\h164_png.rf.fcf1664ea94d8702c705aad760f81d2b.jpg,c0c41f6ac12f677a
validation,Healthy_Nail,h16_png.rf.ca2c70dc94af5e37bca2fa6e716f2436.jpg,C:\Users\venka\Documents\Project\data\processed\val\Healthy_Nail\h16_png.rf.ca2c70dc94af5e37bca2fa6e716f2436.jpg,852f9652c66a4e6b
validation,Healthy_Nail,h174_png.rf.fb11729ca47ca1e7e47d7d368939a56d.jpg,C:\Users\venka\Documents\Project\data\processed\val\Healthy_Nail\h174_png.rf.fb11729ca47ca1e7e47d7d368939a56d.jpg,95b46b3a743974a1
validation,Healthy_Nail,h177_png.rf.953ea013d781e49a2d51c3df8ab231f1.jpg,C:\Users\venka\Documents\Project\data\processed\val\Healthy_Nail\h177_png.rf.953ea013d781e49a2d51c3df8ab231f1.jpg,85d06aa55a976c9b
validation,Healthy_Nail,h187_png.rf.c869995a61f47b663aa84cad4dec9084.jpg,C:\Users\venka\Documents\Project\data\processed\val\Healthy_Nail\h187_png.rf.c869995a61f47b663aa84cad4dec9084.jpg,95a767b21ac668d8
validation,Healthy_Nail,h188_png.rf.ed65b3e85a19c3d5b6adb88a5422a974.jpg,C:\Users\venka\Documents\Project\data\processed\val\Healthy_Nail\h188_png.rf.ed65b3e85a19c3d5b6adb88a5422a974.jpg,8772354d98b16b66
validation,Healthy_Nail,h192_png.rf.b07aa15c4dd97d54e9f10723e165b35b.jpg,C:\Users\venka\Documents\Project\data\processed\val\Healthy_Nail\h192_png.rf.b07aa15c4dd97d54e9f10723e165b35b.jpg,c9cf67313c333232
validation,Healthy_Nail,h193_png.rf.8d5df3dcc0c9e912e707bff1b5e02651.jpg,C:\Users\venka\Documents\Project\data\processed\val\Healthy_Nail\h193_png.rf.8d5df3dcc0c9e912e707bff1b5e02651.jpg,9568766a9db06695
validation,Healthy_Nail,h201_png.rf.703f8a4793987a72ce39dac07593cb3a.jpg,C:\Users\venka\Documents\Project\data\processed\val\Healthy_Nail\h201_png.rf.703f8a4793987a72ce39dac07593cb3a.jpg,d5ad4a952ec722c6
validation,Healthy_Nail,h204_png.rf.0676ee5875a0aa60a9545e31ba580365.jpg,C:\Users\venka\Documents\Project\data\processed\val\Healthy_Nail\h204_png.rf.0676ee5875a0aa60a9545e31ba580365.jpg,d47e0b3a0f27292d
validation,Healthy_Nail,h222_png.rf.15936ae3569341cfd791a527ceff1f91.jpg,C:\Users\venka\Documents\Project\data\processed\val\Healthy_Nail\h222_png.rf.15936ae3569341cfd791a527ceff1f91.jpg,c26167649f3c1f29
validation,Healthy_Nail,h222_png.rf.38db30d0b7a5c883589fe2f019d518b8.jpg,C:\Users\venka\Documents\Project\data\processed\val\Healthy_Nail\h222_png.rf.38db30d0b7a5c883589fe2f019d518b8.jpg,973d6a6a4a4b6d60
validation,Healthy_Nail,h227_png.rf.7738a1c9dce225e1def7d7f364708366.jpg,C:\Users\venka\Documents\Project\data\processed\val\Healthy_Nail\h227_png.rf.7738a1c9dce225e1def7d7f364708366.jpg,c0d870872fc72f8b
validation,Healthy_Nail,h230_png.rf.b6ea8488bac2130637651e79bc4f4cff.jpg,C:\Users\venka\Documents\Project\data\processed\val\Healthy_Nail\h230_png.rf.b6ea8488bac2130637651e79bc4f4cff.jpg,95d2639ce56a4a33
validation,Healthy_Nail,h242_png.rf.999e6aadc3afd0f42024793110f883ac.jpg,C:\Users\venka\Documents\Project\data\processed\val\Healthy_Nail\h242_png.rf.999e6aadc3afd0f42024793110f883ac.jpg,85f1704f893a56b3
validation,Healthy_Nail,h251_png.rf.52e8841f3c3c935bdf48113ff374a552.jpg,C:\Users\venka\Documents\Project\data\processed\val\Healthy_Nail\h251_png.rf.52e8841f3c3c935bdf48113ff374a552.jpg,c095669673c33bc6
validation,Healthy_Nail,h253_png.rf.c68dfa44f01cbab7b6a4c25d32ba1763.jpg,C:\Users\venka\Documents\Project\data\processed\val\Healthy_Nail\h253_png.rf.c68dfa44f01cbab7b6a4c25d32ba1763.jpg,d581c237c32587b7
validation,Healthy_Nail,h269_png.rf.d73ab563c1bdb58119d3694258a3880f.jpg,C:\Users\venka\Documents\Project\data\processed\val\Healthy_Nail\h269_png.rf.d73ab563c1bdb58119d3694258a3880f.jpg,81a26ac72edc3bb4
validation,Healthy_Nail,h279_png.rf.2d16e6ce368e91ef38dffd1678d57344.jpg,C:\Users\venka\Documents\Project\data\processed\val\Healthy_Nail\h279_png.rf.2d16e6ce368e91ef38dffd1678d57344.jpg,944a64e279b66b95
validation,Healthy_Nail,h280_png.rf.8980cf6a4c534b04911d352700a4367c.jpg,C:\Users\venka\Documents\Project\data\processed\val\Healthy_Nail\h280_png.rf.8980cf6a4c534b04911d352700a4367c.jpg,98762ddb368d03b4
validation,Healthy_Nail,h281_png.rf.5f5fed3f69e8a348e6df9b53d574f63d.jpg,C:\Users\venka\Documents\Project\data\processed\val\Healthy_Nail\h281_png.rf.5f5fed3f69e8a348e6df9b53d574f63d.jpg,80bd3d847e82778b
validation,Healthy_Nail,h284_png.rf.1b6482747d64db55e939b93e3499b907.jpg,C:\Users\venka\Documents\Project\data\processed\val\Healthy_Nail\h284_png.rf.1b6482747d64db55e939b93e3499b907.jpg,c22d2471e03ede3e
validation,Healthy_Nail,h29_png.rf.73b577065807d9d5f5a9e855f861ffa2.jpg,C:\Users\venka\Documents\Project\data\processed\val\Healthy_Nail\h29_png.rf.73b577065807d9d5f5a9e855f861ffa2.jpg,d00f2b7c17c25bc9
validation,Healthy_Nail,h31_png.rf.7c40d9830cab5b0731c02fac299363dc.jpg,C:\Users\venka\Documents\Project\data\processed\val\Healthy_Nail\h31_png.rf.7c40d9830cab5b0731c02fac299363dc.jpg,c19f4fc81ed01e63
validation,Healthy_Nail,h38_png.rf.4fecaf8c56df27d2ef0475f0abad6dc0.jpg,C:\Users\venka\Documents\Project\data\processed\val\Healthy_Nail\h38_png.rf.4fecaf8c56df27d2ef0475f0abad6dc0.jpg,d580156bc12fc37b
validation,Healthy_Nail,h38_png.rf.c3b019fa1794ec9137a07896c933c946.jpg,C:\Users\venka\Documents\Project\data\processed\val\Healthy_Nail\h38_png.rf.c3b019fa1794ec9137a07896c933c946.jpg,85fd47c0ce964d94
validation,Healthy_Nail,h41_png.rf.48945eda8b3b22a8f1accd95df84d4a7.jpg,C:\Users\venka\Documents\Project\data\processed\val\Healthy_Nail\h41_png.rf.48945eda8b3b22a8f1accd95df84d4a7.jpg,818b3e6de0956795
validation,Healthy_Nail,h46_png.rf.c315915b708131b23168f33eeebcf24d.jpg,C:\Users\venka\Documents\Project\data\processed\val\Healthy_Nail\h46_png.rf.c315915b708131b23168f33eeebcf24d.jpg,91c05e9e1e332b1f
validation,Healthy_Nail,h47_png.rf.11a696fc711997ed0686552a66657df7.jpg,C:\Users\venka\Documents\Project\data\processed\val\Healthy_Nail\h47_png.rf.11a696fc711997ed0686552a66657df7.jpg,c02f6b2c4e6b7a4a
validation,Healthy_Nail,h47_png.rf.49cc807270bec3a3840158464bd901cd.jpg,C:\Users\venka\Documents\Project\data\processed\val\Healthy_Nail\h47_png.rf.49cc807270bec3a3840158464bd901cd.jpg,c4f03897789f6985
validation,Healthy_Nail,h48_png.rf.71f84359dcaed5a5a1b33445f124c40a.jpg,C:\Users\venka\Documents\Project\data\processed\val\Healthy_Nail\h48_png.rf.71f84359dcaed5a5a1b33445f124c40a.jpg,dc7123963e587863
validation,Healthy_Nail,h52_png.rf.aa6d1e1f60582ad2d57a33d3d28c3987.jpg,C:\Users\venka\Documents\Project\data\processed\val\Healthy_Nail\h52_png.rf.aa6d1e1f60582ad2d57a33d3d28c3987.jpg,c0172d6c3c693e7a
validation,Healthy_Nail,h56_png.rf.a3eb82e264eb3dfe7413f33baa49d7ec.jpg,C:\Users\venka\Documents\Project\data\processed\val\Healthy_Nail\h56_png.rf.a3eb82e264eb3dfe7413f33baa49d7ec.jpg,c0914f7b724d3a6c
validation,Healthy_Nail,h57_png.rf.c0ba75b5d9a6b9400633f846b57cbede.jpg,C:\Users\venka\Documents\Project\data\processed\val\Healthy_Nail\h57_png.rf.c0ba75b5d9a6b9400633f846b57cbede.jpg,85ad3e863ac42fd4
validation,Healthy_Nail,h63_png.rf.b8044c4edc647671cc86a20fb45535d1.jpg,C:\Users\venka\Documents\Project\data\processed\val\Healthy_Nail\h63_png.rf.b8044c4edc647671cc86a20fb45535d1.jpg,a0670fd03fdd3898
validation,Healthy_Nail,h72_png.rf.4a54808b597f1a9082fc0239d6a53ec7.jpg,C:\Users\venka\Documents\Project\data\processed\val\Healthy_Nail\h72_png.rf.4a54808b597f1a9082fc0239d6a53ec7.jpg,d06a615556d02b7f
validation,Healthy_Nail,h83_png.rf.c283bc5280f140e92a0417f7ccb20827.jpg,C:\Users\venka\Documents\Project\data\processed\val\Healthy_Nail\h83_png.rf.c283bc5280f140e92a0417f7ccb20827.jpg,855e6f1e0a22cf2b
validation,Healthy_Nail,h87_png.rf.6a859deb58f8dc18b07553c13a572241.jpg,C:\Users\venka\Documents\Project\data\processed\val\Healthy_Nail\h87_png.rf.6a859deb58f8dc18b07553c13a572241.jpg,d56b127c19730ea5
validation,Healthy_Nail,h89_png.rf.00d0c5cd01c7c5e55279c85dbc70ffea.jpg,C:\Users\venka\Documents\Project\data\processed\val\Healthy_Nail\h89_png.rf.00d0c5cd01c7c5e55279c85dbc70ffea.jpg,809555d45fce3b4a
validation,Healthy_Nail,h90_png.rf.f3495c3eb27cdd59cef1758f089dc336.jpg,C:\Users\venka\Documents\Project\data\processed\val\Healthy_Nail\h90_png.rf.f3495c3eb27cdd59cef1758f089dc336.jpg,84e1604e37ad9b3d
validation,Healthy_Nail,h9_png.rf.4a11c4365a9b6e4c3a7ba8dae35f0236.jpg,C:\Users\venka\Documents\Project\data\processed\val\Healthy_Nail\h9_png.rf.4a11c4365a9b6e4c3a7ba8dae35f0236.jpg,d085cede37704a72
validation,Onychogryphosis,images--7hiLgj_jpeg.rf.4a63d8e98e886280c30ebd1a33122a9d.jpg,C:\Users\venka\Documents\Project\data\processed\val\Onychogryphosis\images--7hiLgj_jpeg.rf.4a63d8e98e886280c30ebd1a33122a9d.jpg,9a9665793266659a
validation,Onychogryphosis,images--kZUSGO_jpeg.rf.557b1a81bcc66d62c0565acaf6df7144.jpg,C:\Users\venka\Documents\Project\data\processed\val\Onychogryphosis\images--kZUSGO_jpeg.rf.557b1a81bcc66d62c0565acaf6df7144.jpg,90a70fe20fd06ed6
validation,Onychogryphosis,images--sqWhaj_jpeg.rf.0568568c1eea5a50648da939ef1d233d.jpg,C:\Users\venka\Documents\Project\data\processed\val\Onychogryphosis\images--sqWhaj_jpeg.rf.0568568c1eea5a50648da939ef1d233d.jpg,95483a353b252d9f
validation,Onychogryphosis,Screen-Shot-2021-11-16-at-10-24-09-PM_png.rf.15c05ee3965fe8fabcc8622211aba223.jpg,C:\Users\venka\Documents\Project\data\processed\val\Onychogryphosis\Screen-Shot-2021-11-16-at-10-24-09-PM_png.rf.15c05ee3965fe8fabcc8622211aba223.jpg,8767781878e37287
validation,Onychogryphosis,Screen-Shot-2021-11-16-at-10-36-05-PM_png.rf.5faeeda91ad9a1b7bfa3cbdfbf8ae79b.jpg,C:\Users\venka\Documents\Project\data\processed\val\Onychogryphosis\Screen-Shot-2021-11-16-at-10-36-05-PM_png.rf.5faeeda91ad9a1b7bfa3cbdfbf8ae79b.jpg,803752b74b993c9d
validation,Onychogryphosis,Screen-Shot-2021-11-16-at-10-36-29-PM_png.rf.217a4ddad727ff1b5d00bbf90279009a.jpg,C:\Users\venka\Documents\Project\data\processed\val\Onychogryphosis\Screen-Shot-2021-11-16-at-10-36-29-PM_png.rf.217a4ddad727ff1b5d00bbf90279009a.jpg,95856b9c637a6750
validation,Onychogryphosis,Screen-Shot-2021-11-16-at-10-37-25-PM_png.rf.82dc3c14b6c11a1837f57d361f811a3b.jpg,C:\Users\venka\Documents\Project\data\processed\val\Onychogryphosis\Screen-Shot-2021-11-16-at-10-37-25-PM_png.rf.82dc3c14b6c11a1837f57d361f811a3b.jpg,c5c8343e7a331a3d
validation,Onychogryphosis,Screen-Shot-2021-11-16-at-10-39-52-PM_png.rf.516df24e53038f9f31e2bca0af74ff48.jpg,C:\Users\venka\Documents\Project\data\processed\val\Onychogryphosis\Screen-Shot-2021-11-16-at-10-39-52-PM_png.rf.516df24e53038f9f31e2bca0af74ff48.jpg,853a7ac369e52dc4
validation,Onychogryphosis,Screen-Shot-2021-11-16-at-10-39-52-PM_png.rf.7b51706dfce11ca4bc62a6b79ef1d3e5.jpg,C:\Users\venka\Documents\Project\data\processed\val\Onychogryphosis\Screen-Shot-2021-11-16-at-10-39-52-PM_png.rf.7b51706dfce11ca4bc62a6b79ef1d3e5.jpg,a052576d782e63b9
validation,Onychogryphosis,Screen-Shot-2021-11-16-at-10-41-18-PM_png.rf.1bace9c87fc96c98735a246a24a10e3a.jpg,C:\Users\venka\Documents\Project\data\processed\val\Onychogryphosis\Screen-Shot-2021-11-16-at-10-41-18-PM_png.rf.1bace9c87fc96c98735a246a24a10e3a.jpg,c79fb0694e641966
validation,Onychogryphosis,Screen-Shot-2021-11-16-at-10-42-58-PM_png.rf.984b24ae36feaf9362cc4c9988f37b6b.jpg,C:\Users\venka\Documents\Project\data\processed\val\Onychogryphosis\Screen-Shot-2021-11-16-at-10-42-58-PM_png.rf.984b24ae36feaf9362cc4c9988f37b6b.jpg,d06835f239872f0f
validation,Onychogryphosis,Screen-Shot-2021-11-16-at-10-42-58-PM_png.rf.f33301b2457c5398efcf5bbf27681b58.jpg,C:\Users\venka\Documents\Project\data\processed\val\Onychogryphosis\Screen-Shot-2021-11-16-at-10-42-58-PM_png.rf.f33301b2457c5398efcf5bbf27681b58.jpg,d5813f0d293f047e
validation,Onychogryphosis,Screen-Shot-2021-11-16-at-10-48-11-PM_png.rf.85a62e56447e3e000235d147e6b60168.jpg,C:\Users\venka\Documents\Project\data\processed\val\Onychogryphosis\Screen-Shot-2021-11-16-at-10-48-11-PM_png.rf.85a62e56447e3e000235d147e6b60168.jpg,80d0634b676a6f67
validation,Onychogryphosis,Screen-Shot-2021-11-16-at-10-50-18-PM_png.rf.999addb59a05c5f8b822499d0777ab40.jpg,C:\Users\venka\Documents\Project\data\processed\val\Onychogryphosis\Screen-Shot-2021-11-16-at-10-50-18-PM_png.rf.999addb59a05c5f8b822499d0777ab40.jpg,dd0a40372dec2de6
validation,Onychogryphosis,Screen-Shot-2021-11-16-at-10-50-18-PM_png.rf.ed3102cbccec66bdabf236fa2915968d.jpg,C:\Users\venka\Documents\Project\data\processed\val\Onychogryphosis\Screen-Shot-2021-11-16-at-10-50-18-PM_png.rf.ed3102cbccec66bdabf236fa2915968d.jpg,c520721e2d773de4
validation,Onychogryphosis,Screen-Shot-2021-11-16-at-10-51-10-PM_png.rf.7f7f6487324d874e5bced4e100971fd8.jpg,C:\Users\venka\Documents\Project\data\processed\val\Onychogryphosis\Screen-Shot-2021-11-16-at-10-51-10-PM_png.rf.7f7f6487324d874e5bced4e100971fd8.jpg,87795c2e72916a93
validation,Onychogryphosis,Screen-Shot-2021-11-16-at-10-52-05-PM_png.rf.73ded2926fc69531704517578118558a.jpg,C:\Users\venka\Documents\Project\data\processed\val\Onychogryphosis\Screen-Shot-2021-11-16-at-10-52-05-PM_png.rf.73ded2926fc69531704517578118558a.jpg,c58302953bbf3ad2
validation,Onychogryphosis,Screen-Shot-2021-11-17-at-12-45-37-PM_png.rf.4900b916f237439359a239f40107a009.jpg,C:\Users\venka\Documents\Project\data\processed\val\Onychogryphosis\Screen-Shot-2021-11-17-at-12-45-37-PM_png.rf.4900b916f237439359a239f40107a009.jpg,95786a036a9778d6
validation,Onychogryphosis,Screenshot-2021-11-19-004140_png.rf.3af458ea53043bedf925001b0ab4006c.jpg,C:\Users\venka\Documents\Project\data\processed\val\Onychogryphosis\Screenshot-2021-11-19-004140_png.rf.3af458ea53043bedf925001b0ab4006c.jpg,d069cd366293339e
validation,Onychogryphosis,Screenshot-2021-11-19-004228_png.rf.8a13f6ccb422354e1fa93751048830ee.jpg,C:\Users\venka\Documents\Project\data\processed\val\Onychogryphosis\Screenshot-2021-11-19-004228_png.rf.8a13f6ccb422354e1fa93751048830ee.jpg,d5bd2cc0930b0b3f
validation,Onychogryphosis,Screenshot-2021-11-19-004402_png.rf.dcb8cdec7065f2859718801ad8d0909a.jpg,C:\Users\venka\Documents\Project\data\processed\val\Onychogryphosis\Screenshot-2021-11-19-004402_png.rf.dcb8cdec7065f2859718801ad8d0909a.jpg,903569c737dc3cc2
validation,Onychogryphosis,Screenshot-2021-11-19-004418_png.rf.585ef7bee022f840eedf50e6697a8f36.jpg,C:\Users\venka\Documents\Project\data\processed\val\Onychogryphosis\Screenshot-2021-11-19-004418_png.rf.585ef7bee022f840eedf50e6697a8f36.jpg,96e27297c3816eca
validation,Onychogryphosis,Screenshot-2021-11-19-005315_png.rf.b7a24bb797cf8931d4a2c85be2933ec4.jpg,C:\Users\venka\Documents\Project\data\processed\val\Onychogryphosis\Screenshot-2021-11-19-005315_png.rf.b7a24bb797cf8931d4a2c85be2933ec4.jpg,d42dfa0fcb03212f
validation,Onychogryphosis,Screenshot-2021-11-19-005611_png.rf.7c71ba8ce44b9ca0d0d9bc17e8739406.jpg,C:\Users\venka\Documents\Project\data\processed\val\Onychogryphosis\Screenshot-2021-11-19-005611_png.rf.7c71ba8ce44b9ca0d0d9bc17e8739406.jpg,c3609b671f33343c
validation,Onychogryphosis,Screenshot-2021-11-19-005624_png.rf.49a6d7645996f83dbe1363fe7b2d5d65.jpg,C:\Users\venka\Documents\Project\data\processed\val\Onychogryphosis\Screenshot-2021-11-19-005624_png.rf.49a6d7645996f83dbe1363fe7b2d5d65.jpg,c3696cb4683c3e1e
validation,Onychogryphosis,Screenshot-2021-11-19-005624_png.rf.f9e50daad3c9d5e904fe01323ed865b5.jpg,C:\Users\venka\Documents\Project\data\processed\val\Onychogryphosis\Screenshot-2021-11-19-005624_png.rf.f9e50daad3c9d5e904fe01323ed865b5.jpg,96c29a1a5b9dd2d8
validation,Onychogryphosis,Screenshot-2021-11-19-005926_png.rf.85c23f736f5acbfd362d39fad8529147.jpg,C:\Users\venka\Documents\Project\data\processed\val\Onychogryphosis\Screenshot-2021-11-19-005926_png.rf.85c23f736f5acbfd362d39fad8529147.jpg,c04f331d6b7a6839
validation,Onychogryphosis,Screenshot-2021-11-19-010124_png.rf.5accf2941b18320e4e9254b5ee296431.jpg,C:\Users\venka\Documents\Project\data\processed\val\Onychogryphosis\Screenshot-2021-11-19-010124_png.rf.5accf2941b18320e4e9254b5ee296431.jpg,c6c93d96783c3334
validation,Onychogryphosis,Screenshot-2021-11-19-010147_png.rf.ad0aa8ee1b7212f4b30e0626a2c43c86.jpg,C:\Users\venka\Documents\Project\data\processed\val\Onychogryphosis\Screenshot-2021-11-19-010147_png.rf.ad0aa8ee1b7212f4b30e0626a2c43c86.jpg,94687a9b0fe2b513
validation,Onychogryphosis,Screenshot-2021-11-19-010255_png.rf.a97295d987323bb4ba4f273d5fd324c8.jpg,C:\Users\venka\Documents\Project\data\processed\val\Onychogryphosis\Screenshot-2021-11-19-010255_png.rf.a97295d987323bb4ba4f273d5fd324c8.jpg,c5bd3ae44a1a872d
validation,Onychogryphosis,Screenshot-2021-11-19-010315_png.rf.f1e552f276905cca3879fd38e9f67d49.jpg,C:\Users\venka\Documents\Project\data\processed\val\Onychogryphosis\Screenshot-2021-11-19-010315_png.rf.f1e552f276905cca3879fd38e9f67d49.jpg,d5f7329c6b896c04
validation,Onychogryphosis,Screenshot-2021-11-19-010332_png.rf.7d40e2ec4c0bb59a59343c93be1d1fa1.jpg,C:\Users\venka\Documents\Project\data\processed\val\Onychogryphosis\Screenshot-2021-11-19-010332_png.rf.7d40e2ec4c0bb59a59343c93be1d1fa1.jpg,d5f0208b7ee46237
validation,Onychogryphosis,Screenshot-2021-11-19-010444_png.rf.4dc7ca7f7249d5281e8ebe981c558c8e.jpg,C:\Users\venka\Documents\Project\data\processed\val\Onychogryphosis\Screenshot-2021-11-19-010444_png.rf.4dc7ca7f7249d5281e8ebe981c558c8e.jpg,81c27e6d6617933a
validation,Onychogryphosis,Screenshot-2021-11-19-010506_png.rf.cb2290dd88bc3a7d5c1c684f1212b471.jpg,C:\Users\venka\Documents\Project\data\processed\val\Onychogryphosis\Screenshot-2021-11-19-010506_png.rf.cb2290dd88bc3a7d5c1c684f1212b471.jpg,849f71283f943f43
validation,Onychogryphosis,Screenshot-2021-11-19-010537_png.rf.9ae6b36fea1d60f2838b8fa5e2e3e993.jpg,C:\Users\venka\Documents\Project\data\processed\val\Onychogryphosis\Screenshot-2021-11-19-010537_png.rf.9ae6b36fea1d60f2838b8fa5e2e3e993.jpg,958a68f93ad069d3
validation,Onychogryphosis,Screenshot-2021-11-19-010537_png.rf.ae944107159f19b3c0046c6cca02b39f.jpg,C:\Users\venka\Documents\Project\data\processed\val\Onychogryphosis\Screenshot-2021-11-19-010537_png.rf.ae944107159f19b3c0046c6cca02b39f.jpg,c0ca15656dd55e95
validation,Onychogryphosis,Screenshot-2021-11-19-010546_png.rf.dde93f1bdbdff8325c32de547645e734.jpg,C:\Users\venka\Documents\Project\data\processed\val\Onychogryphosis\Screenshot-2021-11-19-010546_png.rf.dde93f1bdbdff8325c32de547645e734.jpg,c429147e4a7b0b7b
validation,Onychogryphosis,Screenshot-2021-11-19-010640_png.rf.be4ebdda30ee41f302c113803280ed67.jpg,C:\Users\venka\Documents\Project\data\processed\val\Onychogryphosis\Screenshot-2021-11-19-010640_png.rf.be4ebdda30ee41f302c113803280ed67.jpg,852a764f4c587979
validation,Onychogryphosis,Screenshot-2021-11-19-010751_png.rf.411e33fe28b8aa2efb6f0607a0814de3.jpg,C:\Users\venka\Documents\Project\data\processed\val\Onychogryphosis\Screenshot-2021-11-19-010751_png.rf.411e33fe28b8aa2efb6f0607a0814de3.jpg,c0de073c3f2b38c3
validation,Onychogryphosis,Screenshot-2021-11-19-010811_png.rf.00d34d3de684d937256c5bd27ce0a400.jpg,C:\Users\venka\Documents\Project\data\processed\val\Onychogryphosis\Screenshot-2021-11-19-010811_png.rf.00d34d3de684d937256c5bd27ce0a400.jpg,c47de2d4c0586f78
validation,Onychogryphosis,Screenshot-2021-11-19-010811_png.rf.3ebbf46b1c498ecff02f6e4d1b5ddf6c.jpg,C:\Users\venka\Documents\Project\data\processed\val\Onychogryphosis\Screenshot-2021-11-19-010811_png.rf.3ebbf46b1c498ecff02f6e4d1b5ddf6c.jpg,d53d1491ce8d6726
validation,Onychogryphosis,Screenshot-2021-11-19-010837_png.rf.09c6ab744e492adb0ee412768c1b8e16.jpg,C:\Users\venka\Documents\Project\data\processed\val\Onychogryphosis\Screenshot-2021-11-19-010837_png.rf.09c6ab744e492adb0ee412768c1b8e16.jpg,d5992234252e3f6b
validation,Onychogryphosis,Screenshot-2021-11-19-010857_png.rf.d7d75a6f833350eb8395fe0fddda1df3.jpg,C:\Users\venka\Documents\Project\data\processed\val\Onychogryphosis\Screenshot-2021-11-19-010857_png.rf.d7d75a6f833350eb8395fe0fddda1df3.jpg,91a816b78f9168de
validation,Onychogryphosis,Screenshot-2021-11-19-011259_png.rf.cee70302b41b23c44dbad0b481a0d9a9.jpg,C:\Users\venka\Documents\Project\data\processed\val\Onychogryphosis\Screenshot-2021-11-19-011259_png.rf.cee70302b41b23c44dbad0b481a0d9a9.jpg,9bcb619879996499
validation,Onychogryphosis,Screenshot-2021-11-19-012312_png.rf.810cce72f50ccab3bc92c758119ef5c0.jpg,C:\Users\venka\Documents\Project\data\processed\val\Onychogryphosis\Screenshot-2021-11-19-012312_png.rf.810cce72f50ccab3bc92c758119ef5c0.jpg,94a1cad71ede0dd0
validation,Onychogryphosis,Screenshot-2021-11-19-012640_png.rf.605ebdef52fe87fda3eb4a907f6088df.jpg,C:\Users\venka\Documents\Project\data\processed\val\Onychogryphosis\Screenshot-2021-11-19-012640_png.rf.605ebdef52fe87fda3eb4a907f6088df.jpg,c087e7991bdc8cc6
validation,Onychogryphosis,Screenshot-2021-11-19-012914_png.rf.7dff907b3bd119492ec6a197bc305296.jpg,C:\Users\venka\Documents\Project\data\processed\val\Onychogryphosis\Screenshot-2021-11-19-012914_png.rf.7dff907b3bd119492ec6a197bc305296.jpg,c42d1a783fc06f6c
validation,Onychogryphosis,Screenshot-2021-11-19-015637_png.rf.8f522a62a79ce29317ae969c57ae7096.jpg,C:\Users\venka\Documents\Project\data\processed\val\Onychogryphosis\Screenshot-2021-11-19-015637_png.rf.8f522a62a79ce29317ae969c57ae7096.jpg,95a5cb92a69e3698
validation,Onychogryphosis,Screenshot-2021-11-19-015739_png.rf.98605237268319b2dbd2ebdce483280d.jpg,C:\Users\venka\Documents\Project\data\processed\val\Onychogryphosis\Screenshot-2021-11-19-015739_png.rf.98605237268319b2dbd2ebdce483280d.jpg,c04621795f793ca7
validation,Onychogryphosis,Screenshot-2021-11-19-020017_png.rf.e6e3faac70b723304ccccfc5de1f3f93.jpg,C:\Users\venka\Documents\Project\data\processed\val\Onychogryphosis\Screenshot-2021-11-19-020017_png.rf.e6e3faac70b723304ccccfc5de1f3f93.jpg,c13d974ae453ccca
validation,Onychogryphosis,Screenshot-2021-11-19-020122_png.rf.08e74c377d2b0cf9967b151fb4c80f7b.jpg,C:\Users\venka\Documents\Project\data\processed\val\Onychogryphosis\Screenshot-2021-11-19-020122_png.rf.08e74c377d2b0cf9967b151fb4c80f7b.jpg,c5ac3ac4077e15da
validation,Onychogryphosis,Screenshot-2021-11-19-020240_png.rf.38fc51d08b86f244b447563f109f5f8d.jpg,C:\Users\venka\Documents\Project\data\processed\val\Onychogryphosis\Screenshot-2021-11-19-020240_png.rf.38fc51d08b86f244b447563f109f5f8d.jpg,d4c0406f1fd72fc8
validation,Onychogryphosis,Screenshot-2021-11-19-021246_png.rf.4908ccd8100b04ac00d6e6b67b3d1056.jpg,C:\Users\venka\Documents\Project\data\processed\val\Onychogryphosis\Screenshot-2021-11-19-021246_png.rf.4908ccd8100b04ac00d6e6b67b3d1056.jpg,d44b303c2d2f6f68
validation,Onychogryphosis,Screenshot-2021-11-19-021309_png.rf.1ec0b8ebca6a7f45c7e0512a2f56ee6f.jpg,C:\Users\venka\Documents\Project\data\processed\val\Onychogryphosis\Screenshot-2021-11-19-021309_png.rf.1ec0b8ebca6a7f45c7e0512a2f56ee6f.jpg,8585daa558b15b9d
validation,Onychogryphosis,Screenshot-2021-11-19-022213_png.rf.a55665943b67380efed2e03797201699.jpg,C:\Users\venka\Documents\Project\data\processed\val\Onychogryphosis\Screenshot-2021-11-19-022213_png.rf.a55665943b67380efed2e03797201699.jpg,c1bf7c3301176339
validation,Onychogryphosis,Screenshot-2021-11-19-022255_png.rf.64b309670d4975c5d9506ba4aab820b5.jpg,C:\Users\venka\Documents\Project\data\processed\val\Onychogryphosis\Screenshot-2021-11-19-022255_png.rf.64b309670d4975c5d9506ba4aab820b5.jpg,907d373b5bbc42a0
validation,Onychogryphosis,Screenshot-2021-11-19-023001_png.rf.44b7baa0e7b05df0e0bf3157c3761188.jpg,C:\Users\venka\Documents\Project\data\processed\val\Onychogryphosis\Screenshot-2021-11-19-023001_png.rf.44b7baa0e7b05df0e0bf3157c3761188.jpg,f0e76f885eb448c1
validation,Onychogryphosis,Screenshot-2021-11-19-023011_png.rf.784b2f6218601e92233d300e7d5e3cf9.jpg,C:\Users\venka\Documents\Project\data\processed\val\Onychogryphosis\Screenshot-2021-11-19-023011_png.rf.784b2f6218601e92233d300e7d5e3cf9.jpg,954a60f03b9f2f85
validation,Onychogryphosis,Screenshot-2021-11-19-023011_png.rf.7ed24d7b46e0c1dfc341487bc1d51844.jpg,C:\Users\venka\Documents\Project\data\processed\val\Onychogryphosis\Screenshot-2021-11-19-023011_png.rf.7ed24d7b46e0c1dfc341487bc1d51844.jpg,d2c871174d1b6997
validation,Onychogryphosis,Screenshot-2021-11-19-023136_png.rf.55c3c675b52f9818a28b80d06ef53154.jpg,C:\Users\venka\Documents\Project\data\processed\val\Onychogryphosis\Screenshot-2021-11-19-023136_png.rf.55c3c675b52f9818a28b80d06ef53154.jpg,c4a27b4b664c6a6e
validation,Onychogryphosis,Screenshot-2021-11-19-023518_png.rf.e377c8977b9826a3633c35095218700a.jpg,C:\Users\venka\Documents\Project\data\processed\val\Onychogryphosis\Screenshot-2021-11-19-023518_png.rf.e377c8977b9826a3633c35095218700a.jpg,801f5fa47dd231c5
validation,Onychogryphosis,Screenshot-2021-11-19-024347_png.rf.1c74a8aca4cb8a45de6842062f420bed.jpg,C:\Users\venka\Documents\Project\data\processed\val\Onychogryphosis\Screenshot-2021-11-19-024347_png.rf.1c74a8aca4cb8a45de6842062f420bed.jpg,804055e37fef3c89
validation,Onychogryphosis,Screenshot-2021-11-19-025646_png.rf.f8f5a8921d3bedd9385d1633d58be3d7.jpg,C:\Users\venka\Documents\Project\data\processed\val\Onychogryphosis\Screenshot-2021-11-19-025646_png.rf.f8f5a8921d3bedd9385d1633d58be3d7.jpg,d53d60e02b47b5e2
validation,Onychogryphosis,Screenshot-2021-11-19-030345_png.rf.12c3d5f793f0aa79670353fc4cc842c8.jpg,C:\Users\venka\Documents\Project\data\processed\val\Onychogryphosis\Screenshot-2021-11-19-030345_png.rf.12c3d5f793f0aa79670353fc4cc842c8.jpg,807f37697a0b58ac
validation,Onychogryphosis,Screenshot-2021-11-19-030651_png.rf.efe3e472487268ad031a88e47b1a0cf3.jpg,C:\Users\venka\Documents\Project\data\processed\val\Onychogryphosis\Screenshot-2021-11-19-030651_png.rf.efe3e472487268ad031a88e47b1a0cf3.jpg,80627f595f666cc2
validation,Onychogryphosis,Screenshot-2021-11-19-031133_png.rf.d1d23eb3a9a951d681e46751c7d37327.jpg,C:\Users\venka\Documents\Project\data\processed\val\Onychogryphosis\Screenshot-2021-11-19-031133_png.rf.d1d23eb3a9a951d681e46751c7d37327.jpg,81786f2b0d2f3c2e
validation,Onychogryphosis,Screenshot-2021-11-21-165448_png.rf.0b5815dbb1cdfde703beceb33ac19b42.jpg,C:\Users\venka\Documents\Project\data\processed\val\Onychogryphosis\Screenshot-2021-11-21-165448_png.rf.0b5815dbb1cdfde703beceb33ac19b42.jpg,877a3ae06ba15e89
validation,Onychogryphosis,Screenshot-2021-11-21-170429_png.rf.3da8b5ae169806c9d0889f3730c8c701.jpg,C:\Users\venka\Documents\Project\data\processed\val\Onychogryphosis\Screenshot-2021-11-21-170429_png.rf.3da8b5ae169806c9d0889f3730c8c701.jpg,857a3e4d7a566c0a
validation,Onychogryphosis,Screenshot-2021-11-21-170429_png.rf.df38e486da049a06c6ec406bc61e518a.jpg,C:\Users\venka\Documents\Project\data\processed\val\Onychogryphosis\Screenshot-2021-11-21-170429_png.rf.df38e486da049a06c6ec406bc61e518a.jpg,d4ff0ae439992d0c
validation,Onychogryphosis,Screenshot-2021-11-21-173027_png.rf.9e74eda678067f94c47a8d35f9bca706.jpg,C:\Users\venka\Documents\Project\data\processed\val\Onychogryphosis\Screenshot-2021-11-21-173027_png.rf.9e74eda678067f94c47a8d35f9bca706.jpg,f5a0829c1bd53cd5
validation,Onychogryphosis,Screenshot-2021-11-21-174132_png.rf.d187da9ef2bd132863a3c032f6e54aa8.jpg,C:\Users\venka\Documents\Project\data\processed\val\Onychogryphosis\Screenshot-2021-11-21-174132_png.rf.d187da9ef2bd132863a3c032f6e54aa8.jpg,d4e00bcf7f9e201c
validation,Onychogryphosis,Screenshot-2021-11-21-174416_png.rf.9c85176d7aea23d6e3ce45db0689cb08.jpg,C:\Users\venka\Documents\Project\data\processed\val\Onychogryphosis\Screenshot-2021-11-21-174416_png.rf.9c85176d7aea23d6e3ce45db0689cb08.jpg,c4313a6f65fc32c2
validation,Onychogryphosis,Screenshot-2021-11-21-175728_png.rf.ae14b1c391ebd996452cc43b50d55ddc.jpg,C:\Users\venka\Documents\Project\data\processed\val\Onychogryphosis\Screenshot-2021-11-21-175728_png.rf.ae14b1c391ebd996452cc43b50d55ddc.jpg,ccb761c5170b299e
validation,Onychogryphosis,Screenshot-2021-11-21-175909_png.rf.1cd8bae48a91eaae28e267157fec559e.jpg,C:\Users\venka\Documents\Project\data\processed\val\Onychogryphosis\Screenshot-2021-11-21-175909_png.rf.1cd8bae48a91eaae28e267157fec559e.jpg,d0782ac73f8d0e93
validation,Onychogryphosis,Screenshot-2021-11-21-192554_png.rf.4cf923778728db33bda90c575deeaf28.jpg,C:\Users\venka\Documents\Project\data\processed\val\Onychogryphosis\Screenshot-2021-11-21-192554_png.rf.4cf923778728db33bda90c575deeaf28.jpg,d28739c063e66fc8
validation,Onychogryphosis,Screenshot-2021-11-21-192708_png.rf.93708a424fbd5599d95ea56035d3c1e3.jpg,C:\Users\venka\Documents\Project\data\processed\val\Onychogryphosis\Screenshot-2021-11-21-192708_png.rf.93708a424fbd5599d95ea56035d3c1e3.jpg,809d5f933f3c3454
validation,Onychogryphosis,Screenshot-2021-11-21-192850_png.rf.134b0bc4c0843b73d21492c71ed95d13.jpg,C:\Users\venka\Documents\Project\data\processed\val\Onychogryphosis\Screenshot-2021-11-21-192850_png.rf.134b0bc4c0843b73d21492c71ed95d13.jpg,81715fce628c759c
validation,Onychogryphosis,Screenshot-2021-11-21-194050_png.rf.3e204b05b4c0d6f6a526b0f17f9451f4.jpg,C:\Users\venka\Documents\Project\data\processed\val\Onychogryphosis\Screenshot-2021-11-21-194050_png.rf.3e204b05b4c0d6f6a526b0f17f9451f4.jpg,d1977c6c62356b90
validation,Onychogryphosis,Screenshot-2021-11-21-194226_png.rf.25a121920a5a375a60509351e0daa7fc.jpg,C:\Users\venka\Documents\Project\data\processed\val\Onychogryphosis\Screenshot-2021-11-21-194226_png.rf.25a121920a5a375a60509351e0daa7fc.jpg,800e97cb1fe935e4
validation,Onychogryphosis,Screenshot-2021-11-21-194226_png.rf.26d6f11004e104b4acf4ca0789ef33a4.jpg,C:\Users\venka\Documents\Project\data\processed\val\Onychogryphosis\Screenshot-2021-11-21-194226_png.rf.26d6f11004e104b4acf4ca0789ef33a4.jpg,958a27794c715a67
validation,Onychogryphosis,Screenshot-2021-11-21-194332_png.rf.c0bbf56b576a5f6f92da862a0ee7e5b3.jpg,C:\Users\venka\Documents\Project\data\processed\val\Onychogryphosis\Screenshot-2021-11-21-194332_png.rf.c0bbf56b576a5f6f92da862a0ee7e5b3.jpg,80433f487f8f619b
validation,Onychogryphosis,Screenshot-2021-11-21-210302_png.rf.083a4c7c66f7d4224c30f0cc8db7a64f.jpg,C:\Users\venka\Documents\Project\data\processed\val\Onychogryphosis\Screenshot-2021-11-21-210302_png.rf.083a4c7c66f7d4224c30f0cc8db7a64f.jpg,b535d093d28b499d
validation,Onychogryphosis,Screenshot-2021-11-21-210615_png.rf.b5d881f510d4e2f60261fb3d1071459f.jpg,C:\Users\venka\Documents\Project\data\processed\val\Onychogryphosis\Screenshot-2021-11-21-210615_png.rf.b5d881f510d4e2f60261fb3d1071459f.jpg,953f608c619f5b94
validation,Onychogryphosis,Screenshot-2021-11-21-225758_png.rf.58aef5d8a8b18197d4f55a7c197bca98.jpg,C:\Users\venka\Documents\Project\data\processed\val\Onychogryphosis\Screenshot-2021-11-21-225758_png.rf.58aef5d8a8b18197d4f55a7c197bca98.jpg,f5c7d41a080f4b2f
validation,Onychogryphosis,Screenshot-2021-11-21-225812_png.rf.d7e122618bfe64c257ebc3d7f362b467.jpg,C:\Users\venka\Documents\Project\data\processed\val\Onychogryphosis\Screenshot-2021-11-21-225812_png.rf.d7e122618bfe64c257ebc3d7f362b467.jpg,92f745947a366d0a
validation,Onychogryphosis,Screenshot-2021-11-21-230002_png.rf.7cd60223af1e652564c8e2d0b311b6f9.jpg,C:\Users\venka\Documents\Project\data\processed\val\Onychogryphosis\Screenshot-2021-11-21-230002_png.rf.7cd60223af1e652564c8e2d0b311b6f9.jpg,803f35284fa14fbb
validation,Onychogryphosis,Screenshot-2021-11-21-230252_png.rf.db0f503b838e44e268d09336069f0f14.jpg,C:\Users\venka\Documents\Project\data\processed\val\Onychogryphosis\Screenshot-2021-11-21-230252_png.rf.db0f503b838e44e268d09336069f0f14.jpg,80c0dcc55b4f6f5c
validation,Onychogryphosis,Screenshot-2021-11-21-232550_png.rf.f2c799e48698a2d41a83ec8821d1b98f.jpg,C:\Users\venka\Documents\Project\data\processed\val\Onychogryphosis\Screenshot-2021-11-21-232550_png.rf.f2c799e48698a2d41a83ec8821d1b98f.jpg,955c6b3c78322e4b
validation,Onychogryphosis,Screenshot-2021-11-21-233015_png.rf.cf1318acb7134bc1bd8357795c98bbaa.jpg,C:\Users\venka\Documents\Project\data\processed\val\Onychogryphosis\Screenshot-2021-11-21-233015_png.rf.cf1318acb7134bc1bd8357795c98bbaa.jpg,c4b418d93dcb6723
validation,Onychogryphosis,Screenshot-2021-11-21-234823_png.rf.740c635182a797355a21246234e0e165.jpg,C:\Users\venka\Documents\Project\data\processed\val\Onychogryphosis\Screenshot-2021-11-21-234823_png.rf.740c635182a797355a21246234e0e165.jpg,d52a1e977a3b4918
validation,Onychogryphosis,Screenshot-2021-11-21-234843_png.rf.2cd3b8fdf69d036ab17c000fa37c82d0.jpg,C:\Users\venka\Documents\Project\data\processed\val\Onychogryphosis\Screenshot-2021-11-21-234843_png.rf.2cd3b8fdf69d036ab17c000fa37c82d0.jpg,c48015771adf1bcb
validation,Onychogryphosis,Screenshot-2021-11-21-235210_png.rf.1f268dbe91d196c68306f7485284d6ae.jpg,C:\Users\venka\Documents\Project\data\processed\val\Onychogryphosis\Screenshot-2021-11-21-235210_png.rf.1f268dbe91d196c68306f7485284d6ae.jpg,c0c235c9d29e6e3b
validation,Onychogryphosis,Screenshot-2021-11-22-012937_png.rf.ce95fac1c193b3486e1e36f0d7d115a3.jpg,C:\Users\venka\Documents\Project\data\processed\val\Onychogryphosis\Screenshot-2021-11-22-012937_png.rf.ce95fac1c193b3486e1e36f0d7d115a3.jpg,c5631ec648da5bca
validation,Onychogryphosis,Screenshot-2021-11-22-014707_png.rf.3e445af50c493851ddd8a0a1794ab040.jpg,C:\Users\venka\Documents\Project\data\processed\val\Onychogryphosis\Screenshot-2021-11-22-014707_png.rf.3e445af50c493851ddd8a0a1794ab040.jpg,c029077d1e5a63f9
validation,Onychogryphosis,Screenshot-2021-11-22-014707_png.rf.4d2a8220e8f5ed31d42d5ab42999fa6c.jpg,C:\Users\venka\Documents\Project\data\processed\val\Onychogryphosis\Screenshot-2021-11-22-014707_png.rf.4d2a8220e8f5ed31d42d5ab42999fa6c.jpg,c17f73a444835ab6
validation,Onychogryphosis,Screenshot-2021-11-22-015244_png.rf.423236496bfbcde315b51fb60cf8b727.jpg,C:\Users\venka\Documents\Project\data\processed\val\Onychogryphosis\Screenshot-2021-11-22-015244_png.rf.423236496bfbcde315b51fb60cf8b727.jpg,80407dbe319f0f97
validation,Onychogryphosis,Screenshot-2021-11-22-015947_png.rf.86fc325dec7ea7e8a0b82786d165448a.jpg,C:\Users\venka\Documents\Project\data\processed\val\Onychogryphosis\Screenshot-2021-11-22-015947_png.rf.86fc325dec7ea7e8a0b82786d165448a.jpg,c5c06ad2784f71ce
validation,Onychogryphosis,Screenshot-2021-11-22-020004_png.rf.4b8b4a3188004ab8c65f6bf79107f0a1.jpg,C:\Users\venka\Documents\Project\data\processed\val\Onychogryphosis\Screenshot-2021-11-22-020004_png.rf.4b8b4a3188004ab8c65f6bf79107f0a1.jpg,d5926a332d4d352d
validation,Onychogryphosis,Screenshot-2021-11-22-020018_png.rf.cc070e9f95ca574cef660940a6be89ad.jpg,C:\Users\venka\Documents\Project\data\processed\val\Onychogryphosis\Screenshot-2021-11-22-020018_png.rf.cc070e9f95ca574cef660940a6be89ad.jpg,c31c6971217725b7
validation,Onychogryphosis,Screenshot-2021-11-22-020439_png.rf.4c18134e1fc400d24b6c89fc6f354102.jpg,C:\Users\venka\Documents\Project\data\processed\val\Onychogryphosis\Screenshot-2021-11-22-020439_png.rf.4c18134e1fc400d24b6c89fc6f354102.jpg,d46b4a2d1b362d33
validation,Onychogryphosis,Screenshot-2021-11-22-022005_png.rf.6c0848117ed0a05d5e0bfb7da1f9ce98.jpg,C:\Users\venka\Documents\Project\data\processed\val\Onychogryphosis\Screenshot-2021-11-22-022005_png.rf.6c0848117ed0a05d5e0bfb7da1f9ce98.jpg,f0880717746adbda
validation,Onychogryphosis,Screenshot-2021-11-22-022005_png.rf.b93535766811a3eb508243c690a1e800.jpg,C:\Users\venka\Documents\Project\data\processed\val\Onychogryphosis\Screenshot-2021-11-22-022005_png.rf.b93535766811a3eb508243c690a1e800.jpg,c3e5659ee2986398
validation,Onychogryphosis,Screenshot-2021-11-22-022005_png.rf.ecd83364f26920e12ae644a86966246f.jpg,C:\Users\venka\Documents\Project\data\processed\val\Onychogryphosis\Screenshot-2021-11-22-022005_png.rf.ecd83364f26920e12ae644a86966246f.jpg,c105379bdb1d680f
validation,pitting,100_JPG.rf.1694a86a74834229114177dc4ca93a5b.jpg,C:\Users\venka\Documents\Project\data\processed\val\pitting\100_JPG.rf.1694a86a74834229114177dc4ca93a5b.jpg,c07737140f1a393f
validation,pitting,104_JPG.rf.33f5005159fa9eb9db4f991ae323fb18.jpg,C:\Users\venka\Documents\Project\data\processed\val\pitting\104_JPG.rf.33f5005159fa9eb9db4f991ae323fb18.jpg,d02f6d3b68786a64
validation,pitting,108_JPG.rf.2ec505974a0d5d9aa69deb3579f03cfd.jpg,C:\Users\venka\Documents\Project\data\processed\val\pitting\108_JPG.rf.2ec505974a0d5d9aa69deb3579f03cfd.jpg,f7090b96346d336a
validation,pitting,112_JPG.rf.a24cb6d1182f1e5932ea4d8424e5a998.jpg,C:\Users\venka\Documents\Project\data\processed\val\pitting\112_JPG.rf.a24cb6d1182f1e5932ea4d8424e5a998.jpg,907f7a35700f230f
validation,pitting,113_JPG.rf.9a15e744d710fb3d88fb0dcb53ae1e08.jpg,C:\Users\venka\Documents\Project\data\processed\val\pitting\113_JPG.rf.9a15e744d710fb3d88fb0dcb53ae1e08.jpg,80687f637e1c3e89
validation,pitting,120_JPG.rf.4b7a830667dbb013fbbbd20f1b1f4bce.jpg,C:\Users\venka\Documents\Project\data\processed\val\pitting\120_JPG.rf.4b7a830667dbb013fbbbd20f1b1f4bce.jpg,d0f62f812f1a0f39
validation,pitting,121_JPG.rf.035ab6a971121bd5006d3230776576f1.jpg,C:\Users\venka\Documents\Project\data\processed\val\pitting\121_JPG.rf.035ab6a971121bd5006d3230776576f1.jpg,d4d763600f1f2c1d
validation,pitting,132_JPG.rf.2669e7ee8b503c71995b449e2f5c4a91.jpg,C:\Users\venka\Documents\Project\data\processed\val\pitting\132_JPG.rf.2669e7ee8b503c71995b449e2f5c4a91.jpg,95c07a97615a6778
validation,pitting,142_JPG.rf.2452d3716890307cb9f4da69f5ccbfd6.jpg,C:\Users\venka\Documents\Project\data\processed\val\pitting\142_JPG.rf.2452d3716890307cb9f4da69f5ccbfd6.jpg,c0ce3b3b393161e6
validation,pitting,143_JPG.rf.55f0f7b3af4bad7689161fcba4e67f1d.jpg,C:\Users\venka\Documents\Project\data\processed\val\pitting\143_JPG.rf.55f0f7b3af4bad7689161fcba4e67f1d.jpg,d13f6ed061c1338e
validation,pitting,144_JPG.rf.412e5fff42d7796fbe216f3f148623b3.jpg,C:\Users\venka\Documents\Project\data\processed\val\pitting\144_JPG.rf.412e5fff42d7796fbe216f3f148623b3.jpg,81c56f6a7c25709d
validation,pitting,144_JPG.rf.e1819f00652fe9e76963fcc40ba363d6.jpg,C:\Users\venka\Documents\Project\data\processed\val\pitting\144_JPG.rf.e1819f00652fe9e76963fcc40ba363d6.jpg,803f3f853dd87c60
validation,pitting,152_jpg.rf.066f95b79d4f832f22a8a5cf164fb76e.jpg,C:\Users\venka\Documents\Project\data\processed\val\pitting\152_jpg.rf.066f95b79d4f832f22a8a5cf164fb76e.jpg,fd81021f0d7a6c79
validation,pitting,154_jpg.rf.fe45730991a846362e79d30eafa30695.jpg,C:\Users\venka\Documents\Project\data\processed\val\pitting\154_jpg.rf.fe45730991a846362e79d30eafa30695.jpg,824f7fb9c892c546
validation,pitting,15_JPG.rf.5a0a1269729dba14b95a3b11796f4be5.jpg,C:\Users\venka\Documents\Project\data\processed\val\pitting\15_JPG.rf.5a0a1269729dba14b95a3b11796f4be5.jpg,d0d52d7609c3178f
validation,pitting,15_JPG.rf.b4dffd8f3d5153364657ccd634003156.jpg,C:\Users\venka\Documents\Project\data\processed\val\pitting\15_JPG.rf.b4dffd8f3d5153364657ccd634003156.jpg,d54a653dc9325a6a
validation,pitting,161_JPG.rf.6707fdff526de48e8608491b5efb4dc7.jpg,C:\Users\venka\Documents\Project\data\processed\val\pitting\161_JPG.rf.6707fdff526de48e8608491b5efb4dc7.jpg,cb9b36654c7c5a60
validation,pitting,161_JPG.rf.d9dbad1ac70182ed8ff46af4984bbb67.jpg,C:\Users\venka\Documents\Project\data\processed\val\pitting\161_JPG.rf.d9dbad1ac70182ed8ff46af4984bbb67.jpg,c06a3f951e822b3f
validation,pitting,165_jpg.rf.a1f70b9d30b7a147bd80dc524755d27f.jpg,C:\Users\venka\Documents\Project\data\processed\val\pitting\165_jpg.rf.a1f70b9d30b7a147bd80dc524755d27f.jpg,d5953517162d3a36
validation,pitting,166_jpg.rf.e639714c4f61b3a93dbbf8fa6740fd98.jpg,C:\Users\venka\Documents\Project\data\processed\val\pitting\166_jpg.rf.e639714c4f61b3a93dbbf8fa6740fd98.jpg,d56a2a9431dacaec
validation,pitting,167_jpg.rf.027e42c6c9bca2b887d55946f25b53f2.jpg,C:\Users\venka\Documents\Project\data\processed\val\pitting\167_jpg.rf.027e42c6c9bca2b887d55946f25b53f2.jpg,9ac0689a372f9e1e
validation,pitting,169_JPG.rf.516bd2e691f321fad25b052cb60e0ff3.jpg,C:\Users\venka\Documents\Project\data\processed\val\pitting\169_JPG.rf.516bd2e691f321fad25b052cb60e0ff3.jpg,90407d6d4a7f167a
validation,pitting,173_jpg.rf.9341c09e65ff3bdb51256c31e776a8d3.jpg,C:\Users\venka\Documents\Project\data\processed\val\pitting\173_jpg.rf.9341c09e65ff3bdb51256c31e776a8d3.jpg,c0df1f817481768f
validation,pitting,175_jpg.rf.e6384a1ba49679c2a431f04dd877901e.jpg,C:\Users\venka\Documents\Project\data\processed\val\pitting\175_jpg.rf.e6384a1ba49679c2a431f04dd877901e.jpg,828747787ee8382f
validation,pitting,178_jpg.rf.07245ebd9ede2cd3f3d7dfd510816625.jpg,C:\Users\venka\Documents\Project\data\processed\val\pitting\178_jpg.rf.07245ebd9ede2cd3f3d7dfd510816625.jpg,c3c16c363e1f1b0d
validation,pitting,180_JPG.rf.5e314991d18d2875260a911f84add683.jpg,C:\Users\venka\Documents\Project\data\processed\val\pitting\180_JPG.rf.5e314991d18d2875260a911f84add683.jpg,e8bf150a0f2a7a2b
validation,pitting,180_JPG.rf.eccf6fc25bf215c5ebb7e8e275ae0a1f.jpg,C:\Users\venka\Documents\Project\data\processed\val\pitting\180_JPG.rf.eccf6fc25bf215c5ebb7e8e275ae0a1f.jpg,95a91ad74bd249d1
validation,pitting,183_JPG.rf.41408c47112acbd5202ecd69439b0867.jpg,C:\Users\venka\Documents\Project\data\processed\val\pitting\183_JPG.rf.41408c47112acbd5202ecd69439b0867.jpg,d5d73c9f20380f31
validation,pitting,186_JPG.rf.9f1a49b17b540f1e09b5d462d87afa7c.jpg,C:\Users\venka\Documents\Project\data\processed\val\pitting\186_JPG.rf.9f1a49b17b540f1e09b5d462d87afa7c.jpg,803d71a44f9a6ecb
validation,pitting,18_JPG.rf.43fe3aadb3bd9f70161595b5e114113d.jpg,C:\Users\venka\Documents\Project\data\processed\val\pitting\18_JPG.rf.43fe3aadb3bd9f70161595b5e114113d.jpg,90656f7f6470c872
validation,pitting,191_JPG.rf.232471418bd803ed396a17e0bd603d68.jpg,C:\Users\venka\Documents\Project\data\processed\val\pitting\191_JPG.rf.232471418bd803ed396a17e0bd603d68.jpg,d5803f154b952e97
validation,pitting,198_JPG.rf.29c929376f6b7d987096ef9b233c79ce.jpg,C:\Users\venka\Documents\Project\data\processed\val\pitting\198_JPG.rf.29c929376f6b7d987096ef9b233c79ce.jpg,80d55fa657926786
validation,pitting,200_JPG.rf.bffb0a8d41db4705fd8e323590aad47f.jpg,C:\Users\venka\Documents\Project\data\processed\val\pitting\200_JPG.rf.bffb0a8d41db4705fd8e323590aad47f.jpg,c562786624e6745f
validation,pitting,200_JPG.rf.ff8c1fa7481b074d6a54fce680f1d1c5.jpg,C:\Users\venka\Documents\Project\data\processed\val\pitting\200_JPG.rf.ff8c1fa7481b074d6a54fce680f1d1c5.jpg,80a56ede3fe06ac1
validation,pitting,206_JPG.rf.159797b7ca280c502f624065da06347b.jpg,C:\Users\venka\Documents\Project\data\processed\val\pitting\206_JPG.rf.159797b7ca280c502f624065da06347b.jpg,d0f8a1832fa75e94
validation,pitting,224_JPG.rf.3bb6f246bc2d81440a99749bdc47ddad.jpg,C:\Users\venka\Documents\Project\data\processed\val\pitting\224_JPG.rf.3bb6f246bc2d81440a99749bdc47ddad.jpg,c0806a726dcb37eb
validation,pitting,226_JPG.rf.cb544ec7fd65a0de34a818b69df9e23a.jpg,C:\Users\venka\Documents\Project\data\processed\val\pitting\226_JPG.rf.cb544ec7fd65a0de34a818b69df9e23a.jpg,c5293cc1ce6d03cf
validation,pitting,227_JPG.rf.e85e103319d0280e56ca341eb35c479a.jpg,C:\Users\venka\Documents\Project\data\processed\val\pitting\227_JPG.rf.e85e103319d0280e56ca341eb35c479a.jpg,985e26337b2c4ae5
validation,pitting,229_JPG.rf.b1814a576bee43341d6120f792abe711.jpg,C:\Users\venka\Documents\Project\data\processed\val\pitting\229_JPG.rf.b1814a576bee43341d6120f792abe711.jpg,d23f2d122f1b0dc9
validation,pitting,229_JPG.rf.bd8a6ae66847449ffa16a8e80ec333ad.jpg,C:\Users\venka\Documents\Project\data\processed\val\pitting\229_JPG.rf.bd8a6ae66847449ffa16a8e80ec333ad.jpg,d5907e05703e3bb2
validation,pitting,231_JPG.rf.eefb8d3624363041b0a3b86f3ac0a2c9.jpg,C:\Users\venka\Documents\Project\data\processed\val\pitting\231_JPG.rf.eefb8d3624363041b0a3b86f3ac0a2c9.jpg,85755f2e3e3170a1
validation,pitting,244_JPG.rf.8fef1f640d7892b1308532292c510981.jpg,C:\Users\venka\Documents\Project\data\processed\val\pitting\244_JPG.rf.8fef1f640d7892b1308532292c510981.jpg,d1ae2b34321e4b4f
validation,pitting,249_jpg.rf.9cc8b3284e3219fbfe126e5559a1921e.jpg,C:\Users\venka\Documents\Project\data\processed\val\pitting\249_jpg.rf.9cc8b3284e3219fbfe126e5559a1921e.jpg,c5254fda1a696876
validation,pitting,249_jpg.rf.a057d987bcfb97f8bbf0672841e3578c.jpg,C:\Users\venka\Documents\Project\data\processed\val\pitting\249_jpg.rf.a057d987bcfb97f8bbf0672841e3578c.jpg,846851d26f1e2d3f
validation,pitting,25_JPG.rf.1ac2095979e89a45654ccc485b84f9a7.jpg,C:\Users\venka\Documents\Project\data\processed\val\pitting\25_JPG.rf.1ac2095979e89a45654ccc485b84f9a7.jpg,d53a0a3f2a3c6af0
validation,pitting,260_JPG.rf.387d2472a4e0be1a2bd37a08acc85032.jpg,C:\Users\venka\Documents\Project\data\processed\val\pitting\260_JPG.rf.387d2472a4e0be1a2bd37a08acc85032.jpg,81747fa91785d683
validation,pitting,263_JPG.rf.6e9e1003c7c76db42d7c971ebe0b0a8d.jpg,C:\Users\venka\Documents\Project\data\processed\val\pitting\263_JPG.rf.6e9e1003c7c76db42d7c971ebe0b0a8d.jpg,c14215dc3ad97bd1
validation,pitting,264_jpg.rf.9b696dfe27cbcf275cc79083940ef75f.jpg,C:\Users\venka\Documents\Project\data\processed\val\pitting\264_jpg.rf.9b696dfe27cbcf275cc79083940ef75f.jpg,c13936cc1f8e1dc3
validation,pitting,266_JPG.rf.4a42eb5d23c70f2385fc8edebdd0c469.jpg,C:\Users\venka\Documents\Project\data\processed\val\pitting\266_JPG.rf.4a42eb5d23c70f2385fc8edebdd0c469.jpg,95e87a44605d637b
validation,pitting,268_JPG.rf.3d956ec7c301f9b1bf8131158646d2b9.jpg,C:\Users\venka\Documents\Project\data\processed\val\pitting\268_JPG.rf.3d956ec7c301f9b1bf8131158646d2b9.jpg,85627ce003ef3f68
validation,pitting,269_jpg.rf.2749d07d97ab6c46dd827a3b2994145c.jpg,C:\Users\venka\Documents\Project\data\processed\val\pitting\269_jpg.rf.2749d07d97ab6c46dd827a3b2994145c.jpg,c13f2ec259a4339e
validation,pitting,26_JPG.rf.d37dd0d59d186dbb8f1e9150a27391ea.jpg,C:\Users\venka\Documents\Project\data\processed\val\pitting\26_JPG.rf.d37dd0d59d186dbb8f1e9150a27391ea.jpg,dd6972b06937641a
validation,pitting,271_JPG.rf.71f310965d54975c250279b85c2ceaf2.jpg,C:\Users\venka\Documents\Project\data\processed\val\pitting\271_JPG.rf.71f310965d54975c250279b85c2ceaf2.jpg,c07d0f0a0f3a3f69
validation,pitting,271_JPG.rf.d6f27dde554b5a36a21c0fb46d84b204.jpg,C:\Users\venka\Documents\Project\data\processed\val\pitting\271_JPG.rf.d6f27dde554b5a36a21c0fb46d84b204.jpg,85c357ce6a6c3a64
validation,pitting,272_jpg.rf.d7b41005eebb059d7e9a94e0ffe00a56.jpg,C:\Users\venka\Documents\Project\data\processed\val\pitting\272_jpg.rf.d7b41005eebb059d7e9a94e0ffe00a56.jpg,d025bf9221e22bdb
validation,pitting,27_JPG.rf.01991cee7535e6109435cb2abf554744.jpg,C:\Users\venka\Documents\Project\data\processed\val\pitting\27_JPG.rf.01991cee7535e6109435cb2abf554744.jpg,c2982f1f2f9d2998
validation,pitting,280_JPG.rf.eaf52104836fcbc5d98319be4e619e70.jpg,C:\Users\venka\Documents\Project\data\processed\val\pitting\280_JPG.rf.eaf52104836fcbc5d98319be4e619e70.jpg,d1602af52cd46fd2
validation,pitting,280_JPG.rf.f30be69fe02b7e35147c4693ee76b1a0.jpg,C:\Users\venka\Documents\Project\data\processed\val\pitting\280_JPG.rf.f30be69fe02b7e35147c4693ee76b1a0.jpg,c1d96f8f7f846480
validation,pitting,282_jpg.rf.22adee0e539dfa85143ee96f122e1c22.jpg,C:\Users\venka\Documents\Project\data\processed\val\pitting\282_jpg.rf.22adee0e539dfa85143ee96f122e1c22.jpg,c13d371a2a903f9b
validation,pitting,286_JPG.rf.2761d0dc1ebf762aa5e434b72134a39d.jpg,C:\Users\venka\Documents\Project\data\processed\val\pitting\286_JPG.rf.2761d0dc1ebf762aa5e434b72134a39d.jpg,959563142b6b3e6a
validation,pitting,288_jpg.rf.724f4298b0972a55c6d73c5a44881a96.jpg,C:\Users\venka\Documents\Project\data\processed\val\pitting\288_jpg.rf.724f4298b0972a55c6d73c5a44881a96.jpg,894c645a367b3739
validation,pitting,290_JPG.rf.068d033ee3451c7069abf06714b8a07f.jpg,C:\Users\venka\Documents\Project\data\processed\val\pitting\290_JPG.rf.068d033ee3451c7069abf06714b8a07f.jpg,803f7f8173c06fd0
validation,pitting,293_JPG.rf.4915d5680ea0564e19e5e71cedf715b1.jpg,C:\Users\venka\Documents\Project\data\processed\val\pitting\293_JPG.rf.4915d5680ea0564e19e5e71cedf715b1.jpg,852f6ae43dd436d0
validation,pitting,296_JPG.rf.fa32534bb64b2b35b32226c822f4bae1.jpg,C:\Users\venka\Documents\Project\data\processed\val\pitting\296_JPG.rf.fa32534bb64b2b35b32226c822f4bae1.jpg,811f7e3a782971a5
validation,pitting,297_JPG.rf.4e03e43b6e35813b4c686ef36d50b8c2.jpg,C:\Users\venka\Documents\Project\data\processed\val\pitting\297_JPG.rf.4e03e43b6e35813b4c686ef36d50b8c2.jpg,d58a6ad57af16068
validation,pitting,297_JPG.rf.c6cee861efd958ff78aee1f5e6b0bf44.jpg,C:\Users\venka\Documents\Project\data\processed\val\pitting\297_JPG.rf.c6cee861efd958ff78aee1f5e6b0bf44.jpg,80817fbb7c3c7078
validation,pitting,29_JPG.rf.0b5a19cf0385ff578cf3ae383425f3c1.jpg,C:\Users\venka\Documents\Project\data\processed\val\pitting\29_JPG.rf.0b5a19cf0385ff578cf3ae383425f3c1.jpg,802a3f353f217de1
validation,pitting,2_JPG.rf.1cc8f1a9604684ee430650ae7c3db908.jpg,C:\Users\venka\Documents\Project\data\processed\val\pitting\2_JPG.rf.1cc8f1a9604684ee430650ae7c3db908.jpg,8437609e7fba6298
validation,pitting,2_JPG.rf.c19edaceb5bdd82263190a46fb5c4039.jpg,C:\Users\venka\Documents\Project\data\processed\val\pitting\2_JPG.rf.c19edaceb5bdd82263190a46fb5c4039.jpg,80427f787f686f60
validation,pitting,300_JPG.rf.614405831d058462a25135f069af74ea.jpg,C:\Users\venka\Documents\Project\data\processed\val\pitting\300_JPG.rf.614405831d058462a25135f069af74ea.jpg,95343a02690f56ff
validation,pitting,304_JPG.rf.406d26f0b6136dc9364b6a5e2aa8bfa1.jpg,C:\Users\venka\Documents\Project\data\processed\val\pitting\304_JPG.rf.406d26f0b6136dc9364b6a5e2aa8bfa1.jpg,80df4b386d913b93
validation,pitting,306_jpg.rf.8f52c4167fcc47d555c75839ee1147ba.jpg,C:\Users\venka\Documents\Project\data\processed\val\pitting\306_jpg.rf.8f52c4167fcc47d555c75839ee1147ba.jpg,dd2a01c53adb26f4
validation,pitting,307_jpg.rf.2e0730b8fbd01d3bf99d4fe2a00730ac.jpg,C:\Users\venka\Documents\Project\data\processed\val\pitting\307_jpg.rf.2e0730b8fbd01d3bf99d4fe2a00730ac.jpg,954a6e3c6f782471
validation,pitting,311_JPG.rf.33661229ec47452d6624a2ce8a23a8b0.jpg,C:\Users\venka\Documents\Project\data\processed\val\pitting\311_JPG.rf.33661229ec47452d6624a2ce8a23a8b0.jpg,957c7f2d32a43232
validation,pitting,311_JPG.rf.9d33df2f531320c8bb5b51cde93deef5.jpg,C:\Users\venka\Documents\Project\data\processed\val\pitting\311_JPG.rf.9d33df2f531320c8bb5b51cde93deef5.jpg,d59f6a952f243560
validation,pitting,312_jpg.rf.ddaa26e2600e9f3f106225ec6d351dda.jpg,C:\Users\venka\Documents\Project\data\processed\val\pitting\312_jpg.rf.ddaa26e2600e9f3f106225ec6d351dda.jpg,9ec2687879946733
validation,pitting,38_JPG.rf.4262a39c1bd7bc2e4440c7a098e64908.jpg,C:\Users\venka\Documents\Project\data\processed\val\pitting\38_JPG.rf.4262a39c1bd7bc2e4440c7a098e64908.jpg,91607e62628fe59d
validation,pitting,3_JPG.rf.2df36e0a19d8af1416ae4352c5c54aa0.jpg,C:\Users\venka\Documents\Project\data\processed\val\pitting\3_JPG.rf.2df36e0a19d8af1416ae4352c5c54aa0.jpg,d09260953b876bfa
validation,pitting,52_JPG.rf.8dcfcf2702dfc28204f2e25549917196.jpg,C:\Users\venka\Documents\Project\data\processed\val\pitting\52_JPG.rf.8dcfcf2702dfc28204f2e25549917196.jpg,c1ee6e17685d1b60
validation,pitting,63_JPG.rf.4b76549327847585d42ef6ef475fc103.jpg,C:\Users\venka\Documents\Project\data\processed\val\pitting\63_JPG.rf.4b76549327847585d42ef6ef475fc103.jpg,85ea125d7f477824
validation,pitting,64_JPG.rf.afc1bef0662e242446238340b447e89a.jpg,C:\Users\venka\Documents\Project\data\processed\val\pitting\64_JPG.rf.afc1bef0662e242446238340b447e89a.jpg,d5b872d328c02bf5
validation,pitting,66_jpg.rf.51d3237822ab817979bd616245fbafd8.jpg,C:\Users\venka\Documents\Project\data\processed\val\pitting\66_jpg.rf.51d3237822ab817979bd616245fbafd8.jpg,80bd77943d563a62
validation,pitting,6_JPG.rf.9e492c933976cdce52a9ce986eb6ef83.jpg,C:\Users\venka\Documents\Project\data\processed\val\pitting\6_JPG.rf.9e492c933976cdce52a9ce986eb6ef83.jpg,907f257c2a436a6b
validation,pitting,70_JPG.rf.ef9adc0f920034ad31ab7c59ff7b7b09.jpg,C:\Users\venka\Documents\Project\data\processed\val\pitting\70_JPG.rf.ef9adc0f920034ad31ab7c59ff7b7b09.jpg,80c077b05f156e3f
validation,pitting,75_JPG.rf.b5792f71f76a1a2fca425f572c8002d7.jpg,C:\Users\venka\Documents\Project\data\processed\val\pitting\75_JPG.rf.b5792f71f76a1a2fca425f572c8002d7.jpg,80637e9e6390cfb1
validation,pitting,79_JPG.rf.c9bfde5af4eeddb52f68e12999d7baf8.jpg,C:\Users\venka\Documents\Project\data\processed\val\pitting\79_JPG.rf.c9bfde5af4eeddb52f68e12999d7baf8.jpg,d1da6b8b649d061d
validation,pitting,7_JPG.rf.f4173054ee945826891f62a4f89ee1de.jpg,C:\Users\venka\Documents\Project\data\processed\val\pitting\7_JPG.rf.f4173054ee945826891f62a4f89ee1de.jpg,818b3ed05fd51bd0
validation,pitting,81_JPG.rf.63527bfd407e40fa66dbe9a8fdab9625.jpg,C:\Users\venka\Documents\Project\data\processed\val\pitting\81_JPG.rf.63527bfd407e40fa66dbe9a8fdab9625.jpg,c0fe4f886a152f9a
validation,pitting,85_JPG.rf.47630401413f7625180692cec1fc5932.jpg,C:\Users\venka\Documents\Project\data\processed\val\pitting\85_JPG.rf.47630401413f7625180692cec1fc5932.jpg,c5b532013a7f3978
validation,pitting,85_JPG.rf.5815f3ee3e4b09368ea88f2a2173e643.jpg,C:\Users\venka\Documents\Project\data\processed\val\pitting\85_JPG.rf.5815f3ee3e4b09368ea88f2a2173e643.jpg,d0f26d074b3c4f34
validation,pitting,87_jpg.rf.e3e86da6684003b0b2087fa6a1acf0c5.jpg,C:\Users\venka\Documents\Project\data\processed\val\pitting\87_jpg.rf.e3e86da6684003b0b2087fa6a1acf0c5.jpg,c02f35b63ab14b8d
validation,pitting,8_JPG.rf.999c7b68c51f6fd392ca4228ecb30984.jpg,C:\Users\venka\Documents\Project\data\processed\val\pitting\8_JPG.rf.999c7b68c51f6fd392ca4228ecb30984.jpg,856a7ab538a169b5
validation,pitting,90_JPG.rf.9645fae67bf5d3536c574f5cd1b0f748.jpg,C:\Users\venka\Documents\Project\data\processed\val\pitting\90_JPG.rf.9645fae67bf5d3536c574f5cd1b0f748.jpg,d0212bf53dc65b4a
validation,pitting,93_JPG.rf.232cdc00fda5c85ff72eddc36d502858.jpg,C:\Users\venka\Documents\Project\data\processed\val\pitting\93_JPG.rf.232cdc00fda5c85ff72eddc36d502858.jpg,85c77a6a346b6634
validation,pitting,93_JPG.rf.76c3e94dd2511ac36bf521853a1e0244.jpg,C:\Users\venka\Documents\Project\data\processed\val\pitting\93_JPG.rf.76c3e94dd2511ac36bf521853a1e0244.jpg,906f6fb365d83241
validation,pitting,95_JPG.rf.bc98c801dd70717c02bfe57bd46f9e92.jpg,C:\Users\venka\Documents\Project\data\processed\val\pitting\95_JPG.rf.bc98c801dd70717c02bfe57bd46f9e92.jpg,d56a5e60406f427f
validation,pitting,96_JPG.rf.67c2f5b9721a9d5b2e455aa6dd41b0e8.jpg,C:\Users\venka\Documents\Project\data\processed\val\pitting\96_JPG.rf.67c2f5b9721a9d5b2e455aa6dd41b0e8.jpg,d56a48514b6f2e3c
validation,pitting,98_JPG.rf.9c34063936bed98e9e97d1fd3005b195.jpg,C:\Users\venka\Documents\Project\data\processed\val\pitting\98_JPG.rf.9c34063936bed98e9e97d1fd3005b195.jpg,803f7ba047a13f87
test,Acral_Lentiginous_Melanoma,1124-Subungual_Melanoma-642x361-slide3_jpg.rf.20c5952ae446e61a018ac2e98609f278.jpg,C:\Users\venka\Documents\Project\data\processed\test\Acral_Lentiginous_Melanoma\1124-Subungual_Melanoma-642x361-slide3_jpg.rf.20c5952ae446e61a018ac2e98609f278.jpg,92b669b93cc93c92
test,Acral_Lentiginous_Melanoma,4229e494114681c808066e262f2f82ad1c89676d_jpg.rf.c06c1d1f4666c86b4d9c077d67cf65d6.jpg,C:\Users\venka\Documents\Project\data\processed\test\Acral_Lentiginous_Melanoma\4229e494114681c808066e262f2f82ad1c89676d_jpg.rf.c06c1d1f4666c86b4d9c077d67cf65d6.jpg,d76a20953ec2c0bf
test,Acral_Lentiginous_Melanoma,CuvmX-dWIAAv_PX_jpeg.rf.9a978ed8ec6b5c63529dbdd6a13be611.jpg,C:\Users\venka\Documents\Project\data\processed\test\Acral_Lentiginous_Melanoma\CuvmX-dWIAAv_PX_jpeg.rf.9a978ed8ec6b5c63529dbdd6a13be611.jpg,95707ecf4097153c
test,Acral_Lentiginous_Melanoma,hutchinsons-nail-melanoma-Nameer-Al-Sudany_png.rf.0ac0ae87f994c75ff150cba6897a5e72.jpg,C:\Users\venka\Documents\Project\data\processed\test\Acral_Lentiginous_Melanoma\hutchinsons-nail-melanoma-Nameer-Al-Sudany_png.rf.0ac0ae87f994c75ff150cba6897a5e72.jpg,80797f92caadb41a
test,Acral_Lentiginous_Melanoma,hutchinsons-nail-melanoma-Nameer-Al-Sudany_png.rf.6e0ffcf4ec169817436e1047a6992284.jpg,C:\Users\venka\Documents\Project\data\processed\test\Acral_Lentiginous_Melanoma\hutchinsons-nail-melanoma-Nameer-Al-Sudany_png.rf.6e0ffcf4ec169817436e1047a6992284.jpg,e0403f3f9f3f60a0
test,Acral_Lentiginous_Melanoma,nail-melanoma-2-300x180_jpg.rf.15e478ceef3c930f98f08d67d4527183.jpg,C:\Users\venka\Documents\Project\data\processed\test\Acral_Lentiginous_Melanoma\nail-melanoma-2-300x180_jpg.rf.15e478ceef3c930f98f08d67d4527183.jpg,87d2ca94659e4e39
test,Acral_Lentiginous_Melanoma,p-1-womans-story-shows-why-you-should-never-ignore-black-line-on-your-nail-1506429403_jpg.rf.88ee9943b08313dde0aa6071626e751b.jpg,C:\Users\venka\Documents\Project\data\processed\test\Acral_Lentiginous_Melanoma\p-1-womans-story-shows-why-you-should-never-ignore-black-line-on-your-nail-1506429403_jpg.rf.88ee9943b08313dde0aa6071626e751b.jpg,957830339da7ca39
test,Acral_Lentiginous_Melanoma,prf_11_18_11_jpg.rf.57de670fa468da5dff96e0c2c6bce4fc.jpg,C:\Users\venka\Documents\Project\data\processed\test\Acral_Lentiginous_Melanoma\prf_11_18_11_jpg.rf.57de670fa468da5dff96e0c2c6bce4fc.jpg,9a9267646d4d634d
test,Acral_Lentiginous_Melanoma,Screen-Shot-2021-11-16-at-6-58-09-PM_png.rf.84eaa8f0ddd6568f5220a7288d709742.jpg,C:\Users\venka\Documents\Project\data\processed\test\Acral_Lentiginous_Melanoma\Screen-Shot-2021-11-16-at-6-58-09-PM_png.rf.84eaa8f0ddd6568f5220a7288d709742.jpg,b1aa04d45af55ed4
test,Acral_Lentiginous_Melanoma,Screen-Shot-2021-11-16-at-6-58-19-PM_png.rf.936289f072e08cd50fed87f99dc64f17.jpg,C:\Users\venka\Documents\Project\data\processed\test\Acral_Lentiginous_Melanoma\Screen-Shot-2021-11-16-at-6-58-19-PM_png.rf.936289f072e08cd50fed87f99dc64f17.jpg,95e26cd163d466d4
test,Acral_Lentiginous_Melanoma,Screen-Shot-2021-11-16-at-6-58-26-PM_png.rf.78b42c8cf2d2d62451936631311b1bd5.jpg,C:\Users\venka\Documents\Project\data\processed\test\Acral_Lentiginous_Melanoma\Screen-Shot-2021-11-16-at-6-58-26-PM_png.rf.78b42c8cf2d2d62451936631311b1bd5.jpg,952a4e5d54666a6b
test,Acral_Lentiginous_Melanoma,Screen-Shot-2021-11-16-at-6-59-48-PM_png.rf.cd1b9f38eb673fc5031ab4c7c9fda753.jpg,C:\Users\venka\Documents\Project\data\processed\test\Acral_Lentiginous_Melanoma\Screen-Shot-2021-11-16-at-6-59-48-PM_png.rf.cd1b9f38eb673fc5031ab4c7c9fda753.jpg,84df2355574a4a6b
test,Acral_Lentiginous_Melanoma,Screen-Shot-2021-11-16-at-7-00-57-PM_png.rf.ac7e0f8660912b0ad7d1e99ee16451f4.jpg,C:\Users\venka\Documents\Project\data\processed\test\Acral_Lentiginous_Melanoma\Screen-Shot-2021-11-16-at-7-00-57-PM_png.rf.ac7e0f8660912b0ad7d1e99ee16451f4.jpg,c5c850644a7f4e7b
test,Acral_Lentiginous_Melanoma,Screen-Shot-2021-11-16-at-7-01-17-PM_png.rf.f6e3ef0d310e1ee2779fce1ccf4b6d5a.jpg,C:\Users\venka\Documents\Project\data\processed\test\Acral_Lentiginous_Melanoma\Screen-Shot-2021-11-16-at-7-01-17-PM_png.rf.f6e3ef0d310e1ee2779fce1ccf4b6d5a.jpg,c2d20f053f93369b
test,Acral_Lentiginous_Melanoma,Screen-Shot-2021-11-16-at-7-05-55-PM_png.rf.ade918f28d20e9e407278ebfc3eb1892.jpg,C:\Users\venka\Documents\Project\data\processed\test\Acral_Lentiginous_Melanoma\Screen-Shot-2021-11-16-at-7-05-55-PM_png.rf.ade918f28d20e9e407278ebfc3eb1892.jpg,80bf6760556a7f81
test,Acral_Lentiginous_Melanoma,Screen-Shot-2021-11-16-at-7-06-53-PM_png.rf.301e227b232bf6691817ffc2ece5217f.jpg,C:\Users\venka\Documents\Project\data\processed\test\Acral_Lentiginous_Melanoma\Screen-Shot-2021-11-16-at-7-06-53-PM_png.rf.301e227b232bf6691817ffc2ece5217f.jpg,c3636e2c39376664
test,Acral_Lentiginous_Melanoma,Screen-Shot-2021-11-16-at-7-07-46-PM_png.rf.229f8f3912643ac3f8d34ddf9bdc3d24.jpg,C:\Users\venka\Documents\Project\data\processed\test\Acral_Lentiginous_Melanoma\Screen-Shot-2021-11-16-at-7-07-46-PM_png.rf.229f8f3912643ac3f8d34ddf9bdc3d24.jpg,d51d44365a315aaf
test,Acral_Lentiginous_Melanoma,Screen-Shot-2021-11-16-at-7-07-58-PM_png.rf.3709c21322417722890579eef8538ea8.jpg,C:\Users\venka\Documents\Project\data\processed\test\Acral_Lentiginous_Melanoma\Screen-Shot-2021-11-16-at-7-07-58-PM_png.rf.3709c21322417722890579eef8538ea8.jpg,a0e84f18732d6b3e
test,Acral_Lentiginous_Melanoma,Screen-Shot-2021-11-16-at-7-08-26-PM_png.rf.5f82c4749b34db20407b5665a56aec2c.jpg,C:\Users\venka\Documents\Project\data\processed\test\Acral_Lentiginous_Melanoma\Screen-Shot-2021-11-16-at-7-08-26-PM_png.rf.5f82c4749b34db20407b5665a56aec2c.jpg,94853b9e6b186e72
test,Acral_Lentiginous_Melanoma,Screen-Shot-2021-11-16-at-7-10-55-PM_png.rf.98b46b85ecb9ecc122c1d6e0823ec4fd.jpg,C:\Users\venka\Documents\Project\data\processed\test\Acral_Lentiginous_Melanoma\Screen-Shot-2021-11-16-at-7-10-55-PM_png.rf.98b46b85ecb9ecc122c1d6e0823ec4fd.jpg,d4e860612367bf27
test,Acral_Lentiginous_Melanoma,Screen-Shot-2021-11-16-at-7-12-11-PM_png.rf.35bd81c211094dbe7b79cfa959c66901.jpg,C:\Users\venka\Documents\Project\data\processed\test\Acral_Lentiginous_Melanoma\Screen-Shot-2021-11-16-at-7-12-11-PM_png.rf.35bd81c211094dbe7b79cfa959c66901.jpg,803f6872276f64cd
test,Acral_Lentiginous_Melanoma,Screen-Shot-2021-11-16-at-7-12-20-PM_png.rf.a1e34811f9245102102eae95c74eb0b4.jpg,C:\Users\venka\Documents\Project\data\processed\test\Acral_Lentiginous_Melanoma\Screen-Shot-2021-11-16-at-7-12-20-PM_png.rf.a1e34811f9245102102eae95c74eb0b4.jpg,d56a2bd064e7d309
test,Acral_Lentiginous_Melanoma,Screen-Shot-2021-11-16-at-7-13-16-PM_png.rf.e87e6b3b42c2bb13d3a83d4d400a5889.jpg,C:\Users\venka\Documents\Project\data\processed\test\Acral_Lentiginous_Melanoma\Screen-Shot-2021-11-16-at-7-13-16-PM_png.rf.e87e6b3b42c2bb13d3a83d4d400a5889.jpg,97ca6935669c1a3c
test,Acral_Lentiginous_Melanoma,Screen-Shot-2021-11-16-at-7-13-54-PM_png.rf.45989c6f9448c034faaab9094b18ef39.jpg,C:\Users\venka\Documents\Project\data\processed\test\Acral_Lentiginous_Melanoma\Screen-Shot-2021-11-16-at-7-13-54-PM_png.rf.45989c6f9448c034faaab9094b18ef39.jpg,d43f6a15259236e3
test,Acral_Lentiginous_Melanoma,Screen-Shot-2021-11-16-at-7-14-06-PM_png.rf.d510d4c93a08ad1ea8ff2879954bbc54.jpg,C:\Users\venka\Documents\Project\data\processed\test\Acral_Lentiginous_Melanoma\Screen-Shot-2021-11-16-at-7-14-06-PM_png.rf.d510d4c93a08ad1ea8ff2879954bbc54.jpg,d8d0250b3b233e9f
test,Acral_Lentiginous_Melanoma,Screen-Shot-2021-11-16-at-7-14-19-PM_png.rf.b708150bce14b78522e00a91b26ebad0.jpg,C:\Users\venka\Documents\Project\data\processed\test\Acral_Lentiginous_Melanoma\Screen-Shot-2021-11-16-at-7-14-19-PM_png.rf.b708150bce14b78522e00a91b26ebad0.jpg,d52a2ab52dd295ca
test,Acral_Lentiginous_Melanoma,Screen-Shot-2021-11-16-at-7-16-43-PM_png.rf.7e13e8110130f7cba18e1cc3d749e32d.jpg,C:\Users\venka\Documents\Project\data\processed\test\Acral_Lentiginous_Melanoma\Screen-Shot-2021-11-16-at-7-16-43-PM_png.rf.7e13e8110130f7cba18e1cc3d749e32d.jpg,c5977e3c6a612585
test,Acral_Lentiginous_Melanoma,Screen-Shot-2021-11-16-at-7-16-43-PM_png.rf.8f156a1c22f337fff0147c8e87829c67.jpg,C:\Users\venka\Documents\Project\data\processed\test\Acral_Lentiginous_Melanoma\Screen-Shot-2021-11-16-at-7-16-43-PM_png.rf.8f156a1c22f337fff0147c8e87829c67.jpg,d88b33276db036c6
test,Acral_Lentiginous_Melanoma,Screen-Shot-2021-11-16-at-7-17-45-PM_png.rf.cfc11a7bda850be0b92d371c2898d3ad.jpg,C:\Users\venka\Documents\Project\data\processed\test\Acral_Lentiginous_Melanoma\Screen-Shot-2021-11-16-at-7-17-45-PM_png.rf.cfc11a7bda850be0b92d371c2898d3ad.jpg,d5a84ae5389868df
test,Acral_Lentiginous_Melanoma,Screen-Shot-2021-11-19-at-1-00-57-AM_png.rf.a2258dc96f532e444028a5e4a4ffbc08.jpg,C:\Users\venka\Documents\Project\data\processed\test\Acral_Lentiginous_Melanoma\Screen-Shot-2021-11-19-at-1-00-57-AM_png.rf.a2258dc96f532e444028a5e4a4ffbc08.jpg,c43b196c3a363a2f
test,Acral_Lentiginous_Melanoma,Screen-Shot-2021-11-19-at-1-26-44-AM_png.rf.03df3d79c9891041f8ab532e86611594.jpg,C:\Users\venka\Documents\Project\data\processed\test\Acral_Lentiginous_Melanoma\Screen-Shot-2021-11-19-at-1-26-44-AM_png.rf.03df3d79c9891041f8ab532e86611594.jpg,956a0042274f3fbf
test,Acral_Lentiginous_Melanoma,Screen-Shot-2021-11-19-at-1-26-44-AM_png.rf.66e4fd6d1ebbd04e3fc38643186be981.jpg,C:\Users\venka\Documents\Project\data\processed\test\Acral_Lentiginous_Melanoma\Screen-Shot-2021-11-19-at-1-26-44-AM_png.rf.66e4fd6d1ebbd04e3fc38643186be981.jpg,d485699763946b96
test,Acral_Lentiginous_Melanoma,Screen-Shot-2021-11-19-at-1-27-17-AM_png.rf.171b5238a47c916d76d2bf732066c2c5.jpg,C:\Users\venka\Documents\Project\data\processed\test\Acral_Lentiginous_Melanoma\Screen-Shot-2021-11-19-at-1-27-17-AM_png.rf.171b5238a47c916d76d2bf732066c2c5.jpg,c03f41953f68629f
test,Acral_Lentiginous_Melanoma,Screen-Shot-2021-11-19-at-1-31-21-AM_png.rf.95301877af646b998ed8900ceb1f9922.jpg,C:\Users\venka\Documents\Project\data\processed\test\Acral_Lentiginous_Melanoma\Screen-Shot-2021-11-19-at-1-31-21-AM_png.rf.95301877af646b998ed8900ceb1f9922.jpg,80e56a765b524f4b
test,Acral_Lentiginous_Melanoma,Screen-Shot-2021-11-19-at-1-37-53-AM_png.rf.86e9cbce0daafa7832fb3714a0db02b2.jpg,C:\Users\venka\Documents\Project\data\processed\test\Acral_Lentiginous_Melanoma\Screen-Shot-2021-11-19-at-1-37-53-AM_png.rf.86e9cbce0daafa7832fb3714a0db02b2.jpg,f06f419f35855896
test,Acral_Lentiginous_Melanoma,Screen-Shot-2021-11-19-at-1-37-53-AM_png.rf.9d6300e1057cbc889cfbcebc20d981f4.jpg,C:\Users\venka\Documents\Project\data\processed\test\Acral_Lentiginous_Melanoma\Screen-Shot-2021-11-19-at-1-37-53-AM_png.rf.9d6300e1057cbc889cfbcebc20d981f4.jpg,9572d20a6e4d3e72
test,Acral_Lentiginous_Melanoma,Screen-Shot-2021-11-19-at-1-38-40-AM_png.rf.92fc8206cceda2823ce5b41b7ea5a9c0.jpg,C:\Users\venka\Documents\Project\data\processed\test\Acral_Lentiginous_Melanoma\Screen-Shot-2021-11-19-at-1-38-40-AM_png.rf.92fc8206cceda2823ce5b41b7ea5a9c0.jpg,d580026f0f6f1f65
test,Acral_Lentiginous_Melanoma,Screen-Shot-2021-11-19-at-1-38-57-AM_png.rf.b976b1f54cf785e66974724e4e4585fa.jpg,C:\Users\venka\Documents\Project\data\processed\test\Acral_Lentiginous_Melanoma\Screen-Shot-2021-11-19-at-1-38-57-AM_png.rf.b976b1f54cf785e66974724e4e4585fa.jpg,c87f353d32d032d8
test,Acral_Lentiginous_Melanoma,Screen-Shot-2021-11-19-at-1-41-42-AM_png.rf.7571ea90c4bb5276b0d77d9e42db93f1.jpg,C:\Users\venka\Documents\Project\data\processed\test\Acral_Lentiginous_Melanoma\Screen-Shot-2021-11-19-at-1-41-42-AM_png.rf.7571ea90c4bb5276b0d77d9e42db93f1.jpg,943f68696b6a4e68
test,Acral_Lentiginous_Melanoma,Screen-Shot-2021-11-19-at-1-43-17-AM_png.rf.1182e23c51367d6cfe89acbb693bf1ab.jpg,C:\Users\venka\Documents\Project\data\processed\test\Acral_Lentiginous_Melanoma\Screen-Shot-2021-11-19-at-1-43-17-AM_png.rf.1182e23c51367d6cfe89acbb693bf1ab.jpg,85706a4f6a693979
test,Acral_Lentiginous_Melanoma,Screen-Shot-2021-11-19-at-1-45-52-AM_png.rf.59970b0d8735b67e97a6b322165ff8a4.jpg,C:\Users\venka\Documents\Project\data\processed\test\Acral_Lentiginous_Melanoma\Screen-Shot-2021-11-19-at-1-45-52-AM_png.rf.59970b0d8735b67e97a6b322165ff8a4.jpg,c080377f1a17cdd9
test,Acral_Lentiginous_Melanoma,Screen-Shot-2021-11-19-at-1-53-47-AM_png.rf.18813d4eb66090b5a04d80ec958f833b.jpg,C:\Users\venka\Documents\Project\data\processed\test\Acral_Lentiginous_Melanoma\Screen-Shot-2021-11-19-at-1-53-47-AM_png.rf.18813d4eb66090b5a04d80ec958f833b.jpg,c0602fb53753399b
test,Acral_Lentiginous_Melanoma,Screen-Shot-2021-11-19-at-1-54-25-AM_png.rf.6f719fe9b2f233b8253010a4e82d60e1.jpg,C:\Users\venka\Documents\Project\data\processed\test\Acral_Lentiginous_Melanoma\Screen-Shot-2021-11-19-at-1-54-25-AM_png.rf.6f719fe9b2f233b8253010a4e82d60e1.jpg,c4095a78527f4a7e
test,Acral_Lentiginous_Melanoma,Screen-Shot-2021-11-19-at-1-54-57-AM_png.rf.28d1b22593c06e5dda8f58aac3c41d33.jpg,C:\Users\venka\Documents\Project\data\processed\test\Acral_Lentiginous_Melanoma\Screen-Shot-2021-11-19-at-1-54-57-AM_png.rf.28d1b22593c06e5dda8f58aac3c41d33.jpg,d4812f356a9f36c4
test,Acral_Lentiginous_Melanoma,Screen-Shot-2021-11-19-at-1-55-04-AM_png.rf.042cf77f894b5b2a9af7bf094bb89e41.jpg,C:\Users\venka\Documents\Project\data\processed\test\Acral_Lentiginous_Melanoma\Screen-Shot-2021-11-19-at-1-55-04-AM_png.rf.042cf77f894b5b2a9af7bf094bb89e41.jpg,d4f46ac20f1d38f1
test,Acral_Lentiginous_Melanoma,Screen-Shot-2021-11-19-at-1-56-09-AM_png.rf.353c99bb4a0569ff859a449ceedc8ec4.jpg,C:\Users\venka\Documents\Project\data\processed\test\Acral_Lentiginous_Melanoma\Screen-Shot-2021-11-19-at-1-56-09-AM_png.rf.353c99bb4a0569ff859a449ceedc8ec4.jpg,80530f647c6d3afc
test,Acral_Lentiginous_Melanoma,Screen-Shot-2021-11-19-at-1-56-53-AM_png.rf.13e734ae3291f05e68eb02889424a436.jpg,C:\Users\venka\Documents\Project\data\processed\test\Acral_Lentiginous_Melanoma\Screen-Shot-2021-11-19-at-1-56-53-AM_png.rf.13e734ae3291f05e68eb02889424a436.jpg,c4005a7b4a7d4f5d
test,Acral_Lentiginous_Melanoma,Screen-Shot-2021-11-19-at-12-37-14-AM_png.rf.a69cedffa7f913f6ece573e56db1d965.jpg,C:\Users\venka\Documents\Project\data\processed\test\Acral_Lentiginous_Melanoma\Screen-Shot-2021-11-19-at-12-37-14-AM_png.rf.a69cedffa7f913f6ece573e56db1d965.jpg,85433a4e356e33bc
test,Acral_Lentiginous_Melanoma,Screen-Shot-2021-11-19-at-12-39-46-AM_png.rf.cb554363f5f823f709477ebdd056743a.jpg,C:\Users\venka\Documents\Project\data\processed\test\Acral_Lentiginous_Melanoma\Screen-Shot-2021-11-19-at-12-39-46-AM_png.rf.cb554363f5f823f709477ebdd056743a.jpg,d52a12555f4a6e66
test,Acral_Lentiginous_Melanoma,Screen-Shot-2021-11-19-at-12-41-44-AM_png.rf.de5b25017790d49322e13188cf0b2c91.jpg,C:\Users\venka\Documents\Project\data\processed\test\Acral_Lentiginous_Melanoma\Screen-Shot-2021-11-19-at-12-41-44-AM_png.rf.de5b25017790d49322e13188cf0b2c91.jpg,d53f64856385078f
test,Acral_Lentiginous_Melanoma,Screen-Shot-2021-11-19-at-12-55-27-AM_png.rf.496947b15eade645613e333ead8fa545.jpg,C:\Users\venka\Documents\Project\data\processed\test\Acral_Lentiginous_Melanoma\Screen-Shot-2021-11-19-at-12-55-27-AM_png.rf.496947b15eade645613e333ead8fa545.jpg,80df7a154e6a3d32
test,Acral_Lentiginous_Melanoma,Screen-Shot-2021-11-19-at-12-55-39-AM_png.rf.8d61a0594fc64089c87dd00b0e6f0b09.jpg,C:\Users\venka\Documents\Project\data\processed\test\Acral_Lentiginous_Melanoma\Screen-Shot-2021-11-19-at-12-55-39-AM_png.rf.8d61a0594fc64089c87dd00b0e6f0b09.jpg,84e87a562d3a25bd
test,Acral_Lentiginous_Melanoma,Screen-Shot-2021-11-19-at-12-56-04-AM_png.rf.38820238dd67401dd034f47057e9a613.jpg,C:\Users\venka\Documents\Project\data\processed\test\Acral_Lentiginous_Melanoma\Screen-Shot-2021-11-19-at-12-56-04-AM_png.rf.38820238dd67401dd034f47057e9a613.jpg,d528524d434f6e7c
test,Acral_Lentiginous_Melanoma,Screen-Shot-2021-11-19-at-12-56-04-AM_png.rf.f1f22bb8840afb9f1fd822a35ba450e2.jpg,C:\Users\venka\Documents\Project\data\processed\test\Acral_Lentiginous_Melanoma\Screen-Shot-2021-11-19-at-12-56-04-AM_png.rf.f1f22bb8840afb9f1fd822a35ba450e2.jpg,d5b92094239f2b9e
test,Acral_Lentiginous_Melanoma,Screen-Shot-2021-11-19-at-2-10-05-AM_png.rf.020549b2c1e999dab8f0cf598e5141c4.jpg,C:\Users\venka\Documents\Project\data\processed\test\Acral_Lentiginous_Melanoma\Screen-Shot-2021-11-19-at-2-10-05-AM_png.rf.020549b2c1e999dab8f0cf598e5141c4.jpg,911f66b32dc83bc8
test,Acral_Lentiginous_Melanoma,Screen-Shot-2021-11-19-at-2-10-05-AM_png.rf.0df26b0d045346f53580d4062e3c0c4c.jpg,C:\Users\venka\Documents\Project\data\processed\test\Acral_Lentiginous_Melanoma\Screen-Shot-2021-11-19-at-2-10-05-AM_png.rf.0df26b0d045346f53580d4062e3c0c4c.jpg,d0214a6c4dd3776d
test,Acral_Lentiginous_Melanoma,Screen-Shot-2021-11-19-at-2-11-28-AM_png.rf.2196b737c3e2e387b824e8ff30fbf610.jpg,C:\Users\venka\Documents\Project\data\processed\test\Acral_Lentiginous_Melanoma\Screen-Shot-2021-11-19-at-2-11-28-AM_png.rf.2196b737c3e2e387b824e8ff30fbf610.jpg,c09e4b3d4f919627
test,Acral_Lentiginous_Melanoma,Screen-Shot-2021-11-19-at-2-12-47-AM_png.rf.af605b32b8c090599dc185f4aac29390.jpg,C:\Users\venka\Documents\Project\data\processed\test\Acral_Lentiginous_Melanoma\Screen-Shot-2021-11-19-at-2-12-47-AM_png.rf.af605b32b8c090599dc185f4aac29390.jpg,d59526953df23660
test,Acral_Lentiginous_Melanoma,Screen-Shot-2021-11-19-at-2-12-47-AM_png.rf.f04281edd2ddc4fcb10e3617650978fc.jpg,C:\Users\venka\Documents\Project\data\processed\test\Acral_Lentiginous_Melanoma\Screen-Shot-2021-11-19-at-2-12-47-AM_png.rf.f04281edd2ddc4fcb10e3617650978fc.jpg,d5e80a542b7539a7
test,Acral_Lentiginous_Melanoma,Screen-Shot-2021-11-19-at-2-13-04-AM_png.rf.4d3eb3e80791302af1b1807e55b86998.jpg,C:\Users\venka\Documents\Project\data\processed\test\Acral_Lentiginous_Melanoma\Screen-Shot-2021-11-19-at-2-13-04-AM_png.rf.4d3eb3e80791302af1b1807e55b86998.jpg,c0ff7f043b882f90
test,Acral_Lentiginous_Melanoma,Screen-Shot-2021-11-19-at-2-13-04-AM_png.rf.d5a7ff146a4d86ee96d28eace69028e4.jpg,C:\Users\venka\Documents\Project\data\processed\test\Acral_Lentiginous_Melanoma\Screen-Shot-2021-11-19-at-2-13-04-AM_png.rf.d5a7ff146a4d86ee96d28eace69028e4.jpg,c57e3a3d3f8413c0
test,Acral_Lentiginous_Melanoma,Screen-Shot-2021-11-19-at-2-14-13-AM_png.rf.9660cbce1aaec42bb0c08b094f62a921.jpg,C:\Users\venka\Documents\Project\data\processed\test\Acral_Lentiginous_Melanoma\Screen-Shot-2021-11-19-at-2-14-13-AM_png.rf.9660cbce1aaec42bb0c08b094f62a921.jpg,80bf3f813f423a6a
test,Acral_Lentiginous_Melanoma,Screen-Shot-2021-11-19-at-2-17-07-AM_png.rf.9a0f7760436155c743d9eaaf97c76d58.jpg,C:\Users\venka\Documents\Project\data\processed\test\Acral_Lentiginous_Melanoma\Screen-Shot-2021-11-19-at-2-17-07-AM_png.rf.9a0f7760436155c743d9eaaf97c76d58.jpg,81ab33c557555745
test,Acral_Lentiginous_Melanoma,Screen-Shot-2021-11-19-at-2-17-07-AM_png.rf.a37178cbefd2c3f72c2ffd42074852f5.jpg,C:\Users\venka\Documents\Project\data\processed\test\Acral_Lentiginous_Melanoma\Screen-Shot-2021-11-19-at-2-17-07-AM_png.rf.a37178cbefd2c3f72c2ffd42074852f5.jpg,d5953c15221f6b4e
test,Acral_Lentiginous_Melanoma,Screen-Shot-2021-11-19-at-2-26-44-AM_png.rf.7e362aed364a99d850d18e2a03d30ce7.jpg,C:\Users\venka\Documents\Project\data\processed\test\Acral_Lentiginous_Melanoma\Screen-Shot-2021-11-19-at-2-26-44-AM_png.rf.7e362aed364a99d850d18e2a03d30ce7.jpg,95276a1962ee6aca
test,Acral_Lentiginous_Melanoma,Screen-Shot-2021-11-19-at-2-27-01-AM_png.rf.e1401db8fc51737dd68afb3cf9807c54.jpg,C:\Users\venka\Documents\Project\data\processed\test\Acral_Lentiginous_Melanoma\Screen-Shot-2021-11-19-at-2-27-01-AM_png.rf.e1401db8fc51737dd68afb3cf9807c54.jpg,8572e3686c7c1c3e
test,Acral_Lentiginous_Melanoma,Screen-Shot-2021-11-19-at-2-27-33-AM_png.rf.b6708cb30f43cb115020f98cf59220a2.jpg,C:\Users\venka\Documents\Project\data\processed\test\Acral_Lentiginous_Melanoma\Screen-Shot-2021-11-19-at-2-27-33-AM_png.rf.b6708cb30f43cb115020f98cf59220a2.jpg,943e7869c6314b97
test,Acral_Lentiginous_Melanoma,Screen-Shot-2021-11-19-at-2-27-56-AM_png.rf.73d097900279fe7340bc2c2d6902cbe5.jpg,C:\Users\venka\Documents\Project\data\processed\test\Acral_Lentiginous_Melanoma\Screen-Shot-2021-11-19-at-2-27-56-AM_png.rf.73d097900279fe7340bc2c2d6902cbe5.jpg,a1e25e596d2d9319
test,Acral_Lentiginous_Melanoma,Screen-Shot-2021-11-19-at-2-30-18-AM_png.rf.4c540a33e29875f38fc7e311a3706f75.jpg,C:\Users\venka\Documents\Project\data\processed\test\Acral_Lentiginous_Melanoma\Screen-Shot-2021-11-19-at-2-30-18-AM_png.rf.4c540a33e29875f38fc7e311a3706f75.jpg,80bf15956ed2b469
test,Acral_Lentiginous_Melanoma,Screen-Shot-2021-11-20-at-10-04-59-PM_png.rf.4bca1f65b69fd5c28f76dc67b9a3753d.jpg,C:\Users\venka\Documents\Project\data\processed\test\Acral_Lentiginous_Melanoma\Screen-Shot-2021-11-20-at-10-04-59-PM_png.rf.4bca1f65b69fd5c28f76dc67b9a3753d.jpg,97264add489b6999
test,Acral_Lentiginous_Melanoma,Screen-Shot-2021-11-20-at-10-24-29-PM_png.rf.56724e81eeec07272eea77d625c27875.jpg,C:\Users\venka\Documents\Project\data\processed\test\Acral_Lentiginous_Melanoma\Screen-Shot-2021-11-20-at-10-24-29-PM_png.rf.56724e81eeec07272eea77d625c27875.jpg,d420c02f0fdf3ed4
test,Acral_Lentiginous_Melanoma,Screen-Shot-2021-11-20-at-10-24-29-PM_png.rf.75206f6cfcbba7486aa8c7eeecb6c1d3.jpg,C:\Users\venka\Documents\Project\data\processed\test\Acral_Lentiginous_Melanoma\Screen-Shot-2021-11-20-at-10-24-29-PM_png.rf.75206f6cfcbba7486aa8c7eeecb6c1d3.jpg,9595549d6e0d6c35
test,Acral_Lentiginous_Melanoma,Screen-Shot-2021-11-20-at-10-25-02-PM_png.rf.787055924f2b6480dea89f2588fb3b37.jpg,C:\Users\venka\Documents\Project\data\processed\test\Acral_Lentiginous_Melanoma\Screen-Shot-2021-11-20-at-10-25-02-PM_png.rf.787055924f2b6480dea89f2588fb3b37.jpg,90c44f672b673d64
test,Acral_Lentiginous_Melanoma,Screen-Shot-2021-11-20-at-10-28-12-PM_png.rf.3c036eaef8513ddd248c217a7195a233.jpg,C:\Users\venka\Documents\Project\data\processed\test\Acral_Lentiginous_Melanoma\Screen-Shot-2021-11-20-at-10-28-12-PM_png.rf.3c036eaef8513ddd248c217a7195a233.jpg,81f557851f961a96
test,Acral_Lentiginous_Melanoma,Screen-Shot-2021-11-20-at-10-30-41-PM_png.rf.a97e3d81c76e60862e65f8b657db5c3e.jpg,C:\Users\venka\Documents\Project\data\processed\test\Acral_Lentiginous_Melanoma\Screen-Shot-2021-11-20-at-10-30-41-PM_png.rf.a97e3d81c76e60862e65f8b657db5c3e.jpg,95686061676b6aeb
test,Acral_Lentiginous_Melanoma,Screen-Shot-2021-11-20-at-10-40-57-PM_png.rf.c896d8a6837b555770ce6aba1bf15739.jpg,C:\Users\venka\Documents\Project\data\processed\test\Acral_Lentiginous_Melanoma\Screen-Shot-2021-11-20-at-10-40-57-PM_png.rf.c896d8a6837b555770ce6aba1bf15739.jpg,d52a4ac46b3762d9
test,Acral_Lentiginous_Melanoma,Screen-Shot-2021-11-20-at-7-49-00-PM_png.rf.2ab0b916fbf0c3cdefddce58cb4dcc77.jpg,C:\Users\venka\Documents\Project\data\processed\test\Acral_Lentiginous_Melanoma\Screen-Shot-2021-11-20-at-7-49-00-PM_png.rf.2ab0b916fbf0c3cdefddce58cb4dcc77.jpg,d45e6b254e2d4a35
test,Acral_Lentiginous_Melanoma,Screen-Shot-2021-11-20-at-7-49-26-PM_png.rf.4d3d8c48f29ba530ac9fefdbaba0a440.jpg,C:\Users\venka\Documents\Project\data\processed\test\Acral_Lentiginous_Melanoma\Screen-Shot-2021-11-20-at-7-49-26-PM_png.rf.4d3d8c48f29ba530ac9fefdbaba0a440.jpg,959531d52adab568
test,Acral_Lentiginous_Melanoma,Screen-Shot-2021-11-20-at-7-49-46-PM_png.rf.38fa6498f1f7e7a89187f6528688b2ed.jpg,C:\Users\venka\Documents\Project\data\processed\test\Acral_Lentiginous_Melanoma\Screen-Shot-2021-11-20-at-7-49-46-PM_png.rf.38fa6498f1f7e7a89187f6528688b2ed.jpg,d4a18b6f43764a59
test,Acral_Lentiginous_Melanoma,Screen-Shot-2021-11-20-at-7-52-57-PM_png.rf.a285b1200d2b44506b97ad84ce9506e0.jpg,C:\Users\venka\Documents\Project\data\processed\test\Acral_Lentiginous_Melanoma\Screen-Shot-2021-11-20-at-7-52-57-PM_png.rf.a285b1200d2b44506b97ad84ce9506e0.jpg,a1a36ec49bb48b96
test,Acral_Lentiginous_Melanoma,Screen-Shot-2021-11-20-at-7-53-27-PM_png.rf.ef266f5d4a24a6529e17b9e67a1f413d.jpg,C:\Users\venka\Documents\Project\data\processed\test\Acral_Lentiginous_Melanoma\Screen-Shot-2021-11-20-at-7-53-27-PM_png.rf.ef266f5d4a24a6529e17b9e67a1f413d.jpg,807f57983f923073
test,Acral_Lentiginous_Melanoma,Screen-Shot-2021-11-20-at-7-56-35-PM_png.rf.35edd084b9cef21b9f11f52b7e4bd842.jpg,C:\Users\venka\Documents\Project\data\processed\test\Acral_Lentiginous_Melanoma\Screen-Shot-2021-11-20-at-7-56-35-PM_png.rf.35edd084b9cef21b9f11f52b7e4bd842.jpg,80ff4d95719c6217
test,Acral_Lentiginous_Melanoma,Screen-Shot-2021-11-20-at-7-57-54-PM_png.rf.98d50944c8a173b2d9d781dd48a3fd00.jpg,C:\Users\venka\Documents\Project\data\processed\test\Acral_Lentiginous_Melanoma\Screen-Shot-2021-11-20-at-7-57-54-PM_png.rf.98d50944c8a173b2d9d781dd48a3fd00.jpg,80fd9bd2648933dc
test,Acral_Lentiginous_Melanoma,Screen-Shot-2021-11-20-at-8-00-48-PM_png.rf.3195c3538670c7b8d81f685e1766a643.jpg,C:\Users\venka\Documents\Project\data\processed\test\Acral_Lentiginous_Melanoma\Screen-Shot-2021-11-20-at-8-00-48-PM_png.rf.3195c3538670c7b8d81f685e1766a643.jpg,cb3c69323bd29cc2
test,Acral_Lentiginous_Melanoma,Screen-Shot-2021-11-20-at-8-00-58-PM_png.rf.7dd201e29f62ceaa36e9eb7acca6d4e4.jpg,C:\Users\venka\Documents\Project\data\processed\test\Acral_Lentiginous_Melanoma\Screen-Shot-2021-11-20-at-8-00-58-PM_png.rf.7dd201e29f62ceaa36e9eb7acca6d4e4.jpg,85d04a7a6a6e6b3c
test,Acral_Lentiginous_Melanoma,Screen-Shot-2021-11-20-at-8-04-14-PM_png.rf.3be306a4994e4ba819cd8a2eec8399c0.jpg,C:\Users\venka\Documents\Project\data\processed\test\Acral_Lentiginous_Melanoma\Screen-Shot-2021-11-20-at-8-04-14-PM_png.rf.3be306a4994e4ba819cd8a2eec8399c0.jpg,87852d3eb6c16d19
test,Acral_Lentiginous_Melanoma,Screen-Shot-2021-11-20-at-8-08-29-PM_png.rf.c49acb28bc7afaaf6a6b53c24dfa1dcc.jpg,C:\Users\venka\Documents\Project\data\processed\test\Acral_Lentiginous_Melanoma\Screen-Shot-2021-11-20-at-8-08-29-PM_png.rf.c49acb28bc7afaaf6a6b53c24dfa1dcc.jpg,85c25a5b529d6b93
test,Acral_Lentiginous_Melanoma,Screen-Shot-2021-11-20-at-8-10-21-PM_png.rf.31e544d37ad8a522815ec1ae2b00ec7e.jpg,C:\Users\venka\Documents\Project\data\processed\test\Acral_Lentiginous_Melanoma\Screen-Shot-2021-11-20-at-8-10-21-PM_png.rf.31e544d37ad8a522815ec1ae2b00ec7e.jpg,905f0a3437327fa3
test,Acral_Lentiginous_Melanoma,Screen-Shot-2021-11-20-at-8-17-41-PM_png.rf.27789e84d5f5ed0321cbe367950864bc.jpg,C:\Users\venka\Documents\Project\data\processed\test\Acral_Lentiginous_Melanoma\Screen-Shot-2021-11-20-at-8-17-41-PM_png.rf.27789e84d5f5ed0321cbe367950864bc.jpg,81a94ec57577425b
test,Acral_Lentiginous_Melanoma,Screen-Shot-2021-11-20-at-8-18-57-PM_png.rf.cc4bd580ede15e97480ab4eef6d4d330.jpg,C:\Users\venka\Documents\Project\data\processed\test\Acral_Lentiginous_Melanoma\Screen-Shot-2021-11-20-at-8-18-57-PM_png.rf.cc4bd580ede15e97480ab4eef6d4d330.jpg,d5880af12bef3a15
test,Acral_Lentiginous_Melanoma,Screen-Shot-2021-11-20-at-8-19-36-PM_png.rf.ed8f7cdb6bb37c7478ad5de1cebbe8c4.jpg,C:\Users\venka\Documents\Project\data\processed\test\Acral_Lentiginous_Melanoma\Screen-Shot-2021-11-20-at-8-19-36-PM_png.rf.ed8f7cdb6bb37c7478ad5de1cebbe8c4.jpg,d44b6a9f3fc90909
test,Acral_Lentiginous_Melanoma,Screen-Shot-2021-11-20-at-8-19-44-PM_png.rf.ff99432db18e600c9322229e7f6dfbdd.jpg,C:\Users\venka\Documents\Project\data\processed\test\Acral_Lentiginous_Melanoma\Screen-Shot-2021-11-20-at-8-19-44-PM_png.rf.ff99432db18e600c9322229e7f6dfbdd.jpg,80fc3d3534353a3e
test,Acral_Lentiginous_Melanoma,Screen-Shot-2021-11-20-at-8-19-58-PM_png.rf.ec028e7900c519619ffe896d06ed3563.jpg,C:\Users\venka\Documents\Project\data\processed\test\Acral_Lentiginous_Melanoma\Screen-Shot-2021-11-20-at-8-19-58-PM_png.rf.ec028e7900c519619ffe896d06ed3563.jpg,917d6e223a8b6fc0
test,Acral_Lentiginous_Melanoma,Screen-Shot-2021-11-20-at-8-20-37-PM_png.rf.1177b908bb1bdf00d199844d967a21b6.jpg,C:\Users\venka\Documents\Project\data\processed\test\Acral_Lentiginous_Melanoma\Screen-Shot-2021-11-20-at-8-20-37-PM_png.rf.1177b908bb1bdf00d199844d967a21b6.jpg,86b52f928fd21ec2
test,Acral_Lentiginous_Melanoma,Screen-Shot-2021-11-20-at-8-24-21-PM_png.rf.0f2dbe76a7763a4b85d582ba285fb3d7.jpg,C:\Users\venka\Documents\Project\data\processed\test\Acral_Lentiginous_Melanoma\Screen-Shot-2021-11-20-at-8-24-21-PM_png.rf.0f2dbe76a7763a4b85d582ba285fb3d7.jpg,d3d7286827259a3e
test,Acral_Lentiginous_Melanoma,Screen-Shot-2021-11-20-at-8-24-21-PM_png.rf.265a60011509c37fc669aeb2bc4dd86c.jpg,C:\Users\venka\Documents\Project\data\processed\test\Acral_Lentiginous_Melanoma\Screen-Shot-2021-11-20-at-8-24-21-PM_png.rf.265a60011509c37fc669aeb2bc4dd86c.jpg,d0bf2b002f693de1
test,Acral_Lentiginous_Melanoma,Screen-Shot-2021-11-20-at-8-26-37-PM_png.rf.2c509916dff46da2beafd840d9976060.jpg,C:\Users\venka\Documents\Project\data\processed\test\Acral_Lentiginous_Melanoma\Screen-Shot-2021-11-20-at-8-26-37-PM_png.rf.2c509916dff46da2beafd840d9976060.jpg,d4daca1f0b3e6512
test,Acral_Lentiginous_Melanoma,Screen-Shot-2021-11-20-at-8-26-59-PM_png.rf.3d83a31597c3eea022d92db406a40a34.jpg,C:\Users\venka\Documents\Project\data\processed\test\Acral_Lentiginous_Melanoma\Screen-Shot-2021-11-20-at-8-26-59-PM_png.rf.3d83a31597c3eea022d92db406a40a34.jpg,d593e02f70b54bb0
test,Acral_Lentiginous_Melanoma,Screen-Shot-2021-11-20-at-8-28-25-PM_png.rf.3f90a16cdb98234cf27b2b42847c369b.jpg,C:\Users\venka\Documents\Project\data\processed\test\Acral_Lentiginous_Melanoma\Screen-Shot-2021-11-20-at-8-28-25-PM_png.rf.3f90a16cdb98234cf27b2b42847c369b.jpg,d2262579970e34db
test,Acral_Lentiginous_Melanoma,Screen-Shot-2021-11-20-at-8-28-59-PM_png.rf.0bea19500f8b69b961a6c6a79017704f.jpg,C:\Users\venka\Documents\Project\data\processed\test\Acral_Lentiginous_Melanoma\Screen-Shot-2021-11-20-at-8-28-59-PM_png.rf.0bea19500f8b69b961a6c6a79017704f.jpg,80d7173e3f786a60
test,Acral_Lentiginous_Melanoma,Screen-Shot-2021-11-20-at-8-29-24-PM_png.rf.6cf07d1e9803394a8a589e241a272ab8.jpg,C:\Users\venka\Documents\Project\data\processed\test\Acral_Lentiginous_Melanoma\Screen-Shot-2021-11-20-at-8-29-24-PM_png.rf.6cf07d1e9803394a8a589e241a272ab8.jpg,80d47be07b427f4a
test,Acral_Lentiginous_Melanoma,Screen-Shot-2021-11-20-at-8-34-56-PM_png.rf.72ce587793ab2915b099dc0e0991d666.jpg,C:\Users\venka\Documents\Project\data\processed\test\Acral_Lentiginous_Melanoma\Screen-Shot-2021-11-20-at-8-34-56-PM_png.rf.72ce587793ab2915b099dc0e0991d666.jpg,d52a5a4528a7157f
test,Acral_Lentiginous_Melanoma,Screen-Shot-2021-11-20-at-8-35-45-PM_png.rf.d8bf9d4fce4fbf529a7bc20a35774965.jpg,C:\Users\venka\Documents\Project\data\processed\test\Acral_Lentiginous_Melanoma\Screen-Shot-2021-11-20-at-8-35-45-PM_png.rf.d8bf9d4fce4fbf529a7bc20a35774965.jpg,c1a57a952fda2dc0
test,Acral_Lentiginous_Melanoma,Screen-Shot-2021-11-20-at-8-36-28-PM_png.rf.4f19bcd940707d52c460b9928b0c0b9e.jpg,C:\Users\venka\Documents\Project\data\processed\test\Acral_Lentiginous_Melanoma\Screen-Shot-2021-11-20-at-8-36-28-PM_png.rf.4f19bcd940707d52c460b9928b0c0b9e.jpg,95dedcc1c64b262a
test,Acral_Lentiginous_Melanoma,Screen-Shot-2021-11-20-at-8-36-28-PM_png.rf.a0ef3501b28b4449d2f6e29070d68df0.jpg,C:\Users\venka\Documents\Project\data\processed\test\Acral_Lentiginous_Melanoma\Screen-Shot-2021-11-20-at-8-36-28-PM_png.rf.a0ef3501b28b4449d2f6e29070d68df0.jpg,81757a7e6f2a2a22
test,Acral_Lentiginous_Melanoma,Screen-Shot-2021-11-20-at-8-37-53-PM_png.rf.151e47104229715650edf3d2c616cd97.jpg,C:\Users\venka\Documents\Project\data\processed\test\Acral_Lentiginous_Melanoma\Screen-Shot-2021-11-20-at-8-37-53-PM_png.rf.151e47104229715650edf3d2c616cd97.jpg,e03f07705fc17ac2
test,Acral_Lentiginous_Melanoma,Screen-Shot-2021-11-20-at-9-40-12-PM_png.rf.70c56945c09ee61fabe87c2d49b43524.jpg,C:\Users\venka\Documents\Project\data\processed\test\Acral_Lentiginous_Melanoma\Screen-Shot-2021-11-20-at-9-40-12-PM_png.rf.70c56945c09ee61fabe87c2d49b43524.jpg,95c8634f6fb58c30
test,Acral_Lentiginous_Melanoma,Screen-Shot-2021-11-20-at-9-40-12-PM_png.rf.a64261b30e41669e1bda873e33209cb8.jpg,C:\Users\venka\Documents\Project\data\processed\test\Acral_Lentiginous_Melanoma\Screen-Shot-2021-11-20-at-9-40-12-PM_png.rf.a64261b30e41669e1bda873e33209cb8.jpg,85957a2b3a65c51e
test,Acral_Lentiginous_Melanoma,Screen-Shot-2021-11-20-at-9-40-24-PM_png.rf.2e583a7fc84f93371b442de3084d0dec.jpg,C:\Users\venka\Documents\Project\data\processed\test\Acral_Lentiginous_Melanoma\Screen-Shot-2021-11-20-at-9-40-24-PM_png.rf.2e583a7fc84f93371b442de3084d0dec.jpg,91786e97e52b85b0
test,Acral_Lentiginous_Melanoma,Screen-Shot-2021-11-20-at-9-40-24-PM_png.rf.a13698104d86da1cf606e43a4b261213.jpg,C:\Users\venka\Documents\Project\data\processed\test\Acral_Lentiginous_Melanoma\Screen-Shot-2021-11-20-at-9-40-24-PM_png.rf.a13698104d86da1cf606e43a4b261213.jpg,d31c0de33596e619
test,Acral_Lentiginous_Melanoma,Screen-Shot-2021-11-20-at-9-40-40-PM_png.rf.4f81e7421f562007071bed7301865fbf.jpg,C:\Users\venka\Documents\Project\data\processed\test\Acral_Lentiginous_Melanoma\Screen-Shot-2021-11-20-at-9-40-40-PM_png.rf.4f81e7421f562007071bed7301865fbf.jpg,c2633e1e2d36699c
test,Acral_Lentiginous_Melanoma,Screen-Shot-2021-11-20-at-9-44-26-PM_png.rf.40c5dc15cf021028b66093a6950f24d3.jpg,C:\Users\venka\Documents\Project\data\processed\test\Acral_Lentiginous_Melanoma\Screen-Shot-2021-11-20-at-9-44-26-PM_png.rf.40c5dc15cf021028b66093a6950f24d3.jpg,95d12b237c3f7016
test,Acral_Lentiginous_Melanoma,Screen-Shot-2021-11-20-at-9-44-34-PM_png.rf.4fa5a021cf00243d0650ba18e6fd1986.jpg,C:\Users\venka\Documents\Project\data\processed\test\Acral_Lentiginous_Melanoma\Screen-Shot-2021-11-20-at-9-44-34-PM_png.rf.4fa5a021cf00243d0650ba18e6fd1986.jpg,811b3af029d32fd3
test,blue_finger,3537c880a6f711e688859b4b6be08695-Fig_3A_red-purple_discoloration_JPG.rf.61c1f59c35c9ae93a89c356b3d0786eb.jpg,C:\Users\venka\Documents\Project\data\processed\test\blue_finger\3537c880a6f711e688859b4b6be08695-Fig_3A_red-purple_discoloration_JPG.rf.61c1f59c35c9ae93a89c356b3d0786eb.jpg,80bf3f913d642d51
test,blue_finger,3537c880a6f711e688859b4b6be08695-Fig_3A_red-purple_discoloration_JPG.rf.9c6f3181cc588acd8bad259f00e3cab3.jpg,C:\Users\venka\Documents\Project\data\processed\test\blue_finger\3537c880a6f711e688859b4b6be08695-Fig_3A_red-purple_discoloration_JPG.rf.9c6f3181cc588acd8bad259f00e3cab3.jpg,84d07abb59866787
test,blue_finger,Screen-Shot-2021-10-15-at-10-36-15-AM_png.rf.07fe9e00799550cf0f7834112b8b1a9d.jpg,C:\Users\venka\Documents\Project\data\processed\test\blue_finger\Screen-Shot-2021-10-15-at-10-36-15-AM_png.rf.07fe9e00799550cf0f7834112b8b1a9d.jpg,d0d0cf860f1f0f1d
test,blue_finger,Screen-Shot-2021-10-15-at-10-36-15-AM_png.rf.4dc9d4e3de78f1e786a5620c9e491a25.jpg,C:\Users\venka\Documents\Project\data\processed\test\blue_finger\Screen-Shot-2021-10-15-at-10-36-15-AM_png.rf.4dc9d4e3de78f1e786a5620c9e491a25.jpg,95b552356a9a2f4a
test,blue_finger,Screen-Shot-2021-10-15-at-10-36-37-AM_png.rf.06f237bfd23271070895d3a22d742b18.jpg,C:\Users\venka\Documents\Project\data\processed\test\blue_finger\Screen-Shot-2021-10-15-at-10-36-37-AM_png.rf.06f237bfd23271070895d3a22d742b18.jpg,c0c011717f1f6a3f
test,blue_finger,Screen-Shot-2021-10-15-at-10-36-41-AM_png.rf.ead8fc33ed8772a6c1493ae9e7109253.jpg,C:\Users\venka\Documents\Project\data\processed\test\blue_finger\Screen-Shot-2021-10-15-at-10-36-41-AM_png.rf.ead8fc33ed8772a6c1493ae9e7109253.jpg,c0d04e8f1b1d1f37
test,blue_finger,Screen-Shot-2021-10-15-at-10-38-28-AM_png.rf.4d8428e243af7ff56330dbe382c35d31.jpg,C:\Users\venka\Documents\Project\data\processed\test\blue_finger\Screen-Shot-2021-10-15-at-10-38-28-AM_png.rf.4d8428e243af7ff56330dbe382c35d31.jpg,95b55a97468b0b87
test,blue_finger,Screen-Shot-2021-10-15-at-10-38-37-AM_png.rf.0070f2e5afc63e4dbe2ccf36a8992c91.jpg,C:\Users\venka\Documents\Project\data\processed\test\blue_finger\Screen-Shot-2021-10-15-at-10-38-37-AM_png.rf.0070f2e5afc63e4dbe2ccf36a8992c91.jpg,c0d43f783f23490f
test,blue_finger,Screen-Shot-2021-10-15-at-10-38-37-AM_png.rf.db278dce2e507e7c5ea6bb019de05d71.jpg,C:\Users\venka\Documents\Project\data\processed\test\blue_finger\Screen-Shot-2021-10-15-at-10-38-37-AM_png.rf.db278dce2e507e7c5ea6bb019de05d71.jpg,85a71ada5ec85aca
test,blue_finger,Screen-Shot-2021-10-15-at-10-39-17-AM_png.rf.3511fce5a257d00f145d61aba9123e8c.jpg,C:\Users\venka\Documents\Project\data\processed\test\blue_finger\Screen-Shot-2021-10-15-at-10-39-17-AM_png.rf.3511fce5a257d00f145d61aba9123e8c.jpg,de7e21290d23499f
test,blue_finger,Screen-Shot-2021-10-15-at-10-39-29-AM_png.rf.c55061cef102fdab5dcb7ecc681b98c1.jpg,C:\Users\venka\Documents\Project\data\processed\test\blue_finger\Screen-Shot-2021-10-15-at-10-39-29-AM_png.rf.c55061cef102fdab5dcb7ecc681b98c1.jpg,90f46e8b610b1f2f
test,blue_finger,Screen-Shot-2021-10-15-at-10-39-37-AM_png.rf.a5656d52ec986465d46d9c237e9491fb.jpg,C:\Users\venka\Documents\Project\data\processed\test\blue_finger\Screen-Shot-2021-10-15-at-10-39-37-AM_png.rf.a5656d52ec986465d46d9c237e9491fb.jpg,fc6e23830b3d1738
test,blue_finger,Screen-Shot-2021-10-15-at-10-40-07-AM_png.rf.ac1bd481a7768d536d4b898885ff708f.jpg,C:\Users\venka\Documents\Project\data\processed\test\blue_finger\Screen-Shot-2021-10-15-at-10-40-07-AM_png.rf.ac1bd481a7768d536d4b898885ff708f.jpg,c05f4b293f863792
test,blue_finger,Screen-Shot-2021-10-15-at-10-43-46-AM_png.rf.020015f536c0f6cd8b87421b50930bf2.jpg,C:\Users\venka\Documents\Project\data\processed\test\blue_finger\Screen-Shot-2021-10-15-at-10-43-46-AM_png.rf.020015f536c0f6cd8b87421b50930bf2.jpg,886b17c657485fc9
test,blue_finger,Screen-Shot-2021-10-15-at-10-43-46-AM_png.rf.f6e7ef3e2a91b5aa0dbfcd5290d756fb.jpg,C:\Users\venka\Documents\Project\data\processed\test\blue_finger\Screen-Shot-2021-10-15-at-10-43-46-AM_png.rf.f6e7ef3e2a91b5aa0dbfcd5290d756fb.jpg,c5a00253537f5b5b
test,blue_finger,Screen-Shot-2021-10-15-at-10-44-24-AM_png.rf.0fc15e7d1ca7e1dd1009010d21c4b025.jpg,C:\Users\venka\Documents\Project\data\processed\test\blue_finger\Screen-Shot-2021-10-15-at-10-44-24-AM_png.rf.0fc15e7d1ca7e1dd1009010d21c4b025.jpg,855a774b2fa42e92
test,blue_finger,Screen-Shot-2021-10-15-at-10-51-25-AM_png.rf.a3d1d5f2dd4092e4490eb46d145115e6.jpg,C:\Users\venka\Documents\Project\data\processed\test\blue_finger\Screen-Shot-2021-10-15-at-10-51-25-AM_png.rf.a3d1d5f2dd4092e4490eb46d145115e6.jpg,80ab7a90d56fe417
test,blue_finger,Screen-Shot-2021-10-15-at-11-10-13-AM_png.rf.bef8259bdd3b9c60cf47440f0f271dfb.jpg,C:\Users\venka\Documents\Project\data\processed\test\blue_finger\Screen-Shot-2021-10-15-at-11-10-13-AM_png.rf.bef8259bdd3b9c60cf47440f0f271dfb.jpg,c5d41e1b9bc35836
test,blue_finger,Screen-Shot-2021-10-15-at-11-10-13-AM_png.rf.f6837256b92b4414bc5bb1ee6f1ae872.jpg,C:\Users\venka\Documents\Project\data\processed\test\blue_finger\Screen-Shot-2021-10-15-at-11-10-13-AM_png.rf.f6837256b92b4414bc5bb1ee6f1ae872.jpg,c04a9a2dbc962f9b
test,blue_finger,Screen-Shot-2021-10-15-at-11-11-16-AM_png.rf.abb7e53099b9167c9c3665332cd601ca.jpg,C:\Users\venka\Documents\Project\data\processed\test\blue_finger\Screen-Shot-2021-10-15-at-11-11-16-AM_png.rf.abb7e53099b9167c9c3665332cd601ca.jpg,84b49bc5c99fc899
test,blue_finger,Screen-Shot-2021-10-15-at-11-11-25-AM_png.rf.e2472a5d8eee70b2b3051b971684bbf2.jpg,C:\Users\venka\Documents\Project\data\processed\test\blue_finger\Screen-Shot-2021-10-15-at-11-11-25-AM_png.rf.e2472a5d8eee70b2b3051b971684bbf2.jpg,d5056a952d4a3f6a
test,blue_finger,Screen-Shot-2021-10-15-at-11-11-25-AM_png.rf.e71f3c9923a9c0976479cf7a61c1e3bf.jpg,C:\Users\venka\Documents\Project\data\processed\test\blue_finger\Screen-Shot-2021-10-15-at-11-11-25-AM_png.rf.e71f3c9923a9c0976479cf7a61c1e3bf.jpg,c0cd639179933bc9
test,blue_finger,Screen-Shot-2021-10-15-at-9-30-50-AM_png.rf.01a0b573ad637eb8c8e635e2af97687b.jpg,C:\Users\venka\Documents\Project\data\processed\test\blue_finger\Screen-Shot-2021-10-15-at-9-30-50-AM_png.rf.01a0b573ad637eb8c8e635e2af97687b.jpg,92693c3e362e3627
test,blue_finger,Screen-Shot-2021-10-15-at-9-30-50-AM_png.rf.0eeec8e1e28fac5468861de0b4875829.jpg,C:\Users\venka\Documents\Project\data\processed\test\blue_finger\Screen-Shot-2021-10-15-at-9-30-50-AM_png.rf.0eeec8e1e28fac5468861de0b4875829.jpg,a0c05f1fb63f8bc0
test,blue_finger,Screen-Shot-2021-10-15-at-9-30-55-AM_png.rf.b6e8276f01038e40c634a684f6efea01.jpg,C:\Users\venka\Documents\Project\data\processed\test\blue_finger\Screen-Shot-2021-10-15-at-9-30-55-AM_png.rf.b6e8276f01038e40c634a684f6efea01.jpg,9e9c994969636c6c
test,blue_finger,Screen-Shot-2021-10-15-at-9-31-06-AM_png.rf.0c1f8e2620181d26281be1dae5767134.jpg,C:\Users\venka\Documents\Project\data\processed\test\blue_finger\Screen-Shot-2021-10-15-at-9-31-06-AM_png.rf.0c1f8e2620181d26281be1dae5767134.jpg,f5e84a359f1bc481
test,blue_finger,Screen-Shot-2021-11-22-at-10-05-18-PM_png.rf.3001a131b94fa69e07a045c4dea95aa8.jpg,C:\Users\venka\Documents\Project\data\processed\test\blue_finger\Screen-Shot-2021-11-22-at-10-05-18-PM_png.rf.3001a131b94fa69e07a045c4dea95aa8.jpg,d0a02bd3455f4f71
test,blue_finger,Screen-Shot-2021-11-22-at-10-06-57-PM_png.rf.37ea9a70aed08c17111561f7ff997b58.jpg,C:\Users\venka\Documents\Project\data\processed\test\blue_finger\Screen-Shot-2021-11-22-at-10-06-57-PM_png.rf.37ea9a70aed08c17111561f7ff997b58.jpg,c06a4e627a786e3b
test,blue_finger,Screen-Shot-2021-11-22-at-10-09-28-PM_png.rf.492c16db531a69e5dd109057208e1300.jpg,C:\Users\venka\Documents\Project\data\processed\test\blue_finger\Screen-Shot-2021-11-22-at-10-09-28-PM_png.rf.492c16db531a69e5dd109057208e1300.jpg,80587fab3da6c0f4
test,blue_finger,Screen-Shot-2021-11-22-at-10-09-58-PM_png.rf.ed3e4c485a4cb3f6af073a31b1ce112e.jpg,C:\Users\venka\Documents\Project\data\processed\test\blue_finger\Screen-Shot-2021-11-22-at-10-09-58-PM_png.rf.ed3e4c485a4cb3f6af073a31b1ce112e.jpg,c53f54974a030b3f
test,blue_finger,Screen-Shot-2021-11-22-at-10-09-58-PM_png.rf.f357adca933ff843d33f651fea90a597.jpg,C:\Users\venka\Documents\Project\data\processed\test\blue_finger\Screen-Shot-2021-11-22-at-10-09-58-PM_png.rf.f357adca933ff843d33f651fea90a597.jpg,809f17955f97289c
test,blue_finger,Screen-Shot-2021-11-22-at-4-49-53-PM_png.rf.f269cc724a0412f2f709e7fe2105b56a.jpg,C:\Users\venka\Documents\Project\data\processed\test\blue_finger\Screen-Shot-2021-11-22-at-4-49-53-PM_png.rf.f269cc724a0412f2f709e7fe2105b56a.jpg,d5422afd3ab4d894
test,blue_finger,Screen-Shot-2021-11-22-at-4-50-45-PM_png.rf.09f6901091920ba4e757969e9a61a283.jpg,C:\Users\venka\Documents\Project\data\processed\test\blue_finger\Screen-Shot-2021-11-22-at-4-50-45-PM_png.rf.09f6901091920ba4e757969e9a61a283.jpg,d5622ab52a9d1a8f
test,blue_finger,Screen-Shot-2021-11-22-at-4-57-31-PM_png.rf.fb3f46396a157401c25ce607e8ea475b.jpg,C:\Users\venka\Documents\Project\data\processed\test\blue_finger\Screen-Shot-2021-11-22-at-4-57-31-PM_png.rf.fb3f46396a157401c25ce607e8ea475b.jpg,95cb26249a937b93
test,blue_finger,Screen-Shot-2021-11-22-at-4-57-51-PM_png.rf.d1a6fe9f251911fc2a5fe4cb1b75e848.jpg,C:\Users\venka\Documents\Project\data\processed\test\blue_finger\Screen-Shot-2021-11-22-at-4-57-51-PM_png.rf.d1a6fe9f251911fc2a5fe4cb1b75e848.jpg,d5b52ad1084e9d7a
test,blue_finger,Screen-Shot-2021-11-22-at-5-01-41-PM_png.rf.9db9fb4e806cc607b53d538a9e84904b.jpg,C:\Users\venka\Documents\Project\data\processed\test\blue_finger\Screen-Shot-2021-11-22-at-5-01-41-PM_png.rf.9db9fb4e806cc607b53d538a9e84904b.jpg,d5213bcece3118ce
test,blue_finger,Screen-Shot-2021-11-22-at-5-02-29-PM_png.rf.b395747583bcccc59638dfd47b0bfebb.jpg,C:\Users\venka\Documents\Project\data\processed\test\blue_finger\Screen-Shot-2021-11-22-at-5-02-29-PM_png.rf.b395747583bcccc59638dfd47b0bfebb.jpg,95f44fc734854713
test,blue_finger,Screen-Shot-2021-11-22-at-5-03-01-PM_png.rf.5a7a6f1d4a3731323942f3bd47425522.jpg,C:\Users\venka\Documents\Project\data\processed\test\blue_finger\Screen-Shot-2021-11-22-at-5-03-01-PM_png.rf.5a7a6f1d4a3731323942f3bd47425522.jpg,85d4729c7a977898
test,blue_finger,Screen-Shot-2021-11-22-at-5-03-11-PM_png.rf.7ce4545c923eb10b2bd8215d89c18c0b.jpg,C:\Users\venka\Documents\Project\data\processed\test\blue_finger\Screen-Shot-2021-11-22-at-5-03-11-PM_png.rf.7ce4545c923eb10b2bd8215d89c18c0b.jpg,ad0b52f42dd6243e
test,blue_finger,Screen-Shot-2021-11-22-at-5-05-41-PM_png.rf.d66dc6eaa47882611fb807a638bd93ee.jpg,C:\Users\venka\Documents\Project\data\processed\test\blue_finger\Screen-Shot-2021-11-22-at-5-05-41-PM_png.rf.d66dc6eaa47882611fb807a638bd93ee.jpg,dd3d658b06853ac6
test,blue_finger,Screen-Shot-2021-11-22-at-5-05-43-PM_png.rf.d2a0a8780d0baba489dd43395501bd74.jpg,C:\Users\venka\Documents\Project\data\processed\test\blue_finger\Screen-Shot-2021-11-22-at-5-05-43-PM_png.rf.d2a0a8780d0baba489dd43395501bd74.jpg,c56a526d2e3e1672
test,blue_finger,Screen-Shot-2021-11-22-at-5-06-00-PM_png.rf.8385f1d0fe91b9f590e39c3acc4378e3.jpg,C:\Users\venka\Documents\Project\data\processed\test\blue_finger\Screen-Shot-2021-11-22-at-5-06-00-PM_png.rf.8385f1d0fe91b9f590e39c3acc4378e3.jpg,f0e04dca1ecd13d9
test,blue_finger,Screen-Shot-2021-11-22-at-5-06-33-PM_png.rf.a6ffd33551d7738fd2a05e5ebe6a1de5.jpg,C:\Users\venka\Documents\Project\data\processed\test\blue_finger\Screen-Shot-2021-11-22-at-5-06-33-PM_png.rf.a6ffd33551d7738fd2a05e5ebe6a1de5.jpg,e0a0878d9fa53dc6
test,blue_finger,Screen-Shot-2021-11-22-at-5-09-59-PM_png.rf.1c6a1bd2cbb3d89a30fd2e7f31af107d.jpg,C:\Users\venka\Documents\Project\data\processed\test\blue_finger\Screen-Shot-2021-11-22-at-5-09-59-PM_png.rf.1c6a1bd2cbb3d89a30fd2e7f31af107d.jpg,d0089ff16b946f92
test,blue_finger,Screen-Shot-2021-11-22-at-5-09-59-PM_png.rf.3734ea96fa04a2f97710416b20f0691e.jpg,C:\Users\venka\Documents\Project\data\processed\test\blue_finger\Screen-Shot-2021-11-22-at-5-09-59-PM_png.rf.3734ea96fa04a2f97710416b20f0691e.jpg,a2d55e6b75261a29
test,blue_finger,Screen-Shot-2021-11-22-at-5-10-07-PM_png.rf.15ea6de8993357568365d6c4430f3c9a.jpg,C:\Users\venka\Documents\Project\data\processed\test\blue_finger\Screen-Shot-2021-11-22-at-5-10-07-PM_png.rf.15ea6de8993357568365d6c4430f3c9a.jpg,e0f80f0f0f0f0f0f
test,blue_finger,Screen-Shot-2021-11-22-at-5-10-07-PM_png.rf.ada79554aca0a8499888c1d6555d77f5.jpg,C:\Users\venka\Documents\Project\data\processed\test\blue_finger\Screen-Shot-2021-11-22-at-5-10-07-PM_png.rf.ada79554aca0a8499888c1d6555d77f5.jpg,d02b47f10fe81fe0
test,blue_finger,Screen-Shot-2021-11-22-at-5-10-19-PM_png.rf.cbd1ea6045847d8dc5dbcc77046facf4.jpg,C:\Users\venka\Documents\Project\data\processed\test\blue_finger\Screen-Shot-2021-11-22-at-5-10-19-PM_png.rf.cbd1ea6045847d8dc5dbcc77046facf4.jpg,963d9ec51ee019c6
test,blue_finger,Screen-Shot-2021-11-22-at-5-11-17-PM_png.rf.466a3c2438e2b92c3ad377ac73a85da6.jpg,C:\Users\venka\Documents\Project\data\processed\test\blue_finger\Screen-Shot-2021-11-22-at-5-11-17-PM_png.rf.466a3c2438e2b92c3ad377ac73a85da6.jpg,d00f9e7827e01fe1
test,blue_finger,Screen-Shot-2021-11-22-at-5-18-20-PM_png.rf.6d92bf144bc68a2a517d4e49c369ffd6.jpg,C:\Users\venka\Documents\Project\data\processed\test\blue_finger\Screen-Shot-2021-11-22-at-5-18-20-PM_png.rf.6d92bf144bc68a2a517d4e49c369ffd6.jpg,e0d09f8fcf1a9429
test,blue_finger,Screen-Shot-2021-11-22-at-5-21-20-PM_png.rf.2b7b4897930f3d239886649a6bb64e86.jpg,C:\Users\venka\Documents\Project\data\processed\test\blue_finger\Screen-Shot-2021-11-22-at-5-21-20-PM_png.rf.2b7b4897930f3d239886649a6bb64e86.jpg,90b727cc8fc90fc4
test,blue_finger,Screen-Shot-2021-11-22-at-5-22-06-PM_png.rf.38183b58151112d579c5710e33fb89a4.jpg,C:\Users\venka\Documents\Project\data\processed\test\blue_finger\Screen-Shot-2021-11-22-at-5-22-06-PM_png.rf.38183b58151112d579c5710e33fb89a4.jpg,80bf853c1f317387
test,blue_finger,Screen-Shot-2021-11-22-at-5-23-38-PM_png.rf.01e1d9f47bebcf86d7616b943066af08.jpg,C:\Users\venka\Documents\Project\data\processed\test\blue_finger\Screen-Shot-2021-11-22-at-5-23-38-PM_png.rf.01e1d9f47bebcf86d7616b943066af08.jpg,c23d60c33f6d34c3
test,blue_finger,Screen-Shot-2021-11-22-at-5-25-44-PM_png.rf.73b993cbf96344d526979b2501698433.jpg,C:\Users\venka\Documents\Project\data\processed\test\blue_finger\Screen-Shot-2021-11-22-at-5-25-44-PM_png.rf.73b993cbf96344d526979b2501698433.jpg,c5957ce55a954895
test,blue_finger,Screen-Shot-2021-11-22-at-5-26-02-PM_png.rf.bf53966750be2dcf733d84487f188e90.jpg,C:\Users\venka\Documents\Project\data\processed\test\blue_finger\Screen-Shot-2021-11-22-at-5-26-02-PM_png.rf.bf53966750be2dcf733d84487f188e90.jpg,d4214a554dea47e7
test,blue_finger,Screen-Shot-2021-11-22-at-5-26-29-PM_png.rf.b4ad0e5b8c86c9bea3a46075a6f6542e.jpg,C:\Users\venka\Documents\Project\data\processed\test\blue_finger\Screen-Shot-2021-11-22-at-5-26-29-PM_png.rf.b4ad0e5b8c86c9bea3a46075a6f6542e.jpg,d52a7e364ab16985
test,blue_finger,Screen-Shot-2021-11-22-at-5-26-45-PM_png.rf.8bf2c580a12de7f991b427e2adae6510.jpg,C:\Users\venka\Documents\Project\data\processed\test\blue_finger\Screen-Shot-2021-11-22-at-5-26-45-PM_png.rf.8bf2c580a12de7f991b427e2adae6510.jpg,c5a286d976494b67
test,blue_finger,Screen-Shot-2021-11-22-at-5-26-45-PM_png.rf.e4b25faa14eb7488d36c86bd7c44b305.jpg,C:\Users\venka\Documents\Project\data\processed\test\blue_finger\Screen-Shot-2021-11-22-at-5-26-45-PM_png.rf.e4b25faa14eb7488d36c86bd7c44b305.jpg,94a0d0df43de4e71
test,blue_finger,Screen-Shot-2021-11-22-at-5-27-14-PM_png.rf.80ded82ebb475a2687e76e30a3ac3b5b.jpg,C:\Users\venka\Documents\Project\data\processed\test\blue_finger\Screen-Shot-2021-11-22-at-5-27-14-PM_png.rf.80ded82ebb475a2687e76e30a3ac3b5b.jpg,95e37b956b031b81
test,blue_finger,Screen-Shot-2021-11-22-at-5-27-22-PM_png.rf.5d0d94967de6ec88184d00d361245754.jpg,C:\Users\venka\Documents\Project\data\processed\test\blue_finger\Screen-Shot-2021-11-22-at-5-27-22-PM_png.rf.5d0d94967de6ec88184d00d361245754.jpg,d5ea309946cc6ab3
test,blue_finger,Screen-Shot-2021-11-22-at-5-27-22-PM_png.rf.ddf028f68cbeef3978069e3df0fb9e65.jpg,C:\Users\venka\Documents\Project\data\processed\test\blue_finger\Screen-Shot-2021-11-22-at-5-27-22-PM_png.rf.ddf028f68cbeef3978069e3df0fb9e65.jpg,803f65c41bc93f63
test,blue_finger,Screen-Shot-2021-11-22-at-5-27-36-PM_png.rf.7a6a624912158d8d9d9476d013fe2498.jpg,C:\Users\venka\Documents\Project\data\processed\test\blue_finger\Screen-Shot-2021-11-22-at-5-27-36-PM_png.rf.7a6a624912158d8d9d9476d013fe2498.jpg,c4773c3f0169586b
test,blue_finger,Screen-Shot-2021-11-22-at-5-29-14-PM_png.rf.96fb8142058a66342b87b8d66400a16c.jpg,C:\Users\venka\Documents\Project\data\processed\test\blue_finger\Screen-Shot-2021-11-22-at-5-29-14-PM_png.rf.96fb8142058a66342b87b8d66400a16c.jpg,c06241ea1f633fe3
test,blue_finger,Screen-Shot-2021-11-22-at-8-14-15-PM_png.rf.f3eaacf8f1ccfc85715030c4e45c1d7d.jpg,C:\Users\venka\Documents\Project\data\processed\test\blue_finger\Screen-Shot-2021-11-22-at-8-14-15-PM_png.rf.f3eaacf8f1ccfc85715030c4e45c1d7d.jpg,d5d53f43580a5a0f
test,blue_finger,Screen-Shot-2021-11-22-at-8-15-47-PM_png.rf.41441eb32a11a4aa4fdbe12dfae48e5a.jpg,C:\Users\venka\Documents\Project\data\processed\test\blue_finger\Screen-Shot-2021-11-22-at-8-15-47-PM_png.rf.41441eb32a11a4aa4fdbe12dfae48e5a.jpg,80b4c3a1c5e557d7
test,blue_finger,Screen-Shot-2021-11-22-at-8-15-51-PM_png.rf.1af0403480df0fefa1690f770c7c2a1b.jpg,C:\Users\venka\Documents\Project\data\processed\test\blue_finger\Screen-Shot-2021-11-22-at-8-15-51-PM_png.rf.1af0403480df0fefa1690f770c7c2a1b.jpg,8556d8214b2d5f3d
test,blue_finger,Screen-Shot-2021-11-22-at-8-19-18-PM_png.rf.5b65c72771d63f6ed8e08fa9d3dfab09.jpg,C:\Users\venka\Documents\Project\data\processed\test\blue_finger\Screen-Shot-2021-11-22-at-8-19-18-PM_png.rf.5b65c72771d63f6ed8e08fa9d3dfab09.jpg,d04a63fd0fc0ccd5
test,blue_finger,Screen-Shot-2021-11-22-at-8-25-46-PM_png.rf.30ea5662db91ff960aec64c609a6a8d5.jpg,C:\Users\venka\Documents\Project\data\processed\test\blue_finger\Screen-Shot-2021-11-22-at-8-25-46-PM_png.rf.30ea5662db91ff960aec64c609a6a8d5.jpg,d54e02335ab96ed4
test,blue_finger,Screen-Shot-2021-11-22-at-8-51-01-PM_png.rf.68d97cc811337faf3cbdbf2273a2b9ae.jpg,C:\Users\venka\Documents\Project\data\processed\test\blue_finger\Screen-Shot-2021-11-22-at-8-51-01-PM_png.rf.68d97cc811337faf3cbdbf2273a2b9ae.jpg,856e38a678b56396
test,blue_finger,Screen-Shot-2021-11-22-at-8-56-36-PM_png.rf.26fb550fbb52755e0121d2582b8da075.jpg,C:\Users\venka\Documents\Project\data\processed\test\blue_finger\Screen-Shot-2021-11-22-at-8-56-36-PM_png.rf.26fb550fbb52755e0121d2582b8da075.jpg,8ac3756e4dd07661
test,blue_finger,Screen-Shot-2021-11-22-at-8-56-36-PM_png.rf.b95298004c99cf60a837116cc391655e.jpg,C:\Users\venka\Documents\Project\data\processed\test\blue_finger\Screen-Shot-2021-11-22-at-8-56-36-PM_png.rf.b95298004c99cf60a837116cc391655e.jpg,80d56a945dda963b
test,blue_finger,Screen-Shot-2021-11-22-at-9-05-44-PM_png.rf.e7dc8a7529828409c6abf084a909ab63.jpg,C:\Users\venka\Documents\Project\data\processed\test\blue_finger\Screen-Shot-2021-11-22-at-9-05-44-PM_png.rf.e7dc8a7529828409c6abf084a909ab63.jpg,d085b7960fd821dd
test,blue_finger,Screen-Shot-2021-11-22-at-9-06-56-PM_png.rf.36a82022f24ece9ea6ab485d77a6d183.jpg,C:\Users\venka\Documents\Project\data\processed\test\blue_finger\Screen-Shot-2021-11-22-at-9-06-56-PM_png.rf.36a82022f24ece9ea6ab485d77a6d183.jpg,d46d2b162d823d8f
test,blue_finger,Screen-Shot-2021-11-22-at-9-07-07-PM_png.rf.37aad7959a09fc9a3b3875b5a9e3c34c.jpg,C:\Users\venka\Documents\Project\data\processed\test\blue_finger\Screen-Shot-2021-11-22-at-9-07-07-PM_png.rf.37aad7959a09fc9a3b3875b5a9e3c34c.jpg,c1c39f9ec6863c70
test,blue_finger,Screen-Shot-2021-11-22-at-9-07-19-PM_png.rf.36ffc481f0ba738038dcfe2741fe5940.jpg,C:\Users\venka\Documents\Project\data\processed\test\blue_finger\Screen-Shot-2021-11-22-at-9-07-19-PM_png.rf.36ffc481f0ba738038dcfe2741fe5940.jpg,95d2ca6b3a356338
test,blue_finger,Screen-Shot-2021-11-22-at-9-08-36-PM_png.rf.a528a8c595c5b7986856d6129ea42d3c.jpg,C:\Users\venka\Documents\Project\data\processed\test\blue_finger\Screen-Shot-2021-11-22-at-9-08-36-PM_png.rf.a528a8c595c5b7986856d6129ea42d3c.jpg,800fc55ac77a5e71
test,blue_finger,Screen-Shot-2021-11-22-at-9-14-59-PM_png.rf.76f068f0b26fc6f70a15f257a9ac93fd.jpg,C:\Users\venka\Documents\Project\data\processed\test\blue_finger\Screen-Shot-2021-11-22-at-9-14-59-PM_png.rf.76f068f0b26fc6f70a15f257a9ac93fd.jpg,a957116847ce2ead
test,blue_finger,Screen-Shot-2021-11-22-at-9-14-59-PM_png.rf.9754845a46f8dd808a596d4a33772990.jpg,C:\Users\venka\Documents\Project\data\processed\test\blue_finger\Screen-Shot-2021-11-22-at-9-14-59-PM_png.rf.9754845a46f8dd808a596d4a33772990.jpg,811f1d3853eb6ac5
test,blue_finger,Screen-Shot-2021-11-22-at-9-15-03-PM_png.rf.0ca2b665877c5ea8efe18dd32b984fb0.jpg,C:\Users\venka\Documents\Project\data\processed\test\blue_finger\Screen-Shot-2021-11-22-at-9-15-03-PM_png.rf.0ca2b665877c5ea8efe18dd32b984fb0.jpg,d0d6c727e0872d9c
test,blue_finger,Screen-Shot-2021-11-22-at-9-21-08-PM_png.rf.7629e9308b9daf87d7f382aed6484ffc.jpg,C:\Users\venka\Documents\Project\data\processed\test\blue_finger\Screen-Shot-2021-11-22-at-9-21-08-PM_png.rf.7629e9308b9daf87d7f382aed6484ffc.jpg,f03f03043ff03fe0
test,blue_finger,Screen-Shot-2021-11-22-at-9-21-16-PM_png.rf.3d91d82844db3c62c756fcf83380dc86.jpg,C:\Users\venka\Documents\Project\data\processed\test\blue_finger\Screen-Shot-2021-11-22-at-9-21-16-PM_png.rf.3d91d82844db3c62c756fcf83380dc86.jpg,c0d478f0951f6b95
test,blue_finger,Screen-Shot-2021-11-22-at-9-21-29-PM_png.rf.40e53d088645919548dd48db035fbe43.jpg,C:\Users\venka\Documents\Project\data\processed\test\blue_finger\Screen-Shot-2021-11-22-at-9-21-29-PM_png.rf.40e53d088645919548dd48db035fbe43.jpg,c0bf3f601f053fc0
test,blue_finger,Screen-Shot-2021-11-22-at-9-22-07-PM_png.rf.4d30071c130d972080b3785c7c01561e.jpg,C:\Users\venka\Documents\Project\data\processed\test\blue_finger\Screen-Shot-2021-11-22-at-9-22-07-PM_png.rf.4d30071c130d972080b3785c7c01561e.jpg,80ef7c7c61706751
test,blue_finger,Screen-Shot-2021-11-22-at-9-22-07-PM_png.rf.a1d378a55d47c364fc0a76bb561ec87c.jpg,C:\Users\venka\Documents\Project\data\processed\test\blue_finger\Screen-Shot-2021-11-22-at-9-22-07-PM_png.rf.a1d378a55d47c364fc0a76bb561ec87c.jpg,d5e84a5449622def
test,blue_finger,Screen-Shot-2021-11-22-at-9-46-05-PM_png.rf.13a0a4edd6a71541b44ff9c5c285767d.jpg,C:\Users\venka\Documents\Project\data\processed\test\blue_finger\Screen-Shot-2021-11-22-at-9-46-05-PM_png.rf.13a0a4edd6a71541b44ff9c5c285767d.jpg,8d4971b636ce265c
test,blue_finger,Screen-Shot-2021-11-22-at-9-46-24-PM_png.rf.f1a68de9eacbc4cd145b70e320ef0cc3.jpg,C:\Users\venka\Documents\Project\data\processed\test\blue_finger\Screen-Shot-2021-11-22-at-9-46-24-PM_png.rf.f1a68de9eacbc4cd145b70e320ef0cc3.jpg,c0c466bb1d3f0b17
test,blue_finger,Screen-Shot-2021-11-22-at-9-47-35-PM_png.rf.505a66d48d60cb030e85e72d119e7f37.jpg,C:\Users\venka\Documents\Project\data\processed\test\blue_finger\Screen-Shot-2021-11-22-at-9-47-35-PM_png.rf.505a66d48d60cb030e85e72d119e7f37.jpg,c077216b0a2f3f2e
test,blue_finger,Screen-Shot-2021-11-22-at-9-47-46-PM_png.rf.5767f23837819a3424406e0bcaca9c1e.jpg,C:\Users\venka\Documents\Project\data\processed\test\blue_finger\Screen-Shot-2021-11-22-at-9-47-46-PM_png.rf.5767f23837819a3424406e0bcaca9c1e.jpg,d009477742f70377
test,blue_finger,Screen-Shot-2021-11-22-at-9-48-08-PM_png.rf.b8d10c7bcecb25a76368119160145050.jpg,C:\Users\venka\Documents\Project\data\processed\test\blue_finger\Screen-Shot-2021-11-22-at-9-48-08-PM_png.rf.b8d10c7bcecb25a76368119160145050.jpg,d19d21663f62da83
test,blue_finger,Screen-Shot-2021-11-22-at-9-48-12-PM_png.rf.053a264251be1a0ec09ec9bfc2afbe6f.jpg,C:\Users\venka\Documents\Project\data\processed\test\blue_finger\Screen-Shot-2021-11-22-at-9-48-12-PM_png.rf.053a264251be1a0ec09ec9bfc2afbe6f.jpg,c21e6c696b696768
test,blue_finger,Screen-Shot-2021-11-22-at-9-52-22-PM_png.rf.b23cbd970380f38ba9248ff79feefbf7.jpg,C:\Users\venka\Documents\Project\data\processed\test\blue_finger\Screen-Shot-2021-11-22-at-9-52-22-PM_png.rf.b23cbd970380f38ba9248ff79feefbf7.jpg,d4854b7e4a5a4a7a
test,blue_finger,Screen-Shot-2021-11-22-at-9-52-28-PM_png.rf.5fbfb09ce288bf9a626d87bc6a112df1.jpg,C:\Users\venka\Documents\Project\data\processed\test\blue_finger\Screen-Shot-2021-11-22-at-9-52-28-PM_png.rf.5fbfb09ce288bf9a626d87bc6a112df1.jpg,81e4965a5a6d2d6e
test,clubbing,Screen-Shot-2021-10-26-at-10-55-01-AM_png.rf.5f2e03aeb43211ebbb6a444ba152cba9.jpg,C:\Users\venka\Documents\Project\data\processed\test\clubbing\Screen-Shot-2021-10-26-at-10-55-01-AM_png.rf.5f2e03aeb43211ebbb6a444ba152cba9.jpg,901f6fe09fc0913d
test,clubbing,Screen-Shot-2021-10-26-at-10-55-32-AM_png.rf.0840a231643150725432dabc8d30e8cc.jpg,C:\Users\venka\Documents\Project\data\processed\test\clubbing\Screen-Shot-2021-10-26-at-10-55-32-AM_png.rf.0840a231643150725432dabc8d30e8cc.jpg,94c06ad26fca656d
test,clubbing,Screen-Shot-2021-10-26-at-10-56-07-AM_png.rf.ae07df95a8e9c42a2252e03674b66586.jpg,C:\Users\venka\Documents\Project\data\processed\test\clubbing\Screen-Shot-2021-10-26-at-10-56-07-AM_png.rf.ae07df95a8e9c42a2252e03674b66586.jpg,979266d39e87188e
test,clubbing,Screen-Shot-2021-10-26-at-10-56-32-AM_png.rf.c4cac3f6cf2d3548b6ef8ca807e46b24.jpg,C:\Users\venka\Documents\Project\data\processed\test\clubbing\Screen-Shot-2021-10-26-at-10-56-32-AM_png.rf.c4cac3f6cf2d3548b6ef8ca807e46b24.jpg,92636918343f6f6c
test,clubbing,Screen-Shot-2021-10-26-at-10-59-07-AM_png.rf.823070e42ed6f44abff710ccc1b081c6.jpg,C:\Users\venka\Documents\Project\data\processed\test\clubbing\Screen-Shot-2021-10-26-at-10-59-07-AM_png.rf.823070e42ed6f44abff710ccc1b081c6.jpg,9795081bf6e46d49
test,clubbing,Screen-Shot-2021-10-26-at-11-06-37-AM_png.rf.848db8082735038b6d175424e105ecd1.jpg,C:\Users\venka\Documents\Project\data\processed\test\clubbing\Screen-Shot-2021-10-26-at-11-06-37-AM_png.rf.848db8082735038b6d175424e105ecd1.jpg,d0252ff0248f33f6
test,clubbing,Screen-Shot-2021-10-26-at-11-11-50-AM_png.rf.b2d73c991f1ccea144f06be455b8a88e.jpg,C:\Users\venka\Documents\Project\data\processed\test\clubbing\Screen-Shot-2021-10-26-at-11-11-50-AM_png.rf.b2d73c991f1ccea144f06be455b8a88e.jpg,80b5171d7d3c6574
test,clubbing,Screen-Shot-2021-10-26-at-12-09-28-PM_png.rf.1b2bfb63b6e848f2cb0257c23a2a356b.jpg,C:\Users\venka\Documents\Project\data\processed\test\clubbing\Screen-Shot-2021-10-26-at-12-09-28-PM_png.rf.1b2bfb63b6e848f2cb0257c23a2a356b.jpg,c0887d616547756f
test,clubbing,Screen-Shot-2021-10-26-at-12-10-09-PM_png.rf.f4c82e47c0a61911dfac76d4ea33990f.jpg,C:\Users\venka\Documents\Project\data\processed\test\clubbing\Screen-Shot-2021-10-26-at-12-10-09-PM_png.rf.f4c82e47c0a61911dfac76d4ea33990f.jpg,d50b2af4c66bd11a
test,clubbing,Screen-Shot-2021-10-26-at-12-10-57-PM_png.rf.0873270d15ef63fa42d0840d1b0e585f.jpg,C:\Users\venka\Documents\Project\data\processed\test\clubbing\Screen-Shot-2021-10-26-at-12-10-57-PM_png.rf.0873270d15ef63fa42d0840d1b0e585f.jpg,d5956e4a309f425b
test,clubbing,Screen-Shot-2021-10-26-at-12-11-28-PM_png.rf.15b3ed6c2c4a71a625e70dca3640efa7.jpg,C:\Users\venka\Documents\Project\data\processed\test\clubbing\Screen-Shot-2021-10-26-at-12-11-28-PM_png.rf.15b3ed6c2c4a71a625e70dca3640efa7.jpg,80c04b3b7f3d84f6
test,clubbing,Screen-Shot-2021-10-26-at-12-15-17-PM_png.rf.ffbfed825ee6e11a40fc20fc3de957b3.jpg,C:\Users\venka\Documents\Project\data\processed\test\clubbing\Screen-Shot-2021-10-26-at-12-15-17-PM_png.rf.ffbfed825ee6e11a40fc20fc3de957b3.jpg,d5a02ad007df3f85
test,clubbing,Screen-Shot-2021-10-26-at-12-17-59-PM_png.rf.8950a258a5ec8868257ad1be50b04757.jpg,C:\Users\venka\Documents\Project\data\processed\test\clubbing\Screen-Shot-2021-10-26-at-12-17-59-PM_png.rf.8950a258a5ec8868257ad1be50b04757.jpg,c2d869932d9b2dd8
test,clubbing,Screen-Shot-2021-10-26-at-12-18-05-PM_png.rf.c44192826aa24181590b3dc3ee04f513.jpg,C:\Users\venka\Documents\Project\data\processed\test\clubbing\Screen-Shot-2021-10-26-at-12-18-05-PM_png.rf.c44192826aa24181590b3dc3ee04f513.jpg,b5aa0a150a5af56f
test,clubbing,Screen-Shot-2021-10-26-at-12-18-14-PM_png.rf.a1c111dcf95d2ace421b0247b930ee4d.jpg,C:\Users\venka\Documents\Project\data\processed\test\clubbing\Screen-Shot-2021-10-26-at-12-18-14-PM_png.rf.a1c111dcf95d2ace421b0247b930ee4d.jpg,87cf0e8c79946d92
test,clubbing,Screen-Shot-2021-10-26-at-12-18-14-PM_png.rf.aaecc0ac15292ccbd8fb3c73e10f73cc.jpg,C:\Users\venka\Documents\Project\data\processed\test\clubbing\Screen-Shot-2021-10-26-at-12-18-14-PM_png.rf.aaecc0ac15292ccbd8fb3c73e10f73cc.jpg,c7852f8c3d926d92
test,clubbing,Screen-Shot-2021-10-26-at-12-19-42-PM_png.rf.a207d95975adf673c2ed337972c0e473.jpg,C:\Users\venka\Documents\Project\data\processed\test\clubbing\Screen-Shot-2021-10-26-at-12-19-42-PM_png.rf.a207d95975adf673c2ed337972c0e473.jpg,98e066dacd669a1b
test,clubbing,Screen-Shot-2021-10-26-at-12-20-45-PM_png.rf.825c42cb87cfc4149f8544f071197394.jpg,C:\Users\venka\Documents\Project\data\processed\test\clubbing\Screen-Shot-2021-10-26-at-12-20-45-PM_png.rf.825c42cb87cfc4149f8544f071197394.jpg,d48533b26e9362d3
test,clubbing,Screen-Shot-2021-11-22-at-10-03-16-AM_png.rf.64f08adc096c4e23701c831236c16823.jpg,C:\Users\venka\Documents\Project\data\processed\test\clubbing\Screen-Shot-2021-11-22-at-10-03-16-AM_png.rf.64f08adc096c4e23701c831236c16823.jpg,95d547bb45964a92
test,clubbing,Screen-Shot-2021-11-22-at-10-03-41-AM_png.rf.906702d00e7575645cf16fb52d1f5e66.jpg,C:\Users\venka\Documents\Project\data\processed\test\clubbing\Screen-Shot-2021-11-22-at-10-03-41-AM_png.rf.906702d00e7575645cf16fb52d1f5e66.jpg,f59d04272b2c7ad2
test,clubbing,Screen-Shot-2021-11-22-at-10-04-13-AM_png.rf.3562a50510bd354ef11b00e371311238.jpg,C:\Users\venka\Documents\Project\data\processed\test\clubbing\Screen-Shot-2021-11-22-at-10-04-13-AM_png.rf.3562a50510bd354ef11b00e371311238.jpg,96bc69684a636f68
test,clubbing,Screen-Shot-2021-11-22-at-10-06-39-AM_png.rf.58ef1df86a89e82334ee24c5665b4aae.jpg,C:\Users\venka\Documents\Project\data\processed\test\clubbing\Screen-Shot-2021-11-22-at-10-06-39-AM_png.rf.58ef1df86a89e82334ee24c5665b4aae.jpg,d0dd0b0a0b2d2f3f
test,clubbing,Screen-Shot-2021-11-22-at-10-07-11-AM_png.rf.4e2bbc8165ef7bac6abab2c215915d9a.jpg,C:\Users\venka\Documents\Project\data\processed\test\clubbing\Screen-Shot-2021-11-22-at-10-07-11-AM_png.rf.4e2bbc8165ef7bac6abab2c215915d9a.jpg,81709e6b3d2e1b2d
test,clubbing,Screen-Shot-2021-11-22-at-10-07-55-AM_png.rf.88f7d63e8831b420c94925e9f9b1ec9b.jpg,C:\Users\venka\Documents\Project\data\processed\test\clubbing\Screen-Shot-2021-11-22-at-10-07-55-AM_png.rf.88f7d63e8831b420c94925e9f9b1ec9b.jpg,958186cb4bda4fcc
test,clubbing,Screen-Shot-2021-11-22-at-10-07-58-AM_png.rf.0d670f2167ff3db0d399cf00489fa9fa.jpg,C:\Users\venka\Documents\Project\data\processed\test\clubbing\Screen-Shot-2021-11-22-at-10-07-58-AM_png.rf.0d670f2167ff3db0d399cf00489fa9fa.jpg,d294c8d865cd4f66
test,clubbing,Screen-Shot-2021-11-22-at-10-08-21-AM_png.rf.1ec690cd167e11390f43845b7f85ccab.jpg,C:\Users\venka\Documents\Project\data\processed\test\clubbing\Screen-Shot-2021-11-22-at-10-08-21-AM_png.rf.1ec690cd167e11390f43845b7f85ccab.jpg,d50c2a7b2ed07a95
test,clubbing,Screen-Shot-2021-11-22-at-10-08-26-AM_png.rf.992852a9de4863cbb6c6bb2fc8ef7925.jpg,C:\Users\venka\Documents\Project\data\processed\test\clubbing\Screen-Shot-2021-11-22-at-10-08-26-AM_png.rf.992852a9de4863cbb6c6bb2fc8ef7925.jpg,d5e86a462b1e2d35
test,clubbing,Screen-Shot-2021-11-22-at-10-08-26-AM_png.rf.e3f3a71763229d71ad20488913be885b.jpg,C:\Users\venka\Documents\Project\data\processed\test\clubbing\Screen-Shot-2021-11-22-at-10-08-26-AM_png.rf.e3f3a71763229d71ad20488913be885b.jpg,c0f06f850e972b9b
test,clubbing,Screen-Shot-2021-11-22-at-10-08-34-AM_png.rf.a12c3f2112961f9dce6ef7a8b7bc37c6.jpg,C:\Users\venka\Documents\Project\data\processed\test\clubbing\Screen-Shot-2021-11-22-at-10-08-34-AM_png.rf.a12c3f2112961f9dce6ef7a8b7bc37c6.jpg,80e05f1a7d3fa037
test,clubbing,Screen-Shot-2021-11-22-at-10-08-48-AM_png.rf.1f67f0f26661405d908c290b74fbab6d.jpg,C:\Users\venka\Documents\Project\data\processed\test\clubbing\Screen-Shot-2021-11-22-at-10-08-48-AM_png.rf.1f67f0f26661405d908c290b74fbab6d.jpg,cb366c4b6d686865
test,clubbing,Screen-Shot-2021-11-22-at-10-08-48-AM_png.rf.a35cb96c1b4932b38675baa4da6442c8.jpg,C:\Users\venka\Documents\Project\data\processed\test\clubbing\Screen-Shot-2021-11-22-at-10-08-48-AM_png.rf.a35cb96c1b4932b38675baa4da6442c8.jpg,88757f9aa288c877
test,clubbing,Screen-Shot-2021-11-22-at-10-08-54-AM_png.rf.58db074772c1c19fe21ba955fca0c1fa.jpg,C:\Users\venka\Documents\Project\data\processed\test\clubbing\Screen-Shot-2021-11-22-at-10-08-54-AM_png.rf.58db074772c1c19fe21ba955fca0c1fa.jpg,d56a220d3f942b97
test,clubbing,Screen-Shot-2021-11-22-at-10-08-58-AM_png.rf.891a59a684e4aa130584feb57c36844f.jpg,C:\Users\venka\Documents\Project\data\processed\test\clubbing\Screen-Shot-2021-11-22-at-10-08-58-AM_png.rf.891a59a684e4aa130584feb57c36844f.jpg,c6958ed38ccac9ca
test,clubbing,Screen-Shot-2021-11-22-at-10-09-14-AM_png.rf.b34027fd03440771ddfa1bb721b55345.jpg,C:\Users\venka\Documents\Project\data\processed\test\clubbing\Screen-Shot-2021-11-22-at-10-09-14-AM_png.rf.b34027fd03440771ddfa1bb721b55345.jpg,d4219b64e3974dd8
test,clubbing,Screen-Shot-2021-11-22-at-10-09-18-AM_png.rf.f026b272b907c1bd3c1cae540e63cf77.jpg,C:\Users\venka\Documents\Project\data\processed\test\clubbing\Screen-Shot-2021-11-22-at-10-09-18-AM_png.rf.f026b272b907c1bd3c1cae540e63cf77.jpg,85d45e2b579a1e25
test,clubbing,Screen-Shot-2021-11-22-at-10-14-30-PM_png.rf.6264f590e12ffb013d85062089029f3d.jpg,C:\Users\venka\Documents\Project\data\processed\test\clubbing\Screen-Shot-2021-11-22-at-10-14-30-PM_png.rf.6264f590e12ffb013d85062089029f3d.jpg,958d6cda62c74cd8
test,clubbing,Screen-Shot-2021-11-22-at-10-15-44-PM_png.rf.59970395942ab249a252978800d02709.jpg,C:\Users\venka\Documents\Project\data\processed\test\clubbing\Screen-Shot-2021-11-22-at-10-15-44-PM_png.rf.59970395942ab249a252978800d02709.jpg,9d2530936c5966db
test,clubbing,Screen-Shot-2021-11-22-at-4-55-22-PM_png.rf.c32c1d79a3ca22a518b487956deb4a70.jpg,C:\Users\venka\Documents\Project\data\processed\test\clubbing\Screen-Shot-2021-11-22-at-4-55-22-PM_png.rf.c32c1d79a3ca22a518b487956deb4a70.jpg,f8bf8199c595c48a
test,clubbing,Screen-Shot-2021-11-22-at-4-55-25-PM_png.rf.c60c3ccf8f66f9161f6360b0b75bff71.jpg,C:\Users\venka\Documents\Project\data\processed\test\clubbing\Screen-Shot-2021-11-22-at-4-55-25-PM_png.rf.c60c3ccf8f66f9161f6360b0b75bff71.jpg,845f3148b12ddf35
test,clubbing,Screen-Shot-2021-11-22-at-5-01-12-PM_png.rf.f3dd030bb4700f6fc1d50126ef72d710.jpg,C:\Users\venka\Documents\Project\data\processed\test\clubbing\Screen-Shot-2021-11-22-at-5-01-12-PM_png.rf.f3dd030bb4700f6fc1d50126ef72d710.jpg,85d092c3db8f5d0d
test,clubbing,Screen-Shot-2021-11-22-at-8-05-33-AM_png.rf.d9d0293f6039183897c66c2c1bd13d58.jpg,C:\Users\venka\Documents\Project\data\processed\test\clubbing\Screen-Shot-2021-11-22-at-8-05-33-AM_png.rf.d9d0293f6039183897c66c2c1bd13d58.jpg,d00f7aca23fa03f8
test,clubbing,Screen-Shot-2021-11-22-at-8-07-54-AM_png.rf.e96b06941e97472672758cd4c6805ea5.jpg,C:\Users\venka\Documents\Project\data\processed\test\clubbing\Screen-Shot-2021-11-22-at-8-07-54-AM_png.rf.e96b06941e97472672758cd4c6805ea5.jpg,c0052fe86a7a6bf2
test,clubbing,Screen-Shot-2021-11-22-at-8-13-50-AM_png.rf.bc822cb53b1ef5353230a7d662c58461.jpg,C:\Users\venka\Documents\Project\data\processed\test\clubbing\Screen-Shot-2021-11-22-at-8-13-50-AM_png.rf.bc822cb53b1ef5353230a7d662c58461.jpg,d5f962c521023f1f
test,clubbing,Screen-Shot-2021-11-22-at-8-13-50-AM_png.rf.f0a8f1e1c14da7c8d26cbd4bbaa5d06f.jpg,C:\Users\venka\Documents\Project\data\processed\test\clubbing\Screen-Shot-2021-11-22-at-8-13-50-AM_png.rf.f0a8f1e1c14da7c8d26cbd4bbaa5d06f.jpg,d00d7a6f407f0376
test,clubbing,Screen-Shot-2021-11-22-at-8-17-06-AM_png.rf.43dd941178ffd7250648e78678a01c97.jpg,C:\Users\venka\Documents\Project\data\processed\test\clubbing\Screen-Shot-2021-11-22-at-8-17-06-AM_png.rf.43dd941178ffd7250648e78678a01c97.jpg,c5e83f397a0e4a38
test,clubbing,Screen-Shot-2021-11-22-at-8-17-11-AM_png.rf.ba1dfc85d4eba51c26ea6a0391e8a164.jpg,C:\Users\venka\Documents\Project\data\processed\test\clubbing\Screen-Shot-2021-11-22-at-8-17-11-AM_png.rf.ba1dfc85d4eba51c26ea6a0391e8a164.jpg,807776e0684a2f5f
test,clubbing,Screen-Shot-2021-11-22-at-8-17-57-AM_png.rf.9b4e7008be1b4109042bf228911dae0f.jpg,C:\Users\venka\Documents\Project\data\processed\test\clubbing\Screen-Shot-2021-11-22-at-8-17-57-AM_png.rf.9b4e7008be1b4109042bf228911dae0f.jpg,b07f67c00f942fa2
test,clubbing,Screen-Shot-2021-11-22-at-8-20-33-AM_png.rf.9db53c5bca070888b82ee3ce77d36402.jpg,C:\Users\venka\Documents\Project\data\processed\test\clubbing\Screen-Shot-2021-11-22-at-8-20-33-AM_png.rf.9db53c5bca070888b82ee3ce77d36402.jpg,889f673126b328de
test,clubbing,Screen-Shot-2021-11-22-at-8-20-33-AM_png.rf.b7160c4cb2cbf61432d59885aa2ef685.jpg,C:\Users\venka\Documents\Project\data\processed\test\clubbing\Screen-Shot-2021-11-22-at-8-20-33-AM_png.rf.b7160c4cb2cbf61432d59885aa2ef685.jpg,98b5651a6f18666b
test,clubbing,Screen-Shot-2021-11-22-at-8-22-42-AM_png.rf.e80ff2bfd285183499834eb56c2bb7aa.jpg,C:\Users\venka\Documents\Project\data\processed\test\clubbing\Screen-Shot-2021-11-22-at-8-22-42-AM_png.rf.e80ff2bfd285183499834eb56c2bb7aa.jpg,f5a0c2974a9d5a95
test,clubbing,Screen-Shot-2021-11-22-at-8-23-26-AM_png.rf.05e4a199e9fb81db9530318ae77ede87.jpg,C:\Users\venka\Documents\Project\data\processed\test\clubbing\Screen-Shot-2021-11-22-at-8-23-26-AM_png.rf.05e4a199e9fb81db9530318ae77ede87.jpg,88b51595686a6f6b
test,clubbing,Screen-Shot-2021-11-22-at-8-24-20-AM_png.rf.6244638f2ee4017f89bd4af7761fc93b.jpg,C:\Users\venka\Documents\Project\data\processed\test\clubbing\Screen-Shot-2021-11-22-at-8-24-20-AM_png.rf.6244638f2ee4017f89bd4af7761fc93b.jpg,c0a235f532f213db
test,clubbing,Screen-Shot-2021-11-22-at-8-24-28-AM_png.rf.646ce5615bd3fa4ca32501f3459b98f4.jpg,C:\Users\venka\Documents\Project\data\processed\test\clubbing\Screen-Shot-2021-11-22-at-8-24-28-AM_png.rf.646ce5615bd3fa4ca32501f3459b98f4.jpg,c0df6538dea75884
test,clubbing,Screen-Shot-2021-11-22-at-8-26-00-AM_png.rf.4267e7cc1df3c74e5a03e3f94363f120.jpg,C:\Users\venka\Documents\Project\data\processed\test\clubbing\Screen-Shot-2021-11-22-at-8-26-00-AM_png.rf.4267e7cc1df3c74e5a03e3f94363f120.jpg,d4d4361b0b2b0d3f
test,clubbing,Screen-Shot-2021-11-22-at-8-28-12-AM_png.rf.4abdff903c407e7b25027fb3c800c0ef.jpg,C:\Users\venka\Documents\Project\data\processed\test\clubbing\Screen-Shot-2021-11-22-at-8-28-12-AM_png.rf.4abdff903c407e7b25027fb3c800c0ef.jpg,85d45eab70950b9e
test,clubbing,Screen-Shot-2021-11-22-at-8-28-22-AM_png.rf.71818e1225bab4d82ebb3c2fffde4bd4.jpg,C:\Users\venka\Documents\Project\data\processed\test\clubbing\Screen-Shot-2021-11-22-at-8-28-22-AM_png.rf.71818e1225bab4d82ebb3c2fffde4bd4.jpg,c56a247f36743b24
test,clubbing,Screen-Shot-2021-11-22-at-8-28-22-AM_png.rf.ef9bef5c9f26b0daac69bbf74ea5fcb2.jpg,C:\Users\venka\Documents\Project\data\processed\test\clubbing\Screen-Shot-2021-11-22-at-8-28-22-AM_png.rf.ef9bef5c9f26b0daac69bbf74ea5fcb2.jpg,c04b2f7d347e3036
test,clubbing,Screen-Shot-2021-11-22-at-8-30-42-AM_png.rf.b7a30351aa88c649ee5d3bc45091151b.jpg,C:\Users\venka\Documents\Project\data\processed\test\clubbing\Screen-Shot-2021-11-22-at-8-30-42-AM_png.rf.b7a30351aa88c649ee5d3bc45091151b.jpg,d0bd65b4c3434b4b
test,clubbing,Screen-Shot-2021-11-22-at-8-30-46-AM_png.rf.cab2f9119a8d7ba60ab7aa77b752cd52.jpg,C:\Users\venka\Documents\Project\data\processed\test\clubbing\Screen-Shot-2021-11-22-at-8-30-46-AM_png.rf.cab2f9119a8d7ba60ab7aa77b752cd52.jpg,c0e03dd05fc7622f
test,clubbing,Screen-Shot-2021-11-22-at-8-35-57-AM_png.rf.01ad598806819c2301ec5e6ab4eb41e3.jpg,C:\Users\venka\Documents\Project\data\processed\test\clubbing\Screen-Shot-2021-11-22-at-8-35-57-AM_png.rf.01ad598806819c2301ec5e6ab4eb41e3.jpg,80d478fc51a70bd7
test,clubbing,Screen-Shot-2021-11-22-at-8-35-57-AM_png.rf.351680c7a59b4ac1813c3745d5e4f262.jpg,C:\Users\venka\Documents\Project\data\processed\test\clubbing\Screen-Shot-2021-11-22-at-8-35-57-AM_png.rf.351680c7a59b4ac1813c3745d5e4f262.jpg,d57a3d6923570607
test,clubbing,Screen-Shot-2021-11-22-at-8-36-52-AM_png.rf.3be64201c01c27b2b3a9edcbea8b209e.jpg,C:\Users\venka\Documents\Project\data\processed\test\clubbing\Screen-Shot-2021-11-22-at-8-36-52-AM_png.rf.3be64201c01c27b2b3a9edcbea8b209e.jpg,d5953c0f2a2d3837
test,clubbing,Screen-Shot-2021-11-22-at-8-36-52-AM_png.rf.f86f0b2533b3d4166fa3acc0fefb05bc.jpg,C:\Users\venka\Documents\Project\data\processed\test\clubbing\Screen-Shot-2021-11-22-at-8-36-52-AM_png.rf.f86f0b2533b3d4166fa3acc0fefb05bc.jpg,80992db9aca53fc6
test,clubbing,Screen-Shot-2021-11-22-at-8-40-06-AM_png.rf.d95ab12cabe0c32e56cf72b9cd9fe779.jpg,C:\Users\venka\Documents\Project\data\processed\test\clubbing\Screen-Shot-2021-11-22-at-8-40-06-AM_png.rf.d95ab12cabe0c32e56cf72b9cd9fe779.jpg,c0e537988f611bc7
test,clubbing,Screen-Shot-2021-11-22-at-8-44-44-AM_png.rf.f111cda1cf4b4f51d5edae527d5b45b8.jpg,C:\Users\venka\Documents\Project\data\processed\test\clubbing\Screen-Shot-2021-11-22-at-8-44-44-AM_png.rf.f111cda1cf4b4f51d5edae527d5b45b8.jpg,94c0c9971d1e3e3b
test,clubbing,Screen-Shot-2021-11-22-at-8-44-48-AM_png.rf.4dd1941561265e606fde5de0776d637d.jpg,C:\Users\venka\Documents\Project\data\processed\test\clubbing\Screen-Shot-2021-11-22-at-8-44-48-AM_png.rf.4dd1941561265e606fde5de0776d637d.jpg,95c07a9e2b9a2f1a
test,clubbing,Screen-Shot-2021-11-22-at-8-44-54-AM_png.rf.1958a178c3e962063d9721f589e78484.jpg,C:\Users\venka\Documents\Project\data\processed\test\clubbing\Screen-Shot-2021-11-22-at-8-44-54-AM_png.rf.1958a178c3e962063d9721f589e78484.jpg,ddd82285213ebe78
test,clubbing,Screen-Shot-2021-11-22-at-8-45-05-AM_png.rf.46b44e46fb9edc4f9c966c107c72045d.jpg,C:\Users\venka\Documents\Project\data\processed\test\clubbing\Screen-Shot-2021-11-22-at-8-45-05-AM_png.rf.46b44e46fb9edc4f9c966c107c72045d.jpg,95c4686883373fbc
test,clubbing,Screen-Shot-2021-11-22-at-8-45-38-AM_png.rf.d6e8d529d948d5c45e1c4b2b540d1628.jpg,C:\Users\venka\Documents\Project\data\processed\test\clubbing\Screen-Shot-2021-11-22-at-8-45-38-AM_png.rf.d6e8d529d948d5c45e1c4b2b540d1628.jpg,c43f619c2d0761db
test,clubbing,Screen-Shot-2021-11-22-at-8-46-56-AM_png.rf.6b360725b3b913902827498fa401433e.jpg,C:\Users\venka\Documents\Project\data\processed\test\clubbing\Screen-Shot-2021-11-22-at-8-46-56-AM_png.rf.6b360725b3b913902827498fa401433e.jpg,c0812fda2dc91e7e
test,clubbing,Screen-Shot-2021-11-22-at-8-59-55-AM_png.rf.b6dfb68ee47bf0f2b704662d42520539.jpg,C:\Users\venka\Documents\Project\data\processed\test\clubbing\Screen-Shot-2021-11-22-at-8-59-55-AM_png.rf.b6dfb68ee47bf0f2b704662d42520539.jpg,c4802b7b256d3f35
test,clubbing,Screen-Shot-2021-11-22-at-9-00-08-AM_png.rf.4b9a26de9e1704a230905ec0e1db3a91.jpg,C:\Users\venka\Documents\Project\data\processed\test\clubbing\Screen-Shot-2021-11-22-at-9-00-08-AM_png.rf.4b9a26de9e1704a230905ec0e1db3a91.jpg,95c0689f4d9d4e35
test,clubbing,Screen-Shot-2021-11-22-at-9-00-17-AM_png.rf.ecc8dc4624dfa721a8e63b13f0b56adb.jpg,C:\Users\venka\Documents\Project\data\processed\test\clubbing\Screen-Shot-2021-11-22-at-9-00-17-AM_png.rf.ecc8dc4624dfa721a8e63b13f0b56adb.jpg,c5873e373d3d40b0
test,clubbing,Screen-Shot-2021-11-22-at-9-02-53-AM_png.rf.df8b88d5cdf9f8ee491d57490a1b97fc.jpg,C:\Users\venka\Documents\Project\data\processed\test\clubbing\Screen-Shot-2021-11-22-at-9-02-53-AM_png.rf.df8b88d5cdf9f8ee491d57490a1b97fc.jpg,b5ad17956a942a72
test,clubbing,Screen-Shot-2021-11-22-at-9-03-22-AM_png.rf.2fd6ae5ef8d0f22b5bdea06fdb6aa329.jpg,C:\Users\venka\Documents\Project\data\processed\test\clubbing\Screen-Shot-2021-11-22-at-9-03-22-AM_png.rf.2fd6ae5ef8d0f22b5bdea06fdb6aa329.jpg,d580b2c5c8f768f2
test,clubbing,Screen-Shot-2021-11-22-at-9-07-23-AM_png.rf.aa52a8f565a0ec4fa48ba004d7094298.jpg,C:\Users\venka\Documents\Project\data\processed\test\clubbing\Screen-Shot-2021-11-22-at-9-07-23-AM_png.rf.aa52a8f565a0ec4fa48ba004d7094298.jpg,fa70059b1f07354e
test,clubbing,Screen-Shot-2021-11-22-at-9-07-23-AM_png.rf.db6bca37bd7bfda7b5d6da71d40ed410.jpg,C:\Users\venka\Documents\Project\data\processed\test\clubbing\Screen-Shot-2021-11-22-at-9-07-23-AM_png.rf.db6bca37bd7bfda7b5d6da71d40ed410.jpg,c00b0bb52bde2dda
test,clubbing,Screen-Shot-2021-11-22-at-9-09-23-AM_png.rf.678a6ceb45cc8a27d6eb1a0ae004e656.jpg,C:\Users\venka\Documents\Project\data\processed\test\clubbing\Screen-Shot-2021-11-22-at-9-09-23-AM_png.rf.678a6ceb45cc8a27d6eb1a0ae004e656.jpg,c0f04bb54a956f87
test,clubbing,Screen-Shot-2021-11-22-at-9-09-32-AM_png.rf.0df87e571cc956b4b9da457ff332ee0e.jpg,C:\Users\venka\Documents\Project\data\processed\test\clubbing\Screen-Shot-2021-11-22-at-9-09-32-AM_png.rf.0df87e571cc956b4b9da457ff332ee0e.jpg,852f72685a6a4e7a
test,clubbing,Screen-Shot-2021-11-22-at-9-10-55-AM_png.rf.f8dd88bda4d055bdaf662c677c46a48b.jpg,C:\Users\venka\Documents\Project\data\processed\test\clubbing\Screen-Shot-2021-11-22-at-9-10-55-AM_png.rf.f8dd88bda4d055bdaf662c677c46a48b.jpg,ed0b113674b56a96
test,clubbing,Screen-Shot-2021-11-22-at-9-12-35-AM_png.rf.48e25c6114eea35771442885c3a4740f.jpg,C:\Users\venka\Documents\Project\data\processed\test\clubbing\Screen-Shot-2021-11-22-at-9-12-35-AM_png.rf.48e25c6114eea35771442885c3a4740f.jpg,d581c2d44b720f77
test,clubbing,Screen-Shot-2021-11-22-at-9-12-35-AM_png.rf.650fbda673c7c782077388543f291bed.jpg,C:\Users\venka\Documents\Project\data\processed\test\clubbing\Screen-Shot-2021-11-22-at-9-12-35-AM_png.rf.650fbda673c7c782077388543f291bed.jpg,f56850720ff31ea1
test,clubbing,Screen-Shot-2021-11-22-at-9-12-35-AM_png.rf.796c65436da4dbb24e906ce9c038e2c8.jpg,C:\Users\venka\Documents\Project\data\processed\test\clubbing\Screen-Shot-2021-11-22-at-9-12-35-AM_png.rf.796c65436da4dbb24e906ce9c038e2c8.jpg,b5915a050b357b3d
test,clubbing,Screen-Shot-2021-11-22-at-9-12-51-AM_png.rf.0a54eac2bc2ca91fd855075b1596320b.jpg,C:\Users\venka\Documents\Project\data\processed\test\clubbing\Screen-Shot-2021-11-22-at-9-12-51-AM_png.rf.0a54eac2bc2ca91fd855075b1596320b.jpg,815f6f7a2e783c20
test,clubbing,Screen-Shot-2021-11-22-at-9-12-51-AM_png.rf.49f7c3abaceded834ab9337a3a63edc0.jpg,C:\Users\venka\Documents\Project\data\processed\test\clubbing\Screen-Shot-2021-11-22-at-9-12-51-AM_png.rf.49f7c3abaceded834ab9337a3a63edc0.jpg,807d771a7e2a6a62
test,clubbing,Screen-Shot-2021-11-22-at-9-13-27-AM_png.rf.d3e03b8c8717e761575477810bfe73f6.jpg,C:\Users\venka\Documents\Project\data\processed\test\clubbing\Screen-Shot-2021-11-22-at-9-13-27-AM_png.rf.d3e03b8c8717e761575477810bfe73f6.jpg,c06a17d47f506f2a
test,clubbing,Screen-Shot-2021-11-22-at-9-15-35-AM_png.rf.a97de4275841aadcb7fa2c7838b4db1b.jpg,C:\Users\venka\Documents\Project\data\processed\test\clubbing\Screen-Shot-2021-11-22-at-9-15-35-AM_png.rf.a97de4275841aadcb7fa2c7838b4db1b.jpg,819f43382f353575
test,clubbing,Screen-Shot-2021-11-22-at-9-23-26-AM_png.rf.9994386352d8c8eeff37bce1fb901387.jpg,C:\Users\venka\Documents\Project\data\processed\test\clubbing\Screen-Shot-2021-11-22-at-9-23-26-AM_png.rf.9994386352d8c8eeff37bce1fb901387.jpg,d5b17e036a2a6a6a
test,clubbing,Screen-Shot-2021-11-22-at-9-23-46-AM_png.rf.db710c6fd04556ba4801ad5a1eaab126.jpg,C:\Users\venka\Documents\Project\data\processed\test\clubbing\Screen-Shot-2021-11-22-at-9-23-46-AM_png.rf.db710c6fd04556ba4801ad5a1eaab126.jpg,81702e2b1eaf5b8e
test,clubbing,Screen-Shot-2021-11-22-at-9-23-46-AM_png.rf.fec46fe89aeb12d01fc837392dd42933.jpg,C:\Users\venka\Documents\Project\data\processed\test\clubbing\Screen-Shot-2021-11-22-at-9-23-46-AM_png.rf.fec46fe89aeb12d01fc837392dd42933.jpg,80547f523f2b249f
test,clubbing,Screen-Shot-2021-11-22-at-9-24-05-AM_png.rf.f2995c3f305ac8dd90a1248dbe331508.jpg,C:\Users\venka\Documents\Project\data\processed\test\clubbing\Screen-Shot-2021-11-22-at-9-24-05-AM_png.rf.f2995c3f305ac8dd90a1248dbe331508.jpg,ad0a106d83745ff6
test,clubbing,Screen-Shot-2021-11-22-at-9-24-37-AM_png.rf.4d09dea1023fdc0d357582f4d4b785f3.jpg,C:\Users\venka\Documents\Project\data\processed\test\clubbing\Screen-Shot-2021-11-22-at-9-24-37-AM_png.rf.4d09dea1023fdc0d357582f4d4b785f3.jpg,f1828ced12b514f7
test,clubbing,Screen-Shot-2021-11-22-at-9-24-45-AM_png.rf.0cf23ca344639d3e905649630b60fee6.jpg,C:\Users\venka\Documents\Project\data\processed\test\clubbing\Screen-Shot-2021-11-22-at-9-24-45-AM_png.rf.0cf23ca344639d3e905649630b60fee6.jpg,d4a10293cfde4b9c
test,clubbing,Screen-Shot-2021-11-22-at-9-24-45-AM_png.rf.672d00f519f7e509a26493303645a3b4.jpg,C:\Users\venka\Documents\Project\data\processed\test\clubbing\Screen-Shot-2021-11-22-at-9-24-45-AM_png.rf.672d00f519f7e509a26493303645a3b4.jpg,b0ddc3880f8f1e2e
test,clubbing,Screen-Shot-2021-11-22-at-9-24-45-AM_png.rf.6cf4fc8c4311a3643dedf28f15453e70.jpg,C:\Users\venka\Documents\Project\data\processed\test\clubbing\Screen-Shot-2021-11-22-at-9-24-45-AM_png.rf.6cf4fc8c4311a3643dedf28f15453e70.jpg,a06853554f725f71
test,clubbing,Screen-Shot-2021-11-22-at-9-27-45-AM_png.rf.5046c5a89ab861f4d84232b901ea8cd9.jpg,C:\Users\venka\Documents\Project\data\processed\test\clubbing\Screen-Shot-2021-11-22-at-9-27-45-AM_png.rf.5046c5a89ab861f4d84232b901ea8cd9.jpg,975078296c2767a7
test,clubbing,Screen-Shot-2021-11-22-at-9-27-51-AM_png.rf.8e6a92146227390b94e99e61bd10c86c.jpg,C:\Users\venka\Documents\Project\data\processed\test\clubbing\Screen-Shot-2021-11-22-at-9-27-51-AM_png.rf.8e6a92146227390b94e99e61bd10c86c.jpg,85a37ac57a946b94
test,clubbing,Screen-Shot-2021-11-22-at-9-31-39-AM_png.rf.555324671795713ce6d995bdeea74e73.jpg,C:\Users\venka\Documents\Project\data\processed\test\clubbing\Screen-Shot-2021-11-22-at-9-31-39-AM_png.rf.555324671795713ce6d995bdeea74e73.jpg,d5953e956a952b11
test,clubbing,Screen-Shot-2021-11-22-at-9-32-29-AM_png.rf.765965c76a4b654e86b8a484d703fd25.jpg,C:\Users\venka\Documents\Project\data\processed\test\clubbing\Screen-Shot-2021-11-22-at-9-32-29-AM_png.rf.765965c76a4b654e86b8a484d703fd25.jpg,802a7e7d5d697870
test,clubbing,Screen-Shot-2021-11-22-at-9-32-29-AM_png.rf.cd375c15ccba6d1a6ff951941def24da.jpg,C:\Users\venka\Documents\Project\data\processed\test\clubbing\Screen-Shot-2021-11-22-at-9-32-29-AM_png.rf.cd375c15ccba6d1a6ff951941def24da.jpg,d5ca40d56ac76ac5
test,clubbing,Screen-Shot-2021-11-22-at-9-34-36-AM_png.rf.45f9e092dc84cf51593207ab2e7c43ae.jpg,C:\Users\venka\Documents\Project\data\processed\test\clubbing\Screen-Shot-2021-11-22-at-9-34-36-AM_png.rf.45f9e092dc84cf51593207ab2e7c43ae.jpg,c79f38604f475c4c
test,clubbing,Screen-Shot-2021-11-22-at-9-37-40-AM_png.rf.b684d83c144a38eb2c052ab08fe85089.jpg,C:\Users\venka\Documents\Project\data\processed\test\clubbing\Screen-Shot-2021-11-22-at-9-37-40-AM_png.rf.b684d83c144a38eb2c052ab08fe85089.jpg,9694786b03e70f8d
test,clubbing,Screen-Shot-2021-11-22-at-9-37-40-AM_png.rf.ca50435bef56ddeb8e5bfe7266077ce9.jpg,C:\Users\venka\Documents\Project\data\processed\test\clubbing\Screen-Shot-2021-11-22-at-9-37-40-AM_png.rf.ca50435bef56ddeb8e5bfe7266077ce9.jpg,da84716d237507f2
test,clubbing,Screen-Shot-2021-11-22-at-9-40-07-AM_png.rf.9dc1009f07d7125bb0806fe5f9ba47cc.jpg,C:\Users\venka\Documents\Project\data\processed\test\clubbing\Screen-Shot-2021-11-22-at-9-40-07-AM_png.rf.9dc1009f07d7125bb0806fe5f9ba47cc.jpg,c2453cea476a27ad
test,clubbing,Screen-Shot-2021-11-22-at-9-43-45-AM_png.rf.56fee80d27742f442483f6b027ee264e.jpg,C:\Users\venka\Documents\Project\data\processed\test\clubbing\Screen-Shot-2021-11-22-at-9-43-45-AM_png.rf.56fee80d27742f442483f6b027ee264e.jpg,95a76a99356e405e
test,clubbing,Screen-Shot-2021-11-22-at-9-44-03-AM_png.rf.9401cc63fb535352ac86210116e80ab8.jpg,C:\Users\venka\Documents\Project\data\processed\test\clubbing\Screen-Shot-2021-11-22-at-9-44-03-AM_png.rf.9401cc63fb535352ac86210116e80ab8.jpg,c5093aee4af285da
test,clubbing,Screen-Shot-2021-11-22-at-9-44-21-AM_png.rf.50b585f50a7a4210279659b499d803d4.jpg,C:\Users\venka\Documents\Project\data\processed\test\clubbing\Screen-Shot-2021-11-22-at-9-44-21-AM_png.rf.50b585f50a7a4210279659b499d803d4.jpg,c46a3f8d3c93c613
test,clubbing,Screen-Shot-2021-11-22-at-9-44-40-AM_png.rf.b86d00c09dce9b97af3940e831451e54.jpg,C:\Users\venka\Documents\Project\data\processed\test\clubbing\Screen-Shot-2021-11-22-at-9-44-40-AM_png.rf.b86d00c09dce9b97af3940e831451e54.jpg,80c06fea77855397
test,clubbing,Screen-Shot-2021-11-22-at-9-46-12-AM_png.rf.46e1daca426e6e5f8f6c27e540bb28e1.jpg,C:\Users\venka\Documents\Project\data\processed\test\clubbing\Screen-Shot-2021-11-22-at-9-46-12-AM_png.rf.46e1daca426e6e5f8f6c27e540bb28e1.jpg,f56a1ac42c952f95
test,clubbing,Screen-Shot-2021-11-22-at-9-46-26-AM_png.rf.d3740348b45a14f9b95d15cb5e006885.jpg,C:\Users\venka\Documents\Project\data\processed\test\clubbing\Screen-Shot-2021-11-22-at-9-46-26-AM_png.rf.d3740348b45a14f9b95d15cb5e006885.jpg,95297ac27a962d9a
test,clubbing,Screen-Shot-2021-11-22-at-9-47-47-AM_png.rf.02c095bdea32f613b07cdb6a4b520e8f.jpg,C:\Users\venka\Documents\Project\data\processed\test\clubbing\Screen-Shot-2021-11-22-at-9-47-47-AM_png.rf.02c095bdea32f613b07cdb6a4b520e8f.jpg,97bf29392dcc04c6
test,clubbing,Screen-Shot-2021-11-22-at-9-47-47-AM_png.rf.8fe4165935f688aa623924e02bc3e742.jpg,C:\Users\venka\Documents\Project\data\processed\test\clubbing\Screen-Shot-2021-11-22-at-9-47-47-AM_png.rf.8fe4165935f688aa623924e02bc3e742.jpg,947d29c42f72272b
test,clubbing,Screen-Shot-2021-11-22-at-9-51-13-AM_png.rf.13f4b161a98ed0705b4e56c958779034.jpg,C:\Users\venka\Documents\Project\data\processed\test\clubbing\Screen-Shot-2021-11-22-at-9-51-13-AM_png.rf.13f4b161a98ed0705b4e56c958779034.jpg,9ddad0312aeb22e5
test,clubbing,Screen-Shot-2021-11-22-at-9-51-13-AM_png.rf.807c98d7e07ed9d1a1d7b28df5ff54d7.jpg,C:\Users\venka\Documents\Project\data\processed\test\clubbing\Screen-Shot-2021-11-22-at-9-51-13-AM_png.rf.807c98d7e07ed9d1a1d7b28df5ff54d7.jpg,809f60f85fe05ee2
test,clubbing,Screen-Shot-2021-11-22-at-9-51-19-AM_png.rf.3582c1a69fb0c9d647ae4e0ae48801c7.jpg,C:\Users\venka\Documents\Project\data\processed\test\clubbing\Screen-Shot-2021-11-22-at-9-51-19-AM_png.rf.3582c1a69fb0c9d647ae4e0ae48801c7.jpg,95626a945d5f594a
test,clubbing,Screen-Shot-2021-11-22-at-9-54-00-AM_png.rf.a1cb3285513e08923efd4ae8701c77ba.jpg,C:\Users\venka\Documents\Project\data\processed\test\clubbing\Screen-Shot-2021-11-22-at-9-54-00-AM_png.rf.a1cb3285513e08923efd4ae8701c77ba.jpg,80b77f287a2a60ee
test,clubbing,Screen-Shot-2021-11-22-at-9-54-05-AM_png.rf.042afb5867566686adb519a5eb0cc372.jpg,C:\Users\venka\Documents\Project\data\processed\test\clubbing\Screen-Shot-2021-11-22-at-9-54-05-AM_png.rf.042afb5867566686adb519a5eb0cc372.jpg,952b6ac53ac57a94
test,clubbing,Screen-Shot-2021-11-22-at-9-56-30-AM_png.rf.10eeab93960298c89432e2b5f9c7706b.jpg,C:\Users\venka\Documents\Project\data\processed\test\clubbing\Screen-Shot-2021-11-22-at-9-56-30-AM_png.rf.10eeab93960298c89432e2b5f9c7706b.jpg,a4bf72194b603d72
test,Healthy_Nail,h104_png.rf.a9d878a9da04641c85603d3e42c8360a.jpg,C:\Users\venka\Documents\Project\data\processed\test\Healthy_Nail\h104_png.rf.a9d878a9da04641c85603d3e42c8360a.jpg,cfc3646c69cc9c98
test,Healthy_Nail,h111_png.rf.ebeeca767049de4f1ab0698fe11c4cd9.jpg,C:\Users\venka\Documents\Project\data\processed\test\Healthy_Nail\h111_png.rf.ebeeca767049de4f1ab0698fe11c4cd9.jpg,c6e063381ec7399d
test,Healthy_Nail,h118_png.rf.923dc61b6027a6ac9b5645c1758b0cc7.jpg,C:\Users\venka\Documents\Project\data\processed\test\Healthy_Nail\h118_png.rf.923dc61b6027a6ac9b5645c1758b0cc7.jpg,d1856f73086e1ef0
test,Healthy_Nail,h126_png.rf.fe389450428b17b72749de4debe2a368.jpg,C:\Users\venka\Documents\Project\data\processed\test\Healthy_Nail\h126_png.rf.fe389450428b17b72749de4debe2a368.jpg,956d3ecc606b6169
test,Healthy_Nail,h132_png.rf.f837aa21de478ec2bff354d8fb39afff.jpg,C:\Users\venka\Documents\Project\data\processed\test\Healthy_Nail\h132_png.rf.f837aa21de478ec2bff354d8fb39afff.jpg,d0cb2d6f916f8514
test,Healthy_Nail,h139_png.rf.d49706dd9198a3b97dbc61179887a4d6.jpg,C:\Users\venka\Documents\Project\data\processed\test\Healthy_Nail\h139_png.rf.d49706dd9198a3b97dbc61179887a4d6.jpg,9fcb613136347836
test,Healthy_Nail,h141_png.rf.0510aaee32ef8560e7cc658e8cd53e83.jpg,C:\Users\venka\Documents\Project\data\processed\test\Healthy_Nail\h141_png.rf.0510aaee32ef8560e7cc658e8cd53e83.jpg,c19768d4ad4b6c72
test,Healthy_Nail,h141_png.rf.346abfd529845353266b5e9370558e8d.jpg,C:\Users\venka\Documents\Project\data\processed\test\Healthy_Nail\h141_png.rf.346abfd529845353266b5e9370558e8d.jpg,d04a2dc87e2f674a
test,Healthy_Nail,h14_png.rf.2e14dbbd69dfe15e888521fd5a4a9f5f.jpg,C:\Users\venka\Documents\Project\data\processed\test\Healthy_Nail\h14_png.rf.2e14dbbd69dfe15e888521fd5a4a9f5f.jpg,954b394f613c7a26
test,Healthy_Nail,h156_png.rf.16a36faf90963d495bf9253a70dcdb06.jpg,C:\Users\venka\Documents\Project\data\processed\test\Healthy_Nail\h156_png.rf.16a36faf90963d495bf9253a70dcdb06.jpg,c08136e469f366d7
test,Healthy_Nail,h160_png.rf.e2ec562dc82ec424d5df6a526273650e.jpg,C:\Users\venka\Documents\Project\data\processed\test\Healthy_Nail\h160_png.rf.e2ec562dc82ec424d5df6a526273650e.jpg,80477f6a6a6a6768
test,Healthy_Nail,h161_png.rf.edfd3c4123fcd7262eb94b254e1f1ee7.jpg,C:\Users\venka\Documents\Project\data\processed\test\Healthy_Nail\h161_png.rf.edfd3c4123fcd7262eb94b254e1f1ee7.jpg,85d46a1e6da16ee1
test,Healthy_Nail,h174_png.rf.c095281995d82f165c0a95227e62e282.jpg,C:\Users\venka\Documents\Project\data\processed\test\Healthy_Nail\h174_png.rf.c095281995d82f165c0a95227e62e282.jpg,856b38677174531e
test,Healthy_Nail,h175_png.rf.f8e029cd77f6bd4fb36dbcfafd845975.jpg,C:\Users\venka\Documents\Project\data\processed\test\Healthy_Nail\h175_png.rf.f8e029cd77f6bd4fb36dbcfafd845975.jpg,d037673de738c20a
test,Healthy_Nail,h180_png.rf.b496b2324621bf7de58f06d2c6f7eaf6.jpg,C:\Users\venka\Documents\Project\data\processed\test\Healthy_Nail\h180_png.rf.b496b2324621bf7de58f06d2c6f7eaf6.jpg,973562695a4b6a69
test,Healthy_Nail,h183_png.rf.0913ad03f9e3335bd99d568cd6890fbc.jpg,C:\Users\venka\Documents\Project\data\processed\test\Healthy_Nail\h183_png.rf.0913ad03f9e3335bd99d568cd6890fbc.jpg,90706fcf3f844a96
test,Healthy_Nail,h183_png.rf.29bfe60873ddb26daf1a08f04172d1fb.jpg,C:\Users\venka\Documents\Project\data\processed\test\Healthy_Nail\h183_png.rf.29bfe60873ddb26daf1a08f04172d1fb.jpg,807c3f1f4ce27cc1
test,Healthy_Nail,h184_png.rf.84c32ebbc134638d6fb6a2ce6b36dd43.jpg,C:\Users\venka\Documents\Project\data\processed\test\Healthy_Nail\h184_png.rf.84c32ebbc134638d6fb6a2ce6b36dd43.jpg,81b276852ad47e5e
test,Healthy_Nail,h188_png.rf.fef821d12b34074953ae66f15eea9bd1.jpg,C:\Users\venka\Documents\Project\data\processed\test\Healthy_Nail\h188_png.rf.fef821d12b34074953ae66f15eea9bd1.jpg,853fce62327a1b49
test,Healthy_Nail,h198_png.rf.4b0dc37f37a55cb453d7cab97297d74d.jpg,C:\Users\venka\Documents\Project\data\processed\test\Healthy_Nail\h198_png.rf.4b0dc37f37a55cb453d7cab97297d74d.jpg,d0a52ad24fd24b57
test,Healthy_Nail,h198_png.rf.c5b93f9355e168321af43179bc94f9d0.jpg,C:\Users\venka\Documents\Project\data\processed\test\Healthy_Nail\h198_png.rf.c5b93f9355e168321af43179bc94f9d0.jpg,91a142574b6a6f6b
test,Healthy_Nail,h200_png.rf.13175718027e6970f4d6bf5219118ed2.jpg,C:\Users\venka\Documents\Project\data\processed\test\Healthy_Nail\h200_png.rf.13175718027e6970f4d6bf5219118ed2.jpg,c0786b399e171e27
test,Healthy_Nail,h220_png.rf.90f50aaad882dd8340f5d84f517b2cc7.jpg,C:\Users\venka\Documents\Project\data\processed\test\Healthy_Nail\h220_png.rf.90f50aaad882dd8340f5d84f517b2cc7.jpg,c0d06f974a952b97
test,Healthy_Nail,h232_png.rf.12d122e6d592038cc3dd3baecf93057a.jpg,C:\Users\venka\Documents\Project\data\processed\test\Healthy_Nail\h232_png.rf.12d122e6d592038cc3dd3baecf93057a.jpg,d0812bff01f325d9
test,Healthy_Nail,h251_png.rf.f90e932f96280e47669a748a805ca65a.jpg,C:\Users\venka\Documents\Project\data\processed\test\Healthy_Nail\h251_png.rf.f90e932f96280e47669a748a805ca65a.jpg,d0fa6b81399c4e93
test,Healthy_Nail,h255_png.rf.bb2f41470ed0423b54e19a94711d27fd.jpg,C:\Users\venka\Documents\Project\data\processed\test\Healthy_Nail\h255_png.rf.bb2f41470ed0423b54e19a94711d27fd.jpg,d2681f69854e2d37
test,Healthy_Nail,h260_png.rf.3dc359076d07fc4e618fff2f186f030f.jpg,C:\Users\venka\Documents\Project\data\processed\test\Healthy_Nail\h260_png.rf.3dc359076d07fc4e618fff2f186f030f.jpg,95d44f884d95159f
test,Healthy_Nail,h270_png.rf.bf8b27a483b7a12f179ac401c7f4eb7b.jpg,C:\Users\venka\Documents\Project\data\processed\test\Healthy_Nail\h270_png.rf.bf8b27a483b7a12f179ac401c7f4eb7b.jpg,854f5ae034369f5a
test,Healthy_Nail,h279_png.rf.027bd495aee5613783a74fded98bea91.jpg,C:\Users\venka\Documents\Project\data\processed\test\Healthy_Nail\h279_png.rf.027bd495aee5613783a74fded98bea91.jpg,fd0000fe62007fff
test,Healthy_Nail,h27_png.rf.9b007d56afacd71d36f9bde6bc96de28.jpg,C:\Users\venka\Documents\Project\data\processed\test\Healthy_Nail\h27_png.rf.9b007d56afacd71d36f9bde6bc96de28.jpg,c0374c783fe133c3
test,Healthy_Nail,h287_png.rf.13ce89991698acbba2b72de1a24c1f21.jpg,C:\Users\venka\Documents\Project\data\processed\test\Healthy_Nail\h287_png.rf.13ce89991698acbba2b72de1a24c1f21.jpg,9c527ca5634933cd
test,Healthy_Nail,h30_png.rf.d024b6b6f73a9a4c7d5e3b6037195d6d.jpg,C:\Users\venka\Documents\Project\data\processed\test\Healthy_Nail\h30_png.rf.d024b6b6f73a9a4c7d5e3b6037195d6d.jpg,d8622f8d6398e693
test,Healthy_Nail,h32_png.rf.359367efa0a82fcebecb401b28687641.jpg,C:\Users\venka\Documents\Project\data\processed\test\Healthy_Nail\h32_png.rf.359367efa0a82fcebecb401b28687641.jpg,d0253f6b69096d2b
test,Healthy_Nail,h33_png.rf.c731aa01b059058e8fa6c0b62238c493.jpg,C:\Users\venka\Documents\Project\data\processed\test\Healthy_Nail\h33_png.rf.c731aa01b059058e8fa6c0b62238c493.jpg,d54a20d56ab53e17
test,Healthy_Nail,h43_png.rf.f72020a819108f8cb3c030e350a598c9.jpg,C:\Users\venka\Documents\Project\data\processed\test\Healthy_Nail\h43_png.rf.f72020a819108f8cb3c030e350a598c9.jpg,c06c3d924eebd8b4
test,Healthy_Nail,h44_png.rf.5bac7734223249eb4a86d8ce0b85d37e.jpg,C:\Users\venka\Documents\Project\data\processed\test\Healthy_Nail\h44_png.rf.5bac7734223249eb4a86d8ce0b85d37e.jpg,c0963fc13b6c3c96
test,Healthy_Nail,h45_png.rf.ab5e1ddce36707185521a8c2686ffdc5.jpg,C:\Users\venka\Documents\Project\data\processed\test\Healthy_Nail\h45_png.rf.ab5e1ddce36707185521a8c2686ffdc5.jpg,c0e80f3d6d9b30cb
test,Healthy_Nail,h46_png.rf.141839ec8f4de29255c1a25e61eb4ef6.jpg,C:\Users\venka\Documents\Project\data\processed\test\Healthy_Nail\h46_png.rf.141839ec8f4de29255c1a25e61eb4ef6.jpg,853e6c6934696ace
test,Healthy_Nail,h50_png.rf.57de926113e49f4d35dcea713fd75da9.jpg,C:\Users\venka\Documents\Project\data\processed\test\Healthy_Nail\h50_png.rf.57de926113e49f4d35dcea713fd75da9.jpg,d51c6a3c63479d86
test,Healthy_Nail,h53_png.rf.a395cd41b3201ea7ddf73762e4f42903.jpg,C:\Users\venka\Documents\Project\data\processed\test\Healthy_Nail\h53_png.rf.a395cd41b3201ea7ddf73762e4f42903.jpg,858f689165354fb5
test,Healthy_Nail,h58_png.rf.4fa3217d68dbf56a8e3fe4da5806f925.jpg,C:\Users\venka\Documents\Project\data\processed\test\Healthy_Nail\h58_png.rf.4fa3217d68dbf56a8e3fe4da5806f925.jpg,c63d6a624b7a4b68
test,Healthy_Nail,h58_png.rf.54eb6d3ba2631938b145b467aa3aa4a3.jpg,C:\Users\venka\Documents\Project\data\processed\test\Healthy_Nail\h58_png.rf.54eb6d3ba2631938b145b467aa3aa4a3.jpg,c0372f2f69696869
test,Healthy_Nail,h61_png.rf.9991b929612f1c1295f496f4d4f9055f.jpg,C:\Users\venka\Documents\Project\data\processed\test\Healthy_Nail\h61_png.rf.9991b929612f1c1295f496f4d4f9055f.jpg,917dd1d60b0e2f2a
test,Healthy_Nail,h68_png.rf.96bbb14eab5b7a57d29c989530ce9923.jpg,C:\Users\venka\Documents\Project\data\processed\test\Healthy_Nail\h68_png.rf.96bbb14eab5b7a57d29c989530ce9923.jpg,d4a063cc1b9367ce
test,Healthy_Nail,h71_png.rf.04f738cd92eb9e66495d71a6f42653bf.jpg,C:\Users\venka\Documents\Project\data\processed\test\Healthy_Nail\h71_png.rf.04f738cd92eb9e66495d71a6f42653bf.jpg,806277783d9c3c9e
test,Healthy_Nail,h79_png.rf.12e27c25eb06da801e6eb883f678e13f.jpg,C:\Users\venka\Documents\Project\data\processed\test\Healthy_Nail\h79_png.rf.12e27c25eb06da801e6eb883f678e13f.jpg,879d753587c66524
test,Healthy_Nail,h7_png.rf.d3e5329860a2f1204ffcfa7f7b723337.jpg,C:\Users\venka\Documents\Project\data\processed\test\Healthy_Nail\h7_png.rf.d3e5329860a2f1204ffcfa7f7b723337.jpg,d51540952abf60fe
test,Healthy_Nail,h82_png.rf.fa3a523852b26d85a11351f7f5024d11.jpg,C:\Users\venka\Documents\Project\data\processed\test\Healthy_Nail\h82_png.rf.fa3a523852b26d85a11351f7f5024d11.jpg,8a4f61351ee61fa2
test,Healthy_Nail,h8_png.rf.18cf8f42edd727f5773d16367ea90206.jpg,C:\Users\venka\Documents\Project\data\processed\test\Healthy_Nail\h8_png.rf.18cf8f42edd727f5773d16367ea90206.jpg,d5802f952bf42cd9
test,Healthy_Nail,h94_png.rf.28b247a7026c205d5fac12f94c9eb0d1.jpg,C:\Users\venka\Documents\Project\data\processed\test\Healthy_Nail\h94_png.rf.28b247a7026c205d5fac12f94c9eb0d1.jpg,d5e00ac82b25bf9e
test,Healthy_Nail,h96_png.rf.4c9214d277495117ddd887e99a368924.jpg,C:\Users\venka\Documents\Project\data\processed\test\Healthy_Nail\h96_png.rf.4c9214d277495117ddd887e99a368924.jpg,81bd15984f756636
test,Onychogryphosis,images--66D6Hn_jpeg.rf.4a23427324684d761e7d8916fc6faefb.jpg,C:\Users\venka\Documents\Project\data\processed\test\Onychogryphosis\images--66D6Hn_jpeg.rf.4a23427324684d761e7d8916fc6faefb.jpg,c0bd15163e3371e9
test,Onychogryphosis,images--79BNfh_jpeg.rf.0f0ed2addfd11f5747e7af9a073b3637.jpg,C:\Users\venka\Documents\Project\data\processed\test\Onychogryphosis\images--79BNfh_jpeg.rf.0f0ed2addfd11f5747e7af9a073b3637.jpg,c3873e4d696aca68
test,Onychogryphosis,images--7hiLgj_jpeg.rf.07badc72cc0a18d2ce89778c0eb02028.jpg,C:\Users\venka\Documents\Project\data\processed\test\Onychogryphosis\images--7hiLgj_jpeg.rf.07badc72cc0a18d2ce89778c0eb02028.jpg,c1c33e3cc91be6c4
test,Onychogryphosis,images--sqWhaj_jpeg.rf.2815459cd3bf1013f31390cc0d957f4c.jpg,C:\Users\venka\Documents\Project\data\processed\test\Onychogryphosis\images--sqWhaj_jpeg.rf.2815459cd3bf1013f31390cc0d957f4c.jpg,c53c388367957a93
test,Onychogryphosis,Screen-Shot-2021-11-16-at-10-23-59-PM_png.rf.474828b6f410e39be4baee0e07688b7e.jpg,C:\Users\venka\Documents\Project\data\processed\test\Onychogryphosis\Screen-Shot-2021-11-16-at-10-23-59-PM_png.rf.474828b6f410e39be4baee0e07688b7e.jpg,d07e2ba52d912d1e
test,Onychogryphosis,Screen-Shot-2021-11-16-at-10-24-09-PM_png.rf.864ca33e07c8aca34ad661182541cce1.jpg,C:\Users\venka\Documents\Project\data\processed\test\Onychogryphosis\Screen-Shot-2021-11-16-at-10-24-09-PM_png.rf.864ca33e07c8aca34ad661182541cce1.jpg,810f7ba03e736d43
test,Onychogryphosis,Screen-Shot-2021-11-16-at-10-50-37-PM_png.rf.7b004b66ab876390c38bd8539bd1f19d.jpg,C:\Users\venka\Documents\Project\data\processed\test\Onychogryphosis\Screen-Shot-2021-11-16-at-10-50-37-PM_png.rf.7b004b66ab876390c38bd8539bd1f19d.jpg,95800a3d7f787879
test,Onychogryphosis,Screen-Shot-2021-11-16-at-10-50-37-PM_png.rf.b3d08086fca585d851cb164e60077075.jpg,C:\Users\venka\Documents\Project\data\processed\test\Onychogryphosis\Screen-Shot-2021-11-16-at-10-50-37-PM_png.rf.b3d08086fca585d851cb164e60077075.jpg,c0781f4d3c4f3b4c
test,Onychogryphosis,Screen-Shot-2021-11-16-at-10-50-56-PM_png.rf.30471892cf5172a23621ac3e2679f780.jpg,C:\Users\venka\Documents\Project\data\processed\test\Onychogryphosis\Screen-Shot-2021-11-16-at-10-50-56-PM_png.rf.30471892cf5172a23621ac3e2679f780.jpg,c07e4fa36ba50f14
test,Onychogryphosis,Screenshot-2021-11-19-004020_png.rf.7917b3969d3c69cc2fd1db5c938dd42a.jpg,C:\Users\venka\Documents\Project\data\processed\test\Onychogryphosis\Screenshot-2021-11-19-004020_png.rf.7917b3969d3c69cc2fd1db5c938dd42a.jpg,80c07d3f5b6de078
test,Onychogryphosis,Screenshot-2021-11-19-004044_png.rf.a980597f1cef7522d19aa3867f8adce7.jpg,C:\Users\venka\Documents\Project\data\processed\test\Onychogryphosis\Screenshot-2021-11-19-004044_png.rf.a980597f1cef7522d19aa3867f8adce7.jpg,9a63e73938347227
test,Onychogryphosis,Screenshot-2021-11-19-004140_png.rf.00e67b96eef54f23a92447e9b71b4f6c.jpg,C:\Users\venka\Documents\Project\data\processed\test\Onychogryphosis\Screenshot-2021-11-19-004140_png.rf.00e67b96eef54f23a92447e9b71b4f6c.jpg,d0744f95689f2393
test,Onychogryphosis,Screenshot-2021-11-19-004228_png.rf.e5493d6cdc6a7e0e490c8ec4c9b2cc94.jpg,C:\Users\venka\Documents\Project\data\processed\test\Onychogryphosis\Screenshot-2021-11-19-004228_png.rf.e5493d6cdc6a7e0e490c8ec4c9b2cc94.jpg,8442297d3fac1f87
test,Onychogryphosis,Screenshot-2021-11-19-004245_png.rf.3aad5399770b399762b6982ec93e3cd4.jpg,C:\Users\venka\Documents\Project\data\processed\test\Onychogryphosis\Screenshot-2021-11-19-004245_png.rf.3aad5399770b399762b6982ec93e3cd4.jpg,c06d6596399c6d1d
test,Onychogryphosis,Screenshot-2021-11-19-005529_png.rf.ace0a2936805480bd2a6677bcb744a35.jpg,C:\Users\venka\Documents\Project\data\processed\test\Onychogryphosis\Screenshot-2021-11-19-005529_png.rf.ace0a2936805480bd2a6677bcb744a35.jpg,dc67b18c528b47a9
test,Onychogryphosis,Screenshot-2021-11-19-005556_png.rf.1383dfc5938979d08ad18770319d96fb.jpg,C:\Users\venka\Documents\Project\data\processed\test\Onychogryphosis\Screenshot-2021-11-19-005556_png.rf.1383dfc5938979d08ad18770319d96fb.jpg,80c87a771dbce28b
test,Onychogryphosis,Screenshot-2021-11-19-005556_png.rf.210dcad0e47babbef7c4f852df862785.jpg,C:\Users\venka\Documents\Project\data\processed\test\Onychogryphosis\Screenshot-2021-11-19-005556_png.rf.210dcad0e47babbef7c4f852df862785.jpg,cb3e646738666919
test,Onychogryphosis,Screenshot-2021-11-19-005611_png.rf.badd7102a280d9b29b9f998722a66fcc.jpg,C:\Users\venka\Documents\Project\data\processed\test\Onychogryphosis\Screenshot-2021-11-19-005611_png.rf.badd7102a280d9b29b9f998722a66fcc.jpg,a07f5f803db0c867
test,Onychogryphosis,Screenshot-2021-11-19-010109_png.rf.0223026760ccc4f75732c511c8b735bd.jpg,C:\Users\venka\Documents\Project\data\processed\test\Onychogryphosis\Screenshot-2021-11-19-010109_png.rf.0223026760ccc4f75732c511c8b735bd.jpg,c5d23b192c3c4e3d
test,Onychogryphosis,Screenshot-2021-11-19-010109_png.rf.1db8d003037b29db110d870740bafa67.jpg,C:\Users\venka\Documents\Project\data\processed\test\Onychogryphosis\Screenshot-2021-11-19-010109_png.rf.1db8d003037b29db110d870740bafa67.jpg,c03d6f917a4ae3c8
test,Onychogryphosis,Screenshot-2021-11-19-010147_png.rf.7cb20510a2d6d2d9c6fea995c8764380.jpg,C:\Users\venka\Documents\Project\data\processed\test\Onychogryphosis\Screenshot-2021-11-19-010147_png.rf.7cb20510a2d6d2d9c6fea995c8764380.jpg,959265cd7a2d3925
test,Onychogryphosis,Screenshot-2021-11-19-010215_png.rf.92a34bd70a355709199a94f939490de6.jpg,C:\Users\venka\Documents\Project\data\processed\test\Onychogryphosis\Screenshot-2021-11-19-010215_png.rf.92a34bd70a355709199a94f939490de6.jpg,c34c3d3d35e0175a
test,Onychogryphosis,Screenshot-2021-11-19-010332_png.rf.9eb9e9cf26c4acb3e5bb99ac776dce38.jpg,C:\Users\venka\Documents\Project\data\processed\test\Onychogryphosis\Screenshot-2021-11-19-010332_png.rf.9eb9e9cf26c4acb3e5bb99ac776dce38.jpg,83f36d4d4c183b93
test,Onychogryphosis,Screenshot-2021-11-19-010434_png.rf.2c67f735311f06475b15bd382873bfb5.jpg,C:\Users\venka\Documents\Project\data\processed\test\Onychogryphosis\Screenshot-2021-11-19-010434_png.rf.2c67f735311f06475b15bd382873bfb5.jpg,c0a23f55d74ac8ad
test,Onychogryphosis,Screenshot-2021-11-19-010444_png.rf.c6835fd9b7be3bffdc635448d9751568.jpg,C:\Users\venka\Documents\Project\data\processed\test\Onychogryphosis\Screenshot-2021-11-19-010444_png.rf.c6835fd9b7be3bffdc635448d9751568.jpg,d5372ae06acac3ca
test,Onychogryphosis,Screenshot-2021-11-19-010454_png.rf.b918ee588c1ce99dce715e64931b00a5.jpg,C:\Users\venka\Documents\Project\data\processed\test\Onychogryphosis\Screenshot-2021-11-19-010454_png.rf.b918ee588c1ce99dce715e64931b00a5.jpg,8417613f1e39732b
test,Onychogryphosis,Screenshot-2021-11-19-010604_png.rf.ce790061c47f32fcbf2b6d47f5577b9f.jpg,C:\Users\venka\Documents\Project\data\processed\test\Onychogryphosis\Screenshot-2021-11-19-010604_png.rf.ce790061c47f32fcbf2b6d47f5577b9f.jpg,d5e82a164f33b239
test,Onychogryphosis,Screenshot-2021-11-19-010724_png.rf.717c93627701710f4b48c6dd4de93926.jpg,C:\Users\venka\Documents\Project\data\processed\test\Onychogryphosis\Screenshot-2021-11-19-010724_png.rf.717c93627701710f4b48c6dd4de93926.jpg,88e11db85f9a67e0
test,Onychogryphosis,Screenshot-2021-11-19-010724_png.rf.e279442ed41808480d2e8d8eb43a37a8.jpg,C:\Users\venka\Documents\Project\data\processed\test\Onychogryphosis\Screenshot-2021-11-19-010724_png.rf.e279442ed41808480d2e8d8eb43a37a8.jpg,c568554e496b276e
test,Onychogryphosis,Screenshot-2021-11-19-010751_png.rf.473f756cacc344e3df9cdd969706b279.jpg,C:\Users\venka\Documents\Project\data\processed\test\Onychogryphosis\Screenshot-2021-11-19-010751_png.rf.473f756cacc344e3df9cdd969706b279.jpg,d46960239b7cda3c
test,Onychogryphosis,Screenshot-2021-11-19-010751_png.rf.b74e43fbeb9ad7f74057c574a4dabfc2.jpg,C:\Users\venka\Documents\Project\data\processed\test\Onychogryphosis\Screenshot-2021-11-19-010751_png.rf.b74e43fbeb9ad7f74057c574a4dabfc2.jpg,9469dbb4c9b36291
test,Onychogryphosis,Screenshot-2021-11-19-010857_png.rf.61b1ae126dc25100b5d7f41dfdc67b40.jpg,C:\Users\venka\Documents\Project\data\processed\test\Onychogryphosis\Screenshot-2021-11-19-010857_png.rf.61b1ae126dc25100b5d7f41dfdc67b40.jpg,c17c2f2b07641ab7
test,Onychogryphosis,Screenshot-2021-11-19-011002_png.rf.5b9e54e7478ddd3e1b631adbf52183a8.jpg,C:\Users\venka\Documents\Project\data\processed\test\Onychogryphosis\Screenshot-2021-11-19-011002_png.rf.5b9e54e7478ddd3e1b631adbf52183a8.jpg,949dc8e62fd22fc0
test,Onychogryphosis,Screenshot-2021-11-19-011220_png.rf.306de9f567dc99bae011e71d67d4df21.jpg,C:\Users\venka\Documents\Project\data\processed\test\Onychogryphosis\Screenshot-2021-11-19-011220_png.rf.306de9f567dc99bae011e71d67d4df21.jpg,909869956f4e9e69
test,Onychogryphosis,Screenshot-2021-11-19-011259_png.rf.ef2619caa9f4d49f21250d6f16f5ef8d.jpg,C:\Users\venka\Documents\Project\data\processed\test\Onychogryphosis\Screenshot-2021-11-19-011259_png.rf.ef2619caa9f4d49f21250d6f16f5ef8d.jpg,9ac7676c6d243331
test,Onychogryphosis,Screenshot-2021-11-19-011359_png.rf.a53d9b12762c221ae9e58eb1974b5f7f.jpg,C:\Users\venka\Documents\Project\data\processed\test\Onychogryphosis\Screenshot-2021-11-19-011359_png.rf.a53d9b12762c221ae9e58eb1974b5f7f.jpg,d4fe4e844b870b96
test,Onychogryphosis,Screenshot-2021-11-19-012106_png.rf.efff6adef139efd98e2d95671d2506e8.jpg,C:\Users\venka\Documents\Project\data\processed\test\Onychogryphosis\Screenshot-2021-11-19-012106_png.rf.efff6adef139efd98e2d95671d2506e8.jpg,87d0189a7633daa7
test,Onychogryphosis,Screenshot-2021-11-19-012333_png.rf.04ad8218c312d5e5bed15c037220e278.jpg,C:\Users\venka\Documents\Project\data\processed\test\Onychogryphosis\Screenshot-2021-11-19-012333_png.rf.04ad8218c312d5e5bed15c037220e278.jpg,d0c16bcbcd96c296
test,Onychogryphosis,Screenshot-2021-11-19-012721_png.rf.3afccdd6800487c49bd11a32982e5ae0.jpg,C:\Users\venka\Documents\Project\data\processed\test\Onychogryphosis\Screenshot-2021-11-19-012721_png.rf.3afccdd6800487c49bd11a32982e5ae0.jpg,8dc85065cfdb28a7
test,Onychogryphosis,Screenshot-2021-11-19-012721_png.rf.cf83959180d7ec6e2c6e2b0e28ac32a5.jpg,C:\Users\venka\Documents\Project\data\processed\test\Onychogryphosis\Screenshot-2021-11-19-012721_png.rf.cf83959180d7ec6e2c6e2b0e28ac32a5.jpg,d92e671e4c6121f6
test,Onychogryphosis,Screenshot-2021-11-19-013239_png.rf.1dd9d28369fd9b8101f0ab6f720aa40c.jpg,C:\Users\venka\Documents\Project\data\processed\test\Onychogryphosis\Screenshot-2021-11-19-013239_png.rf.1dd9d28369fd9b8101f0ab6f720aa40c.jpg,f569e0944e965c9c
test,Onychogryphosis,Screenshot-2021-11-19-015033_png.rf.16a31ac1de4e4089667075fb82e0b289.jpg,C:\Users\venka\Documents\Project\data\processed\test\Onychogryphosis\Screenshot-2021-11-19-015033_png.rf.16a31ac1de4e4089667075fb82e0b289.jpg,80355f2b4aa56b97
test,Onychogryphosis,Screenshot-2021-11-19-015139_png.rf.23c0ff871f048456e699bd2a4df2b272.jpg,C:\Users\venka\Documents\Project\data\processed\test\Onychogryphosis\Screenshot-2021-11-19-015139_png.rf.23c0ff871f048456e699bd2a4df2b272.jpg,809d559f559a1c9b
test,Onychogryphosis,Screenshot-2021-11-19-015917_png.rf.d149514b0ae955f0b4e39c55f3c56934.jpg,C:\Users\venka\Documents\Project\data\processed\test\Onychogryphosis\Screenshot-2021-11-19-015917_png.rf.d149514b0ae955f0b4e39c55f3c56934.jpg,95252f376ab20fd0
test,Onychogryphosis,Screenshot-2021-11-19-020017_png.rf.867654faa6bb4b6ae653b6a7083d6464.jpg,C:\Users\venka\Documents\Project\data\processed\test\Onychogryphosis\Screenshot-2021-11-19-020017_png.rf.867654faa6bb4b6ae653b6a7083d6464.jpg,d5aa6a9088d597e6
test,Onychogryphosis,Screenshot-2021-11-19-020122_png.rf.976bcc8def79d682a075beeb616443f6.jpg,C:\Users\venka\Documents\Project\data\processed\test\Onychogryphosis\Screenshot-2021-11-19-020122_png.rf.976bcc8def79d682a075beeb616443f6.jpg,807d4f201e3b1e7b
test,Onychogryphosis,Screenshot-2021-11-19-020122_png.rf.f6e29d323eae406d6256206434056988.jpg,C:\Users\venka\Documents\Project\data\processed\test\Onychogryphosis\Screenshot-2021-11-19-020122_png.rf.f6e29d323eae406d6256206434056988.jpg,c2c275c56f662f60
test,Onychogryphosis,Screenshot-2021-11-19-020136_png.rf.19912db47255755ab8475645796db4d1.jpg,C:\Users\venka\Documents\Project\data\processed\test\Onychogryphosis\Screenshot-2021-11-19-020136_png.rf.19912db47255755ab8475645796db4d1.jpg,c7c85b9668956a96
test,Onychogryphosis,Screenshot-2021-11-19-020317_png.rf.95d8cd1cedb0e872a4ab55180c799ce7.jpg,C:\Users\venka\Documents\Project\data\processed\test\Onychogryphosis\Screenshot-2021-11-19-020317_png.rf.95d8cd1cedb0e872a4ab55180c799ce7.jpg,d5e85060067b7e6e
test,Onychogryphosis,Screenshot-2021-11-19-020327_png.rf.52dadddf0722430159b4e7e261abc353.jpg,C:\Users\venka\Documents\Project\data\processed\test\Onychogryphosis\Screenshot-2021-11-19-020327_png.rf.52dadddf0722430159b4e7e261abc353.jpg,d56a176a2c9b398a
test,Onychogryphosis,Screenshot-2021-11-19-021128_png.rf.e08ae6730d79b2cf69f69b9f2ccb3e02.jpg,C:\Users\venka\Documents\Project\data\processed\test\Onychogryphosis\Screenshot-2021-11-19-021128_png.rf.e08ae6730d79b2cf69f69b9f2ccb3e02.jpg,d580fe0ff826d119
test,Onychogryphosis,Screenshot-2021-11-19-021309_png.rf.3a42324585aa4ef80b266c50b38b4044.jpg,C:\Users\venka\Documents\Project\data\processed\test\Onychogryphosis\Screenshot-2021-11-19-021309_png.rf.3a42324585aa4ef80b266c50b38b4044.jpg,80fb3f803f8a3f21
test,Onychogryphosis,Screenshot-2021-11-19-021909_png.rf.262175457e520d0803441e061118b24f.jpg,C:\Users\venka\Documents\Project\data\processed\test\Onychogryphosis\Screenshot-2021-11-19-021909_png.rf.262175457e520d0803441e061118b24f.jpg,d50a0e777f603263
test,Onychogryphosis,Screenshot-2021-11-19-021939_png.rf.1c98d73d9d99acba77451363cd8884bf.jpg,C:\Users\venka\Documents\Project\data\processed\test\Onychogryphosis\Screenshot-2021-11-19-021939_png.rf.1c98d73d9d99acba77451363cd8884bf.jpg,94d8866c2d6b2f2e
test,Onychogryphosis,Screenshot-2021-11-19-022255_png.rf.66aa41f8614fa9cdf519c9d7239576a0.jpg,C:\Users\venka\Documents\Project\data\processed\test\Onychogryphosis\Screenshot-2021-11-19-022255_png.rf.66aa41f8614fa9cdf519c9d7239576a0.jpg,90c84ba557673375
test,Onychogryphosis,Screenshot-2021-11-19-022422_png.rf.16bef5c460ffd32263c7aeca8997d34f.jpg,C:\Users\venka\Documents\Project\data\processed\test\Onychogryphosis\Screenshot-2021-11-19-022422_png.rf.16bef5c460ffd32263c7aeca8997d34f.jpg,d5aa7ecd23712164
test,Onychogryphosis,Screenshot-2021-11-19-023646_png.rf.cf7787384031fa3972de80cf268d1baa.jpg,C:\Users\venka\Documents\Project\data\processed\test\Onychogryphosis\Screenshot-2021-11-19-023646_png.rf.cf7787384031fa3972de80cf268d1baa.jpg,886a739b6d65a654
test,Onychogryphosis,Screenshot-2021-11-19-024347_png.rf.06ee00379d1bdc0464e3282da47540e0.jpg,C:\Users\venka\Documents\Project\data\processed\test\Onychogryphosis\Screenshot-2021-11-19-024347_png.rf.06ee00379d1bdc0464e3282da47540e0.jpg,d08237a70ab56dd9
test,Onychogryphosis,Screenshot-2021-11-19-025136_png.rf.27f009a1830c84f533df5589f5d71fe3.jpg,C:\Users\venka\Documents\Project\data\processed\test\Onychogryphosis\Screenshot-2021-11-19-025136_png.rf.27f009a1830c84f533df5589f5d71fe3.jpg,85ea3a45731f6351
test,Onychogryphosis,Screenshot-2021-11-19-025136_png.rf.ad4608dd80942f11b2bf5e068b6bfae2.jpg,C:\Users\venka\Documents\Project\data\processed\test\Onychogryphosis\Screenshot-2021-11-19-025136_png.rf.ad4608dd80942f11b2bf5e068b6bfae2.jpg,c16d3e36329a6599
test,Onychogryphosis,Screenshot-2021-11-19-025158_png.rf.86d8d16b57b65cbaa4879b560dcbf204.jpg,C:\Users\venka\Documents\Project\data\processed\test\Onychogryphosis\Screenshot-2021-11-19-025158_png.rf.86d8d16b57b65cbaa4879b560dcbf204.jpg,853e3ec1e4072f3c
test,Onychogryphosis,Screenshot-2021-11-19-025646_png.rf.80fedb750f0f05269de3b43f65a6cb30.jpg,C:\Users\venka\Documents\Project\data\processed\test\Onychogryphosis\Screenshot-2021-11-19-025646_png.rf.80fedb750f0f05269de3b43f65a6cb30.jpg,d5a52a7f04dacb90
test,Onychogryphosis,Screenshot-2021-11-19-031124_png.rf.721e73eecd34cd0b8899db2bf297b304.jpg,C:\Users\venka\Documents\Project\data\processed\test\Onychogryphosis\Screenshot-2021-11-19-031124_png.rf.721e73eecd34cd0b8899db2bf297b304.jpg,c72f30b50ff00cd6
test,Onychogryphosis,Screenshot-2021-11-21-162607_png.rf.15ed178e71d91d4eaefe52712969701d.jpg,C:\Users\venka\Documents\Project\data\processed\test\Onychogryphosis\Screenshot-2021-11-21-162607_png.rf.15ed178e71d91d4eaefe52712969701d.jpg,c06b1f3e261b2b2e
test,Onychogryphosis,Screenshot-2021-11-21-163024_png.rf.eba15c2f88898834eb0d98ed57319dd7.jpg,C:\Users\venka\Documents\Project\data\processed\test\Onychogryphosis\Screenshot-2021-11-21-163024_png.rf.eba15c2f88898834eb0d98ed57319dd7.jpg,ff6ab40105cf02f5
test,Onychogryphosis,Screenshot-2021-11-21-163641_png.rf.5cdba0095e8bf150ddf9b2aa20491125.jpg,C:\Users\venka\Documents\Project\data\processed\test\Onychogryphosis\Screenshot-2021-11-21-163641_png.rf.5cdba0095e8bf150ddf9b2aa20491125.jpg,8b3f54953ab82cc3
test,Onychogryphosis,Screenshot-2021-11-21-163641_png.rf.e1b2311d5d8ecbeefae88c340ab6f436.jpg,C:\Users\venka\Documents\Project\data\processed\test\Onychogryphosis\Screenshot-2021-11-21-163641_png.rf.e1b2311d5d8ecbeefae88c340ab6f436.jpg,954a7bb5254d5bc0
test,Onychogryphosis,Screenshot-2021-11-21-163753_png.rf.fd9359dd60c3db0ddba12e42e7d49f35.jpg,C:\Users\venka\Documents\Project\data\processed\test\Onychogryphosis\Screenshot-2021-11-21-163753_png.rf.fd9359dd60c3db0ddba12e42e7d49f35.jpg,859e7c514b5b1f60
test,Onychogryphosis,Screenshot-2021-11-21-165411_png.rf.e0e0980d40e76c09f8bbac625d2078a7.jpg,C:\Users\venka\Documents\Project\data\processed\test\Onychogryphosis\Screenshot-2021-11-21-165411_png.rf.e0e0980d40e76c09f8bbac625d2078a7.jpg,94256d1e6e3d638c
test,Onychogryphosis,Screenshot-2021-11-21-165820_png.rf.5d424f5407705a95b7a1f5c7bfce8050.jpg,C:\Users\venka\Documents\Project\data\processed\test\Onychogryphosis\Screenshot-2021-11-21-165820_png.rf.5d424f5407705a95b7a1f5c7bfce8050.jpg,859063636c6f6d8e
test,Onychogryphosis,Screenshot-2021-11-21-173027_png.rf.18c8ea745ca4a5f5f405ac8c7734fa45.jpg,C:\Users\venka\Documents\Project\data\processed\test\Onychogryphosis\Screenshot-2021-11-21-173027_png.rf.18c8ea745ca4a5f5f405ac8c7734fa45.jpg,d45f002f2f3b1e2a
test,Onychogryphosis,Screenshot-2021-11-21-174132_png.rf.2a50016efcab5a3c211600718701d457.jpg,C:\Users\venka\Documents\Project\data\processed\test\Onychogryphosis\Screenshot-2021-11-21-174132_png.rf.2a50016efcab5a3c211600718701d457.jpg,954a6aa739353693
test,Onychogryphosis,Screenshot-2021-11-21-174430_png.rf.f9076618a0b138dcb3fa14c5c73835a6.jpg,C:\Users\venka\Documents\Project\data\processed\test\Onychogryphosis\Screenshot-2021-11-21-174430_png.rf.f9076618a0b138dcb3fa14c5c73835a6.jpg,df0f20ba54ab1ac5
test,Onychogryphosis,Screenshot-2021-11-21-174511_png.rf.c773854c9171450d768eb66812071b02.jpg,C:\Users\venka\Documents\Project\data\processed\test\Onychogryphosis\Screenshot-2021-11-21-174511_png.rf.c773854c9171450d768eb66812071b02.jpg,d106479d3a1d1f3c
test,Onychogryphosis,Screenshot-2021-11-21-192605_png.rf.54a2cd1af1614ded8f6413ebaa1c4821.jpg,C:\Users\venka\Documents\Project\data\processed\test\Onychogryphosis\Screenshot-2021-11-21-192605_png.rf.54a2cd1af1614ded8f6413ebaa1c4821.jpg,c46825b71ac965f6
test,Onychogryphosis,Screenshot-2021-11-21-192708_png.rf.9c71b339f437329051ad8145887a74c4.jpg,C:\Users\venka\Documents\Project\data\processed\test\Onychogryphosis\Screenshot-2021-11-21-192708_png.rf.9c71b339f437329051ad8145887a74c4.jpg,81bd55d43c4b5077
test,Onychogryphosis,Screenshot-2021-11-21-193524_png.rf.9910f8a7b1a77cdc04b111008f30649a.jpg,C:\Users\venka\Documents\Project\data\processed\test\Onychogryphosis\Screenshot-2021-11-21-193524_png.rf.9910f8a7b1a77cdc04b111008f30649a.jpg,c07f6a3517705b64
test,Onychogryphosis,Screenshot-2021-11-21-193604_png.rf.bb2ef6b49eed974828dda3c011b7399f.jpg,C:\Users\venka\Documents\Project\data\processed\test\Onychogryphosis\Screenshot-2021-11-21-193604_png.rf.bb2ef6b49eed974828dda3c011b7399f.jpg,803d4f847fa670f2
test,Onychogryphosis,Screenshot-2021-11-21-210225_png.rf.e2a4fa7afecd2198e5c7cc5618b6007e.jpg,C:\Users\venka\Documents\Project\data\processed\test\Onychogryphosis\Screenshot-2021-11-21-210225_png.rf.e2a4fa7afecd2198e5c7cc5618b6007e.jpg,853540b47f97231f
test,Onychogryphosis,Screenshot-2021-11-21-210436_png.rf.db9da827dea0600e4f09ae0d7c923554.jpg,C:\Users\venka\Documents\Project\data\processed\test\Onychogryphosis\Screenshot-2021-11-21-210436_png.rf.db9da827dea0600e4f09ae0d7c923554.jpg,d59540972f932d87
test,Onychogryphosis,Screenshot-2021-11-21-230209_png.rf.1da7be26ca43d5150aef9526ba89aef0.jpg,C:\Users\venka\Documents\Project\data\processed\test\Onychogryphosis\Screenshot-2021-11-21-230209_png.rf.1da7be26ca43d5150aef9526ba89aef0.jpg,a0c7d3704f497fc0
test,Onychogryphosis,Screenshot-2021-11-21-230252_png.rf.6cc27efcf4e5ccca5466427d6b73e829.jpg,C:\Users\venka\Documents\Project\data\processed\test\Onychogryphosis\Screenshot-2021-11-21-230252_png.rf.6cc27efcf4e5ccca5466427d6b73e829.jpg,85ea5e9478855ab5
test,Onychogryphosis,Screenshot-2021-11-21-231416_png.rf.cab8fff8a967ffb3b6c7bdb528bd46d9.jpg,C:\Users\venka\Documents\Project\data\processed\test\Onychogryphosis\Screenshot-2021-11-21-231416_png.rf.cab8fff8a967ffb3b6c7bdb528bd46d9.jpg,a0bd4780343d3b7b
test,Onychogryphosis,Screenshot-2021-11-21-231905_png.rf.02e61979791a981a35f04cbc6a8a6a4e.jpg,C:\Users\venka\Documents\Project\data\processed\test\Onychogryphosis\Screenshot-2021-11-21-231905_png.rf.02e61979791a981a35f04cbc6a8a6a4e.jpg,956a146a21f53e6e
test,Onychogryphosis,Screenshot-2021-11-21-232620_png.rf.2363290c87015bfb7e2268f2952ad990.jpg,C:\Users\venka\Documents\Project\data\processed\test\Onychogryphosis\Screenshot-2021-11-21-232620_png.rf.2363290c87015bfb7e2268f2952ad990.jpg,c57d1b0c071a1f3b
test,Onychogryphosis,Screenshot-2021-11-21-232620_png.rf.f56968a71e51fdf5012b681ee803460b.jpg,C:\Users\venka\Documents\Project\data\processed\test\Onychogryphosis\Screenshot-2021-11-21-232620_png.rf.f56968a71e51fdf5012b681ee803460b.jpg,d0a56ac5699a37c9
test,Onychogryphosis,Screenshot-2021-11-21-233854_png.rf.33db624b7305f843ffaad4e603aa8fd8.jpg,C:\Users\venka\Documents\Project\data\processed\test\Onychogryphosis\Screenshot-2021-11-21-233854_png.rf.33db624b7305f843ffaad4e603aa8fd8.jpg,85885ab62fd36ac5
test,Onychogryphosis,Screenshot-2021-11-21-234423_png.rf.3aa2d19cce27aed6e6b146c157e3b9fa.jpg,C:\Users\venka\Documents\Project\data\processed\test\Onychogryphosis\Screenshot-2021-11-21-234423_png.rf.3aa2d19cce27aed6e6b146c157e3b9fa.jpg,d5956ac52dc93325
test,Onychogryphosis,Screenshot-2021-11-21-235210_png.rf.bd4fc90a5cf2e6eed3ff147800e9ffdd.jpg,C:\Users\venka\Documents\Project\data\processed\test\Onychogryphosis\Screenshot-2021-11-21-235210_png.rf.bd4fc90a5cf2e6eed3ff147800e9ffdd.jpg,c668603616cf335f
test,Onychogryphosis,Screenshot-2021-11-22-012951_png.rf.adb97387444e035a53a2e77dae6a65ed.jpg,C:\Users\venka\Documents\Project\data\processed\test\Onychogryphosis\Screenshot-2021-11-22-012951_png.rf.adb97387444e035a53a2e77dae6a65ed.jpg,d584779939e16685
test,Onychogryphosis,Screenshot-2021-11-22-012951_png.rf.b41f85cc45a2647436aca514e7b7453b.jpg,C:\Users\venka\Documents\Project\data\processed\test\Onychogryphosis\Screenshot-2021-11-22-012951_png.rf.b41f85cc45a2647436aca514e7b7453b.jpg,d5a122952a7267cf
test,Onychogryphosis,Screenshot-2021-11-22-014500_png.rf.8e6fdec0d4e8c811ae3ecf21a020639b.jpg,C:\Users\venka\Documents\Project\data\processed\test\Onychogryphosis\Screenshot-2021-11-22-014500_png.rf.8e6fdec0d4e8c811ae3ecf21a020639b.jpg,885707e85fc17ec4
test,Onychogryphosis,Screenshot-2021-11-22-015012_png.rf.e033e5dd1e1b0ed03e8ce9b415c084af.jpg,C:\Users\venka\Documents\Project\data\processed\test\Onychogryphosis\Screenshot-2021-11-22-015012_png.rf.e033e5dd1e1b0ed03e8ce9b415c084af.jpg,c5b52a928dda65c9
test,Onychogryphosis,Screenshot-2021-11-22-015012_png.rf.faf4de1891ee699454716b3406b7f69a.jpg,C:\Users\venka\Documents\Project\data\processed\test\Onychogryphosis\Screenshot-2021-11-22-015012_png.rf.faf4de1891ee699454716b3406b7f69a.jpg,815c7a2b2d673636
test,Onychogryphosis,Screenshot-2021-11-22-015244_png.rf.9709ccbc3f00d355405b3d61be96ea93.jpg,C:\Users\venka\Documents\Project\data\processed\test\Onychogryphosis\Screenshot-2021-11-22-015244_png.rf.9709ccbc3f00d355405b3d61be96ea93.jpg,c0076d6b6a4b6e63
test,Onychogryphosis,Screenshot-2021-11-22-015522_png.rf.5f13391b027570ed8fcfbb6ab57f038a.jpg,C:\Users\venka\Documents\Project\data\processed\test\Onychogryphosis\Screenshot-2021-11-22-015522_png.rf.5f13391b027570ed8fcfbb6ab57f038a.jpg,c3f06a8b353932c7
test,Onychogryphosis,Screenshot-2021-11-22-015641_png.rf.155c2fb8c5e8798cd28e49ac73d8774d.jpg,C:\Users\venka\Documents\Project\data\processed\test\Onychogryphosis\Screenshot-2021-11-22-015641_png.rf.155c2fb8c5e8798cd28e49ac73d8774d.jpg,d0da6b962bc2278b
test,Onychogryphosis,Screenshot-2021-11-22-015641_png.rf.321f509a32a284dac73194fd1d64a7c2.jpg,C:\Users\venka\Documents\Project\data\processed\test\Onychogryphosis\Screenshot-2021-11-22-015641_png.rf.321f509a32a284dac73194fd1d64a7c2.jpg,852f6e7a6b7c0960
test,Onychogryphosis,Screenshot-2021-11-22-015804_png.rf.e402acb29d1fe5d722f106357a9f177c.jpg,C:\Users\venka\Documents\Project\data\processed\test\Onychogryphosis\Screenshot-2021-11-22-015804_png.rf.e402acb29d1fe5d722f106357a9f177c.jpg,c56a3f9d2ad46a90
test,Onychogryphosis,Screenshot-2021-11-22-020018_png.rf.829122f77e2386494bf903ffb53ec004.jpg,C:\Users\venka\Documents\Project\data\processed\test\Onychogryphosis\Screenshot-2021-11-22-020018_png.rf.829122f77e2386494bf903ffb53ec004.jpg,f53f4ae825c11ec2
test,Onychogryphosis,Screenshot-2021-11-22-020526_png.rf.aa2bdc8ad4ef792a260f56cd314a0658.jpg,C:\Users\venka\Documents\Project\data\processed\test\Onychogryphosis\Screenshot-2021-11-22-020526_png.rf.aa2bdc8ad4ef792a260f56cd314a0658.jpg,c095b7b239993ce1
test,Onychogryphosis,Screenshot-2021-11-22-020714_png.rf.99b221cb0412a8282ac35290cb25a5f4.jpg,C:\Users\venka\Documents\Project\data\processed\test\Onychogryphosis\Screenshot-2021-11-22-020714_png.rf.99b221cb0412a8282ac35290cb25a5f4.jpg,80821a9d6df535f3
test,Onychogryphosis,Screenshot-2021-11-22-020714_png.rf.b01bf1fad1e374d9f8125b2c4d855ace.jpg,C:\Users\venka\Documents\Project\data\processed\test\Onychogryphosis\Screenshot-2021-11-22-020714_png.rf.b01bf1fad1e374d9f8125b2c4d855ace.jpg,d0e80e67793e23f0
test,Onychogryphosis,Screenshot-2021-11-22-021051_png.rf.8cd7dd8535761b774588c7ecc4373722.jpg,C:\Users\venka\Documents\Project\data\processed\test\Onychogryphosis\Screenshot-2021-11-22-021051_png.rf.8cd7dd8535761b774588c7ecc4373722.jpg,c0c03e487f507fb5
test,pitting,108_JPG.rf.40d1720769393f88f2f33a1551a3e2f1.jpg,C:\Users\venka\Documents\Project\data\processed\test\pitting\108_JPG.rf.40d1720769393f88f2f33a1551a3e2f1.jpg,c59b4e603cc2774d
test,pitting,108_JPG.rf.8dab79a581652b65c98389790e2f67e5.jpg,C:\Users\venka\Documents\Project\data\processed\test\pitting\108_JPG.rf.8dab79a581652b65c98389790e2f67e5.jpg,d16205f32ee939a5
test,pitting,116_JPG.rf.09b6228a6798c4faafb6a84c783ccfa9.jpg,C:\Users\venka\Documents\Project\data\processed\test\pitting\116_JPG.rf.09b6228a6798c4faafb6a84c783ccfa9.jpg,d5e1284a6ac13f97
test,pitting,119_jpg.rf.8b99f606c9d97456821251f39b0de1a6.jpg,C:\Users\venka\Documents\Project\data\processed\test\pitting\119_jpg.rf.8b99f606c9d97456821251f39b0de1a6.jpg,d5952f68386e607a
test,pitting,11_png.rf.3acafe927a60a1c1c05ac7b115c19b5b.jpg,C:\Users\venka\Documents\Project\data\processed\test\pitting\11_png.rf.3acafe927a60a1c1c05ac7b115c19b5b.jpg,954f68946fda4a70
test,pitting,124_JPG.rf.50d57fdbe05ba48917dd86dbd38e35e2.jpg,C:\Users\venka\Documents\Project\data\processed\test\pitting\124_JPG.rf.50d57fdbe05ba48917dd86dbd38e35e2.jpg,c05f83501fea1dec
test,pitting,124_JPG.rf.9dfea669f5725b6bf16266aa68de98f0.jpg,C:\Users\venka\Documents\Project\data\processed\test\pitting\124_JPG.rf.9dfea669f5725b6bf16266aa68de98f0.jpg,d4a0089781df0fdf
test,pitting,126_JPG.rf.8e3c38017672c29a316b3884721fa786.jpg,C:\Users\venka\Documents\Project\data\processed\test\pitting\126_JPG.rf.8e3c38017672c29a316b3884721fa786.jpg,d0a50b27cf926f92
test,pitting,127_JPG.rf.8e4b2d61de934f2ca8bc127a5e889c93.jpg,C:\Users\venka\Documents\Project\data\processed\test\pitting\127_JPG.rf.8e4b2d61de934f2ca8bc127a5e889c93.jpg,858b9ec09ec5ca6e
test,pitting,133_JPG.rf.926bfbd8694399db8bca576b390f7024.jpg,C:\Users\venka\Documents\Project\data\processed\test\pitting\133_JPG.rf.926bfbd8694399db8bca576b390f7024.jpg,817d17383e2a5a3b
test,pitting,135_JPG.rf.9df3f55d65600846feee4b283eac6d5a.jpg,C:\Users\venka\Documents\Project\data\processed\test\pitting\135_JPG.rf.9df3f55d65600846feee4b283eac6d5a.jpg,c583323f3a3c6a33
test,pitting,138_JPG.rf.343a765ce45a0f4c3cbb51d639cdaf96.jpg,C:\Users\venka\Documents\Project\data\processed\test\pitting\138_JPG.rf.343a765ce45a0f4c3cbb51d639cdaf96.jpg,80df57d262b26aaa
test,pitting,139_jpg.rf.cfbb2c717214ef727d1e9df7e8d4f195.jpg,C:\Users\venka\Documents\Project\data\processed\test\pitting\139_jpg.rf.cfbb2c717214ef727d1e9df7e8d4f195.jpg,d53a232f2d051b97
test,pitting,149_JPG.rf.6115fa9ab7322a035bda51469282c880.jpg,C:\Users\venka\Documents\Project\data\processed\test\pitting\149_JPG.rf.6115fa9ab7322a035bda51469282c880.jpg,c03f6a2569362dce
test,pitting,151_JPG.rf.8ee44e6dc45b3f372ad4bddc343c8ce3.jpg,C:\Users\venka\Documents\Project\data\processed\test\pitting\151_JPG.rf.8ee44e6dc45b3f372ad4bddc343c8ce3.jpg,d0d46e932f0e270f
test,pitting,159_JPG.rf.75e8e7071a4ef28cf220571b9574f13a.jpg,C:\Users\venka\Documents\Project\data\processed\test\pitting\159_JPG.rf.75e8e7071a4ef28cf220571b9574f13a.jpg,c55f143e1f1a5a2a
test,pitting,160_JPG.rf.5e215e7d14e1e139300f032cb107c6d6.jpg,C:\Users\venka\Documents\Project\data\processed\test\pitting\160_JPG.rf.5e215e7d14e1e139300f032cb107c6d6.jpg,c42b2a6537721a7b
test,pitting,164_JPG.rf.23a3a9830c0cd70cdf0d2dd57716bf17.jpg,C:\Users\venka\Documents\Project\data\processed\test\pitting\164_JPG.rf.23a3a9830c0cd70cdf0d2dd57716bf17.jpg,d56b6a0f2a1c2f16
test,pitting,166_jpg.rf.55c1aace0868bfab89bcd082d40663c0.jpg,C:\Users\venka\Documents\Project\data\processed\test\pitting\166_jpg.rf.55c1aace0868bfab89bcd082d40663c0.jpg,c46d713574933276
test,pitting,167_jpg.rf.b56f36ab013137008e4ac4215924918c.jpg,C:\Users\venka\Documents\Project\data\processed\test\pitting\167_jpg.rf.b56f36ab013137008e4ac4215924918c.jpg,9d6a683566945a9e
test,pitting,170_jpg.rf.787c50c3da5159db6f777eed1e32bc61.jpg,C:\Users\venka\Documents\Project\data\processed\test\pitting\170_jpg.rf.787c50c3da5159db6f777eed1e32bc61.jpg,d0692f9c9c9b4966
test,pitting,175_jpg.rf.7eabce046b102ba4fcbd9a9146e2dca0.jpg,C:\Users\venka\Documents\Project\data\processed\test\pitting\175_jpg.rf.7eabce046b102ba4fcbd9a9146e2dca0.jpg,c2872f737e68e038
test,pitting,176_JPG.rf.3242ec8727ad2be42d4273ab9aba9fd2.jpg,C:\Users\venka\Documents\Project\data\processed\test\pitting\176_JPG.rf.3242ec8727ad2be42d4273ab9aba9fd2.jpg,c1d777a84a854b93
test,pitting,17_JPG.rf.98f366aa36c6c64c3c6eda6df2a01839.jpg,C:\Users\venka\Documents\Project\data\processed\test\pitting\17_JPG.rf.98f366aa36c6c64c3c6eda6df2a01839.jpg,809e7e8176c173e3
test,pitting,182_JPG.rf.4865053aad8d4ec521a348c4ff477824.jpg,C:\Users\venka\Documents\Project\data\processed\test\pitting\182_JPG.rf.4865053aad8d4ec521a348c4ff477824.jpg,d05103ea5fe51ec6
test,pitting,187_JPG.rf.8c80a5b2ad3a343cb7335b03a14049ea.jpg,C:\Users\venka\Documents\Project\data\processed\test\pitting\187_JPG.rf.8c80a5b2ad3a343cb7335b03a14049ea.jpg,d56a265f3b85c885
test,pitting,191_JPG.rf.2e550da841289c1e9987dd8aaae4bf63.jpg,C:\Users\venka\Documents\Project\data\processed\test\pitting\191_JPG.rf.2e550da841289c1e9987dd8aaae4bf63.jpg,956a2dca35ca3fc0
test,pitting,193_JPG.rf.1050b067538579a53ee4deef44c9e4b7.jpg,C:\Users\venka\Documents\Project\data\processed\test\pitting\193_JPG.rf.1050b067538579a53ee4deef44c9e4b7.jpg,d55b4a3d49954c95
test,pitting,193_JPG.rf.744032144cc47f608f0069c3f6280a76.jpg,C:\Users\venka\Documents\Project\data\processed\test\pitting\193_JPG.rf.744032144cc47f608f0069c3f6280a76.jpg,804357795be01fe3
test,pitting,194_JPG.rf.22303522aea827bb7a83402327be123a.jpg,C:\Users\venka\Documents\Project\data\processed\test\pitting\194_JPG.rf.22303522aea827bb7a83402327be123a.jpg,857161c34ece4ecd
test,pitting,197_JPG.rf.48117710a88fe2b0cf96f5bc9332f162.jpg,C:\Users\venka\Documents\Project\data\processed\test\pitting\197_JPG.rf.48117710a88fe2b0cf96f5bc9332f162.jpg,91e040c71bf559d7
test,pitting,204_JPG.rf.f04d4d025923aeb98c297f8ac9cef174.jpg,C:\Users\venka\Documents\Project\data\processed\test\pitting\204_JPG.rf.f04d4d025923aeb98c297f8ac9cef174.jpg,800a57bd0fb47eb1
test,pitting,206_JPG.rf.0ca72ae7568163d06c10e1c40adbd6c5.jpg,C:\Users\venka\Documents\Project\data\processed\test\pitting\206_JPG.rf.0ca72ae7568163d06c10e1c40adbd6c5.jpg,80f065e0576a5e6f
test,pitting,209_JPG.rf.55565a335358f438ed25a37cc3bd83a0.jpg,C:\Users\venka\Documents\Project\data\processed\test\pitting\209_JPG.rf.55565a335358f438ed25a37cc3bd83a0.jpg,d595089f3f893968
test,pitting,210_JPG.rf.a60fa528afbbf6bf1b01e626d5e8c691.jpg,C:\Users\venka\Documents\Project\data\processed\test\pitting\210_JPG.rf.a60fa528afbbf6bf1b01e626d5e8c691.jpg,96c3699663916b96
test,pitting,217_JPG.rf.5410f1eff5eda1ff303d0eb4537173c4.jpg,C:\Users\venka\Documents\Project\data\processed\test\pitting\217_JPG.rf.5410f1eff5eda1ff303d0eb4537173c4.jpg,85a02a957f1f687c
test,pitting,21_JPG.rf.0d8da1c0a488e4f659d4a200c6b815c5.jpg,C:\Users\venka\Documents\Project\data\processed\test\pitting\21_JPG.rf.0d8da1c0a488e4f659d4a200c6b815c5.jpg,d5952b803fe03f70
test,pitting,220_JPG.rf.79cdc4c45e68afed0c6d3fce5ca4c877.jpg,C:\Users\venka\Documents\Project\data\processed\test\pitting\220_JPG.rf.79cdc4c45e68afed0c6d3fce5ca4c877.jpg,c5853b3ab2968dd2
test,pitting,223_JPG.rf.be844140328cb31f01a0bf604c9e78b2.jpg,C:\Users\venka\Documents\Project\data\processed\test\pitting\223_JPG.rf.be844140328cb31f01a0bf604c9e78b2.jpg,d5e82a412e1f3b3c
test,pitting,227_JPG.rf.6177403cabb6a7e7ced7c1ff66691e48.jpg,C:\Users\venka\Documents\Project\data\processed\test\pitting\227_JPG.rf.6177403cabb6a7e7ced7c1ff66691e48.jpg,886576793d343ea4
test,pitting,230_jpg.rf.25ab4a665db508eeaa05cb42a23a01b4.jpg,C:\Users\venka\Documents\Project\data\processed\test\pitting\230_jpg.rf.25ab4a665db508eeaa05cb42a23a01b4.jpg,83907f4f606cc763
test,pitting,235_JPG.rf.61804fcdecfc67c1160427a55bbcc005.jpg,C:\Users\venka\Documents\Project\data\processed\test\pitting\235_JPG.rf.61804fcdecfc67c1160427a55bbcc005.jpg,c17f343b832f063a
test,pitting,236_jpg.rf.175aa87e91db30ae9e729392ddb794ec.jpg,C:\Users\venka\Documents\Project\data\processed\test\pitting\236_jpg.rf.175aa87e91db30ae9e729392ddb794ec.jpg,c18f51b46f893b16
test,pitting,238_JPG.rf.4d8483d735627e4e5876bf8a49011a54.jpg,C:\Users\venka\Documents\Project\data\processed\test\pitting\238_JPG.rf.4d8483d735627e4e5876bf8a49011a54.jpg,d4286a5d5775127c
test,pitting,238_JPG.rf.adc3d140dc01e596f8d702c2feae7aae.jpg,C:\Users\venka\Documents\Project\data\processed\test\pitting\238_JPG.rf.adc3d140dc01e596f8d702c2feae7aae.jpg,d4f57f03308a52ae
test,pitting,241_JPG.rf.01131a383281b2d3a43e1f1b3946ac68.jpg,C:\Users\venka\Documents\Project\data\processed\test\pitting\241_JPG.rf.01131a383281b2d3a43e1f1b3946ac68.jpg,81b47fb878b870b1
test,pitting,243_jpg.rf.8bfdedf7f519567f3a947c35f6274825.jpg,C:\Users\venka\Documents\Project\data\processed\test\pitting\243_jpg.rf.8bfdedf7f519567f3a947c35f6274825.jpg,c0853f3eda7049c7
test,pitting,247_JPG.rf.819163fb6c1e870cd170a927ef66b72a.jpg,C:\Users\venka\Documents\Project\data\processed\test\pitting\247_JPG.rf.819163fb6c1e870cd170a927ef66b72a.jpg,d2072f7f68684974
test,pitting,251_JPG.rf.0d21198c91d51724b676862bf62321fe.jpg,C:\Users\venka\Documents\Project\data\processed\test\pitting\251_JPG.rf.0d21198c91d51724b676862bf62321fe.jpg,c42d7b766478307a
test,pitting,251_JPG.rf.48c4c67c35053f308d4c972fde788c50.jpg,C:\Users\venka\Documents\Project\data\processed\test\pitting\251_JPG.rf.48c4c67c35053f308d4c972fde788c50.jpg,d59820536dce6733
test,pitting,25_JPG.rf.88e9974981b12a95665b7267ff0a078f.jpg,C:\Users\venka\Documents\Project\data\processed\test\pitting\25_JPG.rf.88e9974981b12a95665b7267ff0a078f.jpg,95684a747b716a69
test,pitting,25_JPG.rf.b6c47482831efb277500b134685677e6.jpg,C:\Users\venka\Documents\Project\data\processed\test\pitting\25_JPG.rf.b6c47482831efb277500b134685677e6.jpg,d5950a953eb43ed0
test,pitting,265_jpg.rf.d2ae9c48bc4375dc04b662a9685143e4.jpg,C:\Users\venka\Documents\Project\data\processed\test\pitting\265_jpg.rf.d2ae9c48bc4375dc04b662a9685143e4.jpg,c46a3d85321fca3d
test,pitting,266_JPG.rf.26d421fddbf545f4c907e34f5d98496a.jpg,C:\Users\venka\Documents\Project\data\processed\test\pitting\266_JPG.rf.26d421fddbf545f4c907e34f5d98496a.jpg,952b689f63b562c8
test,pitting,268_JPG.rf.3fb0f6a93730fb27ad780cbdb8382ed8.jpg,C:\Users\venka\Documents\Project\data\processed\test\pitting\268_JPG.rf.3fb0f6a93730fb27ad780cbdb8382ed8.jpg,80803e7b1b3d3a7d
test,pitting,272_jpg.rf.70a63e08bc17a69600c13dce11760900.jpg,C:\Users\venka\Documents\Project\data\processed\test\pitting\272_jpg.rf.70a63e08bc17a69600c13dce11760900.jpg,f597149b32d83961
test,pitting,272_jpg.rf.cfc92e83f033e5aaa1c749c21d380b76.jpg,C:\Users\venka\Documents\Project\data\processed\test\pitting\272_jpg.rf.cfc92e83f033e5aaa1c749c21d380b76.jpg,e0ef1f8926243756
test,pitting,273_JPG.rf.9c5a81574acc80fd7cce0549f7a0dfe2.jpg,C:\Users\venka\Documents\Project\data\processed\test\pitting\273_JPG.rf.9c5a81574acc80fd7cce0549f7a0dfe2.jpg,80c02de77d47703f
test,pitting,273_JPG.rf.b07ea37530876890afa4bf5cdede9c4c.jpg,C:\Users\venka\Documents\Project\data\processed\test\pitting\273_JPG.rf.b07ea37530876890afa4bf5cdede9c4c.jpg,d5953afa2842256f
test,pitting,27_JPG.rf.c624cc83fa29d13bfb9a8de550308f4c.jpg,C:\Users\venka\Documents\Project\data\processed\test\pitting\27_JPG.rf.c624cc83fa29d13bfb9a8de550308f4c.jpg,956b6a4a633d063d
test,pitting,283_JPG.rf.41d5680f45c8cd1b3aaaf76599d9d428.jpg,C:\Users\venka\Documents\Project\data\processed\test\pitting\283_JPG.rf.41d5680f45c8cd1b3aaaf76599d9d428.jpg,d585f4a585951f94
test,pitting,283_JPG.rf.b0228bf44a39c838aeadc1ecbe0bc177.jpg,C:\Users\venka\Documents\Project\data\processed\test\pitting\283_JPG.rf.b0228bf44a39c838aeadc1ecbe0bc177.jpg,d51f9487ca9e4a13
test,pitting,289_jpg.rf.adaebf2016e6656aac1c829f0db8b7c8.jpg,C:\Users\venka\Documents\Project\data\processed\test\pitting\289_jpg.rf.adaebf2016e6656aac1c829f0db8b7c8.jpg,97c3682996b493cb
test,pitting,293_JPG.rf.ae08bdf3dd6225428eef2b060b19c9d5.jpg,C:\Users\venka\Documents\Project\data\processed\test\pitting\293_JPG.rf.ae08bdf3dd6225428eef2b060b19c9d5.jpg,c0872bd225d735d6
test,pitting,293_JPG.rf.f3f2bfeaebb7572103b05be7d40708dc.jpg,C:\Users\venka\Documents\Project\data\processed\test\pitting\293_JPG.rf.f3f2bfeaebb7572103b05be7d40708dc.jpg,80607f623f9a2f9a
test,pitting,306_jpg.rf.6f3ab6cc1fdd98ff23abfed84ded1dec.jpg,C:\Users\venka\Documents\Project\data\processed\test\pitting\306_jpg.rf.6f3ab6cc1fdd98ff23abfed84ded1dec.jpg,987f07c33ac525d2
test,pitting,306_jpg.rf.bd77586386e09f91d3c4728564f5deaa.jpg,C:\Users\venka\Documents\Project\data\processed\test\pitting\306_jpg.rf.bd77586386e09f91d3c4728564f5deaa.jpg,85d55ba058b74d99
test,pitting,307_jpg.rf.b9a8a4f3e56096edda03c37770f3c425.jpg,C:\Users\venka\Documents\Project\data\processed\test\pitting\307_jpg.rf.b9a8a4f3e56096edda03c37770f3c425.jpg,87403e6f3d6d3464
test,pitting,309_JPG.rf.4985a709f5e77f90039519e74350bd0f.jpg,C:\Users\venka\Documents\Project\data\processed\test\pitting\309_JPG.rf.4985a709f5e77f90039519e74350bd0f.jpg,959f7ea068cb6306
test,pitting,309_JPG.rf.e8d1fa1245f2697375205f0fd1d4919d.jpg,C:\Users\venka\Documents\Project\data\processed\test\pitting\309_JPG.rf.e8d1fa1245f2697375205f0fd1d4919d.jpg,c0c20f6f3acd3a8d
test,pitting,318_JPG.rf.c0173ec94d0de1ff51a674fa12baaa1a.jpg,C:\Users\venka\Documents\Project\data\processed\test\pitting\318_JPG.rf.c0173ec94d0de1ff51a674fa12baaa1a.jpg,d5853a952bf43d60
test,pitting,32_JPG.rf.114ba82648617c3c660c156c86c27411.jpg,C:\Users\venka\Documents\Project\data\processed\test\pitting\32_JPG.rf.114ba82648617c3c660c156c86c27411.jpg,c08f666d6a686b6c
test,pitting,35_JPG.rf.5db35122afc917faf80e5db480912c5f.jpg,C:\Users\venka\Documents\Project\data\processed\test\pitting\35_JPG.rf.5db35122afc917faf80e5db480912c5f.jpg,d5951e967f9034c2
test,pitting,35_JPG.rf.771b0daa3c0232a0bc3eac9dea27ae39.jpg,C:\Users\venka\Documents\Project\data\processed\test\pitting\35_JPG.rf.771b0daa3c0232a0bc3eac9dea27ae39.jpg,d5fd6ac02a0a3d63
test,pitting,36_JPG.rf.e4d2c9ab6bac2d84db3beaf02384f973.jpg,C:\Users\venka\Documents\Project\data\processed\test\pitting\36_JPG.rf.e4d2c9ab6bac2d84db3beaf02384f973.jpg,85be3ad5605b6169
test,pitting,37_JPG.rf.192c2d6c4ef6ef0cb0b7a6a405665545.jpg,C:\Users\venka\Documents\Project\data\processed\test\pitting\37_JPG.rf.192c2d6c4ef6ef0cb0b7a6a405665545.jpg,80f879c44b7a3778
test,pitting,42_JPG.rf.f2972615668faac9416c0197d4bdc672.jpg,C:\Users\venka\Documents\Project\data\processed\test\pitting\42_JPG.rf.f2972615668faac9416c0197d4bdc672.jpg,d53f2a3c7a28382b
test,pitting,50_JPG.rf.e0ba358b4003b7242e5e2818cc1e649a.jpg,C:\Users\venka\Documents\Project\data\processed\test\pitting\50_JPG.rf.e0ba358b4003b7242e5e2818cc1e649a.jpg,d5a52df6526aca0a
test,pitting,52_JPG.rf.19ad0afda1822cfe4ca09794a0bad9ac.jpg,C:\Users\venka\Documents\Project\data\processed\test\pitting\52_JPG.rf.19ad0afda1822cfe4ca09794a0bad9ac.jpg,95d53207312a773b
test,pitting,53_JPG.rf.ffd7ef85d81866daa66f9e2975221f58.jpg,C:\Users\venka\Documents\Project\data\processed\test\pitting\53_JPG.rf.ffd7ef85d81866daa66f9e2975221f58.jpg,80ea15d85ed94bcb
test,pitting,56_JPG.rf.d6b262b70e48930c46cd7301d8dd7a6a.jpg,C:\Users\venka\Documents\Project\data\processed\test\pitting\56_JPG.rf.d6b262b70e48930c46cd7301d8dd7a6a.jpg,850f5a414b6c6f79
test,pitting,59_JPG.rf.88f3c5a80b9adb532a6aff2bdd132c0a.jpg,C:\Users\venka\Documents\Project\data\processed\test\pitting\59_JPG.rf.88f3c5a80b9adb532a6aff2bdd132c0a.jpg,c06f313c366173d9
test,pitting,5_JPG.rf.d28647ea5bb64e4906c8465d44a445dc.jpg,C:\Users\venka\Documents\Project\data\processed\test\pitting\5_JPG.rf.d28647ea5bb64e4906c8465d44a445dc.jpg,c0811f6b4573437f
test,pitting,63_JPG.rf.88ae502be667ef01a50f614312b01505.jpg,C:\Users\venka\Documents\Project\data\processed\test\pitting\63_JPG.rf.88ae502be667ef01a50f614312b01505.jpg,cc98626727cccdc9
test,pitting,63_JPG.rf.c7fc87b4fae1a2cf47c6d85ed72c4283.jpg,C:\Users\venka\Documents\Project\data\processed\test\pitting\63_JPG.rf.c7fc87b4fae1a2cf47c6d85ed72c4283.jpg,c4280b67396f7c39
test,pitting,64_JPG.rf.8eb7070ef18a40896dd6c5f88b4b5cee.jpg,C:\Users\venka\Documents\Project\data\processed\test\pitting\64_JPG.rf.8eb7070ef18a40896dd6c5f88b4b5cee.jpg,807f743e2a2e2b5a
test,pitting,65_JPG.rf.0115ec5ab2ddb2ed7afc5fcbd81a7b69.jpg,C:\Users\venka\Documents\Project\data\processed\test\pitting\65_JPG.rf.0115ec5ab2ddb2ed7afc5fcbd81a7b69.jpg,e197742f029d2fc4
test,pitting,66_jpg.rf.44626a3dae3f4adbea432c85b72aed52.jpg,C:\Users\venka\Documents\Project\data\processed\test\pitting\66_jpg.rf.44626a3dae3f4adbea432c85b72aed52.jpg,dd816037819f376a
test,pitting,68_JPG.rf.6e5d511a034d29e957521853eb7ac0d1.jpg,C:\Users\venka\Documents\Project\data\processed\test\pitting\68_JPG.rf.6e5d511a034d29e957521853eb7ac0d1.jpg,80ff5f9563946780
test,pitting,74_JPG.rf.9e7e62d364ecb759e14ed32e2f9d2f59.jpg,C:\Users\venka\Documents\Project\data\processed\test\pitting\74_JPG.rf.9e7e62d364ecb759e14ed32e2f9d2f59.jpg,d6462d7878e862f1
test,pitting,75_JPG.rf.b5e87b1560658eabeef4ae46db975199.jpg,C:\Users\venka\Documents\Project\data\processed\test\pitting\75_JPG.rf.b5e87b1560658eabeef4ae46db975199.jpg,dfea20271e991b85
test,pitting,7_JPG.rf.78589204be0bdf18b31f66b98d14dae2.jpg,C:\Users\venka\Documents\Project\data\processed\test\pitting\7_JPG.rf.78589204be0bdf18b31f66b98d14dae2.jpg,906a257d3e4d3e86
test,pitting,89_JPG.rf.a7e857ea3d6cc588b3320d9e7f89df5c.jpg,C:\Users\venka\Documents\Project\data\processed\test\pitting\89_JPG.rf.a7e857ea3d6cc588b3320d9e7f89df5c.jpg,c49f6acf7bc42160
test,pitting,90_JPG.rf.90cf05e9e3aa99b43e842cbddc2fcacc.jpg,C:\Users\venka\Documents\Project\data\processed\test\pitting\90_JPG.rf.90cf05e9e3aa99b43e842cbddc2fcacc.jpg,c02a3fd12df934e1
test,pitting,90_JPG.rf.d07c77955e569fc092ebaee5d8a89aae.jpg,C:\Users\venka\Documents\Project\data\processed\test\pitting\90_JPG.rf.d07c77955e569fc092ebaee5d8a89aae.jpg,956a6a7770b02bb1
test,pitting,91_JPG.rf.b56309309c23729cfd2c81e73f627bc9.jpg,C:\Users\venka\Documents\Project\data\processed\test\pitting\91_JPG.rf.b56309309c23729cfd2c81e73f627bc9.jpg,859c6e3c35e834e6
test,pitting,91_JPG.rf.ee848f39a582b7468022ea9062b51205.jpg,C:\Users\venka\Documents\Project\data\processed\test\pitting\91_JPG.rf.ee848f39a582b7468022ea9062b51205.jpg,906777c83a99a393
test,pitting,9_JPG.rf.874798f3e0533bd9bfed669c294bfd2e.jpg,C:\Users\venka\Documents\Project\data\processed\test\pitting\9_JPG.rf.874798f3e0533bd9bfed669c294bfd2e.jpg,d0a82e0f311ddd73
