image_path,image_name,true_class,predicted_class,confidence_percent,correct_prediction
C:\Users\venka\Documents\Project\Nail-Condition-Classification\data\grouped_split\val\Acral_Lentiginous_Melanoma\4229e494114681c808066e262f2f82ad1c89676d_jpg.rf.9d151d7348b779653542fc6cd8cfb04f.jpg,4229e494114681c808066e262f2f82ad1c89676d_jpg.rf.9d151d7348b779653542fc6cd8cfb04f.jpg,Acral_Lentiginous_Melanoma,Acral_Lentiginous_Melanoma,91.2,True
C:\Users\venka\Documents\Project\Nail-Condition-Classification\data\grouped_split\val\Acral_Lentiginous_Melanoma\4229e494114681c808066e262f2f82ad1c89676d_jpg.rf.c06c1d1f4666c86b4d9c077d67cf65d6.jpg,4229e494114681c808066e262f2f82ad1c89676d_jpg.rf.c06c1d1f4666c86b4d9c077d67cf65d6.jpg,Acral_Lentiginous_Melanoma,Acral_Lentiginous_Melanoma,67.1,True
C:\Users\venka\Documents\Project\Nail-Condition-Classification\data\grouped_split\val\Acral_Lentiginous_Melanoma\4229e494114681c808066e262f2f82ad1c89676d_jpg.rf.e50fbd6607bf6a1c7dd7a3804e808c92.jpg,4229e494114681c808066e262f2f82ad1c89676d_jpg.rf.e50fbd6607bf6a1c7dd7a3804e808c92.jpg,Acral_Lentiginous_Melanoma,Acral_Lentiginous_Melanoma,61.2,True
C:\Users\venka\Documents\Project\Nail-Condition-Classification\data\grouped_split\val\Acral_Lentiginous_Melanoma\Nail-apparatus-lentigo-in-an-adult_Q320_jpg.rf.1ad858d5f7c92b329deffac49b34c4d1.jpg,Nail-apparatus-lentigo-in-an-adult_Q320_jpg.rf.1ad858d5f7c92b329deffac49b34c4d1.jpg,Acral_Lentiginous_Melanoma,Acral_Lentiginous_Melanoma,86.94,True
C:\Users\venka\Documents\Project\Nail-Condition-Classification\data\grouped_split\val\Acral_Lentiginous_Melanoma\Nail-apparatus-lentigo-in-an-adult_Q320_jpg.rf.6ebd65828d989753b7c4b0c06c7f6358.jpg,Nail-apparatus-lentigo-in-an-adult_Q320_jpg.rf.6ebd65828d989753b7c4b0c06c7f6358.jpg,Acral_Lentiginous_Melanoma,Acral_Lentiginous_Melanoma,91.75,True
C:\Users\venka\Documents\Project\Nail-Condition-Classification\data\grouped_split\val\Acral_Lentiginous_Melanoma\Nail-apparatus-lentigo-in-an-adult_Q320_jpg.rf.9d072b7e4ac0f85b452e8b0e8826e855.jpg,Nail-apparatus-lentigo-in-an-adult_Q320_jpg.rf.9d072b7e4ac0f85b452e8b0e8826e855.jpg,Acral_Lentiginous_Melanoma,Acral_Lentiginous_Melanoma,89.4,True
C:\Users\venka\Documents\Project\Nail-Condition-Classification\data\grouped_split\val\Acral_Lentiginous_Melanoma\Pseudo-Hutchinsons-sign-with-homogeneous-brownish-and-grayish-longitudinal-bands-and_png.rf.50538135841a0230e1235b53ec99c0c5.jpg,Pseudo-Hutchinsons-sign-with-homogeneous-brownish-and-grayish-longitudinal-bands-and_png.rf.50538135841a0230e1235b53ec99c0c5.jpg,Acral_Lentiginous_Melanoma,Acral_Lentiginous_Melanoma,79.4,True
C:\Users\venka\Documents\Project\Nail-Condition-Classification\data\grouped_split\val\Acral_Lentiginous_Melanoma\Pseudo-Hutchinsons-sign-with-homogeneous-brownish-and-grayish-longitudinal-bands-and_png.rf.e79eb4007048e6ed3c2ad743a4b8324f.jpg,Pseudo-Hutchinsons-sign-with-homogeneous-brownish-and-grayish-longitudinal-bands-and_png.rf.e79eb4007048e6ed3c2ad743a4b8324f.jpg,Acral_Lentiginous_Melanoma,Acral_Lentiginous_Melanoma,85.4,True
C:\Users\venka\Documents\Project\Nail-Condition-Classification\data\grouped_split\val\Acral_Lentiginous_Melanoma\Pseudo-Hutchinsons-sign-with-homogeneous-brownish-and-grayish-longitudinal-bands-and_png.rf.eb4013b27bed39c30627ff291d356011.jpg,Pseudo-Hutchinsons-sign-with-homogeneous-brownish-and-grayish-longitudinal-bands-and_png.rf.eb4013b27bed39c30627ff291d356011.jpg,Acral_Lentiginous_Melanoma,Acral_Lentiginous_Melanoma,55.72,True
C:\Users\venka\Documents\Project\Nail-Condition-Classification\data\grouped_split\val\Acral_Lentiginous_Melanoma\Screen-Shot-2021-11-16-at-7-01-06-PM_png.rf.31722a3ca621f4b11d3b12029123078e.jpg,Screen-Shot-2021-11-16-at-7-01-06-PM_png.rf.31722a3ca621f4b11d3b12029123078e.jpg,Acral_Lentiginous_Melanoma,Acral_Lentiginous_Melanoma,93.9,True
C:\Users\venka\Documents\Project\Nail-Condition-Classification\data\grouped_split\val\Acral_Lentiginous_Melanoma\Screen-Shot-2021-11-16-at-7-01-06-PM_png.rf.4a9c7c9d3429f48cada88f437478cf74.jpg,Screen-Shot-2021-11-16-at-7-01-06-PM_png.rf.4a9c7c9d3429f48cada88f437478cf74.jpg,Acral_Lentiginous_Melanoma,Acral_Lentiginous_Melanoma,90.94,True
C:\Users\venka\Documents\Project\Nail-Condition-Classification\data\grouped_split\val\Acral_Lentiginous_Melanoma\Screen-Shot-2021-11-16-at-7-01-06-PM_png.rf.758203c6d78860b6f9894aed577735b4.jpg,Screen-Shot-2021-11-16-at-7-01-06-PM_png.rf.758203c6d78860b6f9894aed577735b4.jpg,Acral_Lentiginous_Melanoma,Acral_Lentiginous_Melanoma,88.5,True
C:\Users\venka\Documents\Project\Nail-Condition-Classification\data\grouped_split\val\Acral_Lentiginous_Melanoma\Screen-Shot-2021-11-16-at-7-01-17-PM_png.rf.065a88659d49bfd645a7cc8eeaa30ef6.jpg,Screen-Shot-2021-11-16-at-7-01-17-PM_png.rf.065a88659d49bfd645a7cc8eeaa30ef6.jpg,Acral_Lentiginous_Melanoma,Acral_Lentiginous_Melanoma,84.0,True
C:\Users\venka\Documents\Project\Nail-Condition-Classification\data\grouped_split\val\Acral_Lentiginous_Melanoma\Screen-Shot-2021-11-16-at-7-01-17-PM_png.rf.27d29550d4afa598085df6e3a222f226.jpg,Screen-Shot-2021-11-16-at-7-01-17-PM_png.rf.27d29550d4afa598085df6e3a222f226.jpg,Acral_Lentiginous_Melanoma,Acral_Lentiginous_Melanoma,72.6,True
C:\Users\venka\Documents\Project\Nail-Condition-Classification\data\grouped_split\val\Acral_Lentiginous_Melanoma\Screen-Shot-2021-11-16-at-7-01-17-PM_png.rf.f6e3ef0d310e1ee2779fce1ccf4b6d5a.jpg,Screen-Shot-2021-11-16-at-7-01-17-PM_png.rf.f6e3ef0d310e1ee2779fce1ccf4b6d5a.jpg,Acral_Lentiginous_Melanoma,Acral_Lentiginous_Melanoma,77.94,True
C:\Users\venka\Documents\Project\Nail-Condition-Classification\data\grouped_split\val\Acral_Lentiginous_Melanoma\Screen-Shot-2021-11-16-at-7-02-13-PM_png.rf.1b4430908da79116b428fc5c1a39167b.jpg,Screen-Shot-2021-11-16-at-7-02-13-PM_png.rf.1b4430908da79116b428fc5c1a39167b.jpg,Acral_Lentiginous_Melanoma,Acral_Lentiginous_Melanoma,93.56,True
C:\Users\venka\Documents\Project\Nail-Condition-Classification\data\grouped_split\val\Acral_Lentiginous_Melanoma\Screen-Shot-2021-11-16-at-7-02-13-PM_png.rf.1ecd05368cd1aa37f01ee266daa2fbc3.jpg,Screen-Shot-2021-11-16-at-7-02-13-PM_png.rf.1ecd05368cd1aa37f01ee266daa2fbc3.jpg,Acral_Lentiginous_Melanoma,Acral_Lentiginous_Melanoma,91.25,True
C:\Users\venka\Documents\Project\Nail-Condition-Classification\data\grouped_split\val\Acral_Lentiginous_Melanoma\Screen-Shot-2021-11-16-at-7-02-13-PM_png.rf.a069e1c0a19813739f76f8d94ca3ad01.jpg,Screen-Shot-2021-11-16-at-7-02-13-PM_png.rf.a069e1c0a19813739f76f8d94ca3ad01.jpg,Acral_Lentiginous_Melanoma,Acral_Lentiginous_Melanoma,90.2,True
C:\Users\venka\Documents\Project\Nail-Condition-Classification\data\grouped_split\val\Acral_Lentiginous_Melanoma\Screen-Shot-2021-11-16-at-7-05-55-PM_png.rf.8ae18bd5d3c105c8ffbf750cfdb76502.jpg,Screen-Shot-2021-11-16-at-7-05-55-PM_png.rf.8ae18bd5d3c105c8ffbf750cfdb76502.jpg,Acral_Lentiginous_Melanoma,Acral_Lentiginous_Melanoma,90.2,True
C:\Users\venka\Documents\Project\Nail-Condition-Classification\data\grouped_split\val\Acral_Lentiginous_Melanoma\Screen-Shot-2021-11-16-at-7-05-55-PM_png.rf.ade918f28d20e9e407278ebfc3eb1892.jpg,Screen-Shot-2021-11-16-at-7-05-55-PM_png.rf.ade918f28d20e9e407278ebfc3eb1892.jpg,Acral_Lentiginous_Melanoma,Acral_Lentiginous_Melanoma,96.94,True
C:\Users\venka\Documents\Project\Nail-Condition-Classification\data\grouped_split\val\Acral_Lentiginous_Melanoma\Screen-Shot-2021-11-16-at-7-05-55-PM_png.rf.bc64587d6f7d9508de823c52d4112520.jpg,Screen-Shot-2021-11-16-at-7-05-55-PM_png.rf.bc64587d6f7d9508de823c52d4112520.jpg,Acral_Lentiginous_Melanoma,Acral_Lentiginous_Melanoma,94.0,True
C:\Users\venka\Documents\Project\Nail-Condition-Classification\data\grouped_split\val\Acral_Lentiginous_Melanoma\Screen-Shot-2021-11-16-at-7-08-26-PM_png.rf.5f82c4749b34db20407b5665a56aec2c.jpg,Screen-Shot-2021-11-16-at-7-08-26-PM_png.rf.5f82c4749b34db20407b5665a56aec2c.jpg,Acral_Lentiginous_Melanoma,Acral_Lentiginous_Melanoma,84.2,True
C:\Users\venka\Documents\Project\Nail-Condition-Classification\data\grouped_split\val\Acral_Lentiginous_Melanoma\Screen-Shot-2021-11-16-at-7-08-26-PM_png.rf.c7f101046f4b394fe75004bebf1b6867.jpg,Screen-Shot-2021-11-16-at-7-08-26-PM_png.rf.c7f101046f4b394fe75004bebf1b6867.jpg,Acral_Lentiginous_Melanoma,Acral_Lentiginous_Melanoma,88.25,True
C:\Users\venka\Documents\Project\Nail-Condition-Classification\data\grouped_split\val\Acral_Lentiginous_Melanoma\Screen-Shot-2021-11-16-at-7-08-26-PM_png.rf.ffa552ff4d6a7c277e37e5d2928f8dab.jpg,Screen-Shot-2021-11-16-at-7-08-26-PM_png.rf.ffa552ff4d6a7c277e37e5d2928f8dab.jpg,Acral_Lentiginous_Melanoma,Acral_Lentiginous_Melanoma,80.0,True
C:\Users\venka\Documents\Project\Nail-Condition-Classification\data\grouped_split\val\Acral_Lentiginous_Melanoma\Screen-Shot-2021-11-16-at-7-11-28-PM_png.rf.21d3812d9b43022abde0e5e8ab6910d8.jpg,Screen-Shot-2021-11-16-at-7-11-28-PM_png.rf.21d3812d9b43022abde0e5e8ab6910d8.jpg,Acral_Lentiginous_Melanoma,Acral_Lentiginous_Melanoma,93.94,True
C:\Users\venka\Documents\Project\Nail-Condition-Classification\data\grouped_split\val\Acral_Lentiginous_Melanoma\Screen-Shot-2021-11-16-at-7-11-28-PM_png.rf.259aee05097adbda02130a8a87e0f485.jpg,Screen-Shot-2021-11-16-at-7-11-28-PM_png.rf.259aee05097adbda02130a8a87e0f485.jpg,Acral_Lentiginous_Melanoma,Acral_Lentiginous_Melanoma,82.5,True
C:\Users\venka\Documents\Project\Nail-Condition-Classification\data\grouped_split\val\Acral_Lentiginous_Melanoma\Screen-Shot-2021-11-16-at-7-11-28-PM_png.rf.81813daec3ba8af023d137808242ff72.jpg,Screen-Shot-2021-11-16-at-7-11-28-PM_png.rf.81813daec3ba8af023d137808242ff72.jpg,Acral_Lentiginous_Melanoma,Acral_Lentiginous_Melanoma,64.56,True
C:\Users\venka\Documents\Project\Nail-Condition-Classification\data\grouped_split\val\Acral_Lentiginous_Melanoma\Screen-Shot-2021-11-16-at-7-12-02-PM_png.rf.214c0d5fcc18df4414a537c0df80e818.jpg,Screen-Shot-2021-11-16-at-7-12-02-PM_png.rf.214c0d5fcc18df4414a537c0df80e818.jpg,Acral_Lentiginous_Melanoma,Acral_Lentiginous_Melanoma,93.44,True
C:\Users\venka\Documents\Project\Nail-Condition-Classification\data\grouped_split\val\Acral_Lentiginous_Melanoma\Screen-Shot-2021-11-16-at-7-12-02-PM_png.rf.5c1bcfd62903be4997b2b56fa75edcb3.jpg,Screen-Shot-2021-11-16-at-7-12-02-PM_png.rf.5c1bcfd62903be4997b2b56fa75edcb3.jpg,Acral_Lentiginous_Melanoma,Acral_Lentiginous_Melanoma,92.75,True
C:\Users\venka\Documents\Project\Nail-Condition-Classification\data\grouped_split\val\Acral_Lentiginous_Melanoma\Screen-Shot-2021-11-16-at-7-12-02-PM_png.rf.5fffb2a748cc4056e6c5e9e58acfe2d8.jpg,Screen-Shot-2021-11-16-at-7-12-02-PM_png.rf.5fffb2a748cc4056e6c5e9e58acfe2d8.jpg,Acral_Lentiginous_Melanoma,Acral_Lentiginous_Melanoma,89.06,True
C:\Users\venka\Documents\Project\Nail-Condition-Classification\data\grouped_split\val\Acral_Lentiginous_Melanoma\Screen-Shot-2021-11-16-at-7-14-39-PM_png.rf.4fb61121fbf5c300f085ecd8a08e2ea1.jpg,Screen-Shot-2021-11-16-at-7-14-39-PM_png.rf.4fb61121fbf5c300f085ecd8a08e2ea1.jpg,Acral_Lentiginous_Melanoma,Acral_Lentiginous_Melanoma,49.34,True
C:\Users\venka\Documents\Project\Nail-Condition-Classification\data\grouped_split\val\Acral_Lentiginous_Melanoma\Screen-Shot-2021-11-16-at-7-14-39-PM_png.rf.6a30261b770aecb8c632fc2054145411.jpg,Screen-Shot-2021-11-16-at-7-14-39-PM_png.rf.6a30261b770aecb8c632fc2054145411.jpg,Acral_Lentiginous_Melanoma,Acral_Lentiginous_Melanoma,54.62,True
C:\Users\venka\Documents\Project\Nail-Condition-Classification\data\grouped_split\val\Acral_Lentiginous_Melanoma\Screen-Shot-2021-11-16-at-7-14-39-PM_png.rf.7ffbb2f19dc7d79e9868393f7baa6b6d.jpg,Screen-Shot-2021-11-16-at-7-14-39-PM_png.rf.7ffbb2f19dc7d79e9868393f7baa6b6d.jpg,Acral_Lentiginous_Melanoma,Acral_Lentiginous_Melanoma,60.0,True
C:\Users\venka\Documents\Project\Nail-Condition-Classification\data\grouped_split\val\Acral_Lentiginous_Melanoma\Screen-Shot-2021-11-16-at-7-17-45-PM_png.rf.4e961ed41504e15b9379f69e0142e801.jpg,Screen-Shot-2021-11-16-at-7-17-45-PM_png.rf.4e961ed41504e15b9379f69e0142e801.jpg,Acral_Lentiginous_Melanoma,Acral_Lentiginous_Melanoma,90.56,True
C:\Users\venka\Documents\Project\Nail-Condition-Classification\data\grouped_split\val\Acral_Lentiginous_Melanoma\Screen-Shot-2021-11-16-at-7-17-45-PM_png.rf.cfc11a7bda850be0b92d371c2898d3ad.jpg,Screen-Shot-2021-11-16-at-7-17-45-PM_png.rf.cfc11a7bda850be0b92d371c2898d3ad.jpg,Acral_Lentiginous_Melanoma,Acral_Lentiginous_Melanoma,93.3,True
C:\Users\venka\Documents\Project\Nail-Condition-Classification\data\grouped_split\val\Acral_Lentiginous_Melanoma\Screen-Shot-2021-11-16-at-7-17-45-PM_png.rf.e071c80477762bd3c1f24c54996f6b9b.jpg,Screen-Shot-2021-11-16-at-7-17-45-PM_png.rf.e071c80477762bd3c1f24c54996f6b9b.jpg,Acral_Lentiginous_Melanoma,Acral_Lentiginous_Melanoma,90.44,True
C:\Users\venka\Documents\Project\Nail-Condition-Classification\data\grouped_split\val\Acral_Lentiginous_Melanoma\Screen-Shot-2021-11-19-at-1-00-57-AM_png.rf.08ee0d1d0382f4a438110d36516edb0a.jpg,Screen-Shot-2021-11-19-at-1-00-57-AM_png.rf.08ee0d1d0382f4a438110d36516edb0a.jpg,Acral_Lentiginous_Melanoma,Acral_Lentiginous_Melanoma,91.6,True
C:\Users\venka\Documents\Project\Nail-Condition-Classification\data\grouped_split\val\Acral_Lentiginous_Melanoma\Screen-Shot-2021-11-19-at-1-00-57-AM_png.rf.37362a12715b3225ae3f2bbc59562233.jpg,Screen-Shot-2021-11-19-at-1-00-57-AM_png.rf.37362a12715b3225ae3f2bbc59562233.jpg,Acral_Lentiginous_Melanoma,Acral_Lentiginous_Melanoma,91.4,True
C:\Users\venka\Documents\Project\Nail-Condition-Classification\data\grouped_split\val\Acral_Lentiginous_Melanoma\Screen-Shot-2021-11-19-at-1-00-57-AM_png.rf.a2258dc96f532e444028a5e4a4ffbc08.jpg,Screen-Shot-2021-11-19-at-1-00-57-AM_png.rf.a2258dc96f532e444028a5e4a4ffbc08.jpg,Acral_Lentiginous_Melanoma,Acral_Lentiginous_Melanoma,92.2,True
C:\Users\venka\Documents\Project\Nail-Condition-Classification\data\grouped_split\val\Acral_Lentiginous_Melanoma\Screen-Shot-2021-11-19-at-1-22-03-AM_png.rf.3d4b8b698e5c20c08cae68a3a5b5a212.jpg,Screen-Shot-2021-11-19-at-1-22-03-AM_png.rf.3d4b8b698e5c20c08cae68a3a5b5a212.jpg,Acral_Lentiginous_Melanoma,Acral_Lentiginous_Melanoma,93.8,True
C:\Users\venka\Documents\Project\Nail-Condition-Classification\data\grouped_split\val\Acral_Lentiginous_Melanoma\Screen-Shot-2021-11-19-at-1-22-03-AM_png.rf.9fbe5eb225e298661096510dca547072.jpg,Screen-Shot-2021-11-19-at-1-22-03-AM_png.rf.9fbe5eb225e298661096510dca547072.jpg,Acral_Lentiginous_Melanoma,Acral_Lentiginous_Melanoma,89.6,True
C:\Users\venka\Documents\Project\Nail-Condition-Classification\data\grouped_split\val\Acral_Lentiginous_Melanoma\Screen-Shot-2021-11-19-at-1-22-03-AM_png.rf.bab51c3618004aa18658c7314051f32b.jpg,Screen-Shot-2021-11-19-at-1-22-03-AM_png.rf.bab51c3618004aa18658c7314051f32b.jpg,Acral_Lentiginous_Melanoma,Acral_Lentiginous_Melanoma,92.1,True
C:\Users\venka\Documents\Project\Nail-Condition-Classification\data\grouped_split\val\Acral_Lentiginous_Melanoma\Screen-Shot-2021-11-19-at-1-24-44-AM_png.rf.17ea88ddf9d3b6e4362278b37fccb157.jpg,Screen-Shot-2021-11-19-at-1-24-44-AM_png.rf.17ea88ddf9d3b6e4362278b37fccb157.jpg,Acral_Lentiginous_Melanoma,Acral_Lentiginous_Melanoma,70.3,True
C:\Users\venka\Documents\Project\Nail-Condition-Classification\data\grouped_split\val\Acral_Lentiginous_Melanoma\Screen-Shot-2021-11-19-at-1-24-44-AM_png.rf.5f4b3532ac477028e0abe391f8e9e3df.jpg,Screen-Shot-2021-11-19-at-1-24-44-AM_png.rf.5f4b3532ac477028e0abe391f8e9e3df.jpg,Acral_Lentiginous_Melanoma,pitting,53.56,False
C:\Users\venka\Documents\Project\Nail-Condition-Classification\data\grouped_split\val\Acral_Lentiginous_Melanoma\Screen-Shot-2021-11-19-at-1-24-44-AM_png.rf.da6f85209c5aa23b76731a04c8e6ff94.jpg,Screen-Shot-2021-11-19-at-1-24-44-AM_png.rf.da6f85209c5aa23b76731a04c8e6ff94.jpg,Acral_Lentiginous_Melanoma,Acral_Lentiginous_Melanoma,85.44,True
C:\Users\venka\Documents\Project\Nail-Condition-Classification\data\grouped_split\val\Acral_Lentiginous_Melanoma\Screen-Shot-2021-11-19-at-1-26-44-AM_png.rf.03df3d79c9891041f8ab532e86611594.jpg,Screen-Shot-2021-11-19-at-1-26-44-AM_png.rf.03df3d79c9891041f8ab532e86611594.jpg,Acral_Lentiginous_Melanoma,Acral_Lentiginous_Melanoma,92.8,True
C:\Users\venka\Documents\Project\Nail-Condition-Classification\data\grouped_split\val\Acral_Lentiginous_Melanoma\Screen-Shot-2021-11-19-at-1-26-44-AM_png.rf.66e4fd6d1ebbd04e3fc38643186be981.jpg,Screen-Shot-2021-11-19-at-1-26-44-AM_png.rf.66e4fd6d1ebbd04e3fc38643186be981.jpg,Acral_Lentiginous_Melanoma,Acral_Lentiginous_Melanoma,87.2,True
C:\Users\venka\Documents\Project\Nail-Condition-Classification\data\grouped_split\val\Acral_Lentiginous_Melanoma\Screen-Shot-2021-11-19-at-1-26-44-AM_png.rf.69987dd26624413eeabf5faaaa779592.jpg,Screen-Shot-2021-11-19-at-1-26-44-AM_png.rf.69987dd26624413eeabf5faaaa779592.jpg,Acral_Lentiginous_Melanoma,Acral_Lentiginous_Melanoma,88.75,True
C:\Users\venka\Documents\Project\Nail-Condition-Classification\data\grouped_split\val\Acral_Lentiginous_Melanoma\Screen-Shot-2021-11-19-at-1-36-01-AM_png.rf.235e2fdce98051f6fc820c97a8d811e8.jpg,Screen-Shot-2021-11-19-at-1-36-01-AM_png.rf.235e2fdce98051f6fc820c97a8d811e8.jpg,Acral_Lentiginous_Melanoma,Acral_Lentiginous_Melanoma,65.7,True
C:\Users\venka\Documents\Project\Nail-Condition-Classification\data\grouped_split\val\Acral_Lentiginous_Melanoma\Screen-Shot-2021-11-19-at-1-36-01-AM_png.rf.accba50217fbb2327a3a84f434247d69.jpg,Screen-Shot-2021-11-19-at-1-36-01-AM_png.rf.accba50217fbb2327a3a84f434247d69.jpg,Acral_Lentiginous_Melanoma,Acral_Lentiginous_Melanoma,69.75,True
C:\Users\venka\Documents\Project\Nail-Condition-Classification\data\grouped_split\val\Acral_Lentiginous_Melanoma\Screen-Shot-2021-11-19-at-1-36-01-AM_png.rf.f2a1c40ebaf1a9cde3cf39a8f8acd33a.jpg,Screen-Shot-2021-11-19-at-1-36-01-AM_png.rf.f2a1c40ebaf1a9cde3cf39a8f8acd33a.jpg,Acral_Lentiginous_Melanoma,Acral_Lentiginous_Melanoma,49.7,True
C:\Users\venka\Documents\Project\Nail-Condition-Classification\data\grouped_split\val\Acral_Lentiginous_Melanoma\Screen-Shot-2021-11-19-at-1-36-14-AM_png.rf.2c62f63cd2834e1e396d583763e4a24d.jpg,Screen-Shot-2021-11-19-at-1-36-14-AM_png.rf.2c62f63cd2834e1e396d583763e4a24d.jpg,Acral_Lentiginous_Melanoma,Acral_Lentiginous_Melanoma,85.9,True
C:\Users\venka\Documents\Project\Nail-Condition-Classification\data\grouped_split\val\Acral_Lentiginous_Melanoma\Screen-Shot-2021-11-19-at-1-36-14-AM_png.rf.7a6c4ce10ab5c505deeae8e426d4ab2b.jpg,Screen-Shot-2021-11-19-at-1-36-14-AM_png.rf.7a6c4ce10ab5c505deeae8e426d4ab2b.jpg,Acral_Lentiginous_Melanoma,blue_finger,68.9,False
C:\Users\venka\Documents\Project\Nail-Condition-Classification\data\grouped_split\val\Acral_Lentiginous_Melanoma\Screen-Shot-2021-11-19-at-1-36-14-AM_png.rf.f2aeecdf29433a162df47228bbc87689.jpg,Screen-Shot-2021-11-19-at-1-36-14-AM_png.rf.f2aeecdf29433a162df47228bbc87689.jpg,Acral_Lentiginous_Melanoma,Acral_Lentiginous_Melanoma,67.8,True
C:\Users\venka\Documents\Project\Nail-Condition-Classification\data\grouped_split\val\Acral_Lentiginous_Melanoma\Screen-Shot-2021-11-19-at-1-52-48-AM_png.rf.7f6598cd419e8fc6006399f6f49582c1.jpg,Screen-Shot-2021-11-19-at-1-52-48-AM_png.rf.7f6598cd419e8fc6006399f6f49582c1.jpg,Acral_Lentiginous_Melanoma,Acral_Lentiginous_Melanoma,93.6,True
C:\Users\venka\Documents\Project\Nail-Condition-Classification\data\grouped_split\val\Acral_Lentiginous_Melanoma\Screen-Shot-2021-11-19-at-1-52-48-AM_png.rf.cd401061549060961da6c10bbf646c29.jpg,Screen-Shot-2021-11-19-at-1-52-48-AM_png.rf.cd401061549060961da6c10bbf646c29.jpg,Acral_Lentiginous_Melanoma,Acral_Lentiginous_Melanoma,80.7,True
C:\Users\venka\Documents\Project\Nail-Condition-Classification\data\grouped_split\val\Acral_Lentiginous_Melanoma\Screen-Shot-2021-11-19-at-1-52-48-AM_png.rf.d2e807d0946ccc827245c4e2c85a3880.jpg,Screen-Shot-2021-11-19-at-1-52-48-AM_png.rf.d2e807d0946ccc827245c4e2c85a3880.jpg,Acral_Lentiginous_Melanoma,Acral_Lentiginous_Melanoma,88.25,True
C:\Users\venka\Documents\Project\Nail-Condition-Classification\data\grouped_split\val\Acral_Lentiginous_Melanoma\Screen-Shot-2021-11-19-at-1-52-59-AM_png.rf.1aeaa2c332c7ed97387a595860493b33.jpg,Screen-Shot-2021-11-19-at-1-52-59-AM_png.rf.1aeaa2c332c7ed97387a595860493b33.jpg,Acral_Lentiginous_Melanoma,Acral_Lentiginous_Melanoma,93.25,True
C:\Users\venka\Documents\Project\Nail-Condition-Classification\data\grouped_split\val\Acral_Lentiginous_Melanoma\Screen-Shot-2021-11-19-at-1-52-59-AM_png.rf.736919d780c40fb6d916929a74fed06f.jpg,Screen-Shot-2021-11-19-at-1-52-59-AM_png.rf.736919d780c40fb6d916929a74fed06f.jpg,Acral_Lentiginous_Melanoma,Acral_Lentiginous_Melanoma,94.5,True
C:\Users\venka\Documents\Project\Nail-Condition-Classification\data\grouped_split\val\Acral_Lentiginous_Melanoma\Screen-Shot-2021-11-19-at-1-52-59-AM_png.rf.79696f974d3c334fc025622488d17a80.jpg,Screen-Shot-2021-11-19-at-1-52-59-AM_png.rf.79696f974d3c334fc025622488d17a80.jpg,Acral_Lentiginous_Melanoma,Acral_Lentiginous_Melanoma,93.5,True
C:\Users\venka\Documents\Project\Nail-Condition-Classification\data\grouped_split\val\Acral_Lentiginous_Melanoma\Screen-Shot-2021-11-19-at-12-48-20-AM_png.rf.74a3e7534f3c7c84000420596ef1527c.jpg,Screen-Shot-2021-11-19-at-12-48-20-AM_png.rf.74a3e7534f3c7c84000420596ef1527c.jpg,Acral_Lentiginous_Melanoma,Acral_Lentiginous_Melanoma,93.2,True
C:\Users\venka\Documents\Project\Nail-Condition-Classification\data\grouped_split\val\Acral_Lentiginous_Melanoma\Screen-Shot-2021-11-19-at-12-48-20-AM_png.rf.9bd7383d03d1e6d343587da333b05cab.jpg,Screen-Shot-2021-11-19-at-12-48-20-AM_png.rf.9bd7383d03d1e6d343587da333b05cab.jpg,Acral_Lentiginous_Melanoma,Acral_Lentiginous_Melanoma,95.5,True
C:\Users\venka\Documents\Project\Nail-Condition-Classification\data\grouped_split\val\Acral_Lentiginous_Melanoma\Screen-Shot-2021-11-19-at-12-48-20-AM_png.rf.fdce9c929100b50f99cfd446caffa143.jpg,Screen-Shot-2021-11-19-at-12-48-20-AM_png.rf.fdce9c929100b50f99cfd446caffa143.jpg,Acral_Lentiginous_Melanoma,Acral_Lentiginous_Melanoma,92.5,True
C:\Users\venka\Documents\Project\Nail-Condition-Classification\data\grouped_split\val\Acral_Lentiginous_Melanoma\Screen-Shot-2021-11-19-at-12-48-45-AM_png.rf.294141286503c3a82c52c76536fdd130.jpg,Screen-Shot-2021-11-19-at-12-48-45-AM_png.rf.294141286503c3a82c52c76536fdd130.jpg,Acral_Lentiginous_Melanoma,Acral_Lentiginous_Melanoma,94.7,True
C:\Users\venka\Documents\Project\Nail-Condition-Classification\data\grouped_split\val\Acral_Lentiginous_Melanoma\Screen-Shot-2021-11-19-at-12-48-45-AM_png.rf.3b2596629d7031159f8715e6885b53ef.jpg,Screen-Shot-2021-11-19-at-12-48-45-AM_png.rf.3b2596629d7031159f8715e6885b53ef.jpg,Acral_Lentiginous_Melanoma,Acral_Lentiginous_Melanoma,90.25,True
C:\Users\venka\Documents\Project\Nail-Condition-Classification\data\grouped_split\val\Acral_Lentiginous_Melanoma\Screen-Shot-2021-11-19-at-12-48-45-AM_png.rf.94e5e45366d5f12e4bcf11dd63ee31ba.jpg,Screen-Shot-2021-11-19-at-12-48-45-AM_png.rf.94e5e45366d5f12e4bcf11dd63ee31ba.jpg,Acral_Lentiginous_Melanoma,Acral_Lentiginous_Melanoma,93.06,True
C:\Users\venka\Documents\Project\Nail-Condition-Classification\data\grouped_split\val\Acral_Lentiginous_Melanoma\Screen-Shot-2021-11-19-at-12-55-39-AM_png.rf.3f382c20cdd7b5bab086cbda3732aca3.jpg,Screen-Shot-2021-11-19-at-12-55-39-AM_png.rf.3f382c20cdd7b5bab086cbda3732aca3.jpg,Acral_Lentiginous_Melanoma,Acral_Lentiginous_Melanoma,85.4,True
C:\Users\venka\Documents\Project\Nail-Condition-Classification\data\grouped_split\val\Acral_Lentiginous_Melanoma\Screen-Shot-2021-11-19-at-12-55-39-AM_png.rf.8d61a0594fc64089c87dd00b0e6f0b09.jpg,Screen-Shot-2021-11-19-at-12-55-39-AM_png.rf.8d61a0594fc64089c87dd00b0e6f0b09.jpg,Acral_Lentiginous_Melanoma,Acral_Lentiginous_Melanoma,94.0,True
C:\Users\venka\Documents\Project\Nail-Condition-Classification\data\grouped_split\val\Acral_Lentiginous_Melanoma\Screen-Shot-2021-11-19-at-12-55-39-AM_png.rf.b6943cfff6c0bcd3915e12167472db85.jpg,Screen-Shot-2021-11-19-at-12-55-39-AM_png.rf.b6943cfff6c0bcd3915e12167472db85.jpg,Acral_Lentiginous_Melanoma,Acral_Lentiginous_Melanoma,91.75,True
C:\Users\venka\Documents\Project\Nail-Condition-Classification\data\grouped_split\val\Acral_Lentiginous_Melanoma\Screen-Shot-2021-11-19-at-2-13-04-AM_png.rf.4d3eb3e80791302af1b1807e55b86998.jpg,Screen-Shot-2021-11-19-at-2-13-04-AM_png.rf.4d3eb3e80791302af1b1807e55b86998.jpg,Acral_Lentiginous_Melanoma,Acral_Lentiginous_Melanoma,90.2,True
C:\Users\venka\Documents\Project\Nail-Condition-Classification\data\grouped_split\val\Acral_Lentiginous_Melanoma\Screen-Shot-2021-11-19-at-2-13-04-AM_png.rf.cbd17513af1372a668d17c3f310499e0.jpg,Screen-Shot-2021-11-19-at-2-13-04-AM_png.rf.cbd17513af1372a668d17c3f310499e0.jpg,Acral_Lentiginous_Melanoma,Acral_Lentiginous_Melanoma,94.25,True
C:\Users\venka\Documents\Project\Nail-Condition-Classification\data\grouped_split\val\Acral_Lentiginous_Melanoma\Screen-Shot-2021-11-19-at-2-13-04-AM_png.rf.d5a7ff146a4d86ee96d28eace69028e4.jpg,Screen-Shot-2021-11-19-at-2-13-04-AM_png.rf.d5a7ff146a4d86ee96d28eace69028e4.jpg,Acral_Lentiginous_Melanoma,Acral_Lentiginous_Melanoma,93.1,True
C:\Users\venka\Documents\Project\Nail-Condition-Classification\data\grouped_split\val\Acral_Lentiginous_Melanoma\Screen-Shot-2021-11-19-at-2-28-32-AM_png.rf.2e57d34fbe0aeec16139783d6dd0479c.jpg,Screen-Shot-2021-11-19-at-2-28-32-AM_png.rf.2e57d34fbe0aeec16139783d6dd0479c.jpg,Acral_Lentiginous_Melanoma,Acral_Lentiginous_Melanoma,94.06,True
C:\Users\venka\Documents\Project\Nail-Condition-Classification\data\grouped_split\val\Acral_Lentiginous_Melanoma\Screen-Shot-2021-11-19-at-2-28-32-AM_png.rf.58284ced7f291326fab2d8300fa452ec.jpg,Screen-Shot-2021-11-19-at-2-28-32-AM_png.rf.58284ced7f291326fab2d8300fa452ec.jpg,Acral_Lentiginous_Melanoma,Acral_Lentiginous_Melanoma,95.5,True
C:\Users\venka\Documents\Project\Nail-Condition-Classification\data\grouped_split\val\Acral_Lentiginous_Melanoma\Screen-Shot-2021-11-19-at-2-28-32-AM_png.rf.70c6069a51327470f33475c8c021a610.jpg,Screen-Shot-2021-11-19-at-2-28-32-AM_png.rf.70c6069a51327470f33475c8c021a610.jpg,Acral_Lentiginous_Melanoma,Acral_Lentiginous_Melanoma,87.8,True
C:\Users\venka\Documents\Project\Nail-Condition-Classification\data\grouped_split\val\Acral_Lentiginous_Melanoma\Screen-Shot-2021-11-19-at-2-30-31-AM_png.rf.7321cfebc74543e874c817ebd2a1e4a8.jpg,Screen-Shot-2021-11-19-at-2-30-31-AM_png.rf.7321cfebc74543e874c817ebd2a1e4a8.jpg,Acral_Lentiginous_Melanoma,Acral_Lentiginous_Melanoma,91.4,True
C:\Users\venka\Documents\Project\Nail-Condition-Classification\data\grouped_split\val\Acral_Lentiginous_Melanoma\Screen-Shot-2021-11-19-at-2-30-31-AM_png.rf.cd42f7dc259988f0d718db6f7d9320da.jpg,Screen-Shot-2021-11-19-at-2-30-31-AM_png.rf.cd42f7dc259988f0d718db6f7d9320da.jpg,Acral_Lentiginous_Melanoma,Acral_Lentiginous_Melanoma,90.44,True
C:\Users\venka\Documents\Project\Nail-Condition-Classification\data\grouped_split\val\Acral_Lentiginous_Melanoma\Screen-Shot-2021-11-19-at-2-30-31-AM_png.rf.f08b6827a504624b5b87f6ea7b70a69d.jpg,Screen-Shot-2021-11-19-at-2-30-31-AM_png.rf.f08b6827a504624b5b87f6ea7b70a69d.jpg,Acral_Lentiginous_Melanoma,Acral_Lentiginous_Melanoma,79.7,True
C:\Users\venka\Documents\Project\Nail-Condition-Classification\data\grouped_split\val\Acral_Lentiginous_Melanoma\Screen-Shot-2021-11-20-at-10-24-17-PM_png.rf.14d7922513062b989b40e24a7ed63cd8.jpg,Screen-Shot-2021-11-20-at-10-24-17-PM_png.rf.14d7922513062b989b40e24a7ed63cd8.jpg,Acral_Lentiginous_Melanoma,Acral_Lentiginous_Melanoma,95.0,True
C:\Users\venka\Documents\Project\Nail-Condition-Classification\data\grouped_split\val\Acral_Lentiginous_Melanoma\Screen-Shot-2021-11-20-at-10-24-17-PM_png.rf.7b11cfb89b4221fc02132ab938e713fe.jpg,Screen-Shot-2021-11-20-at-10-24-17-PM_png.rf.7b11cfb89b4221fc02132ab938e713fe.jpg,Acral_Lentiginous_Melanoma,Acral_Lentiginous_Melanoma,92.56,True
C:\Users\venka\Documents\Project\Nail-Condition-Classification\data\grouped_split\val\Acral_Lentiginous_Melanoma\Screen-Shot-2021-11-20-at-10-24-17-PM_png.rf.cd4692f077053ad8ca2385d99237ae0f.jpg,Screen-Shot-2021-11-20-at-10-24-17-PM_png.rf.cd4692f077053ad8ca2385d99237ae0f.jpg,Acral_Lentiginous_Melanoma,Acral_Lentiginous_Melanoma,90.44,True
C:\Users\venka\Documents\Project\Nail-Condition-Classification\data\grouped_split\val\Acral_Lentiginous_Melanoma\Screen-Shot-2021-11-20-at-10-24-29-PM_png.rf.3bd6f025742de786e7c8729fec2d1d5f.jpg,Screen-Shot-2021-11-20-at-10-24-29-PM_png.rf.3bd6f025742de786e7c8729fec2d1d5f.jpg,Acral_Lentiginous_Melanoma,Acral_Lentiginous_Melanoma,92.1,True
C:\Users\venka\Documents\Project\Nail-Condition-Classification\data\grouped_split\val\Acral_Lentiginous_Melanoma\Screen-Shot-2021-11-20-at-10-24-29-PM_png.rf.56724e81eeec07272eea77d625c27875.jpg,Screen-Shot-2021-11-20-at-10-24-29-PM_png.rf.56724e81eeec07272eea77d625c27875.jpg,Acral_Lentiginous_Melanoma,Acral_Lentiginous_Melanoma,93.75,True
C:\Users\venka\Documents\Project\Nail-Condition-Classification\data\grouped_split\val\Acral_Lentiginous_Melanoma\Screen-Shot-2021-11-20-at-10-24-29-PM_png.rf.75206f6cfcbba7486aa8c7eeecb6c1d3.jpg,Screen-Shot-2021-11-20-at-10-24-29-PM_png.rf.75206f6cfcbba7486aa8c7eeecb6c1d3.jpg,Acral_Lentiginous_Melanoma,Acral_Lentiginous_Melanoma,89.1,True
C:\Users\venka\Documents\Project\Nail-Condition-Classification\data\grouped_split\val\Acral_Lentiginous_Melanoma\Screen-Shot-2021-11-20-at-10-27-47-PM_png.rf.468219e8d6b97efc0e76a894ab65911e.jpg,Screen-Shot-2021-11-20-at-10-27-47-PM_png.rf.468219e8d6b97efc0e76a894ab65911e.jpg,Acral_Lentiginous_Melanoma,Acral_Lentiginous_Melanoma,90.3,True
C:\Users\venka\Documents\Project\Nail-Condition-Classification\data\grouped_split\val\Acral_Lentiginous_Melanoma\Screen-Shot-2021-11-20-at-10-27-47-PM_png.rf.73c56c71cc05b89efd5c30b9e5b27aee.jpg,Screen-Shot-2021-11-20-at-10-27-47-PM_png.rf.73c56c71cc05b89efd5c30b9e5b27aee.jpg,Acral_Lentiginous_Melanoma,Acral_Lentiginous_Melanoma,95.2,True
C:\Users\venka\Documents\Project\Nail-Condition-Classification\data\grouped_split\val\Acral_Lentiginous_Melanoma\Screen-Shot-2021-11-20-at-10-27-47-PM_png.rf.c6d6e05d7dfbc70d433bdc352452d4ea.jpg,Screen-Shot-2021-11-20-at-10-27-47-PM_png.rf.c6d6e05d7dfbc70d433bdc352452d4ea.jpg,Acral_Lentiginous_Melanoma,Acral_Lentiginous_Melanoma,95.1,True
C:\Users\venka\Documents\Project\Nail-Condition-Classification\data\grouped_split\val\Acral_Lentiginous_Melanoma\Screen-Shot-2021-11-20-at-10-41-17-PM_png.rf.27d3f9d735d9bdee54dcdb2a64cf53b9.jpg,Screen-Shot-2021-11-20-at-10-41-17-PM_png.rf.27d3f9d735d9bdee54dcdb2a64cf53b9.jpg,Acral_Lentiginous_Melanoma,Acral_Lentiginous_Melanoma,84.9,True
C:\Users\venka\Documents\Project\Nail-Condition-Classification\data\grouped_split\val\Acral_Lentiginous_Melanoma\Screen-Shot-2021-11-20-at-10-41-17-PM_png.rf.f8663d1e5a70ff9190a0824539fd48ab.jpg,Screen-Shot-2021-11-20-at-10-41-17-PM_png.rf.f8663d1e5a70ff9190a0824539fd48ab.jpg,Acral_Lentiginous_Melanoma,Acral_Lentiginous_Melanoma,86.1,True
C:\Users\venka\Documents\Project\Nail-Condition-Classification\data\grouped_split\val\Acral_Lentiginous_Melanoma\Screen-Shot-2021-11-20-at-10-41-17-PM_png.rf.f9bbf508a9971cdc38f01620852e1630.jpg,Screen-Shot-2021-11-20-at-10-41-17-PM_png.rf.f9bbf508a9971cdc38f01620852e1630.jpg,Acral_Lentiginous_Melanoma,Acral_Lentiginous_Melanoma,87.6,True
C:\Users\venka\Documents\Project\Nail-Condition-Classification\data\grouped_split\val\Acral_Lentiginous_Melanoma\Screen-Shot-2021-11-20-at-7-48-45-PM_png.rf.04826eb7a4fdd22e738fe53fb1f7e1fc.jpg,Screen-Shot-2021-11-20-at-7-48-45-PM_png.rf.04826eb7a4fdd22e738fe53fb1f7e1fc.jpg,Acral_Lentiginous_Melanoma,Acral_Lentiginous_Melanoma,79.1,True
C:\Users\venka\Documents\Project\Nail-Condition-Classification\data\grouped_split\val\Acral_Lentiginous_Melanoma\Screen-Shot-2021-11-20-at-7-48-45-PM_png.rf.5d95474b897ed2785ab22300dc942b8e.jpg,Screen-Shot-2021-11-20-at-7-48-45-PM_png.rf.5d95474b897ed2785ab22300dc942b8e.jpg,Acral_Lentiginous_Melanoma,Acral_Lentiginous_Melanoma,90.75,True
C:\Users\venka\Documents\Project\Nail-Condition-Classification\data\grouped_split\val\Acral_Lentiginous_Melanoma\Screen-Shot-2021-11-20-at-7-48-45-PM_png.rf.c4996a52d31ee06e3d072c8a51ff0c0d.jpg,Screen-Shot-2021-11-20-at-7-48-45-PM_png.rf.c4996a52d31ee06e3d072c8a51ff0c0d.jpg,Acral_Lentiginous_Melanoma,Acral_Lentiginous_Melanoma,91.75,True
C:\Users\venka\Documents\Project\Nail-Condition-Classification\data\grouped_split\val\Acral_Lentiginous_Melanoma\Screen-Shot-2021-11-20-at-7-52-57-PM_png.rf.640382fa4b3e038b038d5a2bc5667def.jpg,Screen-Shot-2021-11-20-at-7-52-57-PM_png.rf.640382fa4b3e038b038d5a2bc5667def.jpg,Acral_Lentiginous_Melanoma,Acral_Lentiginous_Melanoma,87.75,True
C:\Users\venka\Documents\Project\Nail-Condition-Classification\data\grouped_split\val\Acral_Lentiginous_Melanoma\Screen-Shot-2021-11-20-at-7-52-57-PM_png.rf.a285b1200d2b44506b97ad84ce9506e0.jpg,Screen-Shot-2021-11-20-at-7-52-57-PM_png.rf.a285b1200d2b44506b97ad84ce9506e0.jpg,Acral_Lentiginous_Melanoma,Acral_Lentiginous_Melanoma,83.8,True
C:\Users\venka\Documents\Project\Nail-Condition-Classification\data\grouped_split\val\Acral_Lentiginous_Melanoma\Screen-Shot-2021-11-20-at-7-52-57-PM_png.rf.b2b1f57f4ff70c199d5ef67ec9eecf31.jpg,Screen-Shot-2021-11-20-at-7-52-57-PM_png.rf.b2b1f57f4ff70c199d5ef67ec9eecf31.jpg,Acral_Lentiginous_Melanoma,Acral_Lentiginous_Melanoma,93.1,True
C:\Users\venka\Documents\Project\Nail-Condition-Classification\data\grouped_split\val\Acral_Lentiginous_Melanoma\Screen-Shot-2021-11-20-at-7-55-58-PM_png.rf.2ef079557793cf83f3c39d749c21c284.jpg,Screen-Shot-2021-11-20-at-7-55-58-PM_png.rf.2ef079557793cf83f3c39d749c21c284.jpg,Acral_Lentiginous_Melanoma,Acral_Lentiginous_Melanoma,89.6,True
C:\Users\venka\Documents\Project\Nail-Condition-Classification\data\grouped_split\val\Acral_Lentiginous_Melanoma\Screen-Shot-2021-11-20-at-7-55-58-PM_png.rf.30cc430c4c521b78a21dc7c239145452.jpg,Screen-Shot-2021-11-20-at-7-55-58-PM_png.rf.30cc430c4c521b78a21dc7c239145452.jpg,Acral_Lentiginous_Melanoma,Acral_Lentiginous_Melanoma,64.2,True
C:\Users\venka\Documents\Project\Nail-Condition-Classification\data\grouped_split\val\Acral_Lentiginous_Melanoma\Screen-Shot-2021-11-20-at-7-55-58-PM_png.rf.f9053f0bcdf619ecc6a81627b10c2470.jpg,Screen-Shot-2021-11-20-at-7-55-58-PM_png.rf.f9053f0bcdf619ecc6a81627b10c2470.jpg,Acral_Lentiginous_Melanoma,Acral_Lentiginous_Melanoma,62.4,True
C:\Users\venka\Documents\Project\Nail-Condition-Classification\data\grouped_split\val\Acral_Lentiginous_Melanoma\Screen-Shot-2021-11-20-at-7-56-11-PM_png.rf.27cf2a1fdb4db900ea30584fa2df3ad7.jpg,Screen-Shot-2021-11-20-at-7-56-11-PM_png.rf.27cf2a1fdb4db900ea30584fa2df3ad7.jpg,Acral_Lentiginous_Melanoma,Acral_Lentiginous_Melanoma,90.44,True
C:\Users\venka\Documents\Project\Nail-Condition-Classification\data\grouped_split\val\Acral_Lentiginous_Melanoma\Screen-Shot-2021-11-20-at-7-56-11-PM_png.rf.6f93e6e00ad88f2df4d2a5fa1c315c06.jpg,Screen-Shot-2021-11-20-at-7-56-11-PM_png.rf.6f93e6e00ad88f2df4d2a5fa1c315c06.jpg,Acral_Lentiginous_Melanoma,Acral_Lentiginous_Melanoma,92.0,True
C:\Users\venka\Documents\Project\Nail-Condition-Classification\data\grouped_split\val\Acral_Lentiginous_Melanoma\Screen-Shot-2021-11-20-at-7-56-11-PM_png.rf.9c2aac7ab2ebc15d8ac1a2b755c850aa.jpg,Screen-Shot-2021-11-20-at-7-56-11-PM_png.rf.9c2aac7ab2ebc15d8ac1a2b755c850aa.jpg,Acral_Lentiginous_Melanoma,Acral_Lentiginous_Melanoma,92.06,True
C:\Users\venka\Documents\Project\Nail-Condition-Classification\data\grouped_split\val\Acral_Lentiginous_Melanoma\Screen-Shot-2021-11-20-at-8-00-54-PM_png.rf.91d2c99ce840332805fcfe96532e15da.jpg,Screen-Shot-2021-11-20-at-8-00-54-PM_png.rf.91d2c99ce840332805fcfe96532e15da.jpg,Acral_Lentiginous_Melanoma,Acral_Lentiginous_Melanoma,88.94,True
C:\Users\venka\Documents\Project\Nail-Condition-Classification\data\grouped_split\val\Acral_Lentiginous_Melanoma\Screen-Shot-2021-11-20-at-8-00-54-PM_png.rf.a9f4c2c631cf6d779e67e41b06b78d9c.jpg,Screen-Shot-2021-11-20-at-8-00-54-PM_png.rf.a9f4c2c631cf6d779e67e41b06b78d9c.jpg,Acral_Lentiginous_Melanoma,Acral_Lentiginous_Melanoma,85.7,True
C:\Users\venka\Documents\Project\Nail-Condition-Classification\data\grouped_split\val\Acral_Lentiginous_Melanoma\Screen-Shot-2021-11-20-at-8-00-54-PM_png.rf.ba0dc8d9513779f99b5c5bb4722656dc.jpg,Screen-Shot-2021-11-20-at-8-00-54-PM_png.rf.ba0dc8d9513779f99b5c5bb4722656dc.jpg,Acral_Lentiginous_Melanoma,Acral_Lentiginous_Melanoma,91.06,True
C:\Users\venka\Documents\Project\Nail-Condition-Classification\data\grouped_split\val\Acral_Lentiginous_Melanoma\Screen-Shot-2021-11-20-at-8-10-21-PM_png.rf.31e544d37ad8a522815ec1ae2b00ec7e.jpg,Screen-Shot-2021-11-20-at-8-10-21-PM_png.rf.31e544d37ad8a522815ec1ae2b00ec7e.jpg,Acral_Lentiginous_Melanoma,Acral_Lentiginous_Melanoma,64.2,True
C:\Users\venka\Documents\Project\Nail-Condition-Classification\data\grouped_split\val\Acral_Lentiginous_Melanoma\Screen-Shot-2021-11-20-at-8-10-21-PM_png.rf.4c124b1b788118cf932c6f2d202ec01a.jpg,Screen-Shot-2021-11-20-at-8-10-21-PM_png.rf.4c124b1b788118cf932c6f2d202ec01a.jpg,Acral_Lentiginous_Melanoma,Acral_Lentiginous_Melanoma,64.75,True
C:\Users\venka\Documents\Project\Nail-Condition-Classification\data\grouped_split\val\Acral_Lentiginous_Melanoma\Screen-Shot-2021-11-20-at-8-10-21-PM_png.rf.ffe0833e60f1b208b292bd5da540c200.jpg,Screen-Shot-2021-11-20-at-8-10-21-PM_png.rf.ffe0833e60f1b208b292bd5da540c200.jpg,Acral_Lentiginous_Melanoma,clubbing,63.22,False
C:\Users\venka\Documents\Project\Nail-Condition-Classification\data\grouped_split\val\Acral_Lentiginous_Melanoma\Screen-Shot-2021-11-20-at-8-10-25-PM_png.rf.91484a49652e27eda0bac23baeafc379.jpg,Screen-Shot-2021-11-20-at-8-10-25-PM_png.rf.91484a49652e27eda0bac23baeafc379.jpg,Acral_Lentiginous_Melanoma,blue_finger,46.28,False
C:\Users\venka\Documents\Project\Nail-Condition-Classification\data\grouped_split\val\Acral_Lentiginous_Melanoma\Screen-Shot-2021-11-20-at-8-10-25-PM_png.rf.b1b1d9e4b6ff2cf0feecafed0ba30103.jpg,Screen-Shot-2021-11-20-at-8-10-25-PM_png.rf.b1b1d9e4b6ff2cf0feecafed0ba30103.jpg,Acral_Lentiginous_Melanoma,Acral_Lentiginous_Melanoma,42.7,True
C:\Users\venka\Documents\Project\Nail-Condition-Classification\data\grouped_split\val\Acral_Lentiginous_Melanoma\Screen-Shot-2021-11-20-at-8-10-25-PM_png.rf.bb661bda71684d336949547a61e8199f.jpg,Screen-Shot-2021-11-20-at-8-10-25-PM_png.rf.bb661bda71684d336949547a61e8199f.jpg,Acral_Lentiginous_Melanoma,blue_finger,36.34,False
C:\Users\venka\Documents\Project\Nail-Condition-Classification\data\grouped_split\val\Acral_Lentiginous_Melanoma\Screen-Shot-2021-11-20-at-8-18-10-PM_png.rf.4084904a46bcecd7736b98bb606c168d.jpg,Screen-Shot-2021-11-20-at-8-18-10-PM_png.rf.4084904a46bcecd7736b98bb606c168d.jpg,Acral_Lentiginous_Melanoma,blue_finger,76.9,False
C:\Users\venka\Documents\Project\Nail-Condition-Classification\data\grouped_split\val\Acral_Lentiginous_Melanoma\Screen-Shot-2021-11-20-at-8-18-10-PM_png.rf.70377c454838b479672fe83c5def4e94.jpg,Screen-Shot-2021-11-20-at-8-18-10-PM_png.rf.70377c454838b479672fe83c5def4e94.jpg,Acral_Lentiginous_Melanoma,Acral_Lentiginous_Melanoma,86.3,True
C:\Users\venka\Documents\Project\Nail-Condition-Classification\data\grouped_split\val\Acral_Lentiginous_Melanoma\Screen-Shot-2021-11-20-at-8-18-10-PM_png.rf.dd1e79d3c33a8874463fd5e430a19a45.jpg,Screen-Shot-2021-11-20-at-8-18-10-PM_png.rf.dd1e79d3c33a8874463fd5e430a19a45.jpg,Acral_Lentiginous_Melanoma,Acral_Lentiginous_Melanoma,79.8,True
C:\Users\venka\Documents\Project\Nail-Condition-Classification\data\grouped_split\val\Acral_Lentiginous_Melanoma\Screen-Shot-2021-11-20-at-8-18-57-PM_png.rf.5beb042cc07d20b499009176cebbadeb.jpg,Screen-Shot-2021-11-20-at-8-18-57-PM_png.rf.5beb042cc07d20b499009176cebbadeb.jpg,Acral_Lentiginous_Melanoma,Acral_Lentiginous_Melanoma,96.5,True
C:\Users\venka\Documents\Project\Nail-Condition-Classification\data\grouped_split\val\Acral_Lentiginous_Melanoma\Screen-Shot-2021-11-20-at-8-18-57-PM_png.rf.7dd3a636c657595e19e8004b394eedd6.jpg,Screen-Shot-2021-11-20-at-8-18-57-PM_png.rf.7dd3a636c657595e19e8004b394eedd6.jpg,Acral_Lentiginous_Melanoma,Acral_Lentiginous_Melanoma,93.7,True
C:\Users\venka\Documents\Project\Nail-Condition-Classification\data\grouped_split\val\Acral_Lentiginous_Melanoma\Screen-Shot-2021-11-20-at-8-18-57-PM_png.rf.cc4bd580ede15e97480ab4eef6d4d330.jpg,Screen-Shot-2021-11-20-at-8-18-57-PM_png.rf.cc4bd580ede15e97480ab4eef6d4d330.jpg,Acral_Lentiginous_Melanoma,Acral_Lentiginous_Melanoma,94.9,True
C:\Users\venka\Documents\Project\Nail-Condition-Classification\data\grouped_split\val\Acral_Lentiginous_Melanoma\Screen-Shot-2021-11-20-at-8-26-51-PM_png.rf.75e4c32b6916367e7a8b8a21735b1cc6.jpg,Screen-Shot-2021-11-20-at-8-26-51-PM_png.rf.75e4c32b6916367e7a8b8a21735b1cc6.jpg,Acral_Lentiginous_Melanoma,Acral_Lentiginous_Melanoma,89.6,True
C:\Users\venka\Documents\Project\Nail-Condition-Classification\data\grouped_split\val\Acral_Lentiginous_Melanoma\Screen-Shot-2021-11-20-at-8-26-51-PM_png.rf.a117dc6815cefcfc414e5727e4b986ef.jpg,Screen-Shot-2021-11-20-at-8-26-51-PM_png.rf.a117dc6815cefcfc414e5727e4b986ef.jpg,Acral_Lentiginous_Melanoma,Acral_Lentiginous_Melanoma,87.8,True
C:\Users\venka\Documents\Project\Nail-Condition-Classification\data\grouped_split\val\Acral_Lentiginous_Melanoma\Screen-Shot-2021-11-20-at-8-26-51-PM_png.rf.f2a1dc94e4efbe6ee13c9f6562740cea.jpg,Screen-Shot-2021-11-20-at-8-26-51-PM_png.rf.f2a1dc94e4efbe6ee13c9f6562740cea.jpg,Acral_Lentiginous_Melanoma,Acral_Lentiginous_Melanoma,85.06,True
C:\Users\venka\Documents\Project\Nail-Condition-Classification\data\grouped_split\val\Acral_Lentiginous_Melanoma\Screen-Shot-2021-11-20-at-8-26-59-PM_png.rf.0c01e33895476e6b66bfdef2de03db0a.jpg,Screen-Shot-2021-11-20-at-8-26-59-PM_png.rf.0c01e33895476e6b66bfdef2de03db0a.jpg,Acral_Lentiginous_Melanoma,Acral_Lentiginous_Melanoma,92.56,True
C:\Users\venka\Documents\Project\Nail-Condition-Classification\data\grouped_split\val\Acral_Lentiginous_Melanoma\Screen-Shot-2021-11-20-at-8-26-59-PM_png.rf.3d83a31597c3eea022d92db406a40a34.jpg,Screen-Shot-2021-11-20-at-8-26-59-PM_png.rf.3d83a31597c3eea022d92db406a40a34.jpg,Acral_Lentiginous_Melanoma,Acral_Lentiginous_Melanoma,95.0,True
C:\Users\venka\Documents\Project\Nail-Condition-Classification\data\grouped_split\val\Acral_Lentiginous_Melanoma\Screen-Shot-2021-11-20-at-8-26-59-PM_png.rf.9d302007c7002cdf4db7998eeb72dfa3.jpg,Screen-Shot-2021-11-20-at-8-26-59-PM_png.rf.9d302007c7002cdf4db7998eeb72dfa3.jpg,Acral_Lentiginous_Melanoma,Acral_Lentiginous_Melanoma,92.56,True
C:\Users\venka\Documents\Project\Nail-Condition-Classification\data\grouped_split\val\Acral_Lentiginous_Melanoma\Screen-Shot-2021-11-20-at-8-29-24-PM_png.rf.6cf07d1e9803394a8a589e241a272ab8.jpg,Screen-Shot-2021-11-20-at-8-29-24-PM_png.rf.6cf07d1e9803394a8a589e241a272ab8.jpg,Acral_Lentiginous_Melanoma,Acral_Lentiginous_Melanoma,91.4,True
C:\Users\venka\Documents\Project\Nail-Condition-Classification\data\grouped_split\val\Acral_Lentiginous_Melanoma\Screen-Shot-2021-11-20-at-8-29-24-PM_png.rf.824f6fd5309f495ae0b20ac979a02108.jpg,Screen-Shot-2021-11-20-at-8-29-24-PM_png.rf.824f6fd5309f495ae0b20ac979a02108.jpg,Acral_Lentiginous_Melanoma,Acral_Lentiginous_Melanoma,91.94,True
C:\Users\venka\Documents\Project\Nail-Condition-Classification\data\grouped_split\val\Acral_Lentiginous_Melanoma\Screen-Shot-2021-11-20-at-8-29-24-PM_png.rf.8f086398031f0ca45915dfd983e69e88.jpg,Screen-Shot-2021-11-20-at-8-29-24-PM_png.rf.8f086398031f0ca45915dfd983e69e88.jpg,Acral_Lentiginous_Melanoma,Acral_Lentiginous_Melanoma,90.3,True
C:\Users\venka\Documents\Project\Nail-Condition-Classification\data\grouped_split\val\Acral_Lentiginous_Melanoma\Screen-Shot-2021-11-20-at-9-40-24-PM_png.rf.2e583a7fc84f93371b442de3084d0dec.jpg,Screen-Shot-2021-11-20-at-9-40-24-PM_png.rf.2e583a7fc84f93371b442de3084d0dec.jpg,Acral_Lentiginous_Melanoma,Acral_Lentiginous_Melanoma,94.94,True
C:\Users\venka\Documents\Project\Nail-Condition-Classification\data\grouped_split\val\Acral_Lentiginous_Melanoma\Screen-Shot-2021-11-20-at-9-40-24-PM_png.rf.3405b395bce7774ecb0795f8cf538024.jpg,Screen-Shot-2021-11-20-at-9-40-24-PM_png.rf.3405b395bce7774ecb0795f8cf538024.jpg,Acral_Lentiginous_Melanoma,Acral_Lentiginous_Melanoma,95.0,True
C:\Users\venka\Documents\Project\Nail-Condition-Classification\data\grouped_split\val\Acral_Lentiginous_Melanoma\Screen-Shot-2021-11-20-at-9-40-24-PM_png.rf.a13698104d86da1cf606e43a4b261213.jpg,Screen-Shot-2021-11-20-at-9-40-24-PM_png.rf.a13698104d86da1cf606e43a4b261213.jpg,Acral_Lentiginous_Melanoma,Acral_Lentiginous_Melanoma,84.25,True
C:\Users\venka\Documents\Project\Nail-Condition-Classification\data\grouped_split\val\Acral_Lentiginous_Melanoma\Screen-Shot-2021-11-20-at-9-40-46-PM_png.rf.2e1013d70f25e45c83eaff8da9f72d2a.jpg,Screen-Shot-2021-11-20-at-9-40-46-PM_png.rf.2e1013d70f25e45c83eaff8da9f72d2a.jpg,Acral_Lentiginous_Melanoma,Acral_Lentiginous_Melanoma,90.56,True
C:\Users\venka\Documents\Project\Nail-Condition-Classification\data\grouped_split\val\Acral_Lentiginous_Melanoma\Screen-Shot-2021-11-20-at-9-40-46-PM_png.rf.4528c5e2eb5a02913607a945cd327ad2.jpg,Screen-Shot-2021-11-20-at-9-40-46-PM_png.rf.4528c5e2eb5a02913607a945cd327ad2.jpg,Acral_Lentiginous_Melanoma,Acral_Lentiginous_Melanoma,95.0,True
C:\Users\venka\Documents\Project\Nail-Condition-Classification\data\grouped_split\val\Acral_Lentiginous_Melanoma\Screen-Shot-2021-11-20-at-9-40-46-PM_png.rf.cfffaa71d54bbb60ba8b3057067eb424.jpg,Screen-Shot-2021-11-20-at-9-40-46-PM_png.rf.cfffaa71d54bbb60ba8b3057067eb424.jpg,Acral_Lentiginous_Melanoma,Acral_Lentiginous_Melanoma,94.5,True
C:\Users\venka\Documents\Project\Nail-Condition-Classification\data\grouped_split\val\Acral_Lentiginous_Melanoma\Screen-Shot-2021-11-20-at-9-41-53-PM_png.rf.07340b3e10a9027abd69d2e9ad849c2b.jpg,Screen-Shot-2021-11-20-at-9-41-53-PM_png.rf.07340b3e10a9027abd69d2e9ad849c2b.jpg,Acral_Lentiginous_Melanoma,Acral_Lentiginous_Melanoma,89.44,True
C:\Users\venka\Documents\Project\Nail-Condition-Classification\data\grouped_split\val\Acral_Lentiginous_Melanoma\Screen-Shot-2021-11-20-at-9-41-53-PM_png.rf.d6ba03bc423449cc2a996e7e91fcb4d4.jpg,Screen-Shot-2021-11-20-at-9-41-53-PM_png.rf.d6ba03bc423449cc2a996e7e91fcb4d4.jpg,Acral_Lentiginous_Melanoma,Acral_Lentiginous_Melanoma,92.44,True
C:\Users\venka\Documents\Project\Nail-Condition-Classification\data\grouped_split\val\Acral_Lentiginous_Melanoma\Screen-Shot-2021-11-20-at-9-41-53-PM_png.rf.d9fb813c55d21bad541adc4a2b83c099.jpg,Screen-Shot-2021-11-20-at-9-41-53-PM_png.rf.d9fb813c55d21bad541adc4a2b83c099.jpg,Acral_Lentiginous_Melanoma,Acral_Lentiginous_Melanoma,91.2,True
C:\Users\venka\Documents\Project\Nail-Condition-Classification\data\grouped_split\val\Acral_Lentiginous_Melanoma\Screen-Shot-2021-11-20-at-9-44-17-PM_png.rf.3f4c59b7c7ddfd58aa794dc790f4ce20.jpg,Screen-Shot-2021-11-20-at-9-44-17-PM_png.rf.3f4c59b7c7ddfd58aa794dc790f4ce20.jpg,Acral_Lentiginous_Melanoma,Acral_Lentiginous_Melanoma,91.44,True
C:\Users\venka\Documents\Project\Nail-Condition-Classification\data\grouped_split\val\Acral_Lentiginous_Melanoma\Screen-Shot-2021-11-20-at-9-44-17-PM_png.rf.53a83aa2e517c54c0bd2f986fb045c38.jpg,Screen-Shot-2021-11-20-at-9-44-17-PM_png.rf.53a83aa2e517c54c0bd2f986fb045c38.jpg,Acral_Lentiginous_Melanoma,Acral_Lentiginous_Melanoma,93.9,True
C:\Users\venka\Documents\Project\Nail-Condition-Classification\data\grouped_split\val\Acral_Lentiginous_Melanoma\Screen-Shot-2021-11-20-at-9-44-17-PM_png.rf.60b9478c4e679daa761f7e1a9314def9.jpg,Screen-Shot-2021-11-20-at-9-44-17-PM_png.rf.60b9478c4e679daa761f7e1a9314def9.jpg,Acral_Lentiginous_Melanoma,Acral_Lentiginous_Melanoma,93.0,True
C:\Users\venka\Documents\Project\Nail-Condition-Classification\data\grouped_split\val\Acral_Lentiginous_Melanoma\Screen-Shot-2021-11-20-at-9-48-48-PM_png.rf.409700521215824669903f562ef09dce.jpg,Screen-Shot-2021-11-20-at-9-48-48-PM_png.rf.409700521215824669903f562ef09dce.jpg,Acral_Lentiginous_Melanoma,Acral_Lentiginous_Melanoma,94.9,True
C:\Users\venka\Documents\Project\Nail-Condition-Classification\data\grouped_split\val\Acral_Lentiginous_Melanoma\Screen-Shot-2021-11-20-at-9-48-48-PM_png.rf.c6a65d36de5bd6331a2542708ea9df4b.jpg,Screen-Shot-2021-11-20-at-9-48-48-PM_png.rf.c6a65d36de5bd6331a2542708ea9df4b.jpg,Acral_Lentiginous_Melanoma,Acral_Lentiginous_Melanoma,93.06,True
C:\Users\venka\Documents\Project\Nail-Condition-Classification\data\grouped_split\val\Acral_Lentiginous_Melanoma\Screen-Shot-2021-11-20-at-9-48-48-PM_png.rf.c807edba25f770594570e00f60c4a580.jpg,Screen-Shot-2021-11-20-at-9-48-48-PM_png.rf.c807edba25f770594570e00f60c4a580.jpg,Acral_Lentiginous_Melanoma,Acral_Lentiginous_Melanoma,91.9,True
C:\Users\venka\Documents\Project\Nail-Condition-Classification\data\grouped_split\val\Acral_Lentiginous_Melanoma\nail-melanoma-2-300x180_jpg.rf.15e478ceef3c930f98f08d67d4527183.jpg,nail-melanoma-2-300x180_jpg.rf.15e478ceef3c930f98f08d67d4527183.jpg,Acral_Lentiginous_Melanoma,Acral_Lentiginous_Melanoma,91.44,True
C:\Users\venka\Documents\Project\Nail-Condition-Classification\data\grouped_split\val\Acral_Lentiginous_Melanoma\nail-melanoma-2-300x180_jpg.rf.4237689a19295abc7320a279a4b298ce.jpg,nail-melanoma-2-300x180_jpg.rf.4237689a19295abc7320a279a4b298ce.jpg,Acral_Lentiginous_Melanoma,Acral_Lentiginous_Melanoma,89.75,True
C:\Users\venka\Documents\Project\Nail-Condition-Classification\data\grouped_split\val\Acral_Lentiginous_Melanoma\nail-melanoma-2-300x180_jpg.rf.a96c7a57e883bf173a9119a2b7895a49.jpg,nail-melanoma-2-300x180_jpg.rf.a96c7a57e883bf173a9119a2b7895a49.jpg,Acral_Lentiginous_Melanoma,Acral_Lentiginous_Melanoma,90.8,True
C:\Users\venka\Documents\Project\Nail-Condition-Classification\data\grouped_split\val\Acral_Lentiginous_Melanoma\p-1-womans-story-shows-why-you-should-never-ignore-black-line-on-your-nail-1506429403_jpg.rf.5132c5b76fc63ee817884973ddd0d005.jpg,p-1-womans-story-shows-why-you-should-never-ignore-black-line-on-your-nail-1506429403_jpg.rf.5132c5b76fc63ee817884973ddd0d005.jpg,Acral_Lentiginous_Melanoma,Acral_Lentiginous_Melanoma,90.8,True
C:\Users\venka\Documents\Project\Nail-Condition-Classification\data\grouped_split\val\Acral_Lentiginous_Melanoma\p-1-womans-story-shows-why-you-should-never-ignore-black-line-on-your-nail-1506429403_jpg.rf.7183adb8f5934f917fab4e14667c4bb0.jpg,p-1-womans-story-shows-why-you-should-never-ignore-black-line-on-your-nail-1506429403_jpg.rf.7183adb8f5934f917fab4e14667c4bb0.jpg,Acral_Lentiginous_Melanoma,Acral_Lentiginous_Melanoma,75.06,True
C:\Users\venka\Documents\Project\Nail-Condition-Classification\data\grouped_split\val\Acral_Lentiginous_Melanoma\p-1-womans-story-shows-why-you-should-never-ignore-black-line-on-your-nail-1506429403_jpg.rf.88ee9943b08313dde0aa6071626e751b.jpg,p-1-womans-story-shows-why-you-should-never-ignore-black-line-on-your-nail-1506429403_jpg.rf.88ee9943b08313dde0aa6071626e751b.jpg,Acral_Lentiginous_Melanoma,Acral_Lentiginous_Melanoma,92.8,True
C:\Users\venka\Documents\Project\Nail-Condition-Classification\data\grouped_split\val\Acral_Lentiginous_Melanoma\prf_11_18_11_jpg.rf.57de670fa468da5dff96e0c2c6bce4fc.jpg,prf_11_18_11_jpg.rf.57de670fa468da5dff96e0c2c6bce4fc.jpg,Acral_Lentiginous_Melanoma,clubbing,40.28,False
C:\Users\venka\Documents\Project\Nail-Condition-Classification\data\grouped_split\val\Acral_Lentiginous_Melanoma\prf_11_18_11_jpg.rf.77b26521101f27faefc2351f392643ea.jpg,prf_11_18_11_jpg.rf.77b26521101f27faefc2351f392643ea.jpg,Acral_Lentiginous_Melanoma,Acral_Lentiginous_Melanoma,82.8,True
C:\Users\venka\Documents\Project\Nail-Condition-Classification\data\grouped_split\val\Acral_Lentiginous_Melanoma\prf_11_18_11_jpg.rf.cf147deddc7702fe79de0bb9a54f704b.jpg,prf_11_18_11_jpg.rf.cf147deddc7702fe79de0bb9a54f704b.jpg,Acral_Lentiginous_Melanoma,Acral_Lentiginous_Melanoma,77.9,True
C:\Users\venka\Documents\Project\Nail-Condition-Classification\data\grouped_split\val\Healthy_Nail\h111_png.rf.2798e970f4a3fadd652084a876714168.jpg,h111_png.rf.2798e970f4a3fadd652084a876714168.jpg,Healthy_Nail,Healthy_Nail,96.56,True
C:\Users\venka\Documents\Project\Nail-Condition-Classification\data\grouped_split\val\Healthy_Nail\h111_png.rf.ebeeca767049de4f1ab0698fe11c4cd9.jpg,h111_png.rf.ebeeca767049de4f1ab0698fe11c4cd9.jpg,Healthy_Nail,Healthy_Nail,98.8,True
C:\Users\venka\Documents\Project\Nail-Condition-Classification\data\grouped_split\val\Healthy_Nail\h126_png.rf.45a9277446901346356573d3ebeb27fa.jpg,h126_png.rf.45a9277446901346356573d3ebeb27fa.jpg,Healthy_Nail,Healthy_Nail,99.0,True
C:\Users\venka\Documents\Project\Nail-Condition-Classification\data\grouped_split\val\Healthy_Nail\h126_png.rf.fe389450428b17b72749de4debe2a368.jpg,h126_png.rf.fe389450428b17b72749de4debe2a368.jpg,Healthy_Nail,Healthy_Nail,98.3,True
C:\Users\venka\Documents\Project\Nail-Condition-Classification\data\grouped_split\val\Healthy_Nail\h129_png.rf.5c0f71e54be0103c4240a49d579cec47.jpg,h129_png.rf.5c0f71e54be0103c4240a49d579cec47.jpg,Healthy_Nail,Healthy_Nail,99.4,True
C:\Users\venka\Documents\Project\Nail-Condition-Classification\data\grouped_split\val\Healthy_Nail\h129_png.rf.6a842e5a1f792a9de2470a8379efe6e1.jpg,h129_png.rf.6a842e5a1f792a9de2470a8379efe6e1.jpg,Healthy_Nail,Healthy_Nail,98.44,True
C:\Users\venka\Documents\Project\Nail-Condition-Classification\data\grouped_split\val\Healthy_Nail\h131_png.rf.42f1e50a8cd3ccce9bc6938f13ba69a7.jpg,h131_png.rf.42f1e50a8cd3ccce9bc6938f13ba69a7.jpg,Healthy_Nail,Healthy_Nail,99.4,True
C:\Users\venka\Documents\Project\Nail-Condition-Classification\data\grouped_split\val\Healthy_Nail\h131_png.rf.918fdb2d3ee0ff043e4b48c2886fc9e0.jpg,h131_png.rf.918fdb2d3ee0ff043e4b48c2886fc9e0.jpg,Healthy_Nail,Healthy_Nail,97.56,True
C:\Users\venka\Documents\Project\Nail-Condition-Classification\data\grouped_split\val\Healthy_Nail\h137_png.rf.c174daff5b0c52ea1c91c98da962d86e.jpg,h137_png.rf.c174daff5b0c52ea1c91c98da962d86e.jpg,Healthy_Nail,Healthy_Nail,97.56,True
C:\Users\venka\Documents\Project\Nail-Condition-Classification\data\grouped_split\val\Healthy_Nail\h137_png.rf.e87cee9f6182be7903a4136bf36c623d.jpg,h137_png.rf.e87cee9f6182be7903a4136bf36c623d.jpg,Healthy_Nail,Healthy_Nail,98.44,True
C:\Users\venka\Documents\Project\Nail-Condition-Classification\data\grouped_split\val\Healthy_Nail\h141_png.rf.0510aaee32ef8560e7cc658e8cd53e83.jpg,h141_png.rf.0510aaee32ef8560e7cc658e8cd53e83.jpg,Healthy_Nail,Healthy_Nail,98.75,True
C:\Users\venka\Documents\Project\Nail-Condition-Classification\data\grouped_split\val\Healthy_Nail\h141_png.rf.346abfd529845353266b5e9370558e8d.jpg,h141_png.rf.346abfd529845353266b5e9370558e8d.jpg,Healthy_Nail,Healthy_Nail,99.5,True
C:\Users\venka\Documents\Project\Nail-Condition-Classification\data\grouped_split\val\Healthy_Nail\h142_png.rf.2fda6add2a345ecb5c38f19cbc7b0367.jpg,h142_png.rf.2fda6add2a345ecb5c38f19cbc7b0367.jpg,Healthy_Nail,Healthy_Nail,99.06,True
C:\Users\venka\Documents\Project\Nail-Condition-Classification\data\grouped_split\val\Healthy_Nail\h142_png.rf.7094274b3d53567ef2d114a08d5eedc2.jpg,h142_png.rf.7094274b3d53567ef2d114a08d5eedc2.jpg,Healthy_Nail,pitting,53.84,False
C:\Users\venka\Documents\Project\Nail-Condition-Classification\data\grouped_split\val\Healthy_Nail\h144_png.rf.2149958f8bd607d179589d6b92aa958e.jpg,h144_png.rf.2149958f8bd607d179589d6b92aa958e.jpg,Healthy_Nail,Healthy_Nail,97.7,True
C:\Users\venka\Documents\Project\Nail-Condition-Classification\data\grouped_split\val\Healthy_Nail\h144_png.rf.5036007dd2a54714d1ad8462006d8f6b.jpg,h144_png.rf.5036007dd2a54714d1ad8462006d8f6b.jpg,Healthy_Nail,Healthy_Nail,98.5,True
C:\Users\venka\Documents\Project\Nail-Condition-Classification\data\grouped_split\val\Healthy_Nail\h147_png.rf.bd7032ed9dd526c85b3579e1b3c9d5cb.jpg,h147_png.rf.bd7032ed9dd526c85b3579e1b3c9d5cb.jpg,Healthy_Nail,Healthy_Nail,91.7,True
C:\Users\venka\Documents\Project\Nail-Condition-Classification\data\grouped_split\val\Healthy_Nail\h147_png.rf.c326097c25de8483937c1bf4a1f4776d.jpg,h147_png.rf.c326097c25de8483937c1bf4a1f4776d.jpg,Healthy_Nail,Healthy_Nail,97.1,True
C:\Users\venka\Documents\Project\Nail-Condition-Classification\data\grouped_split\val\Healthy_Nail\h158_png.rf.5f15c0cff76d638e3022f7aea551aee8.jpg,h158_png.rf.5f15c0cff76d638e3022f7aea551aee8.jpg,Healthy_Nail,Healthy_Nail,98.1,True
C:\Users\venka\Documents\Project\Nail-Condition-Classification\data\grouped_split\val\Healthy_Nail\h158_png.rf.fd24d2cf75bc5a5d473afbdd1c9a62bb.jpg,h158_png.rf.fd24d2cf75bc5a5d473afbdd1c9a62bb.jpg,Healthy_Nail,Healthy_Nail,97.4,True
C:\Users\venka\Documents\Project\Nail-Condition-Classification\data\grouped_split\val\Healthy_Nail\h16_png.rf.544a7f60be3a66bac16b65327a54a313.jpg,h16_png.rf.544a7f60be3a66bac16b65327a54a313.jpg,Healthy_Nail,Healthy_Nail,99.0,True
C:\Users\venka\Documents\Project\Nail-Condition-Classification\data\grouped_split\val\Healthy_Nail\h16_png.rf.ca2c70dc94af5e37bca2fa6e716f2436.jpg,h16_png.rf.ca2c70dc94af5e37bca2fa6e716f2436.jpg,Healthy_Nail,Healthy_Nail,97.3,True
C:\Users\venka\Documents\Project\Nail-Condition-Classification\data\grouped_split\val\Healthy_Nail\h174_png.rf.c095281995d82f165c0a95227e62e282.jpg,h174_png.rf.c095281995d82f165c0a95227e62e282.jpg,Healthy_Nail,Healthy_Nail,97.9,True
C:\Users\venka\Documents\Project\Nail-Condition-Classification\data\grouped_split\val\Healthy_Nail\h174_png.rf.fb11729ca47ca1e7e47d7d368939a56d.jpg,h174_png.rf.fb11729ca47ca1e7e47d7d368939a56d.jpg,Healthy_Nail,Healthy_Nail,98.0,True
C:\Users\venka\Documents\Project\Nail-Condition-Classification\data\grouped_split\val\Healthy_Nail\h176_png.rf.9f5f5937b4e08c083d48f298f6964b0e.jpg,h176_png.rf.9f5f5937b4e08c083d48f298f6964b0e.jpg,Healthy_Nail,Healthy_Nail,96.3,True
C:\Users\venka\Documents\Project\Nail-Condition-Classification\data\grouped_split\val\Healthy_Nail\h176_png.rf.c3f0e8d4bc9f0d2f0a91f1e315c936dc.jpg,h176_png.rf.c3f0e8d4bc9f0d2f0a91f1e315c936dc.jpg,Healthy_Nail,Healthy_Nail,98.06,True
C:\Users\venka\Documents\Project\Nail-Condition-Classification\data\grouped_split\val\Healthy_Nail\h177_png.rf.953ea013d781e49a2d51c3df8ab231f1.jpg,h177_png.rf.953ea013d781e49a2d51c3df8ab231f1.jpg,Healthy_Nail,Healthy_Nail,98.06,True
C:\Users\venka\Documents\Project\Nail-Condition-Classification\data\grouped_split\val\Healthy_Nail\h177_png.rf.a812a2b610f5e48662a9cb9ce6dff088.jpg,h177_png.rf.a812a2b610f5e48662a9cb9ce6dff088.jpg,Healthy_Nail,Healthy_Nail,97.6,True
C:\Users\venka\Documents\Project\Nail-Condition-Classification\data\grouped_split\val\Healthy_Nail\h198_png.rf.4b0dc37f37a55cb453d7cab97297d74d.jpg,h198_png.rf.4b0dc37f37a55cb453d7cab97297d74d.jpg,Healthy_Nail,Healthy_Nail,98.75,True
C:\Users\venka\Documents\Project\Nail-Condition-Classification\data\grouped_split\val\Healthy_Nail\h198_png.rf.c5b93f9355e168321af43179bc94f9d0.jpg,h198_png.rf.c5b93f9355e168321af43179bc94f9d0.jpg,Healthy_Nail,Healthy_Nail,98.56,True
C:\Users\venka\Documents\Project\Nail-Condition-Classification\data\grouped_split\val\Healthy_Nail\h207_png.rf.40f87b11b2916fdbb6d4b3462d08e089.jpg,h207_png.rf.40f87b11b2916fdbb6d4b3462d08e089.jpg,Healthy_Nail,Healthy_Nail,98.7,True
C:\Users\venka\Documents\Project\Nail-Condition-Classification\data\grouped_split\val\Healthy_Nail\h207_png.rf.7ca35dd3eff11edb093ed1f94fab4bae.jpg,h207_png.rf.7ca35dd3eff11edb093ed1f94fab4bae.jpg,Healthy_Nail,Healthy_Nail,97.44,True
C:\Users\venka\Documents\Project\Nail-Condition-Classification\data\grouped_split\val\Healthy_Nail\h236_png.rf.9b965a92b463be6bf64538db6d6b4740.jpg,h236_png.rf.9b965a92b463be6bf64538db6d6b4740.jpg,Healthy_Nail,clubbing,80.75,False
C:\Users\venka\Documents\Project\Nail-Condition-Classification\data\grouped_split\val\Healthy_Nail\h236_png.rf.a5964c44f4597ae5bfcbb796ce3c75c6.jpg,h236_png.rf.a5964c44f4597ae5bfcbb796ce3c75c6.jpg,Healthy_Nail,Healthy_Nail,97.75,True
C:\Users\venka\Documents\Project\Nail-Condition-Classification\data\grouped_split\val\Healthy_Nail\h242_png.rf.40c9fef0389e08455d4109f922c90d1e.jpg,h242_png.rf.40c9fef0389e08455d4109f922c90d1e.jpg,Healthy_Nail,Healthy_Nail,98.0,True
C:\Users\venka\Documents\Project\Nail-Condition-Classification\data\grouped_split\val\Healthy_Nail\h242_png.rf.999e6aadc3afd0f42024793110f883ac.jpg,h242_png.rf.999e6aadc3afd0f42024793110f883ac.jpg,Healthy_Nail,Healthy_Nail,98.25,True
C:\Users\venka\Documents\Project\Nail-Condition-Classification\data\grouped_split\val\Healthy_Nail\h269_png.rf.9c04893edeb65bc91a2224dfbda8ffa4.jpg,h269_png.rf.9c04893edeb65bc91a2224dfbda8ffa4.jpg,Healthy_Nail,Healthy_Nail,98.06,True
C:\Users\venka\Documents\Project\Nail-Condition-Classification\data\grouped_split\val\Healthy_Nail\h269_png.rf.d73ab563c1bdb58119d3694258a3880f.jpg,h269_png.rf.d73ab563c1bdb58119d3694258a3880f.jpg,Healthy_Nail,Healthy_Nail,98.9,True
C:\Users\venka\Documents\Project\Nail-Condition-Classification\data\grouped_split\val\Healthy_Nail\h270_png.rf.1a91edf5ad6ec14d7daf909c770d5c5c.jpg,h270_png.rf.1a91edf5ad6ec14d7daf909c770d5c5c.jpg,Healthy_Nail,Healthy_Nail,97.44,True
C:\Users\venka\Documents\Project\Nail-Condition-Classification\data\grouped_split\val\Healthy_Nail\h270_png.rf.bf8b27a483b7a12f179ac401c7f4eb7b.jpg,h270_png.rf.bf8b27a483b7a12f179ac401c7f4eb7b.jpg,Healthy_Nail,Healthy_Nail,98.94,True
C:\Users\venka\Documents\Project\Nail-Condition-Classification\data\grouped_split\val\Healthy_Nail\h271_png.rf.5d3c3895fd24b8f90a4e63418deaeabd.jpg,h271_png.rf.5d3c3895fd24b8f90a4e63418deaeabd.jpg,Healthy_Nail,Healthy_Nail,99.5,True
C:\Users\venka\Documents\Project\Nail-Condition-Classification\data\grouped_split\val\Healthy_Nail\h271_png.rf.b0c9b5c6ac365a40c2a69202260f0a01.jpg,h271_png.rf.b0c9b5c6ac365a40c2a69202260f0a01.jpg,Healthy_Nail,Healthy_Nail,99.56,True
C:\Users\venka\Documents\Project\Nail-Condition-Classification\data\grouped_split\val\Healthy_Nail\h279_png.rf.027bd495aee5613783a74fded98bea91.jpg,h279_png.rf.027bd495aee5613783a74fded98bea91.jpg,Healthy_Nail,Healthy_Nail,97.0,True
C:\Users\venka\Documents\Project\Nail-Condition-Classification\data\grouped_split\val\Healthy_Nail\h279_png.rf.2d16e6ce368e91ef38dffd1678d57344.jpg,h279_png.rf.2d16e6ce368e91ef38dffd1678d57344.jpg,Healthy_Nail,Healthy_Nail,98.5,True
C:\Users\venka\Documents\Project\Nail-Condition-Classification\data\grouped_split\val\Healthy_Nail\h281_png.rf.5f5fed3f69e8a348e6df9b53d574f63d.jpg,h281_png.rf.5f5fed3f69e8a348e6df9b53d574f63d.jpg,Healthy_Nail,Healthy_Nail,96.9,True
C:\Users\venka\Documents\Project\Nail-Condition-Classification\data\grouped_split\val\Healthy_Nail\h281_png.rf.d27334e1103ebd08780ccb7427162c13.jpg,h281_png.rf.d27334e1103ebd08780ccb7427162c13.jpg,Healthy_Nail,Healthy_Nail,97.6,True
C:\Users\venka\Documents\Project\Nail-Condition-Classification\data\grouped_split\val\Healthy_Nail\h285_png.rf.73c5bc2531f25b5b3c6d8b7190cbb8dc.jpg,h285_png.rf.73c5bc2531f25b5b3c6d8b7190cbb8dc.jpg,Healthy_Nail,Healthy_Nail,95.44,True
C:\Users\venka\Documents\Project\Nail-Condition-Classification\data\grouped_split\val\Healthy_Nail\h285_png.rf.7f1dfc47828c456644b56039b69d7447.jpg,h285_png.rf.7f1dfc47828c456644b56039b69d7447.jpg,Healthy_Nail,Healthy_Nail,98.44,True
C:\Users\venka\Documents\Project\Nail-Condition-Classification\data\grouped_split\val\Healthy_Nail\h287_png.rf.13ce89991698acbba2b72de1a24c1f21.jpg,h287_png.rf.13ce89991698acbba2b72de1a24c1f21.jpg,Healthy_Nail,Healthy_Nail,95.7,True
C:\Users\venka\Documents\Project\Nail-Condition-Classification\data\grouped_split\val\Healthy_Nail\h287_png.rf.749d527411642fb1270c97c52df8d1aa.jpg,h287_png.rf.749d527411642fb1270c97c52df8d1aa.jpg,Healthy_Nail,Healthy_Nail,96.5,True
C:\Users\venka\Documents\Project\Nail-Condition-Classification\data\grouped_split\val\Healthy_Nail\h31_png.rf.59c4192cb298ad94ccb7db7981f162fa.jpg,h31_png.rf.59c4192cb298ad94ccb7db7981f162fa.jpg,Healthy_Nail,Healthy_Nail,99.25,True
C:\Users\venka\Documents\Project\Nail-Condition-Classification\data\grouped_split\val\Healthy_Nail\h31_png.rf.7c40d9830cab5b0731c02fac299363dc.jpg,h31_png.rf.7c40d9830cab5b0731c02fac299363dc.jpg,Healthy_Nail,Healthy_Nail,96.75,True
C:\Users\venka\Documents\Project\Nail-Condition-Classification\data\grouped_split\val\Healthy_Nail\h32_png.rf.359367efa0a82fcebecb401b28687641.jpg,h32_png.rf.359367efa0a82fcebecb401b28687641.jpg,Healthy_Nail,Healthy_Nail,99.25,True
C:\Users\venka\Documents\Project\Nail-Condition-Classification\data\grouped_split\val\Healthy_Nail\h32_png.rf.b85221a5be1d5dcbd6ed6f8f2036df6f.jpg,h32_png.rf.b85221a5be1d5dcbd6ed6f8f2036df6f.jpg,Healthy_Nail,Healthy_Nail,97.1,True
C:\Users\venka\Documents\Project\Nail-Condition-Classification\data\grouped_split\val\Healthy_Nail\h34_png.rf.01d5a5820b29d21fdfbf29e9d3ff4718.jpg,h34_png.rf.01d5a5820b29d21fdfbf29e9d3ff4718.jpg,Healthy_Nail,Healthy_Nail,94.06,True
C:\Users\venka\Documents\Project\Nail-Condition-Classification\data\grouped_split\val\Healthy_Nail\h34_png.rf.7d264f62efdf1b4431a119912742cdc6.jpg,h34_png.rf.7d264f62efdf1b4431a119912742cdc6.jpg,Healthy_Nail,Healthy_Nail,98.56,True
C:\Users\venka\Documents\Project\Nail-Condition-Classification\data\grouped_split\val\Healthy_Nail\h41_png.rf.48945eda8b3b22a8f1accd95df84d4a7.jpg,h41_png.rf.48945eda8b3b22a8f1accd95df84d4a7.jpg,Healthy_Nail,Healthy_Nail,98.75,True
C:\Users\venka\Documents\Project\Nail-Condition-Classification\data\grouped_split\val\Healthy_Nail\h41_png.rf.e4128998582761f8a7ce0571c70bec8e.jpg,h41_png.rf.e4128998582761f8a7ce0571c70bec8e.jpg,Healthy_Nail,Healthy_Nail,98.6,True
C:\Users\venka\Documents\Project\Nail-Condition-Classification\data\grouped_split\val\Healthy_Nail\h56_png.rf.895b07909b7fc71f09f15100750e27fc.jpg,h56_png.rf.895b07909b7fc71f09f15100750e27fc.jpg,Healthy_Nail,Healthy_Nail,97.9,True
C:\Users\venka\Documents\Project\Nail-Condition-Classification\data\grouped_split\val\Healthy_Nail\h56_png.rf.a3eb82e264eb3dfe7413f33baa49d7ec.jpg,h56_png.rf.a3eb82e264eb3dfe7413f33baa49d7ec.jpg,Healthy_Nail,Acral_Lentiginous_Melanoma,69.1,False
C:\Users\venka\Documents\Project\Nail-Condition-Classification\data\grouped_split\val\Healthy_Nail\h57_png.rf.8412ef9bd024b47aea044d315a764c04.jpg,h57_png.rf.8412ef9bd024b47aea044d315a764c04.jpg,Healthy_Nail,Healthy_Nail,98.25,True
C:\Users\venka\Documents\Project\Nail-Condition-Classification\data\grouped_split\val\Healthy_Nail\h57_png.rf.c0ba75b5d9a6b9400633f846b57cbede.jpg,h57_png.rf.c0ba75b5d9a6b9400633f846b57cbede.jpg,Healthy_Nail,Healthy_Nail,95.56,True
C:\Users\venka\Documents\Project\Nail-Condition-Classification\data\grouped_split\val\Healthy_Nail\h61_png.rf.552163a6f04105e3843a5220c98ce2c4.jpg,h61_png.rf.552163a6f04105e3843a5220c98ce2c4.jpg,Healthy_Nail,Healthy_Nail,95.9,True
C:\Users\venka\Documents\Project\Nail-Condition-Classification\data\grouped_split\val\Healthy_Nail\h61_png.rf.9991b929612f1c1295f496f4d4f9055f.jpg,h61_png.rf.9991b929612f1c1295f496f4d4f9055f.jpg,Healthy_Nail,Healthy_Nail,97.06,True
C:\Users\venka\Documents\Project\Nail-Condition-Classification\data\grouped_split\val\Healthy_Nail\h89_png.rf.00d0c5cd01c7c5e55279c85dbc70ffea.jpg,h89_png.rf.00d0c5cd01c7c5e55279c85dbc70ffea.jpg,Healthy_Nail,Healthy_Nail,96.4,True
C:\Users\venka\Documents\Project\Nail-Condition-Classification\data\grouped_split\val\Healthy_Nail\h89_png.rf.f8058a345103e18af30def0341086aa0.jpg,h89_png.rf.f8058a345103e18af30def0341086aa0.jpg,Healthy_Nail,Healthy_Nail,98.75,True
C:\Users\venka\Documents\Project\Nail-Condition-Classification\data\grouped_split\val\Healthy_Nail\h96_png.rf.4c9214d277495117ddd887e99a368924.jpg,h96_png.rf.4c9214d277495117ddd887e99a368924.jpg,Healthy_Nail,Healthy_Nail,97.1,True
C:\Users\venka\Documents\Project\Nail-Condition-Classification\data\grouped_split\val\Healthy_Nail\h96_png.rf.a86bf7b86aebb82a11f5f310ec8b0365.jpg,h96_png.rf.a86bf7b86aebb82a11f5f310ec8b0365.jpg,Healthy_Nail,Healthy_Nail,98.6,True
C:\Users\venka\Documents\Project\Nail-Condition-Classification\data\grouped_split\val\Onychogryphosis\Screen-Shot-2021-11-16-at-10-36-05-PM_png.rf.1de22569277f2fb73f1554b8573965b4.jpg,Screen-Shot-2021-11-16-at-10-36-05-PM_png.rf.1de22569277f2fb73f1554b8573965b4.jpg,Onychogryphosis,Onychogryphosis,54.25,True
C:\Users\venka\Documents\Project\Nail-Condition-Classification\data\grouped_split\val\Onychogryphosis\Screen-Shot-2021-11-16-at-10-36-05-PM_png.rf.5faeeda91ad9a1b7bfa3cbdfbf8ae79b.jpg,Screen-Shot-2021-11-16-at-10-36-05-PM_png.rf.5faeeda91ad9a1b7bfa3cbdfbf8ae79b.jpg,Onychogryphosis,clubbing,62.0,False
C:\Users\venka\Documents\Project\Nail-Condition-Classification\data\grouped_split\val\Onychogryphosis\Screen-Shot-2021-11-16-at-10-36-05-PM_png.rf.783476a6a2ba910a859bc0b18f094eee.jpg,Screen-Shot-2021-11-16-at-10-36-05-PM_png.rf.783476a6a2ba910a859bc0b18f094eee.jpg,Onychogryphosis,Onychogryphosis,84.6,True
C:\Users\venka\Documents\Project\Nail-Condition-Classification\data\grouped_split\val\Onychogryphosis\Screen-Shot-2021-11-16-at-10-36-29-PM_png.rf.217a4ddad727ff1b5d00bbf90279009a.jpg,Screen-Shot-2021-11-16-at-10-36-29-PM_png.rf.217a4ddad727ff1b5d00bbf90279009a.jpg,Onychogryphosis,Onychogryphosis,93.94,True
C:\Users\venka\Documents\Project\Nail-Condition-Classification\data\grouped_split\val\Onychogryphosis\Screen-Shot-2021-11-16-at-10-36-29-PM_png.rf.e5985913a680732ef801fc49a2cde9f2.jpg,Screen-Shot-2021-11-16-at-10-36-29-PM_png.rf.e5985913a680732ef801fc49a2cde9f2.jpg,Onychogryphosis,Onychogryphosis,92.94,True
C:\Users\venka\Documents\Project\Nail-Condition-Classification\data\grouped_split\val\Onychogryphosis\Screen-Shot-2021-11-16-at-10-36-29-PM_png.rf.fd081bf39e5bff2057f462c155ff66bf.jpg,Screen-Shot-2021-11-16-at-10-36-29-PM_png.rf.fd081bf39e5bff2057f462c155ff66bf.jpg,Onychogryphosis,Onychogryphosis,84.25,True
C:\Users\venka\Documents\Project\Nail-Condition-Classification\data\grouped_split\val\Onychogryphosis\Screen-Shot-2021-11-16-at-10-39-52-PM_png.rf.0fb64414a31216bbf28bbe3ac612ecee.jpg,Screen-Shot-2021-11-16-at-10-39-52-PM_png.rf.0fb64414a31216bbf28bbe3ac612ecee.jpg,Onychogryphosis,Onychogryphosis,88.5,True
C:\Users\venka\Documents\Project\Nail-Condition-Classification\data\grouped_split\val\Onychogryphosis\Screen-Shot-2021-11-16-at-10-39-52-PM_png.rf.516df24e53038f9f31e2bca0af74ff48.jpg,Screen-Shot-2021-11-16-at-10-39-52-PM_png.rf.516df24e53038f9f31e2bca0af74ff48.jpg,Onychogryphosis,Onychogryphosis,93.44,True
C:\Users\venka\Documents\Project\Nail-Condition-Classification\data\grouped_split\val\Onychogryphosis\Screen-Shot-2021-11-16-at-10-39-52-PM_png.rf.7b51706dfce11ca4bc62a6b79ef1d3e5.jpg,Screen-Shot-2021-11-16-at-10-39-52-PM_png.rf.7b51706dfce11ca4bc62a6b79ef1d3e5.jpg,Onychogryphosis,Onychogryphosis,96.1,True
C:\Users\venka\Documents\Project\Nail-Condition-Classification\data\grouped_split\val\Onychogryphosis\Screen-Shot-2021-11-16-at-10-50-56-PM_png.rf.30471892cf5172a23621ac3e2679f780.jpg,Screen-Shot-2021-11-16-at-10-50-56-PM_png.rf.30471892cf5172a23621ac3e2679f780.jpg,Onychogryphosis,Onychogryphosis,96.94,True
C:\Users\venka\Documents\Project\Nail-Condition-Classification\data\grouped_split\val\Onychogryphosis\Screen-Shot-2021-11-16-at-10-50-56-PM_png.rf.5a7ed7987495a35b8a57ae7bd84df57c.jpg,Screen-Shot-2021-11-16-at-10-50-56-PM_png.rf.5a7ed7987495a35b8a57ae7bd84df57c.jpg,Onychogryphosis,Onychogryphosis,94.0,True
C:\Users\venka\Documents\Project\Nail-Condition-Classification\data\grouped_split\val\Onychogryphosis\Screen-Shot-2021-11-16-at-10-50-56-PM_png.rf.ca0928b2d9e7ea62d32efa734b245084.jpg,Screen-Shot-2021-11-16-at-10-50-56-PM_png.rf.ca0928b2d9e7ea62d32efa734b245084.jpg,Onychogryphosis,Onychogryphosis,95.94,True
C:\Users\venka\Documents\Project\Nail-Condition-Classification\data\grouped_split\val\Onychogryphosis\Screenshot-2021-11-19-004044_png.rf.9564483864669561eddd8bcc63418d10.jpg,Screenshot-2021-11-19-004044_png.rf.9564483864669561eddd8bcc63418d10.jpg,Onychogryphosis,Onychogryphosis,95.8,True
C:\Users\venka\Documents\Project\Nail-Condition-Classification\data\grouped_split\val\Onychogryphosis\Screenshot-2021-11-19-004044_png.rf.99da2c5a2a3158bfba085a39bb1c4de8.jpg,Screenshot-2021-11-19-004044_png.rf.99da2c5a2a3158bfba085a39bb1c4de8.jpg,Onychogryphosis,Onychogryphosis,94.7,True
C:\Users\venka\Documents\Project\Nail-Condition-Classification\data\grouped_split\val\Onychogryphosis\Screenshot-2021-11-19-004044_png.rf.a980597f1cef7522d19aa3867f8adce7.jpg,Screenshot-2021-11-19-004044_png.rf.a980597f1cef7522d19aa3867f8adce7.jpg,Onychogryphosis,Onychogryphosis,95.44,True
C:\Users\venka\Documents\Project\Nail-Condition-Classification\data\grouped_split\val\Onychogryphosis\Screenshot-2021-11-19-004140_png.rf.00e67b96eef54f23a92447e9b71b4f6c.jpg,Screenshot-2021-11-19-004140_png.rf.00e67b96eef54f23a92447e9b71b4f6c.jpg,Onychogryphosis,Onychogryphosis,52.6,True
C:\Users\venka\Documents\Project\Nail-Condition-Classification\data\grouped_split\val\Onychogryphosis\Screenshot-2021-11-19-004140_png.rf.04c8fd1c3564ea3bfc5f51945e697290.jpg,Screenshot-2021-11-19-004140_png.rf.04c8fd1c3564ea3bfc5f51945e697290.jpg,Onychogryphosis,Onychogryphosis,96.2,True
C:\Users\venka\Documents\Project\Nail-Condition-Classification\data\grouped_split\val\Onychogryphosis\Screenshot-2021-11-19-004140_png.rf.3af458ea53043bedf925001b0ab4006c.jpg,Screenshot-2021-11-19-004140_png.rf.3af458ea53043bedf925001b0ab4006c.jpg,Onychogryphosis,Onychogryphosis,92.2,True
C:\Users\venka\Documents\Project\Nail-Condition-Classification\data\grouped_split\val\Onychogryphosis\Screenshot-2021-11-19-004402_png.rf.1c9d1fca2026494925bc3bc1ef20a39c.jpg,Screenshot-2021-11-19-004402_png.rf.1c9d1fca2026494925bc3bc1ef20a39c.jpg,Onychogryphosis,Onychogryphosis,91.8,True
C:\Users\venka\Documents\Project\Nail-Condition-Classification\data\grouped_split\val\Onychogryphosis\Screenshot-2021-11-19-004402_png.rf.8a3c3bd5959788fd0c74b92145b47610.jpg,Screenshot-2021-11-19-004402_png.rf.8a3c3bd5959788fd0c74b92145b47610.jpg,Onychogryphosis,Onychogryphosis,71.4,True
C:\Users\venka\Documents\Project\Nail-Condition-Classification\data\grouped_split\val\Onychogryphosis\Screenshot-2021-11-19-004402_png.rf.dcb8cdec7065f2859718801ad8d0909a.jpg,Screenshot-2021-11-19-004402_png.rf.dcb8cdec7065f2859718801ad8d0909a.jpg,Onychogryphosis,Onychogryphosis,90.4,True
C:\Users\venka\Documents\Project\Nail-Condition-Classification\data\grouped_split\val\Onychogryphosis\Screenshot-2021-11-19-005529_png.rf.ace0a2936805480bd2a6677bcb744a35.jpg,Screenshot-2021-11-19-005529_png.rf.ace0a2936805480bd2a6677bcb744a35.jpg,Onychogryphosis,Onychogryphosis,95.75,True
C:\Users\venka\Documents\Project\Nail-Condition-Classification\data\grouped_split\val\Onychogryphosis\Screenshot-2021-11-19-005529_png.rf.d664d0555d54af5ddf1cfe8d21bf0702.jpg,Screenshot-2021-11-19-005529_png.rf.d664d0555d54af5ddf1cfe8d21bf0702.jpg,Onychogryphosis,Onychogryphosis,95.5,True
C:\Users\venka\Documents\Project\Nail-Condition-Classification\data\grouped_split\val\Onychogryphosis\Screenshot-2021-11-19-005529_png.rf.e5ff76cad4cd63afb20387990142e46b.jpg,Screenshot-2021-11-19-005529_png.rf.e5ff76cad4cd63afb20387990142e46b.jpg,Onychogryphosis,Onychogryphosis,94.9,True
C:\Users\venka\Documents\Project\Nail-Condition-Classification\data\grouped_split\val\Onychogryphosis\Screenshot-2021-11-19-005556_png.rf.06c49b29f113948f337e29d4b062e407.jpg,Screenshot-2021-11-19-005556_png.rf.06c49b29f113948f337e29d4b062e407.jpg,Onychogryphosis,Onychogryphosis,92.44,True
C:\Users\venka\Documents\Project\Nail-Condition-Classification\data\grouped_split\val\Onychogryphosis\Screenshot-2021-11-19-005556_png.rf.1383dfc5938979d08ad18770319d96fb.jpg,Screenshot-2021-11-19-005556_png.rf.1383dfc5938979d08ad18770319d96fb.jpg,Onychogryphosis,Onychogryphosis,97.44,True
C:\Users\venka\Documents\Project\Nail-Condition-Classification\data\grouped_split\val\Onychogryphosis\Screenshot-2021-11-19-005556_png.rf.210dcad0e47babbef7c4f852df862785.jpg,Screenshot-2021-11-19-005556_png.rf.210dcad0e47babbef7c4f852df862785.jpg,Onychogryphosis,Onychogryphosis,95.5,True
C:\Users\venka\Documents\Project\Nail-Condition-Classification\data\grouped_split\val\Onychogryphosis\Screenshot-2021-11-19-005611_png.rf.7c71ba8ce44b9ca0d0d9bc17e8739406.jpg,Screenshot-2021-11-19-005611_png.rf.7c71ba8ce44b9ca0d0d9bc17e8739406.jpg,Onychogryphosis,Onychogryphosis,94.8,True
C:\Users\venka\Documents\Project\Nail-Condition-Classification\data\grouped_split\val\Onychogryphosis\Screenshot-2021-11-19-005611_png.rf.a93204a5659df89ff47e7bc7e6e68190.jpg,Screenshot-2021-11-19-005611_png.rf.a93204a5659df89ff47e7bc7e6e68190.jpg,Onychogryphosis,Onychogryphosis,35.22,True
C:\Users\venka\Documents\Project\Nail-Condition-Classification\data\grouped_split\val\Onychogryphosis\Screenshot-2021-11-19-005611_png.rf.badd7102a280d9b29b9f998722a66fcc.jpg,Screenshot-2021-11-19-005611_png.rf.badd7102a280d9b29b9f998722a66fcc.jpg,Onychogryphosis,Onychogryphosis,96.75,True
C:\Users\venka\Documents\Project\Nail-Condition-Classification\data\grouped_split\val\Onychogryphosis\Screenshot-2021-11-19-005926_png.rf.3720f5db37d546b776bd657634fbb39a.jpg,Screenshot-2021-11-19-005926_png.rf.3720f5db37d546b776bd657634fbb39a.jpg,Onychogryphosis,Onychogryphosis,94.5,True
C:\Users\venka\Documents\Project\Nail-Condition-Classification\data\grouped_split\val\Onychogryphosis\Screenshot-2021-11-19-005926_png.rf.85c23f736f5acbfd362d39fad8529147.jpg,Screenshot-2021-11-19-005926_png.rf.85c23f736f5acbfd362d39fad8529147.jpg,Onychogryphosis,Onychogryphosis,98.2,True
C:\Users\venka\Documents\Project\Nail-Condition-Classification\data\grouped_split\val\Onychogryphosis\Screenshot-2021-11-19-005926_png.rf.cac67f2c9b9cd3a1dab70158e5688817.jpg,Screenshot-2021-11-19-005926_png.rf.cac67f2c9b9cd3a1dab70158e5688817.jpg,Onychogryphosis,Onychogryphosis,94.44,True
C:\Users\venka\Documents\Project\Nail-Condition-Classification\data\grouped_split\val\Onychogryphosis\Screenshot-2021-11-19-010147_png.rf.7cb20510a2d6d2d9c6fea995c8764380.jpg,Screenshot-2021-11-19-010147_png.rf.7cb20510a2d6d2d9c6fea995c8764380.jpg,Onychogryphosis,Onychogryphosis,95.44,True
C:\Users\venka\Documents\Project\Nail-Condition-Classification\data\grouped_split\val\Onychogryphosis\Screenshot-2021-11-19-010147_png.rf.ad0aa8ee1b7212f4b30e0626a2c43c86.jpg,Screenshot-2021-11-19-010147_png.rf.ad0aa8ee1b7212f4b30e0626a2c43c86.jpg,Onychogryphosis,Onychogryphosis,96.7,True
C:\Users\venka\Documents\Project\Nail-Condition-Classification\data\grouped_split\val\Onychogryphosis\Screenshot-2021-11-19-010147_png.rf.f8c16eb95e9680989205dad0217ce2b1.jpg,Screenshot-2021-11-19-010147_png.rf.f8c16eb95e9680989205dad0217ce2b1.jpg,Onychogryphosis,Onychogryphosis,95.7,True
C:\Users\venka\Documents\Project\Nail-Condition-Classification\data\grouped_split\val\Onychogryphosis\Screenshot-2021-11-19-010506_png.rf.32c8355da598c70296ad8d6be033fe6e.jpg,Screenshot-2021-11-19-010506_png.rf.32c8355da598c70296ad8d6be033fe6e.jpg,Onychogryphosis,Onychogryphosis,78.94,True
C:\Users\venka\Documents\Project\Nail-Condition-Classification\data\grouped_split\val\Onychogryphosis\Screenshot-2021-11-19-010506_png.rf.cb2290dd88bc3a7d5c1c684f1212b471.jpg,Screenshot-2021-11-19-010506_png.rf.cb2290dd88bc3a7d5c1c684f1212b471.jpg,Onychogryphosis,Onychogryphosis,75.9,True
C:\Users\venka\Documents\Project\Nail-Condition-Classification\data\grouped_split\val\Onychogryphosis\Screenshot-2021-11-19-010506_png.rf.d51532fedd6e788e9c054d62dd75e76f.jpg,Screenshot-2021-11-19-010506_png.rf.d51532fedd6e788e9c054d62dd75e76f.jpg,Onychogryphosis,Onychogryphosis,79.0,True
C:\Users\venka\Documents\Project\Nail-Condition-Classification\data\grouped_split\val\Onychogryphosis\Screenshot-2021-11-19-010751_png.rf.411e33fe28b8aa2efb6f0607a0814de3.jpg,Screenshot-2021-11-19-010751_png.rf.411e33fe28b8aa2efb6f0607a0814de3.jpg,Onychogryphosis,Onychogryphosis,86.75,True
C:\Users\venka\Documents\Project\Nail-Condition-Classification\data\grouped_split\val\Onychogryphosis\Screenshot-2021-11-19-010751_png.rf.473f756cacc344e3df9cdd969706b279.jpg,Screenshot-2021-11-19-010751_png.rf.473f756cacc344e3df9cdd969706b279.jpg,Onychogryphosis,Onychogryphosis,93.9,True
C:\Users\venka\Documents\Project\Nail-Condition-Classification\data\grouped_split\val\Onychogryphosis\Screenshot-2021-11-19-010751_png.rf.b74e43fbeb9ad7f74057c574a4dabfc2.jpg,Screenshot-2021-11-19-010751_png.rf.b74e43fbeb9ad7f74057c574a4dabfc2.jpg,Onychogryphosis,Onychogryphosis,77.1,True
C:\Users\venka\Documents\Project\Nail-Condition-Classification\data\grouped_split\val\Onychogryphosis\Screenshot-2021-11-19-010828_png.rf.5e46b54427c566d032cbbd5efe2c18c2.jpg,Screenshot-2021-11-19-010828_png.rf.5e46b54427c566d032cbbd5efe2c18c2.jpg,Onychogryphosis,Onychogryphosis,90.2,True
C:\Users\venka\Documents\Project\Nail-Condition-Classification\data\grouped_split\val\Onychogryphosis\Screenshot-2021-11-19-010828_png.rf.72ad0ec3b6ec329dd714e389bc74b79f.jpg,Screenshot-2021-11-19-010828_png.rf.72ad0ec3b6ec329dd714e389bc74b79f.jpg,Onychogryphosis,Onychogryphosis,62.25,True
C:\Users\venka\Documents\Project\Nail-Condition-Classification\data\grouped_split\val\Onychogryphosis\Screenshot-2021-11-19-010828_png.rf.c8e9788b2c61c48a900e8725459cb0e5.jpg,Screenshot-2021-11-19-010828_png.rf.c8e9788b2c61c48a900e8725459cb0e5.jpg,Onychogryphosis,Onychogryphosis,77.5,True
C:\Users\venka\Documents\Project\Nail-Condition-Classification\data\grouped_split\val\Onychogryphosis\Screenshot-2021-11-19-012709_png.rf.37ef53930c69484ad95c51e4152f99f4.jpg,Screenshot-2021-11-19-012709_png.rf.37ef53930c69484ad95c51e4152f99f4.jpg,Onychogryphosis,Onychogryphosis,94.8,True
C:\Users\venka\Documents\Project\Nail-Condition-Classification\data\grouped_split\val\Onychogryphosis\Screenshot-2021-11-19-012709_png.rf.3e0b507aa418baca1bbce5f85276616f.jpg,Screenshot-2021-11-19-012709_png.rf.3e0b507aa418baca1bbce5f85276616f.jpg,Onychogryphosis,Onychogryphosis,84.5,True
C:\Users\venka\Documents\Project\Nail-Condition-Classification\data\grouped_split\val\Onychogryphosis\Screenshot-2021-11-19-012709_png.rf.de5a69e250dbe6cf647037182a6ca4bd.jpg,Screenshot-2021-11-19-012709_png.rf.de5a69e250dbe6cf647037182a6ca4bd.jpg,Onychogryphosis,Onychogryphosis,94.7,True
C:\Users\venka\Documents\Project\Nail-Condition-Classification\data\grouped_split\val\Onychogryphosis\Screenshot-2021-11-19-014147_png.rf.69fbe87ce0e311da8596ee66c71b51ce.jpg,Screenshot-2021-11-19-014147_png.rf.69fbe87ce0e311da8596ee66c71b51ce.jpg,Onychogryphosis,Onychogryphosis,94.2,True
C:\Users\venka\Documents\Project\Nail-Condition-Classification\data\grouped_split\val\Onychogryphosis\Screenshot-2021-11-19-014147_png.rf.7d67aa6da67e8c7fbcf58eef62c4698f.jpg,Screenshot-2021-11-19-014147_png.rf.7d67aa6da67e8c7fbcf58eef62c4698f.jpg,Onychogryphosis,Onychogryphosis,96.9,True
C:\Users\venka\Documents\Project\Nail-Condition-Classification\data\grouped_split\val\Onychogryphosis\Screenshot-2021-11-19-014147_png.rf.a56d5c5dda1062fcc01dc199e5cc1d7c.jpg,Screenshot-2021-11-19-014147_png.rf.a56d5c5dda1062fcc01dc199e5cc1d7c.jpg,Onychogryphosis,Onychogryphosis,94.56,True
C:\Users\venka\Documents\Project\Nail-Condition-Classification\data\grouped_split\val\Onychogryphosis\Screenshot-2021-11-19-015739_png.rf.8026fb8dabb40d6be846369edfb19c4f.jpg,Screenshot-2021-11-19-015739_png.rf.8026fb8dabb40d6be846369edfb19c4f.jpg,Onychogryphosis,Onychogryphosis,89.5,True
C:\Users\venka\Documents\Project\Nail-Condition-Classification\data\grouped_split\val\Onychogryphosis\Screenshot-2021-11-19-015739_png.rf.98605237268319b2dbd2ebdce483280d.jpg,Screenshot-2021-11-19-015739_png.rf.98605237268319b2dbd2ebdce483280d.jpg,Onychogryphosis,Onychogryphosis,96.56,True
C:\Users\venka\Documents\Project\Nail-Condition-Classification\data\grouped_split\val\Onychogryphosis\Screenshot-2021-11-19-015739_png.rf.f5720d95c4104603beeedeaefe977303.jpg,Screenshot-2021-11-19-015739_png.rf.f5720d95c4104603beeedeaefe977303.jpg,Onychogryphosis,Onychogryphosis,93.2,True
C:\Users\venka\Documents\Project\Nail-Condition-Classification\data\grouped_split\val\Onychogryphosis\Screenshot-2021-11-19-015807_png.rf.2d3c2149f4bbaed49137336eb14d43d5.jpg,Screenshot-2021-11-19-015807_png.rf.2d3c2149f4bbaed49137336eb14d43d5.jpg,Onychogryphosis,Onychogryphosis,89.0,True
C:\Users\venka\Documents\Project\Nail-Condition-Classification\data\grouped_split\val\Onychogryphosis\Screenshot-2021-11-19-015807_png.rf.a18ec90920f2949c0fd60c416a48e3d3.jpg,Screenshot-2021-11-19-015807_png.rf.a18ec90920f2949c0fd60c416a48e3d3.jpg,Onychogryphosis,Onychogryphosis,93.9,True
C:\Users\venka\Documents\Project\Nail-Condition-Classification\data\grouped_split\val\Onychogryphosis\Screenshot-2021-11-19-015807_png.rf.b13b89d36cde30fa2df61e9d193556ae.jpg,Screenshot-2021-11-19-015807_png.rf.b13b89d36cde30fa2df61e9d193556ae.jpg,Onychogryphosis,Onychogryphosis,95.2,True
C:\Users\venka\Documents\Project\Nail-Condition-Classification\data\grouped_split\val\Onychogryphosis\Screenshot-2021-11-19-015917_png.rf.1a77c056e0da94a5769af21b6ee1defc.jpg,Screenshot-2021-11-19-015917_png.rf.1a77c056e0da94a5769af21b6ee1defc.jpg,Onychogryphosis,Onychogryphosis,94.56,True
C:\Users\venka\Documents\Project\Nail-Condition-Classification\data\grouped_split\val\Onychogryphosis\Screenshot-2021-11-19-015917_png.rf.312899f487425a8f6c50db9c3cf67376.jpg,Screenshot-2021-11-19-015917_png.rf.312899f487425a8f6c50db9c3cf67376.jpg,Onychogryphosis,Onychogryphosis,97.0,True
C:\Users\venka\Documents\Project\Nail-Condition-Classification\data\grouped_split\val\Onychogryphosis\Screenshot-2021-11-19-015917_png.rf.d149514b0ae955f0b4e39c55f3c56934.jpg,Screenshot-2021-11-19-015917_png.rf.d149514b0ae955f0b4e39c55f3c56934.jpg,Onychogryphosis,Onychogryphosis,96.4,True
C:\Users\venka\Documents\Project\Nail-Condition-Classification\data\grouped_split\val\Onychogryphosis\Screenshot-2021-11-19-020017_png.rf.1d9afde373541b445f0fee1585ac50a1.jpg,Screenshot-2021-11-19-020017_png.rf.1d9afde373541b445f0fee1585ac50a1.jpg,Onychogryphosis,Onychogryphosis,93.0,True
C:\Users\venka\Documents\Project\Nail-Condition-Classification\data\grouped_split\val\Onychogryphosis\Screenshot-2021-11-19-020017_png.rf.867654faa6bb4b6ae653b6a7083d6464.jpg,Screenshot-2021-11-19-020017_png.rf.867654faa6bb4b6ae653b6a7083d6464.jpg,Onychogryphosis,Onychogryphosis,93.44,True
C:\Users\venka\Documents\Project\Nail-Condition-Classification\data\grouped_split\val\Onychogryphosis\Screenshot-2021-11-19-020017_png.rf.e6e3faac70b723304ccccfc5de1f3f93.jpg,Screenshot-2021-11-19-020017_png.rf.e6e3faac70b723304ccccfc5de1f3f93.jpg,Onychogryphosis,Onychogryphosis,95.06,True
C:\Users\venka\Documents\Project\Nail-Condition-Classification\data\grouped_split\val\Onychogryphosis\Screenshot-2021-11-19-021309_png.rf.1ec0b8ebca6a7f45c7e0512a2f56ee6f.jpg,Screenshot-2021-11-19-021309_png.rf.1ec0b8ebca6a7f45c7e0512a2f56ee6f.jpg,Onychogryphosis,Onychogryphosis,95.0,True
C:\Users\venka\Documents\Project\Nail-Condition-Classification\data\grouped_split\val\Onychogryphosis\Screenshot-2021-11-19-021309_png.rf.3a42324585aa4ef80b266c50b38b4044.jpg,Screenshot-2021-11-19-021309_png.rf.3a42324585aa4ef80b266c50b38b4044.jpg,Onychogryphosis,Onychogryphosis,90.3,True
C:\Users\venka\Documents\Project\Nail-Condition-Classification\data\grouped_split\val\Onychogryphosis\Screenshot-2021-11-19-021309_png.rf.57d45b543b4e38fb2d569e1291ab0f9d.jpg,Screenshot-2021-11-19-021309_png.rf.57d45b543b4e38fb2d569e1291ab0f9d.jpg,Onychogryphosis,Onychogryphosis,93.9,True
C:\Users\venka\Documents\Project\Nail-Condition-Classification\data\grouped_split\val\Onychogryphosis\Screenshot-2021-11-19-021909_png.rf.147bc6a7bf6914faa468d2cb4bb3c481.jpg,Screenshot-2021-11-19-021909_png.rf.147bc6a7bf6914faa468d2cb4bb3c481.jpg,Onychogryphosis,Onychogryphosis,93.94,True
C:\Users\venka\Documents\Project\Nail-Condition-Classification\data\grouped_split\val\Onychogryphosis\Screenshot-2021-11-19-021909_png.rf.262175457e520d0803441e061118b24f.jpg,Screenshot-2021-11-19-021909_png.rf.262175457e520d0803441e061118b24f.jpg,Onychogryphosis,Onychogryphosis,92.25,True
C:\Users\venka\Documents\Project\Nail-Condition-Classification\data\grouped_split\val\Onychogryphosis\Screenshot-2021-11-19-021909_png.rf.a82b8b717d62d00caad8bf4d2e947204.jpg,Screenshot-2021-11-19-021909_png.rf.a82b8b717d62d00caad8bf4d2e947204.jpg,Onychogryphosis,Onychogryphosis,93.9,True
C:\Users\venka\Documents\Project\Nail-Condition-Classification\data\grouped_split\val\Onychogryphosis\Screenshot-2021-11-19-022213_png.rf.a55665943b67380efed2e03797201699.jpg,Screenshot-2021-11-19-022213_png.rf.a55665943b67380efed2e03797201699.jpg,Onychogryphosis,Onychogryphosis,96.56,True
C:\Users\venka\Documents\Project\Nail-Condition-Classification\data\grouped_split\val\Onychogryphosis\Screenshot-2021-11-19-022213_png.rf.bc2bf9f7fa0b5916dab18e6f9ebf6de1.jpg,Screenshot-2021-11-19-022213_png.rf.bc2bf9f7fa0b5916dab18e6f9ebf6de1.jpg,Onychogryphosis,Onychogryphosis,97.6,True
C:\Users\venka\Documents\Project\Nail-Condition-Classification\data\grouped_split\val\Onychogryphosis\Screenshot-2021-11-19-022213_png.rf.ea6ded7fd82576b213f90578712058b7.jpg,Screenshot-2021-11-19-022213_png.rf.ea6ded7fd82576b213f90578712058b7.jpg,Onychogryphosis,Onychogryphosis,97.6,True
C:\Users\venka\Documents\Project\Nail-Condition-Classification\data\grouped_split\val\Onychogryphosis\Screenshot-2021-11-19-022255_png.rf.64b309670d4975c5d9506ba4aab820b5.jpg,Screenshot-2021-11-19-022255_png.rf.64b309670d4975c5d9506ba4aab820b5.jpg,Onychogryphosis,Onychogryphosis,94.1,True
C:\Users\venka\Documents\Project\Nail-Condition-Classification\data\grouped_split\val\Onychogryphosis\Screenshot-2021-11-19-022255_png.rf.66aa41f8614fa9cdf519c9d7239576a0.jpg,Screenshot-2021-11-19-022255_png.rf.66aa41f8614fa9cdf519c9d7239576a0.jpg,Onychogryphosis,Onychogryphosis,95.3,True
C:\Users\venka\Documents\Project\Nail-Condition-Classification\data\grouped_split\val\Onychogryphosis\Screenshot-2021-11-19-022255_png.rf.f85bb5cffac52ca9691871d12e0dd381.jpg,Screenshot-2021-11-19-022255_png.rf.f85bb5cffac52ca9691871d12e0dd381.jpg,Onychogryphosis,Onychogryphosis,95.44,True
C:\Users\venka\Documents\Project\Nail-Condition-Classification\data\grouped_split\val\Onychogryphosis\Screenshot-2021-11-21-164053_png.rf.907ca5efe3fd6dc0174975c7438f2b90.jpg,Screenshot-2021-11-21-164053_png.rf.907ca5efe3fd6dc0174975c7438f2b90.jpg,Onychogryphosis,Onychogryphosis,95.56,True
C:\Users\venka\Documents\Project\Nail-Condition-Classification\data\grouped_split\val\Onychogryphosis\Screenshot-2021-11-21-164053_png.rf.af6fc371c3cfda5c37e51707234c159c.jpg,Screenshot-2021-11-21-164053_png.rf.af6fc371c3cfda5c37e51707234c159c.jpg,Onychogryphosis,Onychogryphosis,95.4,True
C:\Users\venka\Documents\Project\Nail-Condition-Classification\data\grouped_split\val\Onychogryphosis\Screenshot-2021-11-21-164053_png.rf.bd948dc5c5d7afd2879b64f2000f9a9a.jpg,Screenshot-2021-11-21-164053_png.rf.bd948dc5c5d7afd2879b64f2000f9a9a.jpg,Onychogryphosis,Onychogryphosis,94.6,True
C:\Users\venka\Documents\Project\Nail-Condition-Classification\data\grouped_split\val\Onychogryphosis\Screenshot-2021-11-21-165448_png.rf.0b5815dbb1cdfde703beceb33ac19b42.jpg,Screenshot-2021-11-21-165448_png.rf.0b5815dbb1cdfde703beceb33ac19b42.jpg,Onychogryphosis,Onychogryphosis,94.5,True
C:\Users\venka\Documents\Project\Nail-Condition-Classification\data\grouped_split\val\Onychogryphosis\Screenshot-2021-11-21-165448_png.rf.395c49a352f2208155044291b688b892.jpg,Screenshot-2021-11-21-165448_png.rf.395c49a352f2208155044291b688b892.jpg,Onychogryphosis,Onychogryphosis,94.44,True
C:\Users\venka\Documents\Project\Nail-Condition-Classification\data\grouped_split\val\Onychogryphosis\Screenshot-2021-11-21-165448_png.rf.94633318d1109621e9563fa1509329fa.jpg,Screenshot-2021-11-21-165448_png.rf.94633318d1109621e9563fa1509329fa.jpg,Onychogryphosis,Onychogryphosis,96.56,True
C:\Users\venka\Documents\Project\Nail-Condition-Classification\data\grouped_split\val\Onychogryphosis\Screenshot-2021-11-21-170250_png.rf.4b7a00abf8c9abb46075a594dd6973b1.jpg,Screenshot-2021-11-21-170250_png.rf.4b7a00abf8c9abb46075a594dd6973b1.jpg,Onychogryphosis,Onychogryphosis,94.75,True
C:\Users\venka\Documents\Project\Nail-Condition-Classification\data\grouped_split\val\Onychogryphosis\Screenshot-2021-11-21-170250_png.rf.59f3c6f2cd0a821a06f7a8c92cfad6bb.jpg,Screenshot-2021-11-21-170250_png.rf.59f3c6f2cd0a821a06f7a8c92cfad6bb.jpg,Onychogryphosis,Onychogryphosis,93.06,True
C:\Users\venka\Documents\Project\Nail-Condition-Classification\data\grouped_split\val\Onychogryphosis\Screenshot-2021-11-21-170250_png.rf.9d71cae88487ac21dc53b7ba7437d680.jpg,Screenshot-2021-11-21-170250_png.rf.9d71cae88487ac21dc53b7ba7437d680.jpg,Onychogryphosis,Onychogryphosis,91.56,True
C:\Users\venka\Documents\Project\Nail-Condition-Classification\data\grouped_split\val\Onychogryphosis\Screenshot-2021-11-21-174327_png.rf.5746a0c7cdc71c646f0735abf5fe21ed.jpg,Screenshot-2021-11-21-174327_png.rf.5746a0c7cdc71c646f0735abf5fe21ed.jpg,Onychogryphosis,Onychogryphosis,94.5,True
C:\Users\venka\Documents\Project\Nail-Condition-Classification\data\grouped_split\val\Onychogryphosis\Screenshot-2021-11-21-174327_png.rf.772a6b3698149ff40f14779082f3a1ca.jpg,Screenshot-2021-11-21-174327_png.rf.772a6b3698149ff40f14779082f3a1ca.jpg,Onychogryphosis,Onychogryphosis,94.56,True
C:\Users\venka\Documents\Project\Nail-Condition-Classification\data\grouped_split\val\Onychogryphosis\Screenshot-2021-11-21-174327_png.rf.7bb6794c5e671ac1ed52e89767fdd53d.jpg,Screenshot-2021-11-21-174327_png.rf.7bb6794c5e671ac1ed52e89767fdd53d.jpg,Onychogryphosis,Onychogryphosis,93.75,True
C:\Users\venka\Documents\Project\Nail-Condition-Classification\data\grouped_split\val\Onychogryphosis\Screenshot-2021-11-21-192605_png.rf.54a2cd1af1614ded8f6413ebaa1c4821.jpg,Screenshot-2021-11-21-192605_png.rf.54a2cd1af1614ded8f6413ebaa1c4821.jpg,Onychogryphosis,Onychogryphosis,95.44,True
C:\Users\venka\Documents\Project\Nail-Condition-Classification\data\grouped_split\val\Onychogryphosis\Screenshot-2021-11-21-192605_png.rf.eda0067e4a77bf591f1b5f7a1467409f.jpg,Screenshot-2021-11-21-192605_png.rf.eda0067e4a77bf591f1b5f7a1467409f.jpg,Onychogryphosis,Onychogryphosis,94.44,True
C:\Users\venka\Documents\Project\Nail-Condition-Classification\data\grouped_split\val\Onychogryphosis\Screenshot-2021-11-21-192605_png.rf.f9396d3dbcfc1ddb0e635832ba375fcc.jpg,Screenshot-2021-11-21-192605_png.rf.f9396d3dbcfc1ddb0e635832ba375fcc.jpg,Onychogryphosis,Onychogryphosis,90.25,True
C:\Users\venka\Documents\Project\Nail-Condition-Classification\data\grouped_split\val\Onychogryphosis\Screenshot-2021-11-21-194356_png.rf.082ed249fa7eed8f4e4f9e67c48b5c18.jpg,Screenshot-2021-11-21-194356_png.rf.082ed249fa7eed8f4e4f9e67c48b5c18.jpg,Onychogryphosis,Onychogryphosis,94.5,True
C:\Users\venka\Documents\Project\Nail-Condition-Classification\data\grouped_split\val\Onychogryphosis\Screenshot-2021-11-21-194356_png.rf.15db73bba9c522d8f93dea5b6927a1fc.jpg,Screenshot-2021-11-21-194356_png.rf.15db73bba9c522d8f93dea5b6927a1fc.jpg,Onychogryphosis,Onychogryphosis,88.5,True
C:\Users\venka\Documents\Project\Nail-Condition-Classification\data\grouped_split\val\Onychogryphosis\Screenshot-2021-11-21-194356_png.rf.795a471a4a3cbf02a1ba64c73b15a580.jpg,Screenshot-2021-11-21-194356_png.rf.795a471a4a3cbf02a1ba64c73b15a580.jpg,Onychogryphosis,Onychogryphosis,91.9,True
C:\Users\venka\Documents\Project\Nail-Condition-Classification\data\grouped_split\val\Onychogryphosis\Screenshot-2021-11-21-210225_png.rf.b447ccc9eb8a35d325cafdf6cb842fcd.jpg,Screenshot-2021-11-21-210225_png.rf.b447ccc9eb8a35d325cafdf6cb842fcd.jpg,Onychogryphosis,Onychogryphosis,96.25,True
C:\Users\venka\Documents\Project\Nail-Condition-Classification\data\grouped_split\val\Onychogryphosis\Screenshot-2021-11-21-210225_png.rf.c4cdf849674cb2844084b302744de893.jpg,Screenshot-2021-11-21-210225_png.rf.c4cdf849674cb2844084b302744de893.jpg,Onychogryphosis,Onychogryphosis,90.5,True
C:\Users\venka\Documents\Project\Nail-Condition-Classification\data\grouped_split\val\Onychogryphosis\Screenshot-2021-11-21-210225_png.rf.e2a4fa7afecd2198e5c7cc5618b6007e.jpg,Screenshot-2021-11-21-210225_png.rf.e2a4fa7afecd2198e5c7cc5618b6007e.jpg,Onychogryphosis,Onychogryphosis,94.3,True
C:\Users\venka\Documents\Project\Nail-Condition-Classification\data\grouped_split\val\Onychogryphosis\Screenshot-2021-11-21-210436_png.rf.672870fec62770f55852acc3e9ce5eec.jpg,Screenshot-2021-11-21-210436_png.rf.672870fec62770f55852acc3e9ce5eec.jpg,Onychogryphosis,Onychogryphosis,94.8,True
C:\Users\venka\Documents\Project\Nail-Condition-Classification\data\grouped_split\val\Onychogryphosis\Screenshot-2021-11-21-210436_png.rf.7efbbb7adb8f7850c728dc6359c4f1fd.jpg,Screenshot-2021-11-21-210436_png.rf.7efbbb7adb8f7850c728dc6359c4f1fd.jpg,Onychogryphosis,Onychogryphosis,92.06,True
C:\Users\venka\Documents\Project\Nail-Condition-Classification\data\grouped_split\val\Onychogryphosis\Screenshot-2021-11-21-210436_png.rf.db9da827dea0600e4f09ae0d7c923554.jpg,Screenshot-2021-11-21-210436_png.rf.db9da827dea0600e4f09ae0d7c923554.jpg,Onychogryphosis,Onychogryphosis,93.94,True
C:\Users\venka\Documents\Project\Nail-Condition-Classification\data\grouped_split\val\Onychogryphosis\Screenshot-2021-11-21-225758_png.rf.012556b828f3ce6a57b2e13d9758189e.jpg,Screenshot-2021-11-21-225758_png.rf.012556b828f3ce6a57b2e13d9758189e.jpg,Onychogryphosis,Onychogryphosis,94.25,True
C:\Users\venka\Documents\Project\Nail-Condition-Classification\data\grouped_split\val\Onychogryphosis\Screenshot-2021-11-21-225758_png.rf.58aef5d8a8b18197d4f55a7c197bca98.jpg,Screenshot-2021-11-21-225758_png.rf.58aef5d8a8b18197d4f55a7c197bca98.jpg,Onychogryphosis,Onychogryphosis,92.3,True
C:\Users\venka\Documents\Project\Nail-Condition-Classification\data\grouped_split\val\Onychogryphosis\Screenshot-2021-11-21-225758_png.rf.e24976caed808e54a32ca3dab4cf4fcd.jpg,Screenshot-2021-11-21-225758_png.rf.e24976caed808e54a32ca3dab4cf4fcd.jpg,Onychogryphosis,Onychogryphosis,93.44,True
C:\Users\venka\Documents\Project\Nail-Condition-Classification\data\grouped_split\val\Onychogryphosis\Screenshot-2021-11-21-230252_png.rf.6cc27efcf4e5ccca5466427d6b73e829.jpg,Screenshot-2021-11-21-230252_png.rf.6cc27efcf4e5ccca5466427d6b73e829.jpg,Onychogryphosis,Onychogryphosis,88.8,True
C:\Users\venka\Documents\Project\Nail-Condition-Classification\data\grouped_split\val\Onychogryphosis\Screenshot-2021-11-21-230252_png.rf.9ea7515c33865930bda515e2205f514e.jpg,Screenshot-2021-11-21-230252_png.rf.9ea7515c33865930bda515e2205f514e.jpg,Onychogryphosis,Onychogryphosis,92.94,True
C:\Users\venka\Documents\Project\Nail-Condition-Classification\data\grouped_split\val\Onychogryphosis\Screenshot-2021-11-21-230252_png.rf.db0f503b838e44e268d09336069f0f14.jpg,Screenshot-2021-11-21-230252_png.rf.db0f503b838e44e268d09336069f0f14.jpg,Onychogryphosis,Onychogryphosis,70.1,True
C:\Users\venka\Documents\Project\Nail-Condition-Classification\data\grouped_split\val\Onychogryphosis\Screenshot-2021-11-21-232620_png.rf.2363290c87015bfb7e2268f2952ad990.jpg,Screenshot-2021-11-21-232620_png.rf.2363290c87015bfb7e2268f2952ad990.jpg,Onychogryphosis,Acral_Lentiginous_Melanoma,81.75,False
C:\Users\venka\Documents\Project\Nail-Condition-Classification\data\grouped_split\val\Onychogryphosis\Screenshot-2021-11-21-232620_png.rf.7286929a29477565f3ac5725534fdc41.jpg,Screenshot-2021-11-21-232620_png.rf.7286929a29477565f3ac5725534fdc41.jpg,Onychogryphosis,Acral_Lentiginous_Melanoma,54.16,False
C:\Users\venka\Documents\Project\Nail-Condition-Classification\data\grouped_split\val\Onychogryphosis\Screenshot-2021-11-21-232620_png.rf.f56968a71e51fdf5012b681ee803460b.jpg,Screenshot-2021-11-21-232620_png.rf.f56968a71e51fdf5012b681ee803460b.jpg,Onychogryphosis,Acral_Lentiginous_Melanoma,49.3,False
C:\Users\venka\Documents\Project\Nail-Condition-Classification\data\grouped_split\val\Onychogryphosis\Screenshot-2021-11-21-232633_png.rf.31eae5bcec99630570599c663c8c9d50.jpg,Screenshot-2021-11-21-232633_png.rf.31eae5bcec99630570599c663c8c9d50.jpg,Onychogryphosis,Onychogryphosis,42.34,True
C:\Users\venka\Documents\Project\Nail-Condition-Classification\data\grouped_split\val\Onychogryphosis\Screenshot-2021-11-21-232633_png.rf.33d35283c9690a9853f09b78d3641d31.jpg,Screenshot-2021-11-21-232633_png.rf.33d35283c9690a9853f09b78d3641d31.jpg,Onychogryphosis,Onychogryphosis,54.06,True
C:\Users\venka\Documents\Project\Nail-Condition-Classification\data\grouped_split\val\Onychogryphosis\Screenshot-2021-11-21-232633_png.rf.96a7ac8818035b5246a4f05e3e4a9964.jpg,Screenshot-2021-11-21-232633_png.rf.96a7ac8818035b5246a4f05e3e4a9964.jpg,Onychogryphosis,pitting,61.2,False
C:\Users\venka\Documents\Project\Nail-Condition-Classification\data\grouped_split\val\Onychogryphosis\Screenshot-2021-11-21-234235_png.rf.6c37fd9d3ead2a7ddad8f0d24c97557a.jpg,Screenshot-2021-11-21-234235_png.rf.6c37fd9d3ead2a7ddad8f0d24c97557a.jpg,Onychogryphosis,Onychogryphosis,90.0,True
C:\Users\venka\Documents\Project\Nail-Condition-Classification\data\grouped_split\val\Onychogryphosis\Screenshot-2021-11-21-234235_png.rf.7f88333e227eaeabe295e5477ce052dc.jpg,Screenshot-2021-11-21-234235_png.rf.7f88333e227eaeabe295e5477ce052dc.jpg,Onychogryphosis,Onychogryphosis,93.44,True
C:\Users\venka\Documents\Project\Nail-Condition-Classification\data\grouped_split\val\Onychogryphosis\Screenshot-2021-11-21-234235_png.rf.cbf2e69da48486c57c0691f071a3cff0.jpg,Screenshot-2021-11-21-234235_png.rf.cbf2e69da48486c57c0691f071a3cff0.jpg,Onychogryphosis,Onychogryphosis,87.8,True
C:\Users\venka\Documents\Project\Nail-Condition-Classification\data\grouped_split\val\Onychogryphosis\Screenshot-2021-11-21-234929_png.rf.3c52b5edc39ae57ea5de932edf5bd6e2.jpg,Screenshot-2021-11-21-234929_png.rf.3c52b5edc39ae57ea5de932edf5bd6e2.jpg,Onychogryphosis,Onychogryphosis,92.5,True
C:\Users\venka\Documents\Project\Nail-Condition-Classification\data\grouped_split\val\Onychogryphosis\Screenshot-2021-11-21-234929_png.rf.9b40f9f83572b1b5980e8fed741c56b5.jpg,Screenshot-2021-11-21-234929_png.rf.9b40f9f83572b1b5980e8fed741c56b5.jpg,Onychogryphosis,Onychogryphosis,92.5,True
C:\Users\venka\Documents\Project\Nail-Condition-Classification\data\grouped_split\val\Onychogryphosis\Screenshot-2021-11-21-234929_png.rf.a73d13c809a9ba568c6dfd9ba4ddcb92.jpg,Screenshot-2021-11-21-234929_png.rf.a73d13c809a9ba568c6dfd9ba4ddcb92.jpg,Onychogryphosis,Onychogryphosis,88.5,True
C:\Users\venka\Documents\Project\Nail-Condition-Classification\data\grouped_split\val\Onychogryphosis\Screenshot-2021-11-22-013700_png.rf.b68b96685065b342041b304b75d49eec.jpg,Screenshot-2021-11-22-013700_png.rf.b68b96685065b342041b304b75d49eec.jpg,Onychogryphosis,Onychogryphosis,96.44,True
C:\Users\venka\Documents\Project\Nail-Condition-Classification\data\grouped_split\val\Onychogryphosis\Screenshot-2021-11-22-013700_png.rf.d695a8b8eae09504f8d23275fb48e126.jpg,Screenshot-2021-11-22-013700_png.rf.d695a8b8eae09504f8d23275fb48e126.jpg,Onychogryphosis,Onychogryphosis,95.7,True
C:\Users\venka\Documents\Project\Nail-Condition-Classification\data\grouped_split\val\Onychogryphosis\Screenshot-2021-11-22-013700_png.rf.fe48789eb3f16f03712b3406442b9715.jpg,Screenshot-2021-11-22-013700_png.rf.fe48789eb3f16f03712b3406442b9715.jpg,Onychogryphosis,Onychogryphosis,96.0,True
C:\Users\venka\Documents\Project\Nail-Condition-Classification\data\grouped_split\val\Onychogryphosis\Screenshot-2021-11-22-015012_png.rf.c797b3062fdfc3ee98d67ce555a1aae6.jpg,Screenshot-2021-11-22-015012_png.rf.c797b3062fdfc3ee98d67ce555a1aae6.jpg,Onychogryphosis,Onychogryphosis,95.6,True
C:\Users\venka\Documents\Project\Nail-Condition-Classification\data\grouped_split\val\Onychogryphosis\Screenshot-2021-11-22-015012_png.rf.e033e5dd1e1b0ed03e8ce9b415c084af.jpg,Screenshot-2021-11-22-015012_png.rf.e033e5dd1e1b0ed03e8ce9b415c084af.jpg,Onychogryphosis,Onychogryphosis,95.6,True
C:\Users\venka\Documents\Project\Nail-Condition-Classification\data\grouped_split\val\Onychogryphosis\Screenshot-2021-11-22-015012_png.rf.faf4de1891ee699454716b3406b7f69a.jpg,Screenshot-2021-11-22-015012_png.rf.faf4de1891ee699454716b3406b7f69a.jpg,Onychogryphosis,Onychogryphosis,94.06,True
C:\Users\venka\Documents\Project\Nail-Condition-Classification\data\grouped_split\val\Onychogryphosis\Screenshot-2021-11-22-015522_png.rf.0d031682b4e37b66fdb89133ae998a36.jpg,Screenshot-2021-11-22-015522_png.rf.0d031682b4e37b66fdb89133ae998a36.jpg,Onychogryphosis,Onychogryphosis,94.5,True
C:\Users\venka\Documents\Project\Nail-Condition-Classification\data\grouped_split\val\Onychogryphosis\Screenshot-2021-11-22-015522_png.rf.5f13391b027570ed8fcfbb6ab57f038a.jpg,Screenshot-2021-11-22-015522_png.rf.5f13391b027570ed8fcfbb6ab57f038a.jpg,Onychogryphosis,Onychogryphosis,96.44,True
C:\Users\venka\Documents\Project\Nail-Condition-Classification\data\grouped_split\val\Onychogryphosis\Screenshot-2021-11-22-015522_png.rf.9a97ea39c6e3e87c45439f4c084c6b01.jpg,Screenshot-2021-11-22-015522_png.rf.9a97ea39c6e3e87c45439f4c084c6b01.jpg,Onychogryphosis,Onychogryphosis,95.2,True
C:\Users\venka\Documents\Project\Nail-Condition-Classification\data\grouped_split\val\Onychogryphosis\Screenshot-2021-11-22-015705_png.rf.338baf61daba5ba6d9080fa887b7c484.jpg,Screenshot-2021-11-22-015705_png.rf.338baf61daba5ba6d9080fa887b7c484.jpg,Onychogryphosis,Onychogryphosis,95.2,True
C:\Users\venka\Documents\Project\Nail-Condition-Classification\data\grouped_split\val\Onychogryphosis\Screenshot-2021-11-22-015705_png.rf.36a37f755d1cf33815c8345871751bd7.jpg,Screenshot-2021-11-22-015705_png.rf.36a37f755d1cf33815c8345871751bd7.jpg,Onychogryphosis,Onychogryphosis,96.25,True
C:\Users\venka\Documents\Project\Nail-Condition-Classification\data\grouped_split\val\Onychogryphosis\Screenshot-2021-11-22-015705_png.rf.60716107073c81e743ec443f5aea59ca.jpg,Screenshot-2021-11-22-015705_png.rf.60716107073c81e743ec443f5aea59ca.jpg,Onychogryphosis,Onychogryphosis,95.6,True
C:\Users\venka\Documents\Project\Nail-Condition-Classification\data\grouped_split\val\Onychogryphosis\Screenshot-2021-11-22-022005_png.rf.6c0848117ed0a05d5e0bfb7da1f9ce98.jpg,Screenshot-2021-11-22-022005_png.rf.6c0848117ed0a05d5e0bfb7da1f9ce98.jpg,Onychogryphosis,Onychogryphosis,94.06,True
C:\Users\venka\Documents\Project\Nail-Condition-Classification\data\grouped_split\val\Onychogryphosis\Screenshot-2021-11-22-022005_png.rf.b93535766811a3eb508243c690a1e800.jpg,Screenshot-2021-11-22-022005_png.rf.b93535766811a3eb508243c690a1e800.jpg,Onychogryphosis,Onychogryphosis,93.4,True
C:\Users\venka\Documents\Project\Nail-Condition-Classification\data\grouped_split\val\Onychogryphosis\Screenshot-2021-11-22-022005_png.rf.ecd83364f26920e12ae644a86966246f.jpg,Screenshot-2021-11-22-022005_png.rf.ecd83364f26920e12ae644a86966246f.jpg,Onychogryphosis,Onychogryphosis,94.8,True
C:\Users\venka\Documents\Project\Nail-Condition-Classification\data\grouped_split\val\Onychogryphosis\images--7hiLgj_jpeg.rf.07badc72cc0a18d2ce89778c0eb02028.jpg,images--7hiLgj_jpeg.rf.07badc72cc0a18d2ce89778c0eb02028.jpg,Onychogryphosis,Acral_Lentiginous_Melanoma,85.94,False
C:\Users\venka\Documents\Project\Nail-Condition-Classification\data\grouped_split\val\Onychogryphosis\images--7hiLgj_jpeg.rf.4a63d8e98e886280c30ebd1a33122a9d.jpg,images--7hiLgj_jpeg.rf.4a63d8e98e886280c30ebd1a33122a9d.jpg,Onychogryphosis,Onychogryphosis,34.72,True
C:\Users\venka\Documents\Project\Nail-Condition-Classification\data\grouped_split\val\Onychogryphosis\images--7hiLgj_jpeg.rf.72db456b197aa67d290dbad009ec89f2.jpg,images--7hiLgj_jpeg.rf.72db456b197aa67d290dbad009ec89f2.jpg,Onychogryphosis,Acral_Lentiginous_Melanoma,70.5,False
C:\Users\venka\Documents\Project\Nail-Condition-Classification\data\grouped_split\val\Onychogryphosis\images--sqWhaj_jpeg.rf.0568568c1eea5a50648da939ef1d233d.jpg,images--sqWhaj_jpeg.rf.0568568c1eea5a50648da939ef1d233d.jpg,Onychogryphosis,Onychogryphosis,93.8,True
C:\Users\venka\Documents\Project\Nail-Condition-Classification\data\grouped_split\val\Onychogryphosis\images--sqWhaj_jpeg.rf.2815459cd3bf1013f31390cc0d957f4c.jpg,images--sqWhaj_jpeg.rf.2815459cd3bf1013f31390cc0d957f4c.jpg,Onychogryphosis,Onychogryphosis,85.4,True
C:\Users\venka\Documents\Project\Nail-Condition-Classification\data\grouped_split\val\Onychogryphosis\images--sqWhaj_jpeg.rf.7b552753930536238cccc94877931a57.jpg,images--sqWhaj_jpeg.rf.7b552753930536238cccc94877931a57.jpg,Onychogryphosis,Onychogryphosis,91.4,True
C:\Users\venka\Documents\Project\Nail-Condition-Classification\data\grouped_split\val\blue_finger\Screen-Shot-2021-10-15-at-10-36-10-AM_png.rf.be3e9fedd27a64aaff98f52df8ff9f4a.jpg,Screen-Shot-2021-10-15-at-10-36-10-AM_png.rf.be3e9fedd27a64aaff98f52df8ff9f4a.jpg,blue_finger,blue_finger,97.2,True
C:\Users\venka\Documents\Project\Nail-Condition-Classification\data\grouped_split\val\blue_finger\Screen-Shot-2021-10-15-at-10-36-10-AM_png.rf.c87bc0b458c290c6c4ed4747a98c975c.jpg,Screen-Shot-2021-10-15-at-10-36-10-AM_png.rf.c87bc0b458c290c6c4ed4747a98c975c.jpg,blue_finger,blue_finger,95.44,True
C:\Users\venka\Documents\Project\Nail-Condition-Classification\data\grouped_split\val\blue_finger\Screen-Shot-2021-10-15-at-10-36-10-AM_png.rf.f581f7db3527e733165b351385592330.jpg,Screen-Shot-2021-10-15-at-10-36-10-AM_png.rf.f581f7db3527e733165b351385592330.jpg,blue_finger,blue_finger,95.4,True
C:\Users\venka\Documents\Project\Nail-Condition-Classification\data\grouped_split\val\blue_finger\Screen-Shot-2021-10-15-at-10-36-46-AM_png.rf.935283c1a874d032d39bbb0289daee3d.jpg,Screen-Shot-2021-10-15-at-10-36-46-AM_png.rf.935283c1a874d032d39bbb0289daee3d.jpg,blue_finger,blue_finger,91.8,True
C:\Users\venka\Documents\Project\Nail-Condition-Classification\data\grouped_split\val\blue_finger\Screen-Shot-2021-10-15-at-10-36-46-AM_png.rf.bf9f623157fffac83f1c47476459b956.jpg,Screen-Shot-2021-10-15-at-10-36-46-AM_png.rf.bf9f623157fffac83f1c47476459b956.jpg,blue_finger,blue_finger,96.3,True
C:\Users\venka\Documents\Project\Nail-Condition-Classification\data\grouped_split\val\blue_finger\Screen-Shot-2021-10-15-at-10-36-46-AM_png.rf.cdbe220dd734ce4187eada289b7b3bb2.jpg,Screen-Shot-2021-10-15-at-10-36-46-AM_png.rf.cdbe220dd734ce4187eada289b7b3bb2.jpg,blue_finger,blue_finger,90.94,True
C:\Users\venka\Documents\Project\Nail-Condition-Classification\data\grouped_split\val\blue_finger\Screen-Shot-2021-10-15-at-10-38-28-AM_png.rf.01f1b411314c8f22d53d17a8a658fe72.jpg,Screen-Shot-2021-10-15-at-10-38-28-AM_png.rf.01f1b411314c8f22d53d17a8a658fe72.jpg,blue_finger,blue_finger,92.5,True
C:\Users\venka\Documents\Project\Nail-Condition-Classification\data\grouped_split\val\blue_finger\Screen-Shot-2021-10-15-at-10-38-28-AM_png.rf.46f700175938fe100e267e4d3781404d.jpg,Screen-Shot-2021-10-15-at-10-38-28-AM_png.rf.46f700175938fe100e267e4d3781404d.jpg,blue_finger,blue_finger,87.06,True
C:\Users\venka\Documents\Project\Nail-Condition-Classification\data\grouped_split\val\blue_finger\Screen-Shot-2021-10-15-at-10-38-28-AM_png.rf.4d8428e243af7ff56330dbe382c35d31.jpg,Screen-Shot-2021-10-15-at-10-38-28-AM_png.rf.4d8428e243af7ff56330dbe382c35d31.jpg,blue_finger,blue_finger,93.56,True
C:\Users\venka\Documents\Project\Nail-Condition-Classification\data\grouped_split\val\blue_finger\Screen-Shot-2021-10-15-at-10-38-37-AM_png.rf.0070f2e5afc63e4dbe2ccf36a8992c91.jpg,Screen-Shot-2021-10-15-at-10-38-37-AM_png.rf.0070f2e5afc63e4dbe2ccf36a8992c91.jpg,blue_finger,blue_finger,95.44,True
C:\Users\venka\Documents\Project\Nail-Condition-Classification\data\grouped_split\val\blue_finger\Screen-Shot-2021-10-15-at-10-38-37-AM_png.rf.114a90af2ccf0acf753866f12dc37795.jpg,Screen-Shot-2021-10-15-at-10-38-37-AM_png.rf.114a90af2ccf0acf753866f12dc37795.jpg,blue_finger,blue_finger,96.25,True
C:\Users\venka\Documents\Project\Nail-Condition-Classification\data\grouped_split\val\blue_finger\Screen-Shot-2021-10-15-at-10-38-37-AM_png.rf.db278dce2e507e7c5ea6bb019de05d71.jpg,Screen-Shot-2021-10-15-at-10-38-37-AM_png.rf.db278dce2e507e7c5ea6bb019de05d71.jpg,blue_finger,blue_finger,94.75,True
C:\Users\venka\Documents\Project\Nail-Condition-Classification\data\grouped_split\val\blue_finger\Screen-Shot-2021-10-15-at-10-40-02-AM_png.rf.2af02d912c1b0e8ea91286101bae6493.jpg,Screen-Shot-2021-10-15-at-10-40-02-AM_png.rf.2af02d912c1b0e8ea91286101bae6493.jpg,blue_finger,blue_finger,96.6,True
C:\Users\venka\Documents\Project\Nail-Condition-Classification\data\grouped_split\val\blue_finger\Screen-Shot-2021-10-15-at-10-40-02-AM_png.rf.565c0203d68af2847372ad3fa8983960.jpg,Screen-Shot-2021-10-15-at-10-40-02-AM_png.rf.565c0203d68af2847372ad3fa8983960.jpg,blue_finger,blue_finger,95.44,True
C:\Users\venka\Documents\Project\Nail-Condition-Classification\data\grouped_split\val\blue_finger\Screen-Shot-2021-10-15-at-10-40-02-AM_png.rf.87b5e0e1cbf8843724af2ac763277fd4.jpg,Screen-Shot-2021-10-15-at-10-40-02-AM_png.rf.87b5e0e1cbf8843724af2ac763277fd4.jpg,blue_finger,blue_finger,96.4,True
C:\Users\venka\Documents\Project\Nail-Condition-Classification\data\grouped_split\val\blue_finger\Screen-Shot-2021-10-15-at-10-51-21-AM_png.rf.45c71bb267dc9c831d4766bc3a8389a4.jpg,Screen-Shot-2021-10-15-at-10-51-21-AM_png.rf.45c71bb267dc9c831d4766bc3a8389a4.jpg,blue_finger,blue_finger,95.3,True
C:\Users\venka\Documents\Project\Nail-Condition-Classification\data\grouped_split\val\blue_finger\Screen-Shot-2021-10-15-at-10-51-21-AM_png.rf.502f394d4bbef8824cbd7a68cc4bd4e8.jpg,Screen-Shot-2021-10-15-at-10-51-21-AM_png.rf.502f394d4bbef8824cbd7a68cc4bd4e8.jpg,blue_finger,blue_finger,92.5,True
C:\Users\venka\Documents\Project\Nail-Condition-Classification\data\grouped_split\val\blue_finger\Screen-Shot-2021-10-15-at-10-51-21-AM_png.rf.c17223659c288b600fce028b001f004a.jpg,Screen-Shot-2021-10-15-at-10-51-21-AM_png.rf.c17223659c288b600fce028b001f004a.jpg,blue_finger,blue_finger,95.4,True
C:\Users\venka\Documents\Project\Nail-Condition-Classification\data\grouped_split\val\blue_finger\Screen-Shot-2021-10-15-at-11-11-25-AM_png.rf.553c39a411c6facdbd5142f7f6b58f91.jpg,Screen-Shot-2021-10-15-at-11-11-25-AM_png.rf.553c39a411c6facdbd5142f7f6b58f91.jpg,blue_finger,blue_finger,93.2,True
C:\Users\venka\Documents\Project\Nail-Condition-Classification\data\grouped_split\val\blue_finger\Screen-Shot-2021-10-15-at-11-11-25-AM_png.rf.e2472a5d8eee70b2b3051b971684bbf2.jpg,Screen-Shot-2021-10-15-at-11-11-25-AM_png.rf.e2472a5d8eee70b2b3051b971684bbf2.jpg,blue_finger,blue_finger,97.44,True
C:\Users\venka\Documents\Project\Nail-Condition-Classification\data\grouped_split\val\blue_finger\Screen-Shot-2021-10-15-at-11-11-25-AM_png.rf.e71f3c9923a9c0976479cf7a61c1e3bf.jpg,Screen-Shot-2021-10-15-at-11-11-25-AM_png.rf.e71f3c9923a9c0976479cf7a61c1e3bf.jpg,blue_finger,blue_finger,95.44,True
C:\Users\venka\Documents\Project\Nail-Condition-Classification\data\grouped_split\val\blue_finger\Screen-Shot-2021-11-22-at-10-05-11-PM_png.rf.0bf20abc5b1e3ca7fe1c9196bbb99f28.jpg,Screen-Shot-2021-11-22-at-10-05-11-PM_png.rf.0bf20abc5b1e3ca7fe1c9196bbb99f28.jpg,blue_finger,clubbing,65.1,False
C:\Users\venka\Documents\Project\Nail-Condition-Classification\data\grouped_split\val\blue_finger\Screen-Shot-2021-11-22-at-10-05-11-PM_png.rf.c24b076313e3ce50d06928d61419bc9e.jpg,Screen-Shot-2021-11-22-at-10-05-11-PM_png.rf.c24b076313e3ce50d06928d61419bc9e.jpg,blue_finger,blue_finger,46.12,True
C:\Users\venka\Documents\Project\Nail-Condition-Classification\data\grouped_split\val\blue_finger\Screen-Shot-2021-11-22-at-10-05-11-PM_png.rf.ef663e64581f67f84b13b70404ec5038.jpg,Screen-Shot-2021-11-22-at-10-05-11-PM_png.rf.ef663e64581f67f84b13b70404ec5038.jpg,blue_finger,blue_finger,79.06,True
C:\Users\venka\Documents\Project\Nail-Condition-Classification\data\grouped_split\val\blue_finger\Screen-Shot-2021-11-22-at-10-06-37-PM_png.rf.501bcf745149b98c7ff686091ba669ae.jpg,Screen-Shot-2021-11-22-at-10-06-37-PM_png.rf.501bcf745149b98c7ff686091ba669ae.jpg,blue_finger,blue_finger,98.75,True
C:\Users\venka\Documents\Project\Nail-Condition-Classification\data\grouped_split\val\blue_finger\Screen-Shot-2021-11-22-at-10-06-37-PM_png.rf.abeb1b77e5d1fb962b1f831188364b29.jpg,Screen-Shot-2021-11-22-at-10-06-37-PM_png.rf.abeb1b77e5d1fb962b1f831188364b29.jpg,blue_finger,blue_finger,95.06,True
C:\Users\venka\Documents\Project\Nail-Condition-Classification\data\grouped_split\val\blue_finger\Screen-Shot-2021-11-22-at-10-06-37-PM_png.rf.c0cbd95dff44f0b6d54c9f6b339dcc3f.jpg,Screen-Shot-2021-11-22-at-10-06-37-PM_png.rf.c0cbd95dff44f0b6d54c9f6b339dcc3f.jpg,blue_finger,blue_finger,95.44,True
C:\Users\venka\Documents\Project\Nail-Condition-Classification\data\grouped_split\val\blue_finger\Screen-Shot-2021-11-22-at-4-48-34-PM_png.rf.24cbf4314a448890109700b784547185.jpg,Screen-Shot-2021-11-22-at-4-48-34-PM_png.rf.24cbf4314a448890109700b784547185.jpg,blue_finger,blue_finger,76.5,True
C:\Users\venka\Documents\Project\Nail-Condition-Classification\data\grouped_split\val\blue_finger\Screen-Shot-2021-11-22-at-4-48-34-PM_png.rf.b392c46cce3ef128d147a0ec115b317e.jpg,Screen-Shot-2021-11-22-at-4-48-34-PM_png.rf.b392c46cce3ef128d147a0ec115b317e.jpg,blue_finger,blue_finger,97.44,True
C:\Users\venka\Documents\Project\Nail-Condition-Classification\data\grouped_split\val\blue_finger\Screen-Shot-2021-11-22-at-4-48-34-PM_png.rf.ce0915a5ff1d49edc66f9e40d76f1b0a.jpg,Screen-Shot-2021-11-22-at-4-48-34-PM_png.rf.ce0915a5ff1d49edc66f9e40d76f1b0a.jpg,blue_finger,blue_finger,91.2,True
C:\Users\venka\Documents\Project\Nail-Condition-Classification\data\grouped_split\val\blue_finger\Screen-Shot-2021-11-22-at-4-50-49-PM_png.rf.064f6a290bd872243874470984ac6f94.jpg,Screen-Shot-2021-11-22-at-4-50-49-PM_png.rf.064f6a290bd872243874470984ac6f94.jpg,blue_finger,blue_finger,95.1,True
C:\Users\venka\Documents\Project\Nail-Condition-Classification\data\grouped_split\val\blue_finger\Screen-Shot-2021-11-22-at-4-50-49-PM_png.rf.dd2fa69dfa01dad0f37d6fc93835eb5c.jpg,Screen-Shot-2021-11-22-at-4-50-49-PM_png.rf.dd2fa69dfa01dad0f37d6fc93835eb5c.jpg,blue_finger,blue_finger,97.25,True
C:\Users\venka\Documents\Project\Nail-Condition-Classification\data\grouped_split\val\blue_finger\Screen-Shot-2021-11-22-at-4-50-49-PM_png.rf.e0b24de405b88df12953c0af91c48c77.jpg,Screen-Shot-2021-11-22-at-4-50-49-PM_png.rf.e0b24de405b88df12953c0af91c48c77.jpg,blue_finger,blue_finger,87.94,True
C:\Users\venka\Documents\Project\Nail-Condition-Classification\data\grouped_split\val\blue_finger\Screen-Shot-2021-11-22-at-4-57-51-PM_png.rf.46cf65510fd6e06261f2232fc3d3fde4.jpg,Screen-Shot-2021-11-22-at-4-57-51-PM_png.rf.46cf65510fd6e06261f2232fc3d3fde4.jpg,blue_finger,clubbing,64.8,False
C:\Users\venka\Documents\Project\Nail-Condition-Classification\data\grouped_split\val\blue_finger\Screen-Shot-2021-11-22-at-4-57-51-PM_png.rf.8591387bd0dccb9448b0fdee4e235da8.jpg,Screen-Shot-2021-11-22-at-4-57-51-PM_png.rf.8591387bd0dccb9448b0fdee4e235da8.jpg,blue_finger,clubbing,75.25,False
C:\Users\venka\Documents\Project\Nail-Condition-Classification\data\grouped_split\val\blue_finger\Screen-Shot-2021-11-22-at-4-57-51-PM_png.rf.d1a6fe9f251911fc2a5fe4cb1b75e848.jpg,Screen-Shot-2021-11-22-at-4-57-51-PM_png.rf.d1a6fe9f251911fc2a5fe4cb1b75e848.jpg,blue_finger,blue_finger,83.0,True
C:\Users\venka\Documents\Project\Nail-Condition-Classification\data\grouped_split\val\blue_finger\Screen-Shot-2021-11-22-at-5-01-41-PM_png.rf.9db9fb4e806cc607b53d538a9e84904b.jpg,Screen-Shot-2021-11-22-at-5-01-41-PM_png.rf.9db9fb4e806cc607b53d538a9e84904b.jpg,blue_finger,blue_finger,88.8,True
C:\Users\venka\Documents\Project\Nail-Condition-Classification\data\grouped_split\val\blue_finger\Screen-Shot-2021-11-22-at-5-01-41-PM_png.rf.b9405f7d08247ad59b160c9fa9fc9b1a.jpg,Screen-Shot-2021-11-22-at-5-01-41-PM_png.rf.b9405f7d08247ad59b160c9fa9fc9b1a.jpg,blue_finger,blue_finger,83.9,True
C:\Users\venka\Documents\Project\Nail-Condition-Classification\data\grouped_split\val\blue_finger\Screen-Shot-2021-11-22-at-5-01-41-PM_png.rf.f6fc9d8119ef5f7fdc9142669b9a37d4.jpg,Screen-Shot-2021-11-22-at-5-01-41-PM_png.rf.f6fc9d8119ef5f7fdc9142669b9a37d4.jpg,blue_finger,blue_finger,55.9,True
C:\Users\venka\Documents\Project\Nail-Condition-Classification\data\grouped_split\val\blue_finger\Screen-Shot-2021-11-22-at-5-02-29-PM_png.rf.75b2feab1d3de09edc3a137fc8162bc3.jpg,Screen-Shot-2021-11-22-at-5-02-29-PM_png.rf.75b2feab1d3de09edc3a137fc8162bc3.jpg,blue_finger,blue_finger,95.9,True
C:\Users\venka\Documents\Project\Nail-Condition-Classification\data\grouped_split\val\blue_finger\Screen-Shot-2021-11-22-at-5-02-29-PM_png.rf.a72428e0df790a8f2d2a48c9c209fa96.jpg,Screen-Shot-2021-11-22-at-5-02-29-PM_png.rf.a72428e0df790a8f2d2a48c9c209fa96.jpg,blue_finger,blue_finger,93.44,True
C:\Users\venka\Documents\Project\Nail-Condition-Classification\data\grouped_split\val\blue_finger\Screen-Shot-2021-11-22-at-5-02-29-PM_png.rf.b395747583bcccc59638dfd47b0bfebb.jpg,Screen-Shot-2021-11-22-at-5-02-29-PM_png.rf.b395747583bcccc59638dfd47b0bfebb.jpg,blue_finger,blue_finger,95.8,True
C:\Users\venka\Documents\Project\Nail-Condition-Classification\data\grouped_split\val\blue_finger\Screen-Shot-2021-11-22-at-5-05-43-PM_png.rf.2000f89abed8261809c9c22aaefc1a98.jpg,Screen-Shot-2021-11-22-at-5-05-43-PM_png.rf.2000f89abed8261809c9c22aaefc1a98.jpg,blue_finger,blue_finger,92.2,True
C:\Users\venka\Documents\Project\Nail-Condition-Classification\data\grouped_split\val\blue_finger\Screen-Shot-2021-11-22-at-5-05-43-PM_png.rf.60e67a01417e004f199fe48ea6bcb893.jpg,Screen-Shot-2021-11-22-at-5-05-43-PM_png.rf.60e67a01417e004f199fe48ea6bcb893.jpg,blue_finger,blue_finger,85.8,True
C:\Users\venka\Documents\Project\Nail-Condition-Classification\data\grouped_split\val\blue_finger\Screen-Shot-2021-11-22-at-5-05-43-PM_png.rf.d2a0a8780d0baba489dd43395501bd74.jpg,Screen-Shot-2021-11-22-at-5-05-43-PM_png.rf.d2a0a8780d0baba489dd43395501bd74.jpg,blue_finger,blue_finger,92.8,True
C:\Users\venka\Documents\Project\Nail-Condition-Classification\data\grouped_split\val\blue_finger\Screen-Shot-2021-11-22-at-5-06-03-PM_png.rf.5ffff093c1e2e23eca6f74cbf755a1cc.jpg,Screen-Shot-2021-11-22-at-5-06-03-PM_png.rf.5ffff093c1e2e23eca6f74cbf755a1cc.jpg,blue_finger,blue_finger,92.2,True
C:\Users\venka\Documents\Project\Nail-Condition-Classification\data\grouped_split\val\blue_finger\Screen-Shot-2021-11-22-at-5-06-03-PM_png.rf.64c009ed38f4e72b161cc0b488e5b062.jpg,Screen-Shot-2021-11-22-at-5-06-03-PM_png.rf.64c009ed38f4e72b161cc0b488e5b062.jpg,blue_finger,blue_finger,88.8,True
C:\Users\venka\Documents\Project\Nail-Condition-Classification\data\grouped_split\val\blue_finger\Screen-Shot-2021-11-22-at-5-06-03-PM_png.rf.97d1956f4642b8f9a66b948894c0309f.jpg,Screen-Shot-2021-11-22-at-5-06-03-PM_png.rf.97d1956f4642b8f9a66b948894c0309f.jpg,blue_finger,blue_finger,97.9,True
C:\Users\venka\Documents\Project\Nail-Condition-Classification\data\grouped_split\val\blue_finger\Screen-Shot-2021-11-22-at-5-06-33-PM_png.rf.778b8c5721e02db8a1f6532d62a40987.jpg,Screen-Shot-2021-11-22-at-5-06-33-PM_png.rf.778b8c5721e02db8a1f6532d62a40987.jpg,blue_finger,blue_finger,76.6,True
C:\Users\venka\Documents\Project\Nail-Condition-Classification\data\grouped_split\val\blue_finger\Screen-Shot-2021-11-22-at-5-06-33-PM_png.rf.a6ffd33551d7738fd2a05e5ebe6a1de5.jpg,Screen-Shot-2021-11-22-at-5-06-33-PM_png.rf.a6ffd33551d7738fd2a05e5ebe6a1de5.jpg,blue_finger,blue_finger,97.1,True
C:\Users\venka\Documents\Project\Nail-Condition-Classification\data\grouped_split\val\blue_finger\Screen-Shot-2021-11-22-at-5-06-33-PM_png.rf.e7022f324855dcaf8a9e5c58e9954447.jpg,Screen-Shot-2021-11-22-at-5-06-33-PM_png.rf.e7022f324855dcaf8a9e5c58e9954447.jpg,blue_finger,blue_finger,89.0,True
C:\Users\venka\Documents\Project\Nail-Condition-Classification\data\grouped_split\val\blue_finger\Screen-Shot-2021-11-22-at-5-10-07-PM_png.rf.15ea6de8993357568365d6c4430f3c9a.jpg,Screen-Shot-2021-11-22-at-5-10-07-PM_png.rf.15ea6de8993357568365d6c4430f3c9a.jpg,blue_finger,clubbing,62.0,False
C:\Users\venka\Documents\Project\Nail-Condition-Classification\data\grouped_split\val\blue_finger\Screen-Shot-2021-11-22-at-5-10-07-PM_png.rf.7e7c3891d9a2725b19470d79b43f20e5.jpg,Screen-Shot-2021-11-22-at-5-10-07-PM_png.rf.7e7c3891d9a2725b19470d79b43f20e5.jpg,blue_finger,clubbing,90.5,False
C:\Users\venka\Documents\Project\Nail-Condition-Classification\data\grouped_split\val\blue_finger\Screen-Shot-2021-11-22-at-5-10-07-PM_png.rf.ada79554aca0a8499888c1d6555d77f5.jpg,Screen-Shot-2021-11-22-at-5-10-07-PM_png.rf.ada79554aca0a8499888c1d6555d77f5.jpg,blue_finger,clubbing,40.7,False
C:\Users\venka\Documents\Project\Nail-Condition-Classification\data\grouped_split\val\blue_finger\Screen-Shot-2021-11-22-at-5-10-19-PM_png.rf.5d4de7ded1e3613e6827276b87e5d5b3.jpg,Screen-Shot-2021-11-22-at-5-10-19-PM_png.rf.5d4de7ded1e3613e6827276b87e5d5b3.jpg,blue_finger,clubbing,71.9,False
C:\Users\venka\Documents\Project\Nail-Condition-Classification\data\grouped_split\val\blue_finger\Screen-Shot-2021-11-22-at-5-10-19-PM_png.rf.cbd1ea6045847d8dc5dbcc77046facf4.jpg,Screen-Shot-2021-11-22-at-5-10-19-PM_png.rf.cbd1ea6045847d8dc5dbcc77046facf4.jpg,blue_finger,blue_finger,72.7,True
C:\Users\venka\Documents\Project\Nail-Condition-Classification\data\grouped_split\val\blue_finger\Screen-Shot-2021-11-22-at-5-10-19-PM_png.rf.ff4d9e4f97fbb7230f3cc9969e097e4e.jpg,Screen-Shot-2021-11-22-at-5-10-19-PM_png.rf.ff4d9e4f97fbb7230f3cc9969e097e4e.jpg,blue_finger,blue_finger,74.94,True
C:\Users\venka\Documents\Project\Nail-Condition-Classification\data\grouped_split\val\blue_finger\Screen-Shot-2021-11-22-at-5-11-21-PM_png.rf.254b662282421dae3d7ddcbd791b7fd7.jpg,Screen-Shot-2021-11-22-at-5-11-21-PM_png.rf.254b662282421dae3d7ddcbd791b7fd7.jpg,blue_finger,blue_finger,96.75,True
C:\Users\venka\Documents\Project\Nail-Condition-Classification\data\grouped_split\val\blue_finger\Screen-Shot-2021-11-22-at-5-11-21-PM_png.rf.54e125bbdac895774eb0be5b5901c880.jpg,Screen-Shot-2021-11-22-at-5-11-21-PM_png.rf.54e125bbdac895774eb0be5b5901c880.jpg,blue_finger,blue_finger,95.9,True
C:\Users\venka\Documents\Project\Nail-Condition-Classification\data\grouped_split\val\blue_finger\Screen-Shot-2021-11-22-at-5-11-21-PM_png.rf.e813dbc40d53463ac97ffa417273961d.jpg,Screen-Shot-2021-11-22-at-5-11-21-PM_png.rf.e813dbc40d53463ac97ffa417273961d.jpg,blue_finger,blue_finger,94.44,True
C:\Users\venka\Documents\Project\Nail-Condition-Classification\data\grouped_split\val\blue_finger\Screen-Shot-2021-11-22-at-5-13-05-PM_png.rf.56c8ac2ce68e52efb8ea44f80b0ec2c1.jpg,Screen-Shot-2021-11-22-at-5-13-05-PM_png.rf.56c8ac2ce68e52efb8ea44f80b0ec2c1.jpg,blue_finger,blue_finger,79.8,True
C:\Users\venka\Documents\Project\Nail-Condition-Classification\data\grouped_split\val\blue_finger\Screen-Shot-2021-11-22-at-5-13-05-PM_png.rf.9073f7a91050b02dc2e6d7924600b7f3.jpg,Screen-Shot-2021-11-22-at-5-13-05-PM_png.rf.9073f7a91050b02dc2e6d7924600b7f3.jpg,blue_finger,blue_finger,57.1,True
C:\Users\venka\Documents\Project\Nail-Condition-Classification\data\grouped_split\val\blue_finger\Screen-Shot-2021-11-22-at-5-13-05-PM_png.rf.e31da9e3331ab64ed38a10a449ab7d74.jpg,Screen-Shot-2021-11-22-at-5-13-05-PM_png.rf.e31da9e3331ab64ed38a10a449ab7d74.jpg,blue_finger,clubbing,63.0,False
C:\Users\venka\Documents\Project\Nail-Condition-Classification\data\grouped_split\val\blue_finger\Screen-Shot-2021-11-22-at-5-17-34-PM_png.rf.4460057dd413307bb9535f2ab234bcf3.jpg,Screen-Shot-2021-11-22-at-5-17-34-PM_png.rf.4460057dd413307bb9535f2ab234bcf3.jpg,blue_finger,blue_finger,98.06,True
C:\Users\venka\Documents\Project\Nail-Condition-Classification\data\grouped_split\val\blue_finger\Screen-Shot-2021-11-22-at-5-17-34-PM_png.rf.87366cc04fcf9742a84289d59659b61d.jpg,Screen-Shot-2021-11-22-at-5-17-34-PM_png.rf.87366cc04fcf9742a84289d59659b61d.jpg,blue_finger,blue_finger,91.44,True
C:\Users\venka\Documents\Project\Nail-Condition-Classification\data\grouped_split\val\blue_finger\Screen-Shot-2021-11-22-at-5-17-34-PM_png.rf.adfcc87ae941bf75b8ddf22c405c94ce.jpg,Screen-Shot-2021-11-22-at-5-17-34-PM_png.rf.adfcc87ae941bf75b8ddf22c405c94ce.jpg,blue_finger,blue_finger,96.3,True
C:\Users\venka\Documents\Project\Nail-Condition-Classification\data\grouped_split\val\blue_finger\Screen-Shot-2021-11-22-at-5-19-49-PM_png.rf.6f4171ec0431ad53a109b6e8cd705aaa.jpg,Screen-Shot-2021-11-22-at-5-19-49-PM_png.rf.6f4171ec0431ad53a109b6e8cd705aaa.jpg,blue_finger,blue_finger,92.6,True
C:\Users\venka\Documents\Project\Nail-Condition-Classification\data\grouped_split\val\blue_finger\Screen-Shot-2021-11-22-at-5-19-49-PM_png.rf.8b3490c87eff1c8a4ed68717a66b2b1f.jpg,Screen-Shot-2021-11-22-at-5-19-49-PM_png.rf.8b3490c87eff1c8a4ed68717a66b2b1f.jpg,blue_finger,blue_finger,90.7,True
C:\Users\venka\Documents\Project\Nail-Condition-Classification\data\grouped_split\val\blue_finger\Screen-Shot-2021-11-22-at-5-19-49-PM_png.rf.90f2e34819071124dd76e082a57c295f.jpg,Screen-Shot-2021-11-22-at-5-19-49-PM_png.rf.90f2e34819071124dd76e082a57c295f.jpg,blue_finger,blue_finger,93.44,True
C:\Users\venka\Documents\Project\Nail-Condition-Classification\data\grouped_split\val\blue_finger\Screen-Shot-2021-11-22-at-5-23-38-PM_png.rf.01e1d9f47bebcf86d7616b943066af08.jpg,Screen-Shot-2021-11-22-at-5-23-38-PM_png.rf.01e1d9f47bebcf86d7616b943066af08.jpg,blue_finger,blue_finger,65.06,True
C:\Users\venka\Documents\Project\Nail-Condition-Classification\data\grouped_split\val\blue_finger\Screen-Shot-2021-11-22-at-5-23-38-PM_png.rf.64e22b63723df378109c1b7d904ec5b6.jpg,Screen-Shot-2021-11-22-at-5-23-38-PM_png.rf.64e22b63723df378109c1b7d904ec5b6.jpg,blue_finger,blue_finger,94.25,True
C:\Users\venka\Documents\Project\Nail-Condition-Classification\data\grouped_split\val\blue_finger\Screen-Shot-2021-11-22-at-5-23-38-PM_png.rf.c9ebcbe2edc1e646ff23a39f2d0ebe56.jpg,Screen-Shot-2021-11-22-at-5-23-38-PM_png.rf.c9ebcbe2edc1e646ff23a39f2d0ebe56.jpg,blue_finger,blue_finger,94.75,True
C:\Users\venka\Documents\Project\Nail-Condition-Classification\data\grouped_split\val\blue_finger\Screen-Shot-2021-11-22-at-5-26-02-PM_png.rf.bf53966750be2dcf733d84487f188e90.jpg,Screen-Shot-2021-11-22-at-5-26-02-PM_png.rf.bf53966750be2dcf733d84487f188e90.jpg,blue_finger,blue_finger,95.25,True
C:\Users\venka\Documents\Project\Nail-Condition-Classification\data\grouped_split\val\blue_finger\Screen-Shot-2021-11-22-at-5-26-02-PM_png.rf.c2ecfc9546eeec9c03ce32aadf4150ba.jpg,Screen-Shot-2021-11-22-at-5-26-02-PM_png.rf.c2ecfc9546eeec9c03ce32aadf4150ba.jpg,blue_finger,blue_finger,85.4,True
C:\Users\venka\Documents\Project\Nail-Condition-Classification\data\grouped_split\val\blue_finger\Screen-Shot-2021-11-22-at-5-26-02-PM_png.rf.c6b8a65114a9e1b5354a55f23f1acc94.jpg,Screen-Shot-2021-11-22-at-5-26-02-PM_png.rf.c6b8a65114a9e1b5354a55f23f1acc94.jpg,blue_finger,blue_finger,93.8,True
C:\Users\venka\Documents\Project\Nail-Condition-Classification\data\grouped_split\val\blue_finger\Screen-Shot-2021-11-22-at-5-29-07-PM_png.rf.0daed9e656df82e173ca4532e3be0924.jpg,Screen-Shot-2021-11-22-at-5-29-07-PM_png.rf.0daed9e656df82e173ca4532e3be0924.jpg,blue_finger,blue_finger,95.6,True
C:\Users\venka\Documents\Project\Nail-Condition-Classification\data\grouped_split\val\blue_finger\Screen-Shot-2021-11-22-at-5-29-07-PM_png.rf.69d7cced1e9a35b903dbcb0a4537a326.jpg,Screen-Shot-2021-11-22-at-5-29-07-PM_png.rf.69d7cced1e9a35b903dbcb0a4537a326.jpg,blue_finger,blue_finger,74.2,True
C:\Users\venka\Documents\Project\Nail-Condition-Classification\data\grouped_split\val\blue_finger\Screen-Shot-2021-11-22-at-5-29-07-PM_png.rf.9f90b801c0353bbfe70355d420c6b1de.jpg,Screen-Shot-2021-11-22-at-5-29-07-PM_png.rf.9f90b801c0353bbfe70355d420c6b1de.jpg,blue_finger,blue_finger,87.4,True
C:\Users\venka\Documents\Project\Nail-Condition-Classification\data\grouped_split\val\blue_finger\Screen-Shot-2021-11-22-at-5-29-14-PM_png.rf.15cce7dd0f484d660ab9f35e058cee8f.jpg,Screen-Shot-2021-11-22-at-5-29-14-PM_png.rf.15cce7dd0f484d660ab9f35e058cee8f.jpg,blue_finger,clubbing,63.8,False
C:\Users\venka\Documents\Project\Nail-Condition-Classification\data\grouped_split\val\blue_finger\Screen-Shot-2021-11-22-at-5-29-14-PM_png.rf.96fb8142058a66342b87b8d66400a16c.jpg,Screen-Shot-2021-11-22-at-5-29-14-PM_png.rf.96fb8142058a66342b87b8d66400a16c.jpg,blue_finger,blue_finger,68.2,True
C:\Users\venka\Documents\Project\Nail-Condition-Classification\data\grouped_split\val\blue_finger\Screen-Shot-2021-11-22-at-5-29-14-PM_png.rf.efebde858efc9bc940ec38a96bfb5924.jpg,Screen-Shot-2021-11-22-at-5-29-14-PM_png.rf.efebde858efc9bc940ec38a96bfb5924.jpg,blue_finger,clubbing,61.56,False
C:\Users\venka\Documents\Project\Nail-Condition-Classification\data\grouped_split\val\blue_finger\Screen-Shot-2021-11-22-at-5-30-06-PM_png.rf.01c80da6122271d76cfa18af1e1535d8.jpg,Screen-Shot-2021-11-22-at-5-30-06-PM_png.rf.01c80da6122271d76cfa18af1e1535d8.jpg,blue_finger,blue_finger,87.5,True
C:\Users\venka\Documents\Project\Nail-Condition-Classification\data\grouped_split\val\blue_finger\Screen-Shot-2021-11-22-at-5-30-06-PM_png.rf.6dc63585e2d49da8d44ec68cfcd7a78b.jpg,Screen-Shot-2021-11-22-at-5-30-06-PM_png.rf.6dc63585e2d49da8d44ec68cfcd7a78b.jpg,blue_finger,clubbing,62.3,False
C:\Users\venka\Documents\Project\Nail-Condition-Classification\data\grouped_split\val\blue_finger\Screen-Shot-2021-11-22-at-5-30-06-PM_png.rf.98c21d0b310e671eb4785da76d959126.jpg,Screen-Shot-2021-11-22-at-5-30-06-PM_png.rf.98c21d0b310e671eb4785da76d959126.jpg,blue_finger,blue_finger,92.75,True
C:\Users\venka\Documents\Project\Nail-Condition-Classification\data\grouped_split\val\blue_finger\Screen-Shot-2021-11-22-at-8-11-22-PM_png.rf.200fe9e016872462057a64698ed36943.jpg,Screen-Shot-2021-11-22-at-8-11-22-PM_png.rf.200fe9e016872462057a64698ed36943.jpg,blue_finger,blue_finger,91.2,True
C:\Users\venka\Documents\Project\Nail-Condition-Classification\data\grouped_split\val\blue_finger\Screen-Shot-2021-11-22-at-8-11-22-PM_png.rf.3c093bf0e52f05449b04b9268d45540e.jpg,Screen-Shot-2021-11-22-at-8-11-22-PM_png.rf.3c093bf0e52f05449b04b9268d45540e.jpg,blue_finger,blue_finger,59.56,True
C:\Users\venka\Documents\Project\Nail-Condition-Classification\data\grouped_split\val\blue_finger\Screen-Shot-2021-11-22-at-8-11-22-PM_png.rf.dc4c744c1d875df68b8aa159ba3290c8.jpg,Screen-Shot-2021-11-22-at-8-11-22-PM_png.rf.dc4c744c1d875df68b8aa159ba3290c8.jpg,blue_finger,blue_finger,92.7,True
C:\Users\venka\Documents\Project\Nail-Condition-Classification\data\grouped_split\val\blue_finger\Screen-Shot-2021-11-22-at-8-19-18-PM_png.rf.2929436be7cc2fd28c866532e805d545.jpg,Screen-Shot-2021-11-22-at-8-19-18-PM_png.rf.2929436be7cc2fd28c866532e805d545.jpg,blue_finger,Acral_Lentiginous_Melanoma,35.53,False
C:\Users\venka\Documents\Project\Nail-Condition-Classification\data\grouped_split\val\blue_finger\Screen-Shot-2021-11-22-at-8-19-18-PM_png.rf.5b65c72771d63f6ed8e08fa9d3dfab09.jpg,Screen-Shot-2021-11-22-at-8-19-18-PM_png.rf.5b65c72771d63f6ed8e08fa9d3dfab09.jpg,blue_finger,Healthy_Nail,46.38,False
C:\Users\venka\Documents\Project\Nail-Condition-Classification\data\grouped_split\val\blue_finger\Screen-Shot-2021-11-22-at-8-19-18-PM_png.rf.9127d38df7bc669350d82f9c2ab3d1cb.jpg,Screen-Shot-2021-11-22-at-8-19-18-PM_png.rf.9127d38df7bc669350d82f9c2ab3d1cb.jpg,blue_finger,Acral_Lentiginous_Melanoma,50.6,False
C:\Users\venka\Documents\Project\Nail-Condition-Classification\data\grouped_split\val\blue_finger\Screen-Shot-2021-11-22-at-8-25-04-PM_png.rf.25d6e55cc5866bc4932c0790d5faeb07.jpg,Screen-Shot-2021-11-22-at-8-25-04-PM_png.rf.25d6e55cc5866bc4932c0790d5faeb07.jpg,blue_finger,clubbing,62.84,False
C:\Users\venka\Documents\Project\Nail-Condition-Classification\data\grouped_split\val\blue_finger\Screen-Shot-2021-11-22-at-8-25-04-PM_png.rf.3287bc3f582441dd14a219a336e6de86.jpg,Screen-Shot-2021-11-22-at-8-25-04-PM_png.rf.3287bc3f582441dd14a219a336e6de86.jpg,blue_finger,clubbing,91.1,False
C:\Users\venka\Documents\Project\Nail-Condition-Classification\data\grouped_split\val\blue_finger\Screen-Shot-2021-11-22-at-8-25-04-PM_png.rf.bb52a4eab69fcf78516f8fe9d59f8b64.jpg,Screen-Shot-2021-11-22-at-8-25-04-PM_png.rf.bb52a4eab69fcf78516f8fe9d59f8b64.jpg,blue_finger,clubbing,95.6,False
C:\Users\venka\Documents\Project\Nail-Condition-Classification\data\grouped_split\val\blue_finger\Screen-Shot-2021-11-22-at-8-55-16-PM_png.rf.30b7b9e8939626db2b3b785c76d2f540.jpg,Screen-Shot-2021-11-22-at-8-55-16-PM_png.rf.30b7b9e8939626db2b3b785c76d2f540.jpg,blue_finger,blue_finger,50.94,True
C:\Users\venka\Documents\Project\Nail-Condition-Classification\data\grouped_split\val\blue_finger\Screen-Shot-2021-11-22-at-8-55-16-PM_png.rf.40e9258124438ccdd42758f4daf831df.jpg,Screen-Shot-2021-11-22-at-8-55-16-PM_png.rf.40e9258124438ccdd42758f4daf831df.jpg,blue_finger,blue_finger,69.3,True
C:\Users\venka\Documents\Project\Nail-Condition-Classification\data\grouped_split\val\blue_finger\Screen-Shot-2021-11-22-at-8-55-16-PM_png.rf.a149ae43a76852d66a29bf40dfe26b80.jpg,Screen-Shot-2021-11-22-at-8-55-16-PM_png.rf.a149ae43a76852d66a29bf40dfe26b80.jpg,blue_finger,clubbing,68.1,False
C:\Users\venka\Documents\Project\Nail-Condition-Classification\data\grouped_split\val\blue_finger\Screen-Shot-2021-11-22-at-9-00-08-PM_png.rf.4af409bb45b27337b2459769be088723.jpg,Screen-Shot-2021-11-22-at-9-00-08-PM_png.rf.4af409bb45b27337b2459769be088723.jpg,blue_finger,blue_finger,93.8,True
C:\Users\venka\Documents\Project\Nail-Condition-Classification\data\grouped_split\val\blue_finger\Screen-Shot-2021-11-22-at-9-00-08-PM_png.rf.c1d808cb3972ce7daae8632fbfb13a61.jpg,Screen-Shot-2021-11-22-at-9-00-08-PM_png.rf.c1d808cb3972ce7daae8632fbfb13a61.jpg,blue_finger,blue_finger,95.2,True
C:\Users\venka\Documents\Project\Nail-Condition-Classification\data\grouped_split\val\blue_finger\Screen-Shot-2021-11-22-at-9-00-08-PM_png.rf.d0028f368e6c8ec7590125ea1d43cc04.jpg,Screen-Shot-2021-11-22-at-9-00-08-PM_png.rf.d0028f368e6c8ec7590125ea1d43cc04.jpg,blue_finger,blue_finger,83.3,True
C:\Users\venka\Documents\Project\Nail-Condition-Classification\data\grouped_split\val\blue_finger\Screen-Shot-2021-11-22-at-9-08-51-PM_png.rf.afa7815a63fb70981fea3b81a71d6105.jpg,Screen-Shot-2021-11-22-at-9-08-51-PM_png.rf.afa7815a63fb70981fea3b81a71d6105.jpg,blue_finger,blue_finger,89.4,True
C:\Users\venka\Documents\Project\Nail-Condition-Classification\data\grouped_split\val\blue_finger\Screen-Shot-2021-11-22-at-9-08-51-PM_png.rf.f1a8a9ea2ea08b665914dbe1964d046e.jpg,Screen-Shot-2021-11-22-at-9-08-51-PM_png.rf.f1a8a9ea2ea08b665914dbe1964d046e.jpg,blue_finger,blue_finger,81.6,True
C:\Users\venka\Documents\Project\Nail-Condition-Classification\data\grouped_split\val\blue_finger\Screen-Shot-2021-11-22-at-9-08-51-PM_png.rf.f9669adaf2f12fb31ab1d0fbc8e26077.jpg,Screen-Shot-2021-11-22-at-9-08-51-PM_png.rf.f9669adaf2f12fb31ab1d0fbc8e26077.jpg,blue_finger,blue_finger,87.8,True
C:\Users\venka\Documents\Project\Nail-Condition-Classification\data\grouped_split\val\blue_finger\Screen-Shot-2021-11-22-at-9-21-29-PM_png.rf.40e53d088645919548dd48db035fbe43.jpg,Screen-Shot-2021-11-22-at-9-21-29-PM_png.rf.40e53d088645919548dd48db035fbe43.jpg,blue_finger,blue_finger,95.8,True
C:\Users\venka\Documents\Project\Nail-Condition-Classification\data\grouped_split\val\blue_finger\Screen-Shot-2021-11-22-at-9-21-29-PM_png.rf.e589731e8ddd65cbda152ddb37d73f85.jpg,Screen-Shot-2021-11-22-at-9-21-29-PM_png.rf.e589731e8ddd65cbda152ddb37d73f85.jpg,blue_finger,blue_finger,95.1,True
C:\Users\venka\Documents\Project\Nail-Condition-Classification\data\grouped_split\val\blue_finger\Screen-Shot-2021-11-22-at-9-21-29-PM_png.rf.f649a114b46cc16bd524f4d006afed06.jpg,Screen-Shot-2021-11-22-at-9-21-29-PM_png.rf.f649a114b46cc16bd524f4d006afed06.jpg,blue_finger,blue_finger,93.44,True
C:\Users\venka\Documents\Project\Nail-Condition-Classification\data\grouped_split\val\blue_finger\Screen-Shot-2021-11-22-at-9-21-33-PM_png.rf.32289144eb179c3cabcd9df9d4997508.jpg,Screen-Shot-2021-11-22-at-9-21-33-PM_png.rf.32289144eb179c3cabcd9df9d4997508.jpg,blue_finger,blue_finger,93.9,True
C:\Users\venka\Documents\Project\Nail-Condition-Classification\data\grouped_split\val\blue_finger\Screen-Shot-2021-11-22-at-9-21-33-PM_png.rf.8d5d3725ea39407e5e4245e9200c28cf.jpg,Screen-Shot-2021-11-22-at-9-21-33-PM_png.rf.8d5d3725ea39407e5e4245e9200c28cf.jpg,blue_finger,blue_finger,93.6,True
C:\Users\venka\Documents\Project\Nail-Condition-Classification\data\grouped_split\val\blue_finger\Screen-Shot-2021-11-22-at-9-21-33-PM_png.rf.ba57c742489c18d91cf5898b6e92586f.jpg,Screen-Shot-2021-11-22-at-9-21-33-PM_png.rf.ba57c742489c18d91cf5898b6e92586f.jpg,blue_finger,blue_finger,67.3,True
C:\Users\venka\Documents\Project\Nail-Condition-Classification\data\grouped_split\val\blue_finger\Screen-Shot-2021-11-22-at-9-21-43-PM_png.rf.58b523e7bb7cd00ee88660616ff7a160.jpg,Screen-Shot-2021-11-22-at-9-21-43-PM_png.rf.58b523e7bb7cd00ee88660616ff7a160.jpg,blue_finger,blue_finger,74.06,True
C:\Users\venka\Documents\Project\Nail-Condition-Classification\data\grouped_split\val\blue_finger\Screen-Shot-2021-11-22-at-9-21-43-PM_png.rf.e3b8328443edaebff648fcf6fa74d370.jpg,Screen-Shot-2021-11-22-at-9-21-43-PM_png.rf.e3b8328443edaebff648fcf6fa74d370.jpg,blue_finger,blue_finger,93.9,True
C:\Users\venka\Documents\Project\Nail-Condition-Classification\data\grouped_split\val\blue_finger\Screen-Shot-2021-11-22-at-9-21-43-PM_png.rf.e5497dacb4f30b5fd7ab78a6618eaadb.jpg,Screen-Shot-2021-11-22-at-9-21-43-PM_png.rf.e5497dacb4f30b5fd7ab78a6618eaadb.jpg,blue_finger,blue_finger,96.3,True
C:\Users\venka\Documents\Project\Nail-Condition-Classification\data\grouped_split\val\blue_finger\Screen-Shot-2021-11-22-at-9-46-24-PM_png.rf.280787917f05da1446f5f12896d3bb82.jpg,Screen-Shot-2021-11-22-at-9-46-24-PM_png.rf.280787917f05da1446f5f12896d3bb82.jpg,blue_finger,blue_finger,95.44,True
C:\Users\venka\Documents\Project\Nail-Condition-Classification\data\grouped_split\val\blue_finger\Screen-Shot-2021-11-22-at-9-46-24-PM_png.rf.b2c9c4e8534051ddcaa0c713b98cef12.jpg,Screen-Shot-2021-11-22-at-9-46-24-PM_png.rf.b2c9c4e8534051ddcaa0c713b98cef12.jpg,blue_finger,blue_finger,94.75,True
C:\Users\venka\Documents\Project\Nail-Condition-Classification\data\grouped_split\val\blue_finger\Screen-Shot-2021-11-22-at-9-46-24-PM_png.rf.f1a68de9eacbc4cd145b70e320ef0cc3.jpg,Screen-Shot-2021-11-22-at-9-46-24-PM_png.rf.f1a68de9eacbc4cd145b70e320ef0cc3.jpg,blue_finger,blue_finger,96.44,True
C:\Users\venka\Documents\Project\Nail-Condition-Classification\data\grouped_split\val\blue_finger\Screen-Shot-2021-11-22-at-9-48-08-PM_png.rf.14d2bb97663833b5d95422278b7d3186.jpg,Screen-Shot-2021-11-22-at-9-48-08-PM_png.rf.14d2bb97663833b5d95422278b7d3186.jpg,blue_finger,blue_finger,84.94,True
C:\Users\venka\Documents\Project\Nail-Condition-Classification\data\grouped_split\val\blue_finger\Screen-Shot-2021-11-22-at-9-48-08-PM_png.rf.6483044ab047ad311fe0bfa45fba365b.jpg,Screen-Shot-2021-11-22-at-9-48-08-PM_png.rf.6483044ab047ad311fe0bfa45fba365b.jpg,blue_finger,blue_finger,97.75,True
C:\Users\venka\Documents\Project\Nail-Condition-Classification\data\grouped_split\val\blue_finger\Screen-Shot-2021-11-22-at-9-48-08-PM_png.rf.b8d10c7bcecb25a76368119160145050.jpg,Screen-Shot-2021-11-22-at-9-48-08-PM_png.rf.b8d10c7bcecb25a76368119160145050.jpg,blue_finger,blue_finger,96.6,True
C:\Users\venka\Documents\Project\Nail-Condition-Classification\data\grouped_split\val\blue_finger\Screen-Shot-2021-11-22-at-9-48-12-PM_png.rf.053a264251be1a0ec09ec9bfc2afbe6f.jpg,Screen-Shot-2021-11-22-at-9-48-12-PM_png.rf.053a264251be1a0ec09ec9bfc2afbe6f.jpg,blue_finger,blue_finger,90.44,True
C:\Users\venka\Documents\Project\Nail-Condition-Classification\data\grouped_split\val\blue_finger\Screen-Shot-2021-11-22-at-9-48-12-PM_png.rf.15006792f8619263e4aab3bd34b87f80.jpg,Screen-Shot-2021-11-22-at-9-48-12-PM_png.rf.15006792f8619263e4aab3bd34b87f80.jpg,blue_finger,blue_finger,97.3,True
C:\Users\venka\Documents\Project\Nail-Condition-Classification\data\grouped_split\val\blue_finger\Screen-Shot-2021-11-22-at-9-48-12-PM_png.rf.c43e2a20099ea54120061f0d2cc0f8d6.jpg,Screen-Shot-2021-11-22-at-9-48-12-PM_png.rf.c43e2a20099ea54120061f0d2cc0f8d6.jpg,blue_finger,blue_finger,95.6,True
C:\Users\venka\Documents\Project\Nail-Condition-Classification\data\grouped_split\val\blue_finger\Screen-Shot-2021-11-22-at-9-52-25-PM_png.rf.28dc3fc0c823c2c648b4dee9f52a5c94.jpg,Screen-Shot-2021-11-22-at-9-52-25-PM_png.rf.28dc3fc0c823c2c648b4dee9f52a5c94.jpg,blue_finger,blue_finger,94.25,True
C:\Users\venka\Documents\Project\Nail-Condition-Classification\data\grouped_split\val\blue_finger\Screen-Shot-2021-11-22-at-9-52-25-PM_png.rf.85e19ee211404e3f664d1aa89924dcb2.jpg,Screen-Shot-2021-11-22-at-9-52-25-PM_png.rf.85e19ee211404e3f664d1aa89924dcb2.jpg,blue_finger,blue_finger,95.4,True
C:\Users\venka\Documents\Project\Nail-Condition-Classification\data\grouped_split\val\blue_finger\Screen-Shot-2021-11-22-at-9-52-25-PM_png.rf.fd524079b504bd4e40b2269140882b48.jpg,Screen-Shot-2021-11-22-at-9-52-25-PM_png.rf.fd524079b504bd4e40b2269140882b48.jpg,blue_finger,blue_finger,96.3,True
C:\Users\venka\Documents\Project\Nail-Condition-Classification\data\grouped_split\val\clubbing\Screen-Shot-2021-10-26-at-10-55-01-AM_png.rf.5f2e03aeb43211ebbb6a444ba152cba9.jpg,Screen-Shot-2021-10-26-at-10-55-01-AM_png.rf.5f2e03aeb43211ebbb6a444ba152cba9.jpg,clubbing,clubbing,85.9,True
C:\Users\venka\Documents\Project\Nail-Condition-Classification\data\grouped_split\val\clubbing\Screen-Shot-2021-10-26-at-10-55-01-AM_png.rf.cf0488eaf2450825b19fd0c13b287d2f.jpg,Screen-Shot-2021-10-26-at-10-55-01-AM_png.rf.cf0488eaf2450825b19fd0c13b287d2f.jpg,clubbing,clubbing,85.94,True
C:\Users\venka\Documents\Project\Nail-Condition-Classification\data\grouped_split\val\clubbing\Screen-Shot-2021-10-26-at-10-55-01-AM_png.rf.d4da1401dc26beca3fefac2e866d2db5.jpg,Screen-Shot-2021-10-26-at-10-55-01-AM_png.rf.d4da1401dc26beca3fefac2e866d2db5.jpg,clubbing,clubbing,89.44,True
C:\Users\venka\Documents\Project\Nail-Condition-Classification\data\grouped_split\val\clubbing\Screen-Shot-2021-10-26-at-10-57-27-AM_png.rf.0ad821a292e4e0d94739af6bc1d8a0be.jpg,Screen-Shot-2021-10-26-at-10-57-27-AM_png.rf.0ad821a292e4e0d94739af6bc1d8a0be.jpg,clubbing,clubbing,95.9,True
C:\Users\venka\Documents\Project\Nail-Condition-Classification\data\grouped_split\val\clubbing\Screen-Shot-2021-10-26-at-10-57-27-AM_png.rf.2df4ad3d5205423528b0d44a596088f1.jpg,Screen-Shot-2021-10-26-at-10-57-27-AM_png.rf.2df4ad3d5205423528b0d44a596088f1.jpg,clubbing,clubbing,93.9,True
C:\Users\venka\Documents\Project\Nail-Condition-Classification\data\grouped_split\val\clubbing\Screen-Shot-2021-10-26-at-10-57-27-AM_png.rf.9f7e16e25ccf7db301e994e377a80546.jpg,Screen-Shot-2021-10-26-at-10-57-27-AM_png.rf.9f7e16e25ccf7db301e994e377a80546.jpg,clubbing,clubbing,97.56,True
C:\Users\venka\Documents\Project\Nail-Condition-Classification\data\grouped_split\val\clubbing\Screen-Shot-2021-10-26-at-11-04-45-AM_png.rf.0cb5a6b86b9f0f8868417854e3219d57.jpg,Screen-Shot-2021-10-26-at-11-04-45-AM_png.rf.0cb5a6b86b9f0f8868417854e3219d57.jpg,clubbing,clubbing,95.6,True
C:\Users\venka\Documents\Project\Nail-Condition-Classification\data\grouped_split\val\clubbing\Screen-Shot-2021-10-26-at-11-04-45-AM_png.rf.4859ff2352ee7ca1f2aa631d8dbdb3da.jpg,Screen-Shot-2021-10-26-at-11-04-45-AM_png.rf.4859ff2352ee7ca1f2aa631d8dbdb3da.jpg,clubbing,clubbing,93.6,True
C:\Users\venka\Documents\Project\Nail-Condition-Classification\data\grouped_split\val\clubbing\Screen-Shot-2021-10-26-at-11-04-45-AM_png.rf.7b334b6ac55c30a9b111e3c6445570ec.jpg,Screen-Shot-2021-10-26-at-11-04-45-AM_png.rf.7b334b6ac55c30a9b111e3c6445570ec.jpg,clubbing,clubbing,93.75,True
C:\Users\venka\Documents\Project\Nail-Condition-Classification\data\grouped_split\val\clubbing\Screen-Shot-2021-10-26-at-11-19-00-AM_png.rf.959c76feb075b1d70cc0aeb26d383936.jpg,Screen-Shot-2021-10-26-at-11-19-00-AM_png.rf.959c76feb075b1d70cc0aeb26d383936.jpg,clubbing,clubbing,94.06,True
C:\Users\venka\Documents\Project\Nail-Condition-Classification\data\grouped_split\val\clubbing\Screen-Shot-2021-10-26-at-11-19-00-AM_png.rf.c9aa1251872e09be10cea8ae673c9d60.jpg,Screen-Shot-2021-10-26-at-11-19-00-AM_png.rf.c9aa1251872e09be10cea8ae673c9d60.jpg,clubbing,clubbing,70.0,True
C:\Users\venka\Documents\Project\Nail-Condition-Classification\data\grouped_split\val\clubbing\Screen-Shot-2021-10-26-at-11-19-00-AM_png.rf.e25a16099080dad4e5d880efcb99db2f.jpg,Screen-Shot-2021-10-26-at-11-19-00-AM_png.rf.e25a16099080dad4e5d880efcb99db2f.jpg,clubbing,clubbing,87.75,True
C:\Users\venka\Documents\Project\Nail-Condition-Classification\data\grouped_split\val\clubbing\Screen-Shot-2021-10-26-at-12-06-59-PM_png.rf.2b3d4f7401c174dfa0d7193509ae25b7.jpg,Screen-Shot-2021-10-26-at-12-06-59-PM_png.rf.2b3d4f7401c174dfa0d7193509ae25b7.jpg,clubbing,clubbing,96.3,True
C:\Users\venka\Documents\Project\Nail-Condition-Classification\data\grouped_split\val\clubbing\Screen-Shot-2021-10-26-at-12-06-59-PM_png.rf.b07532fcf61c87189065b022766f186e.jpg,Screen-Shot-2021-10-26-at-12-06-59-PM_png.rf.b07532fcf61c87189065b022766f186e.jpg,clubbing,clubbing,86.25,True
C:\Users\venka\Documents\Project\Nail-Condition-Classification\data\grouped_split\val\clubbing\Screen-Shot-2021-10-26-at-12-06-59-PM_png.rf.b4906b67ac997cf565fc291e7319403b.jpg,Screen-Shot-2021-10-26-at-12-06-59-PM_png.rf.b4906b67ac997cf565fc291e7319403b.jpg,clubbing,clubbing,77.56,True
C:\Users\venka\Documents\Project\Nail-Condition-Classification\data\grouped_split\val\clubbing\Screen-Shot-2021-10-26-at-12-11-28-PM_png.rf.15b3ed6c2c4a71a625e70dca3640efa7.jpg,Screen-Shot-2021-10-26-at-12-11-28-PM_png.rf.15b3ed6c2c4a71a625e70dca3640efa7.jpg,clubbing,clubbing,92.7,True
C:\Users\venka\Documents\Project\Nail-Condition-Classification\data\grouped_split\val\clubbing\Screen-Shot-2021-10-26-at-12-11-28-PM_png.rf.4f993b88f526fd3ce51dc24eeae5b4d2.jpg,Screen-Shot-2021-10-26-at-12-11-28-PM_png.rf.4f993b88f526fd3ce51dc24eeae5b4d2.jpg,clubbing,clubbing,92.25,True
C:\Users\venka\Documents\Project\Nail-Condition-Classification\data\grouped_split\val\clubbing\Screen-Shot-2021-10-26-at-12-11-28-PM_png.rf.cfb4eb168867192e3eba80d43f1c0c00.jpg,Screen-Shot-2021-10-26-at-12-11-28-PM_png.rf.cfb4eb168867192e3eba80d43f1c0c00.jpg,clubbing,clubbing,91.75,True
C:\Users\venka\Documents\Project\Nail-Condition-Classification\data\grouped_split\val\clubbing\Screen-Shot-2021-10-26-at-12-13-11-PM_png.rf.789d6014cd26ac01d90c1586c5ef3b30.jpg,Screen-Shot-2021-10-26-at-12-13-11-PM_png.rf.789d6014cd26ac01d90c1586c5ef3b30.jpg,clubbing,clubbing,54.16,True
C:\Users\venka\Documents\Project\Nail-Condition-Classification\data\grouped_split\val\clubbing\Screen-Shot-2021-10-26-at-12-13-11-PM_png.rf.8dbed60bde97641eb79564ef5bf5464b.jpg,Screen-Shot-2021-10-26-at-12-13-11-PM_png.rf.8dbed60bde97641eb79564ef5bf5464b.jpg,clubbing,clubbing,72.6,True
C:\Users\venka\Documents\Project\Nail-Condition-Classification\data\grouped_split\val\clubbing\Screen-Shot-2021-10-26-at-12-13-11-PM_png.rf.a50a11b4aac63e3ddc10bbec8e974a15.jpg,Screen-Shot-2021-10-26-at-12-13-11-PM_png.rf.a50a11b4aac63e3ddc10bbec8e974a15.jpg,clubbing,clubbing,83.0,True
C:\Users\venka\Documents\Project\Nail-Condition-Classification\data\grouped_split\val\clubbing\Screen-Shot-2021-10-26-at-12-20-35-PM_png.rf.3389acd6fec2b7874439d2b228f2fca9.jpg,Screen-Shot-2021-10-26-at-12-20-35-PM_png.rf.3389acd6fec2b7874439d2b228f2fca9.jpg,clubbing,clubbing,92.8,True
C:\Users\venka\Documents\Project\Nail-Condition-Classification\data\grouped_split\val\clubbing\Screen-Shot-2021-10-26-at-12-20-35-PM_png.rf.4af63080ef2452d09e51c3cdb9746bd7.jpg,Screen-Shot-2021-10-26-at-12-20-35-PM_png.rf.4af63080ef2452d09e51c3cdb9746bd7.jpg,clubbing,clubbing,88.9,True
C:\Users\venka\Documents\Project\Nail-Condition-Classification\data\grouped_split\val\clubbing\Screen-Shot-2021-10-26-at-12-20-35-PM_png.rf.eb6976f121ea3eb3f0f1f5defaf30f1f.jpg,Screen-Shot-2021-10-26-at-12-20-35-PM_png.rf.eb6976f121ea3eb3f0f1f5defaf30f1f.jpg,clubbing,clubbing,92.25,True
C:\Users\venka\Documents\Project\Nail-Condition-Classification\data\grouped_split\val\clubbing\Screen-Shot-2021-10-26-at-12-21-21-PM_png.rf.01b19e26fd6e5a8c77b02050ac7250d5.jpg,Screen-Shot-2021-10-26-at-12-21-21-PM_png.rf.01b19e26fd6e5a8c77b02050ac7250d5.jpg,clubbing,clubbing,96.75,True
C:\Users\venka\Documents\Project\Nail-Condition-Classification\data\grouped_split\val\clubbing\Screen-Shot-2021-10-26-at-12-21-21-PM_png.rf.5bc4c20d78a21b39915912f6a18e5cea.jpg,Screen-Shot-2021-10-26-at-12-21-21-PM_png.rf.5bc4c20d78a21b39915912f6a18e5cea.jpg,clubbing,clubbing,91.3,True
C:\Users\venka\Documents\Project\Nail-Condition-Classification\data\grouped_split\val\clubbing\Screen-Shot-2021-10-26-at-12-21-21-PM_png.rf.7de0af66cfe609da4a2fd61c2c88004a.jpg,Screen-Shot-2021-10-26-at-12-21-21-PM_png.rf.7de0af66cfe609da4a2fd61c2c88004a.jpg,clubbing,clubbing,93.6,True
C:\Users\venka\Documents\Project\Nail-Condition-Classification\data\grouped_split\val\clubbing\Screen-Shot-2021-11-22-at-10-01-02-AM_png.rf.01f6fccaa8931ef560fb59234dd3937d.jpg,Screen-Shot-2021-11-22-at-10-01-02-AM_png.rf.01f6fccaa8931ef560fb59234dd3937d.jpg,clubbing,clubbing,94.6,True
C:\Users\venka\Documents\Project\Nail-Condition-Classification\data\grouped_split\val\clubbing\Screen-Shot-2021-11-22-at-10-01-02-AM_png.rf.5b62d985ba38973459a85305ce3f35c8.jpg,Screen-Shot-2021-11-22-at-10-01-02-AM_png.rf.5b62d985ba38973459a85305ce3f35c8.jpg,clubbing,clubbing,76.0,True
C:\Users\venka\Documents\Project\Nail-Condition-Classification\data\grouped_split\val\clubbing\Screen-Shot-2021-11-22-at-10-01-02-AM_png.rf.be29c3cc64ff808a63772d43ab97503d.jpg,Screen-Shot-2021-11-22-at-10-01-02-AM_png.rf.be29c3cc64ff808a63772d43ab97503d.jpg,clubbing,clubbing,64.44,True
C:\Users\venka\Documents\Project\Nail-Condition-Classification\data\grouped_split\val\clubbing\Screen-Shot-2021-11-22-at-10-03-29-AM_png.rf.34941dcc52a56d82973e113f0ff3bc8f.jpg,Screen-Shot-2021-11-22-at-10-03-29-AM_png.rf.34941dcc52a56d82973e113f0ff3bc8f.jpg,clubbing,clubbing,96.25,True
C:\Users\venka\Documents\Project\Nail-Condition-Classification\data\grouped_split\val\clubbing\Screen-Shot-2021-11-22-at-10-03-29-AM_png.rf.45d66568aa72068f3159c6d34c3f4ed5.jpg,Screen-Shot-2021-11-22-at-10-03-29-AM_png.rf.45d66568aa72068f3159c6d34c3f4ed5.jpg,clubbing,clubbing,96.7,True
C:\Users\venka\Documents\Project\Nail-Condition-Classification\data\grouped_split\val\clubbing\Screen-Shot-2021-11-22-at-10-03-29-AM_png.rf.68150d485ebf58281e6a125005e922ef.jpg,Screen-Shot-2021-11-22-at-10-03-29-AM_png.rf.68150d485ebf58281e6a125005e922ef.jpg,clubbing,clubbing,95.44,True
C:\Users\venka\Documents\Project\Nail-Condition-Classification\data\grouped_split\val\clubbing\Screen-Shot-2021-11-22-at-10-04-13-AM_png.rf.00fc5684cb94287c0d6023b1b82e7171.jpg,Screen-Shot-2021-11-22-at-10-04-13-AM_png.rf.00fc5684cb94287c0d6023b1b82e7171.jpg,clubbing,clubbing,94.25,True
C:\Users\venka\Documents\Project\Nail-Condition-Classification\data\grouped_split\val\clubbing\Screen-Shot-2021-11-22-at-10-04-13-AM_png.rf.3562a50510bd354ef11b00e371311238.jpg,Screen-Shot-2021-11-22-at-10-04-13-AM_png.rf.3562a50510bd354ef11b00e371311238.jpg,clubbing,clubbing,93.2,True
C:\Users\venka\Documents\Project\Nail-Condition-Classification\data\grouped_split\val\clubbing\Screen-Shot-2021-11-22-at-10-04-13-AM_png.rf.5f711096171035cbb522f122b642494b.jpg,Screen-Shot-2021-11-22-at-10-04-13-AM_png.rf.5f711096171035cbb522f122b642494b.jpg,clubbing,clubbing,93.9,True
C:\Users\venka\Documents\Project\Nail-Condition-Classification\data\grouped_split\val\clubbing\Screen-Shot-2021-11-22-at-10-07-30-AM_png.rf.3624497afe4e7ac11fc84d902995321d.jpg,Screen-Shot-2021-11-22-at-10-07-30-AM_png.rf.3624497afe4e7ac11fc84d902995321d.jpg,clubbing,clubbing,95.6,True
C:\Users\venka\Documents\Project\Nail-Condition-Classification\data\grouped_split\val\clubbing\Screen-Shot-2021-11-22-at-10-07-30-AM_png.rf.7c0afc23ea8d8605b9adb510d68e36db.jpg,Screen-Shot-2021-11-22-at-10-07-30-AM_png.rf.7c0afc23ea8d8605b9adb510d68e36db.jpg,clubbing,clubbing,92.25,True
C:\Users\venka\Documents\Project\Nail-Condition-Classification\data\grouped_split\val\clubbing\Screen-Shot-2021-11-22-at-10-07-30-AM_png.rf.e9009345c6c7afcc59864eddd8a29294.jpg,Screen-Shot-2021-11-22-at-10-07-30-AM_png.rf.e9009345c6c7afcc59864eddd8a29294.jpg,clubbing,clubbing,84.5,True
C:\Users\venka\Documents\Project\Nail-Condition-Classification\data\grouped_split\val\clubbing\Screen-Shot-2021-11-22-at-10-07-58-AM_png.rf.0d670f2167ff3db0d399cf00489fa9fa.jpg,Screen-Shot-2021-11-22-at-10-07-58-AM_png.rf.0d670f2167ff3db0d399cf00489fa9fa.jpg,clubbing,clubbing,95.44,True
C:\Users\venka\Documents\Project\Nail-Condition-Classification\data\grouped_split\val\clubbing\Screen-Shot-2021-11-22-at-10-07-58-AM_png.rf.1ea9cea6aaa909f56894eb05f0dd0520.jpg,Screen-Shot-2021-11-22-at-10-07-58-AM_png.rf.1ea9cea6aaa909f56894eb05f0dd0520.jpg,clubbing,clubbing,93.4,True
C:\Users\venka\Documents\Project\Nail-Condition-Classification\data\grouped_split\val\clubbing\Screen-Shot-2021-11-22-at-10-07-58-AM_png.rf.fee22c0271ea2ff40eb6285c89821476.jpg,Screen-Shot-2021-11-22-at-10-07-58-AM_png.rf.fee22c0271ea2ff40eb6285c89821476.jpg,clubbing,clubbing,94.75,True
C:\Users\venka\Documents\Project\Nail-Condition-Classification\data\grouped_split\val\clubbing\Screen-Shot-2021-11-22-at-10-08-21-AM_png.rf.057eb989d6b5d04fc377212dd8f5dfd1.jpg,Screen-Shot-2021-11-22-at-10-08-21-AM_png.rf.057eb989d6b5d04fc377212dd8f5dfd1.jpg,clubbing,clubbing,93.9,True
C:\Users\venka\Documents\Project\Nail-Condition-Classification\data\grouped_split\val\clubbing\Screen-Shot-2021-11-22-at-10-08-21-AM_png.rf.1ec690cd167e11390f43845b7f85ccab.jpg,Screen-Shot-2021-11-22-at-10-08-21-AM_png.rf.1ec690cd167e11390f43845b7f85ccab.jpg,clubbing,clubbing,93.44,True
C:\Users\venka\Documents\Project\Nail-Condition-Classification\data\grouped_split\val\clubbing\Screen-Shot-2021-11-22-at-10-08-21-AM_png.rf.566ec00213821bd012371bdd6dfac719.jpg,Screen-Shot-2021-11-22-at-10-08-21-AM_png.rf.566ec00213821bd012371bdd6dfac719.jpg,clubbing,clubbing,89.25,True
C:\Users\venka\Documents\Project\Nail-Condition-Classification\data\grouped_split\val\clubbing\Screen-Shot-2021-11-22-at-10-08-26-AM_png.rf.1d8bbd6a127b0fc2df732d44ada0387e.jpg,Screen-Shot-2021-11-22-at-10-08-26-AM_png.rf.1d8bbd6a127b0fc2df732d44ada0387e.jpg,clubbing,clubbing,94.44,True
C:\Users\venka\Documents\Project\Nail-Condition-Classification\data\grouped_split\val\clubbing\Screen-Shot-2021-11-22-at-10-08-26-AM_png.rf.992852a9de4863cbb6c6bb2fc8ef7925.jpg,Screen-Shot-2021-11-22-at-10-08-26-AM_png.rf.992852a9de4863cbb6c6bb2fc8ef7925.jpg,clubbing,clubbing,93.9,True
C:\Users\venka\Documents\Project\Nail-Condition-Classification\data\grouped_split\val\clubbing\Screen-Shot-2021-11-22-at-10-08-26-AM_png.rf.e3f3a71763229d71ad20488913be885b.jpg,Screen-Shot-2021-11-22-at-10-08-26-AM_png.rf.e3f3a71763229d71ad20488913be885b.jpg,clubbing,clubbing,93.44,True
C:\Users\venka\Documents\Project\Nail-Condition-Classification\data\grouped_split\val\clubbing\Screen-Shot-2021-11-22-at-10-08-48-AM_png.rf.1f67f0f26661405d908c290b74fbab6d.jpg,Screen-Shot-2021-11-22-at-10-08-48-AM_png.rf.1f67f0f26661405d908c290b74fbab6d.jpg,clubbing,clubbing,89.9,True
C:\Users\venka\Documents\Project\Nail-Condition-Classification\data\grouped_split\val\clubbing\Screen-Shot-2021-11-22-at-10-08-48-AM_png.rf.a35cb96c1b4932b38675baa4da6442c8.jpg,Screen-Shot-2021-11-22-at-10-08-48-AM_png.rf.a35cb96c1b4932b38675baa4da6442c8.jpg,clubbing,clubbing,95.4,True
C:\Users\venka\Documents\Project\Nail-Condition-Classification\data\grouped_split\val\clubbing\Screen-Shot-2021-11-22-at-10-08-48-AM_png.rf.ccfec67783d9c214ec00589a58ddf959.jpg,Screen-Shot-2021-11-22-at-10-08-48-AM_png.rf.ccfec67783d9c214ec00589a58ddf959.jpg,clubbing,clubbing,92.6,True
C:\Users\venka\Documents\Project\Nail-Condition-Classification\data\grouped_split\val\clubbing\Screen-Shot-2021-11-22-at-10-09-14-AM_png.rf.204cd57e929ccb50a5e3fed5367c11c4.jpg,Screen-Shot-2021-11-22-at-10-09-14-AM_png.rf.204cd57e929ccb50a5e3fed5367c11c4.jpg,clubbing,clubbing,93.44,True
C:\Users\venka\Documents\Project\Nail-Condition-Classification\data\grouped_split\val\clubbing\Screen-Shot-2021-11-22-at-10-09-14-AM_png.rf.b34027fd03440771ddfa1bb721b55345.jpg,Screen-Shot-2021-11-22-at-10-09-14-AM_png.rf.b34027fd03440771ddfa1bb721b55345.jpg,clubbing,clubbing,89.75,True
C:\Users\venka\Documents\Project\Nail-Condition-Classification\data\grouped_split\val\clubbing\Screen-Shot-2021-11-22-at-10-09-14-AM_png.rf.b59aa688ef5b152926d9033d03aeac53.jpg,Screen-Shot-2021-11-22-at-10-09-14-AM_png.rf.b59aa688ef5b152926d9033d03aeac53.jpg,clubbing,clubbing,91.5,True
C:\Users\venka\Documents\Project\Nail-Condition-Classification\data\grouped_split\val\clubbing\Screen-Shot-2021-11-22-at-4-55-14-PM_png.rf.0a9ee92cb5bffba8a3ed095e9de7838b.jpg,Screen-Shot-2021-11-22-at-4-55-14-PM_png.rf.0a9ee92cb5bffba8a3ed095e9de7838b.jpg,clubbing,clubbing,66.9,True
C:\Users\venka\Documents\Project\Nail-Condition-Classification\data\grouped_split\val\clubbing\Screen-Shot-2021-11-22-at-4-55-14-PM_png.rf.510cb113fdbf9563b1f9793a1f949948.jpg,Screen-Shot-2021-11-22-at-4-55-14-PM_png.rf.510cb113fdbf9563b1f9793a1f949948.jpg,clubbing,clubbing,88.94,True
C:\Users\venka\Documents\Project\Nail-Condition-Classification\data\grouped_split\val\clubbing\Screen-Shot-2021-11-22-at-4-55-14-PM_png.rf.be798a89eef3587bba9348c168946514.jpg,Screen-Shot-2021-11-22-at-4-55-14-PM_png.rf.be798a89eef3587bba9348c168946514.jpg,clubbing,clubbing,77.56,True
C:\Users\venka\Documents\Project\Nail-Condition-Classification\data\grouped_split\val\clubbing\Screen-Shot-2021-11-22-at-8-17-57-AM_png.rf.4b30019ea12f3eb669cf7b7556240be0.jpg,Screen-Shot-2021-11-22-at-8-17-57-AM_png.rf.4b30019ea12f3eb669cf7b7556240be0.jpg,clubbing,clubbing,95.7,True
C:\Users\venka\Documents\Project\Nail-Condition-Classification\data\grouped_split\val\clubbing\Screen-Shot-2021-11-22-at-8-17-57-AM_png.rf.9b4e7008be1b4109042bf228911dae0f.jpg,Screen-Shot-2021-11-22-at-8-17-57-AM_png.rf.9b4e7008be1b4109042bf228911dae0f.jpg,clubbing,clubbing,80.06,True
C:\Users\venka\Documents\Project\Nail-Condition-Classification\data\grouped_split\val\clubbing\Screen-Shot-2021-11-22-at-8-17-57-AM_png.rf.e6b17e960515d9be047b14b427123e01.jpg,Screen-Shot-2021-11-22-at-8-17-57-AM_png.rf.e6b17e960515d9be047b14b427123e01.jpg,clubbing,clubbing,93.94,True
C:\Users\venka\Documents\Project\Nail-Condition-Classification\data\grouped_split\val\clubbing\Screen-Shot-2021-11-22-at-8-20-33-AM_png.rf.9db53c5bca070888b82ee3ce77d36402.jpg,Screen-Shot-2021-11-22-at-8-20-33-AM_png.rf.9db53c5bca070888b82ee3ce77d36402.jpg,clubbing,clubbing,91.7,True
C:\Users\venka\Documents\Project\Nail-Condition-Classification\data\grouped_split\val\clubbing\Screen-Shot-2021-11-22-at-8-20-33-AM_png.rf.b7160c4cb2cbf61432d59885aa2ef685.jpg,Screen-Shot-2021-11-22-at-8-20-33-AM_png.rf.b7160c4cb2cbf61432d59885aa2ef685.jpg,clubbing,clubbing,93.3,True
C:\Users\venka\Documents\Project\Nail-Condition-Classification\data\grouped_split\val\clubbing\Screen-Shot-2021-11-22-at-8-20-33-AM_png.rf.cf1c04524a476b605b04c9d6e5dedb8c.jpg,Screen-Shot-2021-11-22-at-8-20-33-AM_png.rf.cf1c04524a476b605b04c9d6e5dedb8c.jpg,clubbing,clubbing,93.0,True
C:\Users\venka\Documents\Project\Nail-Condition-Classification\data\grouped_split\val\clubbing\Screen-Shot-2021-11-22-at-8-22-42-AM_png.rf.bfa69424624dc943caca219c35d4eed5.jpg,Screen-Shot-2021-11-22-at-8-22-42-AM_png.rf.bfa69424624dc943caca219c35d4eed5.jpg,clubbing,clubbing,92.25,True
C:\Users\venka\Documents\Project\Nail-Condition-Classification\data\grouped_split\val\clubbing\Screen-Shot-2021-11-22-at-8-22-42-AM_png.rf.c0bf666df9f4552b555105ed4a378443.jpg,Screen-Shot-2021-11-22-at-8-22-42-AM_png.rf.c0bf666df9f4552b555105ed4a378443.jpg,clubbing,clubbing,90.3,True
C:\Users\venka\Documents\Project\Nail-Condition-Classification\data\grouped_split\val\clubbing\Screen-Shot-2021-11-22-at-8-22-42-AM_png.rf.e80ff2bfd285183499834eb56c2bb7aa.jpg,Screen-Shot-2021-11-22-at-8-22-42-AM_png.rf.e80ff2bfd285183499834eb56c2bb7aa.jpg,clubbing,clubbing,93.7,True
C:\Users\venka\Documents\Project\Nail-Condition-Classification\data\grouped_split\val\clubbing\Screen-Shot-2021-11-22-at-8-24-20-AM_png.rf.432c4a419f7f390bf55df0138ac85af9.jpg,Screen-Shot-2021-11-22-at-8-24-20-AM_png.rf.432c4a419f7f390bf55df0138ac85af9.jpg,clubbing,clubbing,86.44,True
C:\Users\venka\Documents\Project\Nail-Condition-Classification\data\grouped_split\val\clubbing\Screen-Shot-2021-11-22-at-8-24-20-AM_png.rf.6244638f2ee4017f89bd4af7761fc93b.jpg,Screen-Shot-2021-11-22-at-8-24-20-AM_png.rf.6244638f2ee4017f89bd4af7761fc93b.jpg,clubbing,clubbing,93.4,True
C:\Users\venka\Documents\Project\Nail-Condition-Classification\data\grouped_split\val\clubbing\Screen-Shot-2021-11-22-at-8-24-20-AM_png.rf.c88ee0fe4ab2df72ae20248ac3a8c6c6.jpg,Screen-Shot-2021-11-22-at-8-24-20-AM_png.rf.c88ee0fe4ab2df72ae20248ac3a8c6c6.jpg,clubbing,clubbing,88.25,True
C:\Users\venka\Documents\Project\Nail-Condition-Classification\data\grouped_split\val\clubbing\Screen-Shot-2021-11-22-at-8-28-06-AM_png.rf.1bdc5458da2b64f3225e35fffe5ddfd2.jpg,Screen-Shot-2021-11-22-at-8-28-06-AM_png.rf.1bdc5458da2b64f3225e35fffe5ddfd2.jpg,clubbing,clubbing,90.44,True
C:\Users\venka\Documents\Project\Nail-Condition-Classification\data\grouped_split\val\clubbing\Screen-Shot-2021-11-22-at-8-28-06-AM_png.rf.58ca8017185320b5e3b6a88ac0d6f567.jpg,Screen-Shot-2021-11-22-at-8-28-06-AM_png.rf.58ca8017185320b5e3b6a88ac0d6f567.jpg,clubbing,clubbing,93.2,True
C:\Users\venka\Documents\Project\Nail-Condition-Classification\data\grouped_split\val\clubbing\Screen-Shot-2021-11-22-at-8-28-06-AM_png.rf.dd9d0a084d8657cdf2495e3b007f4813.jpg,Screen-Shot-2021-11-22-at-8-28-06-AM_png.rf.dd9d0a084d8657cdf2495e3b007f4813.jpg,clubbing,clubbing,89.9,True
C:\Users\venka\Documents\Project\Nail-Condition-Classification\data\grouped_split\val\clubbing\Screen-Shot-2021-11-22-at-8-28-22-AM_png.rf.71818e1225bab4d82ebb3c2fffde4bd4.jpg,Screen-Shot-2021-11-22-at-8-28-22-AM_png.rf.71818e1225bab4d82ebb3c2fffde4bd4.jpg,clubbing,clubbing,94.4,True
C:\Users\venka\Documents\Project\Nail-Condition-Classification\data\grouped_split\val\clubbing\Screen-Shot-2021-11-22-at-8-28-22-AM_png.rf.912dbc855daf956eaefd0814c273c499.jpg,Screen-Shot-2021-11-22-at-8-28-22-AM_png.rf.912dbc855daf956eaefd0814c273c499.jpg,clubbing,clubbing,96.7,True
C:\Users\venka\Documents\Project\Nail-Condition-Classification\data\grouped_split\val\clubbing\Screen-Shot-2021-11-22-at-8-28-22-AM_png.rf.ef9bef5c9f26b0daac69bbf74ea5fcb2.jpg,Screen-Shot-2021-11-22-at-8-28-22-AM_png.rf.ef9bef5c9f26b0daac69bbf74ea5fcb2.jpg,clubbing,clubbing,94.06,True
C:\Users\venka\Documents\Project\Nail-Condition-Classification\data\grouped_split\val\clubbing\Screen-Shot-2021-11-22-at-8-28-27-AM_png.rf.35a80970c44edc05675627b97bff9fca.jpg,Screen-Shot-2021-11-22-at-8-28-27-AM_png.rf.35a80970c44edc05675627b97bff9fca.jpg,clubbing,clubbing,82.2,True
C:\Users\venka\Documents\Project\Nail-Condition-Classification\data\grouped_split\val\clubbing\Screen-Shot-2021-11-22-at-8-28-27-AM_png.rf.559b13eb87c7675bc046764142ec6793.jpg,Screen-Shot-2021-11-22-at-8-28-27-AM_png.rf.559b13eb87c7675bc046764142ec6793.jpg,clubbing,clubbing,85.2,True
C:\Users\venka\Documents\Project\Nail-Condition-Classification\data\grouped_split\val\clubbing\Screen-Shot-2021-11-22-at-8-28-27-AM_png.rf.85faa6a524c15f1e43fc8d2c3c09d36b.jpg,Screen-Shot-2021-11-22-at-8-28-27-AM_png.rf.85faa6a524c15f1e43fc8d2c3c09d36b.jpg,clubbing,clubbing,84.56,True
C:\Users\venka\Documents\Project\Nail-Condition-Classification\data\grouped_split\val\clubbing\Screen-Shot-2021-11-22-at-8-29-33-AM_png.rf.3f5856b606fee902a5510ba46842f25b.jpg,Screen-Shot-2021-11-22-at-8-29-33-AM_png.rf.3f5856b606fee902a5510ba46842f25b.jpg,clubbing,clubbing,61.66,True
C:\Users\venka\Documents\Project\Nail-Condition-Classification\data\grouped_split\val\clubbing\Screen-Shot-2021-11-22-at-8-29-33-AM_png.rf.66e7079bf46ce9c43dbc36ae1bad08f4.jpg,Screen-Shot-2021-11-22-at-8-29-33-AM_png.rf.66e7079bf46ce9c43dbc36ae1bad08f4.jpg,clubbing,clubbing,46.6,True
C:\Users\venka\Documents\Project\Nail-Condition-Classification\data\grouped_split\val\clubbing\Screen-Shot-2021-11-22-at-8-29-33-AM_png.rf.981ecadedd447134a36743f0179f995f.jpg,Screen-Shot-2021-11-22-at-8-29-33-AM_png.rf.981ecadedd447134a36743f0179f995f.jpg,clubbing,clubbing,48.97,True
C:\Users\venka\Documents\Project\Nail-Condition-Classification\data\grouped_split\val\clubbing\Screen-Shot-2021-11-22-at-8-31-47-AM_png.rf.139d5629830724373cdf31a12cff37cf.jpg,Screen-Shot-2021-11-22-at-8-31-47-AM_png.rf.139d5629830724373cdf31a12cff37cf.jpg,clubbing,clubbing,92.75,True
C:\Users\venka\Documents\Project\Nail-Condition-Classification\data\grouped_split\val\clubbing\Screen-Shot-2021-11-22-at-8-31-47-AM_png.rf.b7c22ba9c31492121179e908462e1618.jpg,Screen-Shot-2021-11-22-at-8-31-47-AM_png.rf.b7c22ba9c31492121179e908462e1618.jpg,clubbing,clubbing,93.6,True
C:\Users\venka\Documents\Project\Nail-Condition-Classification\data\grouped_split\val\clubbing\Screen-Shot-2021-11-22-at-8-31-47-AM_png.rf.ed8f5fafdb941f0286992edea8cd87f6.jpg,Screen-Shot-2021-11-22-at-8-31-47-AM_png.rf.ed8f5fafdb941f0286992edea8cd87f6.jpg,clubbing,clubbing,88.56,True
C:\Users\venka\Documents\Project\Nail-Condition-Classification\data\grouped_split\val\clubbing\Screen-Shot-2021-11-22-at-8-40-06-AM_png.rf.52cdff33c6cb68bca16277a7bdb4f15b.jpg,Screen-Shot-2021-11-22-at-8-40-06-AM_png.rf.52cdff33c6cb68bca16277a7bdb4f15b.jpg,clubbing,clubbing,90.3,True
C:\Users\venka\Documents\Project\Nail-Condition-Classification\data\grouped_split\val\clubbing\Screen-Shot-2021-11-22-at-8-40-06-AM_png.rf.d1c81f35fc05128984b15732429059cc.jpg,Screen-Shot-2021-11-22-at-8-40-06-AM_png.rf.d1c81f35fc05128984b15732429059cc.jpg,clubbing,clubbing,67.94,True
C:\Users\venka\Documents\Project\Nail-Condition-Classification\data\grouped_split\val\clubbing\Screen-Shot-2021-11-22-at-8-40-06-AM_png.rf.d95ab12cabe0c32e56cf72b9cd9fe779.jpg,Screen-Shot-2021-11-22-at-8-40-06-AM_png.rf.d95ab12cabe0c32e56cf72b9cd9fe779.jpg,clubbing,clubbing,86.75,True
C:\Users\venka\Documents\Project\Nail-Condition-Classification\data\grouped_split\val\clubbing\Screen-Shot-2021-11-22-at-8-42-52-AM_png.rf.0dd496ca14fcab13ade501f42edc5a32.jpg,Screen-Shot-2021-11-22-at-8-42-52-AM_png.rf.0dd496ca14fcab13ade501f42edc5a32.jpg,clubbing,clubbing,94.94,True
C:\Users\venka\Documents\Project\Nail-Condition-Classification\data\grouped_split\val\clubbing\Screen-Shot-2021-11-22-at-8-42-52-AM_png.rf.95f20fdab5a854e63b341fa38dd21be8.jpg,Screen-Shot-2021-11-22-at-8-42-52-AM_png.rf.95f20fdab5a854e63b341fa38dd21be8.jpg,clubbing,clubbing,93.06,True
C:\Users\venka\Documents\Project\Nail-Condition-Classification\data\grouped_split\val\clubbing\Screen-Shot-2021-11-22-at-8-42-52-AM_png.rf.daa10ad94e94f5f6bbd291f2c666507c.jpg,Screen-Shot-2021-11-22-at-8-42-52-AM_png.rf.daa10ad94e94f5f6bbd291f2c666507c.jpg,clubbing,clubbing,93.44,True
C:\Users\venka\Documents\Project\Nail-Condition-Classification\data\grouped_split\val\clubbing\Screen-Shot-2021-11-22-at-8-44-54-AM_png.rf.1958a178c3e962063d9721f589e78484.jpg,Screen-Shot-2021-11-22-at-8-44-54-AM_png.rf.1958a178c3e962063d9721f589e78484.jpg,clubbing,clubbing,87.8,True
C:\Users\venka\Documents\Project\Nail-Condition-Classification\data\grouped_split\val\clubbing\Screen-Shot-2021-11-22-at-8-44-54-AM_png.rf.83c5fdd06ea4b8242e8e77941de8de0e.jpg,Screen-Shot-2021-11-22-at-8-44-54-AM_png.rf.83c5fdd06ea4b8242e8e77941de8de0e.jpg,clubbing,clubbing,95.0,True
C:\Users\venka\Documents\Project\Nail-Condition-Classification\data\grouped_split\val\clubbing\Screen-Shot-2021-11-22-at-8-44-54-AM_png.rf.be32b9bf1f900d8cf73516ea6e966726.jpg,Screen-Shot-2021-11-22-at-8-44-54-AM_png.rf.be32b9bf1f900d8cf73516ea6e966726.jpg,clubbing,clubbing,91.8,True
C:\Users\venka\Documents\Project\Nail-Condition-Classification\data\grouped_split\val\clubbing\Screen-Shot-2021-11-22-at-8-59-50-AM_png.rf.998e67d646f1e08573d6de0a32fee8e8.jpg,Screen-Shot-2021-11-22-at-8-59-50-AM_png.rf.998e67d646f1e08573d6de0a32fee8e8.jpg,clubbing,clubbing,94.3,True
C:\Users\venka\Documents\Project\Nail-Condition-Classification\data\grouped_split\val\clubbing\Screen-Shot-2021-11-22-at-8-59-50-AM_png.rf.fce59cf212041161be7c966d948f09bb.jpg,Screen-Shot-2021-11-22-at-8-59-50-AM_png.rf.fce59cf212041161be7c966d948f09bb.jpg,clubbing,clubbing,96.3,True
C:\Users\venka\Documents\Project\Nail-Condition-Classification\data\grouped_split\val\clubbing\Screen-Shot-2021-11-22-at-8-59-50-AM_png.rf.fcebc78086e8ead2f9f91445e18ca33a.jpg,Screen-Shot-2021-11-22-at-8-59-50-AM_png.rf.fcebc78086e8ead2f9f91445e18ca33a.jpg,clubbing,clubbing,96.3,True
C:\Users\venka\Documents\Project\Nail-Condition-Classification\data\grouped_split\val\clubbing\Screen-Shot-2021-11-22-at-9-04-06-AM_png.rf.676bd7d673d7a6bae197a201d53397e9.jpg,Screen-Shot-2021-11-22-at-9-04-06-AM_png.rf.676bd7d673d7a6bae197a201d53397e9.jpg,clubbing,clubbing,68.2,True
C:\Users\venka\Documents\Project\Nail-Condition-Classification\data\grouped_split\val\clubbing\Screen-Shot-2021-11-22-at-9-04-06-AM_png.rf.7a4d0c6f00993b3f39a8c73050aed48d.jpg,Screen-Shot-2021-11-22-at-9-04-06-AM_png.rf.7a4d0c6f00993b3f39a8c73050aed48d.jpg,clubbing,clubbing,95.9,True
C:\Users\venka\Documents\Project\Nail-Condition-Classification\data\grouped_split\val\clubbing\Screen-Shot-2021-11-22-at-9-04-06-AM_png.rf.b89f021300f85eeecaf2d3784fb125ca.jpg,Screen-Shot-2021-11-22-at-9-04-06-AM_png.rf.b89f021300f85eeecaf2d3784fb125ca.jpg,clubbing,clubbing,95.7,True
C:\Users\venka\Documents\Project\Nail-Condition-Classification\data\grouped_split\val\clubbing\Screen-Shot-2021-11-22-at-9-06-46-AM_png.rf.07f0e40c90abab527f9c5a7ef1281d18.jpg,Screen-Shot-2021-11-22-at-9-06-46-AM_png.rf.07f0e40c90abab527f9c5a7ef1281d18.jpg,clubbing,clubbing,95.1,True
C:\Users\venka\Documents\Project\Nail-Condition-Classification\data\grouped_split\val\clubbing\Screen-Shot-2021-11-22-at-9-06-46-AM_png.rf.6ea8cd8fa8f74b69f691c8f1978f699c.jpg,Screen-Shot-2021-11-22-at-9-06-46-AM_png.rf.6ea8cd8fa8f74b69f691c8f1978f699c.jpg,clubbing,clubbing,94.06,True
C:\Users\venka\Documents\Project\Nail-Condition-Classification\data\grouped_split\val\clubbing\Screen-Shot-2021-11-22-at-9-06-46-AM_png.rf.daccfd1089a478ce56259bf08ffdd701.jpg,Screen-Shot-2021-11-22-at-9-06-46-AM_png.rf.daccfd1089a478ce56259bf08ffdd701.jpg,clubbing,clubbing,94.0,True
C:\Users\venka\Documents\Project\Nail-Condition-Classification\data\grouped_split\val\clubbing\Screen-Shot-2021-11-22-at-9-07-34-AM_png.rf.7144f856a583b5e3ded44f0fe8064634.jpg,Screen-Shot-2021-11-22-at-9-07-34-AM_png.rf.7144f856a583b5e3ded44f0fe8064634.jpg,clubbing,clubbing,97.0,True
C:\Users\venka\Documents\Project\Nail-Condition-Classification\data\grouped_split\val\clubbing\Screen-Shot-2021-11-22-at-9-07-34-AM_png.rf.7899e482ce7838f65c2a10f8ea0d06be.jpg,Screen-Shot-2021-11-22-at-9-07-34-AM_png.rf.7899e482ce7838f65c2a10f8ea0d06be.jpg,clubbing,clubbing,93.8,True
C:\Users\venka\Documents\Project\Nail-Condition-Classification\data\grouped_split\val\clubbing\Screen-Shot-2021-11-22-at-9-07-34-AM_png.rf.f835a2dc26738ccbe9298fe3c4e4ffe3.jpg,Screen-Shot-2021-11-22-at-9-07-34-AM_png.rf.f835a2dc26738ccbe9298fe3c4e4ffe3.jpg,clubbing,clubbing,95.75,True
C:\Users\venka\Documents\Project\Nail-Condition-Classification\data\grouped_split\val\clubbing\Screen-Shot-2021-11-22-at-9-07-39-AM_png.rf.618aa9e4073c89feb0b19de671590ebf.jpg,Screen-Shot-2021-11-22-at-9-07-39-AM_png.rf.618aa9e4073c89feb0b19de671590ebf.jpg,clubbing,clubbing,94.94,True
C:\Users\venka\Documents\Project\Nail-Condition-Classification\data\grouped_split\val\clubbing\Screen-Shot-2021-11-22-at-9-07-39-AM_png.rf.7024293e27379d6b4852923dc843bf87.jpg,Screen-Shot-2021-11-22-at-9-07-39-AM_png.rf.7024293e27379d6b4852923dc843bf87.jpg,clubbing,clubbing,94.6,True
C:\Users\venka\Documents\Project\Nail-Condition-Classification\data\grouped_split\val\clubbing\Screen-Shot-2021-11-22-at-9-07-39-AM_png.rf.a42bb3a316da7f240533fafda316ffa1.jpg,Screen-Shot-2021-11-22-at-9-07-39-AM_png.rf.a42bb3a316da7f240533fafda316ffa1.jpg,clubbing,clubbing,96.4,True
C:\Users\venka\Documents\Project\Nail-Condition-Classification\data\grouped_split\val\clubbing\Screen-Shot-2021-11-22-at-9-09-44-AM_png.rf.43dea56189faae13a5f026f3aea749f6.jpg,Screen-Shot-2021-11-22-at-9-09-44-AM_png.rf.43dea56189faae13a5f026f3aea749f6.jpg,clubbing,clubbing,94.5,True
C:\Users\venka\Documents\Project\Nail-Condition-Classification\data\grouped_split\val\clubbing\Screen-Shot-2021-11-22-at-9-09-44-AM_png.rf.7c5ff6a5fa192ed1b8eb6b9b9cb27eb1.jpg,Screen-Shot-2021-11-22-at-9-09-44-AM_png.rf.7c5ff6a5fa192ed1b8eb6b9b9cb27eb1.jpg,clubbing,clubbing,94.4,True
C:\Users\venka\Documents\Project\Nail-Condition-Classification\data\grouped_split\val\clubbing\Screen-Shot-2021-11-22-at-9-09-44-AM_png.rf.bc1a9fe17d343207a52033064b2d4004.jpg,Screen-Shot-2021-11-22-at-9-09-44-AM_png.rf.bc1a9fe17d343207a52033064b2d4004.jpg,clubbing,clubbing,92.5,True
C:\Users\venka\Documents\Project\Nail-Condition-Classification\data\grouped_split\val\clubbing\Screen-Shot-2021-11-22-at-9-10-55-AM_png.rf.541614fb4002b4f2ea93f6be25b28135.jpg,Screen-Shot-2021-11-22-at-9-10-55-AM_png.rf.541614fb4002b4f2ea93f6be25b28135.jpg,clubbing,clubbing,86.06,True
C:\Users\venka\Documents\Project\Nail-Condition-Classification\data\grouped_split\val\clubbing\Screen-Shot-2021-11-22-at-9-10-55-AM_png.rf.d67d59f10e33d58478108f09050a7e5a.jpg,Screen-Shot-2021-11-22-at-9-10-55-AM_png.rf.d67d59f10e33d58478108f09050a7e5a.jpg,clubbing,clubbing,77.06,True
C:\Users\venka\Documents\Project\Nail-Condition-Classification\data\grouped_split\val\clubbing\Screen-Shot-2021-11-22-at-9-10-55-AM_png.rf.f8dd88bda4d055bdaf662c677c46a48b.jpg,Screen-Shot-2021-11-22-at-9-10-55-AM_png.rf.f8dd88bda4d055bdaf662c677c46a48b.jpg,clubbing,clubbing,52.2,True
C:\Users\venka\Documents\Project\Nail-Condition-Classification\data\grouped_split\val\clubbing\Screen-Shot-2021-11-22-at-9-12-51-AM_png.rf.0a54eac2bc2ca91fd855075b1596320b.jpg,Screen-Shot-2021-11-22-at-9-12-51-AM_png.rf.0a54eac2bc2ca91fd855075b1596320b.jpg,clubbing,clubbing,95.5,True
C:\Users\venka\Documents\Project\Nail-Condition-Classification\data\grouped_split\val\clubbing\Screen-Shot-2021-11-22-at-9-12-51-AM_png.rf.2bc90c68b6784090b5a2bba85c84a242.jpg,Screen-Shot-2021-11-22-at-9-12-51-AM_png.rf.2bc90c68b6784090b5a2bba85c84a242.jpg,clubbing,clubbing,97.1,True
C:\Users\venka\Documents\Project\Nail-Condition-Classification\data\grouped_split\val\clubbing\Screen-Shot-2021-11-22-at-9-12-51-AM_png.rf.49f7c3abaceded834ab9337a3a63edc0.jpg,Screen-Shot-2021-11-22-at-9-12-51-AM_png.rf.49f7c3abaceded834ab9337a3a63edc0.jpg,clubbing,clubbing,96.7,True
C:\Users\venka\Documents\Project\Nail-Condition-Classification\data\grouped_split\val\clubbing\Screen-Shot-2021-11-22-at-9-12-59-AM_png.rf.384a55fe26c1696f148823bb599cb758.jpg,Screen-Shot-2021-11-22-at-9-12-59-AM_png.rf.384a55fe26c1696f148823bb599cb758.jpg,clubbing,clubbing,97.0,True
C:\Users\venka\Documents\Project\Nail-Condition-Classification\data\grouped_split\val\clubbing\Screen-Shot-2021-11-22-at-9-12-59-AM_png.rf.3ac26512f5d4a39ab9cfa04cc4ffd124.jpg,Screen-Shot-2021-11-22-at-9-12-59-AM_png.rf.3ac26512f5d4a39ab9cfa04cc4ffd124.jpg,clubbing,clubbing,95.9,True
C:\Users\venka\Documents\Project\Nail-Condition-Classification\data\grouped_split\val\clubbing\Screen-Shot-2021-11-22-at-9-12-59-AM_png.rf.980b52df007bddcd1cc58bdaa72f81b3.jpg,Screen-Shot-2021-11-22-at-9-12-59-AM_png.rf.980b52df007bddcd1cc58bdaa72f81b3.jpg,clubbing,clubbing,96.75,True
C:\Users\venka\Documents\Project\Nail-Condition-Classification\data\grouped_split\val\clubbing\Screen-Shot-2021-11-22-at-9-13-20-AM_png.rf.2bdd973248756e843fe9eff7ef0de48f.jpg,Screen-Shot-2021-11-22-at-9-13-20-AM_png.rf.2bdd973248756e843fe9eff7ef0de48f.jpg,clubbing,clubbing,96.7,True
C:\Users\venka\Documents\Project\Nail-Condition-Classification\data\grouped_split\val\clubbing\Screen-Shot-2021-11-22-at-9-13-20-AM_png.rf.bba5f6122b2c5b26571692e12383eaa6.jpg,Screen-Shot-2021-11-22-at-9-13-20-AM_png.rf.bba5f6122b2c5b26571692e12383eaa6.jpg,clubbing,clubbing,96.56,True
C:\Users\venka\Documents\Project\Nail-Condition-Classification\data\grouped_split\val\clubbing\Screen-Shot-2021-11-22-at-9-13-20-AM_png.rf.d6fe5564b14184b5072f6aa4ecd5f861.jpg,Screen-Shot-2021-11-22-at-9-13-20-AM_png.rf.d6fe5564b14184b5072f6aa4ecd5f861.jpg,clubbing,clubbing,95.25,True
C:\Users\venka\Documents\Project\Nail-Condition-Classification\data\grouped_split\val\clubbing\Screen-Shot-2021-11-22-at-9-13-27-AM_png.rf.22ef36259a03f42e2d4b4aa5a1d4caef.jpg,Screen-Shot-2021-11-22-at-9-13-27-AM_png.rf.22ef36259a03f42e2d4b4aa5a1d4caef.jpg,clubbing,clubbing,97.0,True
C:\Users\venka\Documents\Project\Nail-Condition-Classification\data\grouped_split\val\clubbing\Screen-Shot-2021-11-22-at-9-13-27-AM_png.rf.8ff68f7c64e0b4a41acc4a46e7315f2a.jpg,Screen-Shot-2021-11-22-at-9-13-27-AM_png.rf.8ff68f7c64e0b4a41acc4a46e7315f2a.jpg,clubbing,clubbing,97.7,True
C:\Users\venka\Documents\Project\Nail-Condition-Classification\data\grouped_split\val\clubbing\Screen-Shot-2021-11-22-at-9-13-27-AM_png.rf.d3e03b8c8717e761575477810bfe73f6.jpg,Screen-Shot-2021-11-22-at-9-13-27-AM_png.rf.d3e03b8c8717e761575477810bfe73f6.jpg,clubbing,clubbing,98.25,True
C:\Users\venka\Documents\Project\Nail-Condition-Classification\data\grouped_split\val\clubbing\Screen-Shot-2021-11-22-at-9-15-11-AM_png.rf.3bda4568da7952f6d96e69fe44144df1.jpg,Screen-Shot-2021-11-22-at-9-15-11-AM_png.rf.3bda4568da7952f6d96e69fe44144df1.jpg,clubbing,clubbing,70.44,True
C:\Users\venka\Documents\Project\Nail-Condition-Classification\data\grouped_split\val\clubbing\Screen-Shot-2021-11-22-at-9-15-11-AM_png.rf.81c392ba9955c13e9e2de43f656fabc8.jpg,Screen-Shot-2021-11-22-at-9-15-11-AM_png.rf.81c392ba9955c13e9e2de43f656fabc8.jpg,clubbing,clubbing,45.34,True
C:\Users\venka\Documents\Project\Nail-Condition-Classification\data\grouped_split\val\clubbing\Screen-Shot-2021-11-22-at-9-15-11-AM_png.rf.b9d2e4c9d46b24a7fd792d82cb2b75bc.jpg,Screen-Shot-2021-11-22-at-9-15-11-AM_png.rf.b9d2e4c9d46b24a7fd792d82cb2b75bc.jpg,clubbing,clubbing,94.5,True
C:\Users\venka\Documents\Project\Nail-Condition-Classification\data\grouped_split\val\clubbing\Screen-Shot-2021-11-22-at-9-27-56-AM_png.rf.7a117b1f1fb62cac3ebdd83847c0d153.jpg,Screen-Shot-2021-11-22-at-9-27-56-AM_png.rf.7a117b1f1fb62cac3ebdd83847c0d153.jpg,clubbing,clubbing,91.56,True
C:\Users\venka\Documents\Project\Nail-Condition-Classification\data\grouped_split\val\clubbing\Screen-Shot-2021-11-22-at-9-27-56-AM_png.rf.b737e5849bb08765684ca9678c60f1fb.jpg,Screen-Shot-2021-11-22-at-9-27-56-AM_png.rf.b737e5849bb08765684ca9678c60f1fb.jpg,clubbing,clubbing,93.94,True
C:\Users\venka\Documents\Project\Nail-Condition-Classification\data\grouped_split\val\clubbing\Screen-Shot-2021-11-22-at-9-27-56-AM_png.rf.f79bae5f6707d95e490817bd72d1c002.jpg,Screen-Shot-2021-11-22-at-9-27-56-AM_png.rf.f79bae5f6707d95e490817bd72d1c002.jpg,clubbing,clubbing,96.6,True
C:\Users\venka\Documents\Project\Nail-Condition-Classification\data\grouped_split\val\clubbing\Screen-Shot-2021-11-22-at-9-33-50-AM_png.rf.2b12569723f60059a89b88770dc927c4.jpg,Screen-Shot-2021-11-22-at-9-33-50-AM_png.rf.2b12569723f60059a89b88770dc927c4.jpg,clubbing,clubbing,85.1,True
C:\Users\venka\Documents\Project\Nail-Condition-Classification\data\grouped_split\val\clubbing\Screen-Shot-2021-11-22-at-9-33-50-AM_png.rf.70d02f62e38d5f016d4ac35b22f6fded.jpg,Screen-Shot-2021-11-22-at-9-33-50-AM_png.rf.70d02f62e38d5f016d4ac35b22f6fded.jpg,clubbing,clubbing,90.7,True
C:\Users\venka\Documents\Project\Nail-Condition-Classification\data\grouped_split\val\clubbing\Screen-Shot-2021-11-22-at-9-33-50-AM_png.rf.8ba600ea3f21b4d6a83eebbd41763ee2.jpg,Screen-Shot-2021-11-22-at-9-33-50-AM_png.rf.8ba600ea3f21b4d6a83eebbd41763ee2.jpg,clubbing,clubbing,90.9,True
C:\Users\venka\Documents\Project\Nail-Condition-Classification\data\grouped_split\val\clubbing\Screen-Shot-2021-11-22-at-9-37-33-AM_png.rf.79e518b1c8efd773c77d1b92ca59b676.jpg,Screen-Shot-2021-11-22-at-9-37-33-AM_png.rf.79e518b1c8efd773c77d1b92ca59b676.jpg,clubbing,clubbing,82.8,True
C:\Users\venka\Documents\Project\Nail-Condition-Classification\data\grouped_split\val\clubbing\Screen-Shot-2021-11-22-at-9-37-33-AM_png.rf.89ad0ad927da3692df6beb687a26a091.jpg,Screen-Shot-2021-11-22-at-9-37-33-AM_png.rf.89ad0ad927da3692df6beb687a26a091.jpg,clubbing,clubbing,81.2,True
C:\Users\venka\Documents\Project\Nail-Condition-Classification\data\grouped_split\val\clubbing\Screen-Shot-2021-11-22-at-9-37-33-AM_png.rf.d85dabbb3e8fc30fbf9df193d67b279f.jpg,Screen-Shot-2021-11-22-at-9-37-33-AM_png.rf.d85dabbb3e8fc30fbf9df193d67b279f.jpg,clubbing,clubbing,66.9,True
C:\Users\venka\Documents\Project\Nail-Condition-Classification\data\grouped_split\val\clubbing\Screen-Shot-2021-11-22-at-9-40-12-AM_png.rf.3a3ae821fba8906de37e17b9041b7d19.jpg,Screen-Shot-2021-11-22-at-9-40-12-AM_png.rf.3a3ae821fba8906de37e17b9041b7d19.jpg,clubbing,clubbing,94.6,True
C:\Users\venka\Documents\Project\Nail-Condition-Classification\data\grouped_split\val\clubbing\Screen-Shot-2021-11-22-at-9-40-12-AM_png.rf.89e29de758e2e23dc344892f3c0afa81.jpg,Screen-Shot-2021-11-22-at-9-40-12-AM_png.rf.89e29de758e2e23dc344892f3c0afa81.jpg,clubbing,clubbing,95.7,True
C:\Users\venka\Documents\Project\Nail-Condition-Classification\data\grouped_split\val\clubbing\Screen-Shot-2021-11-22-at-9-40-12-AM_png.rf.be11406d965ff541b27e114f1f94a681.jpg,Screen-Shot-2021-11-22-at-9-40-12-AM_png.rf.be11406d965ff541b27e114f1f94a681.jpg,clubbing,clubbing,94.75,True
C:\Users\venka\Documents\Project\Nail-Condition-Classification\data\grouped_split\val\clubbing\Screen-Shot-2021-11-22-at-9-44-40-AM_png.rf.a00c4fdc5f67c2081f729659ccc591ba.jpg,Screen-Shot-2021-11-22-at-9-44-40-AM_png.rf.a00c4fdc5f67c2081f729659ccc591ba.jpg,clubbing,clubbing,88.75,True
C:\Users\venka\Documents\Project\Nail-Condition-Classification\data\grouped_split\val\clubbing\Screen-Shot-2021-11-22-at-9-44-40-AM_png.rf.b86d00c09dce9b97af3940e831451e54.jpg,Screen-Shot-2021-11-22-at-9-44-40-AM_png.rf.b86d00c09dce9b97af3940e831451e54.jpg,clubbing,clubbing,90.9,True
C:\Users\venka\Documents\Project\Nail-Condition-Classification\data\grouped_split\val\clubbing\Screen-Shot-2021-11-22-at-9-44-40-AM_png.rf.ded3a3167f492546944a1deea88ea61c.jpg,Screen-Shot-2021-11-22-at-9-44-40-AM_png.rf.ded3a3167f492546944a1deea88ea61c.jpg,clubbing,clubbing,91.2,True
C:\Users\venka\Documents\Project\Nail-Condition-Classification\data\grouped_split\val\clubbing\Screen-Shot-2021-11-22-at-9-46-26-AM_png.rf.0a59bddbe0fd9caf9e94435ca7d2b883.jpg,Screen-Shot-2021-11-22-at-9-46-26-AM_png.rf.0a59bddbe0fd9caf9e94435ca7d2b883.jpg,clubbing,clubbing,96.8,True
C:\Users\venka\Documents\Project\Nail-Condition-Classification\data\grouped_split\val\clubbing\Screen-Shot-2021-11-22-at-9-46-26-AM_png.rf.9ef3fc1a7d71d37fdfce7ea3f543b22c.jpg,Screen-Shot-2021-11-22-at-9-46-26-AM_png.rf.9ef3fc1a7d71d37fdfce7ea3f543b22c.jpg,clubbing,clubbing,96.4,True
C:\Users\venka\Documents\Project\Nail-Condition-Classification\data\grouped_split\val\clubbing\Screen-Shot-2021-11-22-at-9-46-26-AM_png.rf.d3740348b45a14f9b95d15cb5e006885.jpg,Screen-Shot-2021-11-22-at-9-46-26-AM_png.rf.d3740348b45a14f9b95d15cb5e006885.jpg,clubbing,clubbing,94.5,True
C:\Users\venka\Documents\Project\Nail-Condition-Classification\data\grouped_split\val\clubbing\Screen-Shot-2021-11-22-at-9-49-25-AM_png.rf.366e3927fff1588c789bf63c5b5b048c.jpg,Screen-Shot-2021-11-22-at-9-49-25-AM_png.rf.366e3927fff1588c789bf63c5b5b048c.jpg,clubbing,clubbing,94.8,True
C:\Users\venka\Documents\Project\Nail-Condition-Classification\data\grouped_split\val\clubbing\Screen-Shot-2021-11-22-at-9-49-25-AM_png.rf.76bfe4638489cde427fdb47a7c83a2eb.jpg,Screen-Shot-2021-11-22-at-9-49-25-AM_png.rf.76bfe4638489cde427fdb47a7c83a2eb.jpg,clubbing,clubbing,85.5,True
C:\Users\venka\Documents\Project\Nail-Condition-Classification\data\grouped_split\val\clubbing\Screen-Shot-2021-11-22-at-9-49-25-AM_png.rf.78424b78e9c3e5326e9bb0c12cb4ec2f.jpg,Screen-Shot-2021-11-22-at-9-49-25-AM_png.rf.78424b78e9c3e5326e9bb0c12cb4ec2f.jpg,clubbing,clubbing,87.8,True
C:\Users\venka\Documents\Project\Nail-Condition-Classification\data\grouped_split\val\clubbing\Screen-Shot-2021-11-22-at-9-54-05-AM_png.rf.042afb5867566686adb519a5eb0cc372.jpg,Screen-Shot-2021-11-22-at-9-54-05-AM_png.rf.042afb5867566686adb519a5eb0cc372.jpg,clubbing,clubbing,75.1,True
C:\Users\venka\Documents\Project\Nail-Condition-Classification\data\grouped_split\val\clubbing\Screen-Shot-2021-11-22-at-9-54-05-AM_png.rf.5c154d07e003ccf307cfe0ab25b53eae.jpg,Screen-Shot-2021-11-22-at-9-54-05-AM_png.rf.5c154d07e003ccf307cfe0ab25b53eae.jpg,clubbing,clubbing,88.06,True
C:\Users\venka\Documents\Project\Nail-Condition-Classification\data\grouped_split\val\clubbing\Screen-Shot-2021-11-22-at-9-54-05-AM_png.rf.9d8ea79774a1b2c73511e00c06212eaf.jpg,Screen-Shot-2021-11-22-at-9-54-05-AM_png.rf.9d8ea79774a1b2c73511e00c06212eaf.jpg,clubbing,clubbing,90.25,True
C:\Users\venka\Documents\Project\Nail-Condition-Classification\data\grouped_split\val\clubbing\Screen-Shot-2021-11-22-at-9-56-34-AM_png.rf.79104b458844b108cc2f373642b03e64.jpg,Screen-Shot-2021-11-22-at-9-56-34-AM_png.rf.79104b458844b108cc2f373642b03e64.jpg,clubbing,clubbing,94.06,True
C:\Users\venka\Documents\Project\Nail-Condition-Classification\data\grouped_split\val\clubbing\Screen-Shot-2021-11-22-at-9-56-34-AM_png.rf.a5334b165cef4698a6f07b58ee14c40f.jpg,Screen-Shot-2021-11-22-at-9-56-34-AM_png.rf.a5334b165cef4698a6f07b58ee14c40f.jpg,clubbing,clubbing,94.75,True
C:\Users\venka\Documents\Project\Nail-Condition-Classification\data\grouped_split\val\clubbing\Screen-Shot-2021-11-22-at-9-56-34-AM_png.rf.d1ab23a19e81f1a20cb9cd3d25f3a412.jpg,Screen-Shot-2021-11-22-at-9-56-34-AM_png.rf.d1ab23a19e81f1a20cb9cd3d25f3a412.jpg,clubbing,clubbing,91.6,True
C:\Users\venka\Documents\Project\Nail-Condition-Classification\data\grouped_split\val\pitting\100_JPG.rf.1694a86a74834229114177dc4ca93a5b.jpg,100_JPG.rf.1694a86a74834229114177dc4ca93a5b.jpg,pitting,pitting,95.9,True
C:\Users\venka\Documents\Project\Nail-Condition-Classification\data\grouped_split\val\pitting\100_JPG.rf.8cf423010c668a4010e40f6d260e7bda.jpg,100_JPG.rf.8cf423010c668a4010e40f6d260e7bda.jpg,pitting,pitting,95.06,True
C:\Users\venka\Documents\Project\Nail-Condition-Classification\data\grouped_split\val\pitting\100_JPG.rf.a80bfbf37fe7c3ba475cd65f7bab9b34.jpg,100_JPG.rf.a80bfbf37fe7c3ba475cd65f7bab9b34.jpg,pitting,pitting,96.25,True
C:\Users\venka\Documents\Project\Nail-Condition-Classification\data\grouped_split\val\pitting\11_png.rf.3acafe927a60a1c1c05ac7b115c19b5b.jpg,11_png.rf.3acafe927a60a1c1c05ac7b115c19b5b.jpg,pitting,pitting,97.0,True
C:\Users\venka\Documents\Project\Nail-Condition-Classification\data\grouped_split\val\pitting\11_png.rf.3b282f8c18ef5c4d5f82ca0bcf05f007.jpg,11_png.rf.3b282f8c18ef5c4d5f82ca0bcf05f007.jpg,pitting,pitting,97.44,True
C:\Users\venka\Documents\Project\Nail-Condition-Classification\data\grouped_split\val\pitting\11_png.rf.e9ba0e46345c6b3a2dd77c1bf208c418.jpg,11_png.rf.e9ba0e46345c6b3a2dd77c1bf208c418.jpg,pitting,pitting,95.0,True
C:\Users\venka\Documents\Project\Nail-Condition-Classification\data\grouped_split\val\pitting\120_JPG.rf.4b7a830667dbb013fbbbd20f1b1f4bce.jpg,120_JPG.rf.4b7a830667dbb013fbbbd20f1b1f4bce.jpg,pitting,pitting,96.25,True
C:\Users\venka\Documents\Project\Nail-Condition-Classification\data\grouped_split\val\pitting\120_JPG.rf.7e92fa0a785de7b96cfdfd951ddc558e.jpg,120_JPG.rf.7e92fa0a785de7b96cfdfd951ddc558e.jpg,pitting,pitting,94.0,True
C:\Users\venka\Documents\Project\Nail-Condition-Classification\data\grouped_split\val\pitting\120_JPG.rf.eb7386574801d4346d6095d61decbba6.jpg,120_JPG.rf.eb7386574801d4346d6095d61decbba6.jpg,pitting,pitting,96.75,True
C:\Users\venka\Documents\Project\Nail-Condition-Classification\data\grouped_split\val\pitting\161_JPG.rf.6707fdff526de48e8608491b5efb4dc7.jpg,161_JPG.rf.6707fdff526de48e8608491b5efb4dc7.jpg,pitting,pitting,92.3,True
C:\Users\venka\Documents\Project\Nail-Condition-Classification\data\grouped_split\val\pitting\161_JPG.rf.70acf04491a5bda97ee009afdb8ef314.jpg,161_JPG.rf.70acf04491a5bda97ee009afdb8ef314.jpg,pitting,pitting,96.0,True
C:\Users\venka\Documents\Project\Nail-Condition-Classification\data\grouped_split\val\pitting\161_JPG.rf.d9dbad1ac70182ed8ff46af4984bbb67.jpg,161_JPG.rf.d9dbad1ac70182ed8ff46af4984bbb67.jpg,pitting,pitting,95.6,True
C:\Users\venka\Documents\Project\Nail-Condition-Classification\data\grouped_split\val\pitting\171_JPG.rf.24f87fd4df3f80afbb7af54238a1d339.jpg,171_JPG.rf.24f87fd4df3f80afbb7af54238a1d339.jpg,pitting,pitting,94.0,True
C:\Users\venka\Documents\Project\Nail-Condition-Classification\data\grouped_split\val\pitting\171_JPG.rf.8cd7e14d3a56bb1a5dca69a331bc89fe.jpg,171_JPG.rf.8cd7e14d3a56bb1a5dca69a331bc89fe.jpg,pitting,pitting,92.25,True
C:\Users\venka\Documents\Project\Nail-Condition-Classification\data\grouped_split\val\pitting\171_JPG.rf.f5ba8094ed9be10ce0f1af3071bfc9a7.jpg,171_JPG.rf.f5ba8094ed9be10ce0f1af3071bfc9a7.jpg,pitting,pitting,94.94,True
C:\Users\venka\Documents\Project\Nail-Condition-Classification\data\grouped_split\val\pitting\183_JPG.rf.41408c47112acbd5202ecd69439b0867.jpg,183_JPG.rf.41408c47112acbd5202ecd69439b0867.jpg,pitting,pitting,95.44,True
C:\Users\venka\Documents\Project\Nail-Condition-Classification\data\grouped_split\val\pitting\183_JPG.rf.42022969a7bbc3c2d9d13b77fb34335b.jpg,183_JPG.rf.42022969a7bbc3c2d9d13b77fb34335b.jpg,pitting,pitting,92.5,True
C:\Users\venka\Documents\Project\Nail-Condition-Classification\data\grouped_split\val\pitting\183_JPG.rf.8d347d8e8125bcad56fee98397420e58.jpg,183_JPG.rf.8d347d8e8125bcad56fee98397420e58.jpg,pitting,pitting,96.56,True
C:\Users\venka\Documents\Project\Nail-Condition-Classification\data\grouped_split\val\pitting\185_jpg.rf.6caf3b028ba25d6a1810b4a360c77208.jpg,185_jpg.rf.6caf3b028ba25d6a1810b4a360c77208.jpg,pitting,pitting,92.06,True
C:\Users\venka\Documents\Project\Nail-Condition-Classification\data\grouped_split\val\pitting\185_jpg.rf.bd44e53439fb2f480831cf82825a4c93.jpg,185_jpg.rf.bd44e53439fb2f480831cf82825a4c93.jpg,pitting,blue_finger,48.8,False
C:\Users\venka\Documents\Project\Nail-Condition-Classification\data\grouped_split\val\pitting\185_jpg.rf.e72a1951e9623a9a305e87e406e5e1bd.jpg,185_jpg.rf.e72a1951e9623a9a305e87e406e5e1bd.jpg,pitting,pitting,81.3,True
C:\Users\venka\Documents\Project\Nail-Condition-Classification\data\grouped_split\val\pitting\193_JPG.rf.1050b067538579a53ee4deef44c9e4b7.jpg,193_JPG.rf.1050b067538579a53ee4deef44c9e4b7.jpg,pitting,pitting,95.75,True
C:\Users\venka\Documents\Project\Nail-Condition-Classification\data\grouped_split\val\pitting\193_JPG.rf.744032144cc47f608f0069c3f6280a76.jpg,193_JPG.rf.744032144cc47f608f0069c3f6280a76.jpg,pitting,pitting,94.06,True
C:\Users\venka\Documents\Project\Nail-Condition-Classification\data\grouped_split\val\pitting\193_JPG.rf.9ccf6d7ae76667152ca6f00dde825033.jpg,193_JPG.rf.9ccf6d7ae76667152ca6f00dde825033.jpg,pitting,pitting,94.56,True
C:\Users\venka\Documents\Project\Nail-Condition-Classification\data\grouped_split\val\pitting\198_JPG.rf.29c929376f6b7d987096ef9b233c79ce.jpg,198_JPG.rf.29c929376f6b7d987096ef9b233c79ce.jpg,pitting,pitting,95.44,True
C:\Users\venka\Documents\Project\Nail-Condition-Classification\data\grouped_split\val\pitting\198_JPG.rf.88336755f5ca2520773e8403c75c9f4f.jpg,198_JPG.rf.88336755f5ca2520773e8403c75c9f4f.jpg,pitting,pitting,96.1,True
C:\Users\venka\Documents\Project\Nail-Condition-Classification\data\grouped_split\val\pitting\198_JPG.rf.e0156686bd1a7d1b18b8020bbbad73b8.jpg,198_JPG.rf.e0156686bd1a7d1b18b8020bbbad73b8.jpg,pitting,pitting,96.44,True
C:\Users\venka\Documents\Project\Nail-Condition-Classification\data\grouped_split\val\pitting\201_JPG.rf.1c2266d21018bf4eef10a5dbae2560fd.jpg,201_JPG.rf.1c2266d21018bf4eef10a5dbae2560fd.jpg,pitting,pitting,89.5,True
C:\Users\venka\Documents\Project\Nail-Condition-Classification\data\grouped_split\val\pitting\201_JPG.rf.ad50879a3e60bcc6cf5901b47a891394.jpg,201_JPG.rf.ad50879a3e60bcc6cf5901b47a891394.jpg,pitting,pitting,88.44,True
C:\Users\venka\Documents\Project\Nail-Condition-Classification\data\grouped_split\val\pitting\201_JPG.rf.f048200a6b6ff75d66c19b299e6647e9.jpg,201_JPG.rf.f048200a6b6ff75d66c19b299e6647e9.jpg,pitting,pitting,90.8,True
C:\Users\venka\Documents\Project\Nail-Condition-Classification\data\grouped_split\val\pitting\209_JPG.rf.55565a335358f438ed25a37cc3bd83a0.jpg,209_JPG.rf.55565a335358f438ed25a37cc3bd83a0.jpg,pitting,pitting,95.75,True
C:\Users\venka\Documents\Project\Nail-Condition-Classification\data\grouped_split\val\pitting\209_JPG.rf.5b90d37d0af69d6dd9369b2c982b7fca.jpg,209_JPG.rf.5b90d37d0af69d6dd9369b2c982b7fca.jpg,pitting,pitting,90.6,True
C:\Users\venka\Documents\Project\Nail-Condition-Classification\data\grouped_split\val\pitting\209_JPG.rf.c478f72793ada932e67179c41c9b3123.jpg,209_JPG.rf.c478f72793ada932e67179c41c9b3123.jpg,pitting,pitting,93.6,True
C:\Users\venka\Documents\Project\Nail-Condition-Classification\data\grouped_split\val\pitting\210_JPG.rf.6456e9af2307c3bc57fe3d3b47aef419.jpg,210_JPG.rf.6456e9af2307c3bc57fe3d3b47aef419.jpg,pitting,pitting,47.16,True
C:\Users\venka\Documents\Project\Nail-Condition-Classification\data\grouped_split\val\pitting\210_JPG.rf.6d8e2f8b37d1f541fd2e5d72afeb2164.jpg,210_JPG.rf.6d8e2f8b37d1f541fd2e5d72afeb2164.jpg,pitting,pitting,52.06,True
C:\Users\venka\Documents\Project\Nail-Condition-Classification\data\grouped_split\val\pitting\210_JPG.rf.a60fa528afbbf6bf1b01e626d5e8c691.jpg,210_JPG.rf.a60fa528afbbf6bf1b01e626d5e8c691.jpg,pitting,pitting,54.75,True
C:\Users\venka\Documents\Project\Nail-Condition-Classification\data\grouped_split\val\pitting\218_JPG.rf.1f47f36e74980cd950ba55a7fc707029.jpg,218_JPG.rf.1f47f36e74980cd950ba55a7fc707029.jpg,pitting,pitting,96.75,True
C:\Users\venka\Documents\Project\Nail-Condition-Classification\data\grouped_split\val\pitting\218_JPG.rf.808de00acbe829a58010cafca8f35c8a.jpg,218_JPG.rf.808de00acbe829a58010cafca8f35c8a.jpg,pitting,pitting,96.1,True
C:\Users\venka\Documents\Project\Nail-Condition-Classification\data\grouped_split\val\pitting\218_JPG.rf.f4cabb5f36c9191f940d64546982ab83.jpg,218_JPG.rf.f4cabb5f36c9191f940d64546982ab83.jpg,pitting,pitting,94.75,True
C:\Users\venka\Documents\Project\Nail-Condition-Classification\data\grouped_split\val\pitting\21_JPG.rf.0d8da1c0a488e4f659d4a200c6b815c5.jpg,21_JPG.rf.0d8da1c0a488e4f659d4a200c6b815c5.jpg,pitting,pitting,91.4,True
C:\Users\venka\Documents\Project\Nail-Condition-Classification\data\grouped_split\val\pitting\21_JPG.rf.2f51aa54bd6d7e09e875d499ce03bc3a.jpg,21_JPG.rf.2f51aa54bd6d7e09e875d499ce03bc3a.jpg,pitting,pitting,92.2,True
C:\Users\venka\Documents\Project\Nail-Condition-Classification\data\grouped_split\val\pitting\21_JPG.rf.34567103f8bbdc53984b2ea523e921a4.jpg,21_JPG.rf.34567103f8bbdc53984b2ea523e921a4.jpg,pitting,pitting,94.06,True
C:\Users\venka\Documents\Project\Nail-Condition-Classification\data\grouped_split\val\pitting\220_JPG.rf.626a9bc7130d62fab9b22783b2b4213c.jpg,220_JPG.rf.626a9bc7130d62fab9b22783b2b4213c.jpg,pitting,pitting,96.3,True
C:\Users\venka\Documents\Project\Nail-Condition-Classification\data\grouped_split\val\pitting\220_JPG.rf.79cdc4c45e68afed0c6d3fce5ca4c877.jpg,220_JPG.rf.79cdc4c45e68afed0c6d3fce5ca4c877.jpg,pitting,pitting,97.4,True
C:\Users\venka\Documents\Project\Nail-Condition-Classification\data\grouped_split\val\pitting\220_JPG.rf.c70f55a0acc6640e54775b0c0dff00d9.jpg,220_JPG.rf.c70f55a0acc6640e54775b0c0dff00d9.jpg,pitting,pitting,96.75,True
C:\Users\venka\Documents\Project\Nail-Condition-Classification\data\grouped_split\val\pitting\230_jpg.rf.25ab4a665db508eeaa05cb42a23a01b4.jpg,230_jpg.rf.25ab4a665db508eeaa05cb42a23a01b4.jpg,pitting,pitting,96.06,True
C:\Users\venka\Documents\Project\Nail-Condition-Classification\data\grouped_split\val\pitting\230_jpg.rf.321a99397649485c8359ae2d7483e7bc.jpg,230_jpg.rf.321a99397649485c8359ae2d7483e7bc.jpg,pitting,pitting,94.5,True
C:\Users\venka\Documents\Project\Nail-Condition-Classification\data\grouped_split\val\pitting\230_jpg.rf.f0d98a3f60ab26992a3dedb1c43dccea.jpg,230_jpg.rf.f0d98a3f60ab26992a3dedb1c43dccea.jpg,pitting,pitting,95.8,True
C:\Users\venka\Documents\Project\Nail-Condition-Classification\data\grouped_split\val\pitting\231_JPG.rf.6a5a557f0a4f1590b9471254d6910116.jpg,231_JPG.rf.6a5a557f0a4f1590b9471254d6910116.jpg,pitting,pitting,95.7,True
C:\Users\venka\Documents\Project\Nail-Condition-Classification\data\grouped_split\val\pitting\231_JPG.rf.dc07cf4905cf60c012f1314d094444c4.jpg,231_JPG.rf.dc07cf4905cf60c012f1314d094444c4.jpg,pitting,pitting,96.0,True
C:\Users\venka\Documents\Project\Nail-Condition-Classification\data\grouped_split\val\pitting\231_JPG.rf.eefb8d3624363041b0a3b86f3ac0a2c9.jpg,231_JPG.rf.eefb8d3624363041b0a3b86f3ac0a2c9.jpg,pitting,pitting,96.44,True
C:\Users\venka\Documents\Project\Nail-Condition-Classification\data\grouped_split\val\pitting\232_JPG.rf.13544b3bbc21debe0630aebbfec19839.jpg,232_JPG.rf.13544b3bbc21debe0630aebbfec19839.jpg,pitting,pitting,92.0,True
C:\Users\venka\Documents\Project\Nail-Condition-Classification\data\grouped_split\val\pitting\232_JPG.rf.58f7ff87de14ba374f60f46507827723.jpg,232_JPG.rf.58f7ff87de14ba374f60f46507827723.jpg,pitting,pitting,93.3,True
C:\Users\venka\Documents\Project\Nail-Condition-Classification\data\grouped_split\val\pitting\244_JPG.rf.8fef1f640d7892b1308532292c510981.jpg,244_JPG.rf.8fef1f640d7892b1308532292c510981.jpg,pitting,pitting,92.9,True
C:\Users\venka\Documents\Project\Nail-Condition-Classification\data\grouped_split\val\pitting\244_JPG.rf.996bd6085f28980907a4228bc6bcab59.jpg,244_JPG.rf.996bd6085f28980907a4228bc6bcab59.jpg,pitting,pitting,93.06,True
C:\Users\venka\Documents\Project\Nail-Condition-Classification\data\grouped_split\val\pitting\244_JPG.rf.99e5551f58c72bcb9736f466c1289794.jpg,244_JPG.rf.99e5551f58c72bcb9736f466c1289794.jpg,pitting,pitting,94.6,True
C:\Users\venka\Documents\Project\Nail-Condition-Classification\data\grouped_split\val\pitting\247-jpg-crdownload_jpg.rf.0fbd7608b3c8f942b75d2e0256bd6ceb.jpg,247-jpg-crdownload_jpg.rf.0fbd7608b3c8f942b75d2e0256bd6ceb.jpg,pitting,pitting,70.0,True
C:\Users\venka\Documents\Project\Nail-Condition-Classification\data\grouped_split\val\pitting\247-jpg-crdownload_jpg.rf.775061b36dcfbdd6f5939c1db19d6aa5.jpg,247-jpg-crdownload_jpg.rf.775061b36dcfbdd6f5939c1db19d6aa5.jpg,pitting,pitting,82.7,True
C:\Users\venka\Documents\Project\Nail-Condition-Classification\data\grouped_split\val\pitting\247-jpg-crdownload_jpg.rf.872d3400fc1305148b5490e5e7fa0e2b.jpg,247-jpg-crdownload_jpg.rf.872d3400fc1305148b5490e5e7fa0e2b.jpg,pitting,pitting,89.6,True
C:\Users\venka\Documents\Project\Nail-Condition-Classification\data\grouped_split\val\pitting\259_JPG.rf.233966ae4d3322a145a6d3aee459818f.jpg,259_JPG.rf.233966ae4d3322a145a6d3aee459818f.jpg,pitting,pitting,92.2,True
C:\Users\venka\Documents\Project\Nail-Condition-Classification\data\grouped_split\val\pitting\259_JPG.rf.a57d81683cd504d42ac1fd946e04e417.jpg,259_JPG.rf.a57d81683cd504d42ac1fd946e04e417.jpg,pitting,pitting,93.4,True
C:\Users\venka\Documents\Project\Nail-Condition-Classification\data\grouped_split\val\pitting\259_JPG.rf.ccfa196063ff8c39899c48dc3207cdcc.jpg,259_JPG.rf.ccfa196063ff8c39899c48dc3207cdcc.jpg,pitting,pitting,79.9,True
C:\Users\venka\Documents\Project\Nail-Condition-Classification\data\grouped_split\val\pitting\260_JPG.rf.387d2472a4e0be1a2bd37a08acc85032.jpg,260_JPG.rf.387d2472a4e0be1a2bd37a08acc85032.jpg,pitting,pitting,90.9,True
C:\Users\venka\Documents\Project\Nail-Condition-Classification\data\grouped_split\val\pitting\260_JPG.rf.6c9284914502c4d1db5ef472024e7d9e.jpg,260_JPG.rf.6c9284914502c4d1db5ef472024e7d9e.jpg,pitting,pitting,89.06,True
C:\Users\venka\Documents\Project\Nail-Condition-Classification\data\grouped_split\val\pitting\260_JPG.rf.d747e6eff80a32c263e7cd849fa16271.jpg,260_JPG.rf.d747e6eff80a32c263e7cd849fa16271.jpg,pitting,pitting,90.75,True
C:\Users\venka\Documents\Project\Nail-Condition-Classification\data\grouped_split\val\pitting\266_JPG.rf.26d421fddbf545f4c907e34f5d98496a.jpg,266_JPG.rf.26d421fddbf545f4c907e34f5d98496a.jpg,pitting,pitting,95.44,True
C:\Users\venka\Documents\Project\Nail-Condition-Classification\data\grouped_split\val\pitting\266_JPG.rf.4a42eb5d23c70f2385fc8edebdd0c469.jpg,266_JPG.rf.4a42eb5d23c70f2385fc8edebdd0c469.jpg,pitting,pitting,94.2,True
C:\Users\venka\Documents\Project\Nail-Condition-Classification\data\grouped_split\val\pitting\266_JPG.rf.b8e0a74d3f30b4c6a0ee396615a83509.jpg,266_JPG.rf.b8e0a74d3f30b4c6a0ee396615a83509.jpg,pitting,pitting,93.8,True
C:\Users\venka\Documents\Project\Nail-Condition-Classification\data\grouped_split\val\pitting\269_jpg.rf.2749d07d97ab6c46dd827a3b2994145c.jpg,269_jpg.rf.2749d07d97ab6c46dd827a3b2994145c.jpg,pitting,pitting,88.94,True
C:\Users\venka\Documents\Project\Nail-Condition-Classification\data\grouped_split\val\pitting\269_jpg.rf.30c9d2f7fd6e863d3b2ad58c13e145af.jpg,269_jpg.rf.30c9d2f7fd6e863d3b2ad58c13e145af.jpg,pitting,pitting,95.0,True
C:\Users\venka\Documents\Project\Nail-Condition-Classification\data\grouped_split\val\pitting\269_jpg.rf.fed8b2b1f0919807c88c210bee609afc.jpg,269_jpg.rf.fed8b2b1f0919807c88c210bee609afc.jpg,pitting,pitting,92.75,True
C:\Users\venka\Documents\Project\Nail-Condition-Classification\data\grouped_split\val\pitting\270_JPG.rf.157b83304fb07547ae931fbeebffdf74.jpg,270_JPG.rf.157b83304fb07547ae931fbeebffdf74.jpg,pitting,pitting,74.2,True
C:\Users\venka\Documents\Project\Nail-Condition-Classification\data\grouped_split\val\pitting\270_JPG.rf.5b9b40318d8bd900fad2e689cceef6f6.jpg,270_JPG.rf.5b9b40318d8bd900fad2e689cceef6f6.jpg,pitting,pitting,43.97,True
C:\Users\venka\Documents\Project\Nail-Condition-Classification\data\grouped_split\val\pitting\270_JPG.rf.bc44fdbac10c541df51af1705587b612.jpg,270_JPG.rf.bc44fdbac10c541df51af1705587b612.jpg,pitting,pitting,81.44,True
C:\Users\venka\Documents\Project\Nail-Condition-Classification\data\grouped_split\val\pitting\27_JPG.rf.01991cee7535e6109435cb2abf554744.jpg,27_JPG.rf.01991cee7535e6109435cb2abf554744.jpg,pitting,pitting,93.8,True
C:\Users\venka\Documents\Project\Nail-Condition-Classification\data\grouped_split\val\pitting\27_JPG.rf.3552d7246ba2f45894dba74fc6d138f1.jpg,27_JPG.rf.3552d7246ba2f45894dba74fc6d138f1.jpg,pitting,pitting,88.4,True
C:\Users\venka\Documents\Project\Nail-Condition-Classification\data\grouped_split\val\pitting\27_JPG.rf.c624cc83fa29d13bfb9a8de550308f4c.jpg,27_JPG.rf.c624cc83fa29d13bfb9a8de550308f4c.jpg,pitting,pitting,87.06,True
C:\Users\venka\Documents\Project\Nail-Condition-Classification\data\grouped_split\val\pitting\288_jpg.rf.49d3259dc2b18a6bf153f767938c7bbd.jpg,288_jpg.rf.49d3259dc2b18a6bf153f767938c7bbd.jpg,pitting,pitting,85.4,True
C:\Users\venka\Documents\Project\Nail-Condition-Classification\data\grouped_split\val\pitting\288_jpg.rf.724f4298b0972a55c6d73c5a44881a96.jpg,288_jpg.rf.724f4298b0972a55c6d73c5a44881a96.jpg,pitting,pitting,91.2,True
C:\Users\venka\Documents\Project\Nail-Condition-Classification\data\grouped_split\val\pitting\288_jpg.rf.b4df91b8b53ff1fcca97c6b1f64e2d3a.jpg,288_jpg.rf.b4df91b8b53ff1fcca97c6b1f64e2d3a.jpg,pitting,pitting,89.06,True
C:\Users\venka\Documents\Project\Nail-Condition-Classification\data\grouped_split\val\pitting\28_JPG.rf.adc490dbbe49a2eb01aeb202dfd9ca92.jpg,28_JPG.rf.adc490dbbe49a2eb01aeb202dfd9ca92.jpg,pitting,pitting,78.25,True
C:\Users\venka\Documents\Project\Nail-Condition-Classification\data\grouped_split\val\pitting\28_JPG.rf.c0051aea12ec9b6e9653e357260d6f7b.jpg,28_JPG.rf.c0051aea12ec9b6e9653e357260d6f7b.jpg,pitting,pitting,90.75,True
C:\Users\venka\Documents\Project\Nail-Condition-Classification\data\grouped_split\val\pitting\28_JPG.rf.ffbbee22bea8f3b85161bbb2f03abf3b.jpg,28_JPG.rf.ffbbee22bea8f3b85161bbb2f03abf3b.jpg,pitting,pitting,58.88,True
C:\Users\venka\Documents\Project\Nail-Condition-Classification\data\grouped_split\val\pitting\293_JPG.rf.4915d5680ea0564e19e5e71cedf715b1.jpg,293_JPG.rf.4915d5680ea0564e19e5e71cedf715b1.jpg,pitting,pitting,92.75,True
C:\Users\venka\Documents\Project\Nail-Condition-Classification\data\grouped_split\val\pitting\293_JPG.rf.ae08bdf3dd6225428eef2b060b19c9d5.jpg,293_JPG.rf.ae08bdf3dd6225428eef2b060b19c9d5.jpg,pitting,pitting,93.44,True
C:\Users\venka\Documents\Project\Nail-Condition-Classification\data\grouped_split\val\pitting\293_JPG.rf.f3f2bfeaebb7572103b05be7d40708dc.jpg,293_JPG.rf.f3f2bfeaebb7572103b05be7d40708dc.jpg,pitting,pitting,95.2,True
C:\Users\venka\Documents\Project\Nail-Condition-Classification\data\grouped_split\val\pitting\2_JPG.rf.1cc8f1a9604684ee430650ae7c3db908.jpg,2_JPG.rf.1cc8f1a9604684ee430650ae7c3db908.jpg,pitting,pitting,94.94,True
C:\Users\venka\Documents\Project\Nail-Condition-Classification\data\grouped_split\val\pitting\2_JPG.rf.c19edaceb5bdd82263190a46fb5c4039.jpg,2_JPG.rf.c19edaceb5bdd82263190a46fb5c4039.jpg,pitting,pitting,95.6,True
C:\Users\venka\Documents\Project\Nail-Condition-Classification\data\grouped_split\val\pitting\2_JPG.rf.c66030e2678dd0d03edf6369af2eba77.jpg,2_JPG.rf.c66030e2678dd0d03edf6369af2eba77.jpg,pitting,pitting,94.5,True
C:\Users\venka\Documents\Project\Nail-Condition-Classification\data\grouped_split\val\pitting\304_JPG.rf.406d26f0b6136dc9364b6a5e2aa8bfa1.jpg,304_JPG.rf.406d26f0b6136dc9364b6a5e2aa8bfa1.jpg,pitting,pitting,92.8,True
C:\Users\venka\Documents\Project\Nail-Condition-Classification\data\grouped_split\val\pitting\304_JPG.rf.65055625768e1ef21e24672e7cf7e6c7.jpg,304_JPG.rf.65055625768e1ef21e24672e7cf7e6c7.jpg,pitting,pitting,93.4,True
C:\Users\venka\Documents\Project\Nail-Condition-Classification\data\grouped_split\val\pitting\304_JPG.rf.c1a416d9ccf7276196d374b43b7db368.jpg,304_JPG.rf.c1a416d9ccf7276196d374b43b7db368.jpg,pitting,pitting,90.5,True
C:\Users\venka\Documents\Project\Nail-Condition-Classification\data\grouped_split\val\pitting\307_jpg.rf.14b1fb6caccdd7ca9df509ae7fb28121.jpg,307_jpg.rf.14b1fb6caccdd7ca9df509ae7fb28121.jpg,pitting,pitting,92.94,True
C:\Users\venka\Documents\Project\Nail-Condition-Classification\data\grouped_split\val\pitting\307_jpg.rf.2e0730b8fbd01d3bf99d4fe2a00730ac.jpg,307_jpg.rf.2e0730b8fbd01d3bf99d4fe2a00730ac.jpg,pitting,pitting,90.9,True
C:\Users\venka\Documents\Project\Nail-Condition-Classification\data\grouped_split\val\pitting\307_jpg.rf.b9a8a4f3e56096edda03c37770f3c425.jpg,307_jpg.rf.b9a8a4f3e56096edda03c37770f3c425.jpg,pitting,pitting,91.1,True
C:\Users\venka\Documents\Project\Nail-Condition-Classification\data\grouped_split\val\pitting\38_JPG.rf.4262a39c1bd7bc2e4440c7a098e64908.jpg,38_JPG.rf.4262a39c1bd7bc2e4440c7a098e64908.jpg,pitting,pitting,89.9,True
C:\Users\venka\Documents\Project\Nail-Condition-Classification\data\grouped_split\val\pitting\38_JPG.rf.a52edea76ade9cc3f7d3e57533519b84.jpg,38_JPG.rf.a52edea76ade9cc3f7d3e57533519b84.jpg,pitting,pitting,93.9,True
C:\Users\venka\Documents\Project\Nail-Condition-Classification\data\grouped_split\val\pitting\38_JPG.rf.aa12b449c64a6bb10ea1cbe0ea0d7689.jpg,38_JPG.rf.aa12b449c64a6bb10ea1cbe0ea0d7689.jpg,pitting,pitting,93.1,True
C:\Users\venka\Documents\Project\Nail-Condition-Classification\data\grouped_split\val\pitting\41_JPG.rf.b750de714306c84f39d4bdffcd26d937.jpg,41_JPG.rf.b750de714306c84f39d4bdffcd26d937.jpg,pitting,pitting,95.94,True
C:\Users\venka\Documents\Project\Nail-Condition-Classification\data\grouped_split\val\pitting\41_JPG.rf.c964e22ba76d9000b32bc1d214b1f8a1.jpg,41_JPG.rf.c964e22ba76d9000b32bc1d214b1f8a1.jpg,pitting,pitting,93.94,True
C:\Users\venka\Documents\Project\Nail-Condition-Classification\data\grouped_split\val\pitting\41_JPG.rf.dd83e738c146e09583714a68f9ca9b08.jpg,41_JPG.rf.dd83e738c146e09583714a68f9ca9b08.jpg,pitting,pitting,83.3,True
C:\Users\venka\Documents\Project\Nail-Condition-Classification\data\grouped_split\val\pitting\42_JPG.rf.01bda6e256fc34feb9044b359a8ec6b8.jpg,42_JPG.rf.01bda6e256fc34feb9044b359a8ec6b8.jpg,pitting,pitting,95.5,True
C:\Users\venka\Documents\Project\Nail-Condition-Classification\data\grouped_split\val\pitting\42_JPG.rf.081b871efa951359083d317903bca049.jpg,42_JPG.rf.081b871efa951359083d317903bca049.jpg,pitting,pitting,95.7,True
C:\Users\venka\Documents\Project\Nail-Condition-Classification\data\grouped_split\val\pitting\42_JPG.rf.f2972615668faac9416c0197d4bdc672.jpg,42_JPG.rf.f2972615668faac9416c0197d4bdc672.jpg,pitting,pitting,96.4,True
C:\Users\venka\Documents\Project\Nail-Condition-Classification\data\grouped_split\val\pitting\57_jpg.rf.0c83a5d0175fe7e96f078f510526554b.jpg,57_jpg.rf.0c83a5d0175fe7e96f078f510526554b.jpg,pitting,pitting,94.75,True
C:\Users\venka\Documents\Project\Nail-Condition-Classification\data\grouped_split\val\pitting\57_jpg.rf.a5226193db1caea80d8fb8fedda05b59.jpg,57_jpg.rf.a5226193db1caea80d8fb8fedda05b59.jpg,pitting,pitting,92.2,True
C:\Users\venka\Documents\Project\Nail-Condition-Classification\data\grouped_split\val\pitting\57_jpg.rf.c4219ee5d96fc728324044ca54b04ee4.jpg,57_jpg.rf.c4219ee5d96fc728324044ca54b04ee4.jpg,pitting,pitting,92.75,True
C:\Users\venka\Documents\Project\Nail-Condition-Classification\data\grouped_split\val\pitting\59_JPG.rf.06d80799e75b70535a3bb10acc9129ff.jpg,59_JPG.rf.06d80799e75b70535a3bb10acc9129ff.jpg,pitting,pitting,74.0,True
C:\Users\venka\Documents\Project\Nail-Condition-Classification\data\grouped_split\val\pitting\59_JPG.rf.8150502c4b4767a24824a182805894f1.jpg,59_JPG.rf.8150502c4b4767a24824a182805894f1.jpg,pitting,pitting,96.06,True
C:\Users\venka\Documents\Project\Nail-Condition-Classification\data\grouped_split\val\pitting\59_JPG.rf.88f3c5a80b9adb532a6aff2bdd132c0a.jpg,59_JPG.rf.88f3c5a80b9adb532a6aff2bdd132c0a.jpg,pitting,pitting,94.0,True
C:\Users\venka\Documents\Project\Nail-Condition-Classification\data\grouped_split\val\pitting\64_JPG.rf.8eb7070ef18a40896dd6c5f88b4b5cee.jpg,64_JPG.rf.8eb7070ef18a40896dd6c5f88b4b5cee.jpg,pitting,pitting,93.3,True
C:\Users\venka\Documents\Project\Nail-Condition-Classification\data\grouped_split\val\pitting\64_JPG.rf.a86fdee1cd8ded82414f0fab903f0315.jpg,64_JPG.rf.a86fdee1cd8ded82414f0fab903f0315.jpg,pitting,pitting,94.06,True
C:\Users\venka\Documents\Project\Nail-Condition-Classification\data\grouped_split\val\pitting\64_JPG.rf.afc1bef0662e242446238340b447e89a.jpg,64_JPG.rf.afc1bef0662e242446238340b447e89a.jpg,pitting,pitting,91.94,True
C:\Users\venka\Documents\Project\Nail-Condition-Classification\data\grouped_split\val\pitting\65_JPG.rf.0115ec5ab2ddb2ed7afc5fcbd81a7b69.jpg,65_JPG.rf.0115ec5ab2ddb2ed7afc5fcbd81a7b69.jpg,pitting,pitting,95.0,True
C:\Users\venka\Documents\Project\Nail-Condition-Classification\data\grouped_split\val\pitting\65_JPG.rf.461d043a36ca4b19b39ff991b623757c.jpg,65_JPG.rf.461d043a36ca4b19b39ff991b623757c.jpg,pitting,pitting,96.3,True
C:\Users\venka\Documents\Project\Nail-Condition-Classification\data\grouped_split\val\pitting\65_JPG.rf.614974639db3617bd52141bd7e733a38.jpg,65_JPG.rf.614974639db3617bd52141bd7e733a38.jpg,pitting,pitting,93.0,True
C:\Users\venka\Documents\Project\Nail-Condition-Classification\data\grouped_split\val\pitting\74_JPG.rf.457f76d569723b0ed023461f84205576.jpg,74_JPG.rf.457f76d569723b0ed023461f84205576.jpg,pitting,pitting,68.0,True
C:\Users\venka\Documents\Project\Nail-Condition-Classification\data\grouped_split\val\pitting\74_JPG.rf.9e76722ecab6259f96252c2b9f67da13.jpg,74_JPG.rf.9e76722ecab6259f96252c2b9f67da13.jpg,pitting,blue_finger,40.75,False
C:\Users\venka\Documents\Project\Nail-Condition-Classification\data\grouped_split\val\pitting\74_JPG.rf.9e7e62d364ecb759e14ed32e2f9d2f59.jpg,74_JPG.rf.9e7e62d364ecb759e14ed32e2f9d2f59.jpg,pitting,pitting,71.25,True
C:\Users\venka\Documents\Project\Nail-Condition-Classification\data\grouped_split\val\pitting\78_JPG.rf.789a8139dbe97ac906c4c52d3fd30865.jpg,78_JPG.rf.789a8139dbe97ac906c4c52d3fd30865.jpg,pitting,pitting,84.5,True
C:\Users\venka\Documents\Project\Nail-Condition-Classification\data\grouped_split\val\pitting\78_JPG.rf.8839a0e7fa9628a14b7f4fb1717cd976.jpg,78_JPG.rf.8839a0e7fa9628a14b7f4fb1717cd976.jpg,pitting,pitting,65.0,True
C:\Users\venka\Documents\Project\Nail-Condition-Classification\data\grouped_split\val\pitting\78_JPG.rf.fa2633408ad904b5df6a0282cf647a10.jpg,78_JPG.rf.fa2633408ad904b5df6a0282cf647a10.jpg,pitting,pitting,66.1,True
C:\Users\venka\Documents\Project\Nail-Condition-Classification\data\grouped_split\val\pitting\81_JPG.rf.63527bfd407e40fa66dbe9a8fdab9625.jpg,81_JPG.rf.63527bfd407e40fa66dbe9a8fdab9625.jpg,pitting,pitting,96.3,True
C:\Users\venka\Documents\Project\Nail-Condition-Classification\data\grouped_split\val\pitting\81_JPG.rf.8a5d8318b1686ae60b312a40d7432345.jpg,81_JPG.rf.8a5d8318b1686ae60b312a40d7432345.jpg,pitting,pitting,96.0,True
C:\Users\venka\Documents\Project\Nail-Condition-Classification\data\grouped_split\val\pitting\81_JPG.rf.d98f292cd360cb1e2281feb65c8eb513.jpg,81_JPG.rf.d98f292cd360cb1e2281feb65c8eb513.jpg,pitting,pitting,94.9,True
C:\Users\venka\Documents\Project\Nail-Condition-Classification\data\grouped_split\val\pitting\85_JPG.rf.0b103fb62b1fccc981fe8c98b660ce64.jpg,85_JPG.rf.0b103fb62b1fccc981fe8c98b660ce64.jpg,pitting,pitting,92.1,True
C:\Users\venka\Documents\Project\Nail-Condition-Classification\data\grouped_split\val\pitting\85_JPG.rf.47630401413f7625180692cec1fc5932.jpg,85_JPG.rf.47630401413f7625180692cec1fc5932.jpg,pitting,pitting,90.94,True
C:\Users\venka\Documents\Project\Nail-Condition-Classification\data\grouped_split\val\pitting\85_JPG.rf.5815f3ee3e4b09368ea88f2a2173e643.jpg,85_JPG.rf.5815f3ee3e4b09368ea88f2a2173e643.jpg,pitting,pitting,93.2,True
C:\Users\venka\Documents\Project\Nail-Condition-Classification\data\grouped_split\val\pitting\95_JPG.rf.1194f2c26730acd06f3ca8bea7dcbf93.jpg,95_JPG.rf.1194f2c26730acd06f3ca8bea7dcbf93.jpg,pitting,pitting,96.7,True
C:\Users\venka\Documents\Project\Nail-Condition-Classification\data\grouped_split\val\pitting\95_JPG.rf.588755b63ffe62791e9e7fa719448ac2.jpg,95_JPG.rf.588755b63ffe62791e9e7fa719448ac2.jpg,pitting,pitting,96.8,True
C:\Users\venka\Documents\Project\Nail-Condition-Classification\data\grouped_split\val\pitting\95_JPG.rf.bc98c801dd70717c02bfe57bd46f9e92.jpg,95_JPG.rf.bc98c801dd70717c02bfe57bd46f9e92.jpg,pitting,pitting,96.75,True
