filepath,true_label_index,true_class,predicted_label_index,predicted_class,confidence,correct,probability_Acral_Lentiginous_Melanoma,probability_Healthy_Nail,probability_Onychogryphosis,probability_blue_finger,probability_clubbing,probability_pitting
C:\Users\venka\Documents\Project\data\processed\test\Acral_Lentiginous_Melanoma\1124-Subungual_Melanoma-642x361-slide3_jpg.rf.20c5952ae446e61a018ac2e98609f278.jpg,0,Acral_Lentiginous_Melanoma,0,Acral_Lentiginous_Melanoma,0.95163184,True,0.95163184,0.017528044,0.00861489,0.006256537,0.007272142,0.00869647
C:\Users\venka\Documents\Project\data\processed\test\Acral_Lentiginous_Melanoma\4229e494114681c808066e262f2f82ad1c89676d_jpg.rf.c06c1d1f4666c86b4d9c077d67cf65d6.jpg,0,Acral_Lentiginous_Melanoma,0,Acral_Lentiginous_Melanoma,0.94468457,True,0.94468457,0.019209707,0.0072631277,0.010554152,0.010390534,0.007897965
C:\Users\venka\Documents\Project\data\processed\test\Acral_Lentiginous_Melanoma\CuvmX-dWIAAv_PX_jpeg.rf.9a978ed8ec6b5c63529dbdd6a13be611.jpg,0,Acral_Lentiginous_Melanoma,0,Acral_Lentiginous_Melanoma,0.94460106,True,0.94460106,0.019981345,0.007951532,0.009053492,0.008727395,0.009685299
C:\Users\venka\Documents\Project\data\processed\test\Acral_Lentiginous_Melanoma\Screen-Shot-2021-11-16-at-6-58-09-PM_png.rf.84eaa8f0ddd6568f5220a7288d709742.jpg,0,Acral_Lentiginous_Melanoma,0,Acral_Lentiginous_Melanoma,0.9449713,True,0.9449713,0.01780729,0.009752157,0.010189997,0.007598382,0.009680807
C:\Users\venka\Documents\Project\data\processed\test\Acral_Lentiginous_Melanoma\Screen-Shot-2021-11-16-at-6-58-19-PM_png.rf.936289f072e08cd50fed87f99dc64f17.jpg,0,Acral_Lentiginous_Melanoma,0,Acral_Lentiginous_Melanoma,0.95025223,True,0.95025223,0.017099679,0.0089464635,0.008049878,0.0077488124,0.007902917
C:\Users\venka\Documents\Project\data\processed\test\Acral_Lentiginous_Melanoma\Screen-Shot-2021-11-16-at-6-58-26-PM_png.rf.78b42c8cf2d2d62451936631311b1bd5.jpg,0,Acral_Lentiginous_Melanoma,0,Acral_Lentiginous_Melanoma,0.9468349,True,0.9468349,0.018334195,0.008429816,0.009708884,0.0069320025,0.009760232
C:\Users\venka\Documents\Project\data\processed\test\Acral_Lentiginous_Melanoma\Screen-Shot-2021-11-16-at-6-59-48-PM_png.rf.cd1b9f38eb673fc5031ab4c7c9fda753.jpg,0,Acral_Lentiginous_Melanoma,0,Acral_Lentiginous_Melanoma,0.94045824,True,0.94045824,0.020685438,0.00958526,0.01085116,0.008586753,0.009833141
C:\Users\venka\Documents\Project\data\processed\test\Acral_Lentiginous_Melanoma\Screen-Shot-2021-11-16-at-7-00-57-PM_png.rf.ac7e0f8660912b0ad7d1e99ee16451f4.jpg,0,Acral_Lentiginous_Melanoma,0,Acral_Lentiginous_Melanoma,0.9465631,True,0.9465631,0.018574687,0.008396455,0.009594536,0.007909117,0.008962062
C:\Users\venka\Documents\Project\data\processed\test\Acral_Lentiginous_Melanoma\Screen-Shot-2021-11-16-at-7-01-17-PM_png.rf.f6e3ef0d310e1ee2779fce1ccf4b6d5a.jpg,0,Acral_Lentiginous_Melanoma,0,Acral_Lentiginous_Melanoma,0.9438545,True,0.9438545,0.018705143,0.010616647,0.009555101,0.008455861,0.008812772
C:\Users\venka\Documents\Project\data\processed\test\Acral_Lentiginous_Melanoma\Screen-Shot-2021-11-16-at-7-05-55-PM_png.rf.ade918f28d20e9e407278ebfc3eb1892.jpg,0,Acral_Lentiginous_Melanoma,0,Acral_Lentiginous_Melanoma,0.94917,True,0.94917,0.01724135,0.0067889127,0.010268745,0.00860556,0.007925414
C:\Users\venka\Documents\Project\data\processed\test\Acral_Lentiginous_Melanoma\Screen-Shot-2021-11-16-at-7-06-53-PM_png.rf.301e227b232bf6691817ffc2ece5217f.jpg,0,Acral_Lentiginous_Melanoma,0,Acral_Lentiginous_Melanoma,0.9502063,True,0.9502063,0.015223392,0.008253424,0.010535342,0.0062444336,0.009537105
C:\Users\venka\Documents\Project\data\processed\test\Acral_Lentiginous_Melanoma\Screen-Shot-2021-11-16-at-7-07-46-PM_png.rf.229f8f3912643ac3f8d34ddf9bdc3d24.jpg,0,Acral_Lentiginous_Melanoma,0,Acral_Lentiginous_Melanoma,0.94560736,True,0.94560736,0.018455315,0.009033673,0.0075928294,0.00958682,0.009723903
C:\Users\venka\Documents\Project\data\processed\test\Acral_Lentiginous_Melanoma\Screen-Shot-2021-11-16-at-7-07-58-PM_png.rf.3709c21322417722890579eef8538ea8.jpg,0,Acral_Lentiginous_Melanoma,0,Acral_Lentiginous_Melanoma,0.9486815,True,0.9486815,0.017655,0.007832024,0.009979034,0.007576265,0.008276149
C:\Users\venka\Documents\Project\data\processed\test\Acral_Lentiginous_Melanoma\Screen-Shot-2021-11-16-at-7-08-26-PM_png.rf.5f82c4749b34db20407b5665a56aec2c.jpg,0,Acral_Lentiginous_Melanoma,0,Acral_Lentiginous_Melanoma,0.9459703,True,0.9459703,0.016675182,0.0101199,0.008082836,0.007085561,0.012066212
C:\Users\venka\Documents\Project\data\processed\test\Acral_Lentiginous_Melanoma\Screen-Shot-2021-11-16-at-7-10-55-PM_png.rf.98b46b85ecb9ecc122c1d6e0823ec4fd.jpg,0,Acral_Lentiginous_Melanoma,0,Acral_Lentiginous_Melanoma,0.94722027,True,0.94722027,0.01820154,0.0072557977,0.009824399,0.007902212,0.009595815
C:\Users\venka\Documents\Project\data\processed\test\Acral_Lentiginous_Melanoma\Screen-Shot-2021-11-16-at-7-12-11-PM_png.rf.35bd81c211094dbe7b79cfa959c66901.jpg,0,Acral_Lentiginous_Melanoma,0,Acral_Lentiginous_Melanoma,0.94891995,True,0.94891995,0.01803282,0.008309979,0.008710802,0.0071085664,0.008917772
C:\Users\venka\Documents\Project\data\processed\test\Acral_Lentiginous_Melanoma\Screen-Shot-2021-11-16-at-7-12-20-PM_png.rf.a1e34811f9245102102eae95c74eb0b4.jpg,0,Acral_Lentiginous_Melanoma,0,Acral_Lentiginous_Melanoma,0.95344615,True,0.95344615,0.01651919,0.007150716,0.00758743,0.006974007,0.008322523
C:\Users\venka\Documents\Project\data\processed\test\Acral_Lentiginous_Melanoma\Screen-Shot-2021-11-16-at-7-13-16-PM_png.rf.e87e6b3b42c2bb13d3a83d4d400a5889.jpg,0,Acral_Lentiginous_Melanoma,0,Acral_Lentiginous_Melanoma,0.9538838,True,0.9538838,0.012817353,0.0124728335,0.0038749909,0.011745812,0.005205151
C:\Users\venka\Documents\Project\data\processed\test\Acral_Lentiginous_Melanoma\Screen-Shot-2021-11-16-at-7-13-54-PM_png.rf.45989c6f9448c034faaab9094b18ef39.jpg,0,Acral_Lentiginous_Melanoma,0,Acral_Lentiginous_Melanoma,0.9529226,True,0.9529226,0.00980329,0.0034117608,0.0074405163,0.018249195,0.008172608
C:\Users\venka\Documents\Project\data\processed\test\Acral_Lentiginous_Melanoma\Screen-Shot-2021-11-16-at-7-14-06-PM_png.rf.d510d4c93a08ad1ea8ff2879954bbc54.jpg,0,Acral_Lentiginous_Melanoma,0,Acral_Lentiginous_Melanoma,0.94895196,True,0.94895196,0.013814334,0.010680369,0.009340126,0.004454858,0.012758442
C:\Users\venka\Documents\Project\data\processed\test\Acral_Lentiginous_Melanoma\Screen-Shot-2021-11-16-at-7-14-19-PM_png.rf.b708150bce14b78522e00a91b26ebad0.jpg,0,Acral_Lentiginous_Melanoma,0,Acral_Lentiginous_Melanoma,0.9027861,True,0.9027861,0.02377667,0.009734522,0.009823678,0.04017475,0.013704338
C:\Users\venka\Documents\Project\data\processed\test\Acral_Lentiginous_Melanoma\Screen-Shot-2021-11-16-at-7-16-43-PM_png.rf.7e13e8110130f7cba18e1cc3d749e32d.jpg,0,Acral_Lentiginous_Melanoma,0,Acral_Lentiginous_Melanoma,0.9434587,True,0.9434587,0.016834453,0.00846789,0.009074784,0.008362678,0.013801546
C:\Users\venka\Documents\Project\data\processed\test\Acral_Lentiginous_Melanoma\Screen-Shot-2021-11-16-at-7-16-43-PM_png.rf.8f156a1c22f337fff0147c8e87829c67.jpg,0,Acral_Lentiginous_Melanoma,0,Acral_Lentiginous_Melanoma,0.9371514,True,0.9371514,0.019343048,0.009982834,0.011084809,0.010036768,0.012401163
C:\Users\venka\Documents\Project\data\processed\test\Acral_Lentiginous_Melanoma\Screen-Shot-2021-11-16-at-7-17-45-PM_png.rf.cfc11a7bda850be0b92d371c2898d3ad.jpg,0,Acral_Lentiginous_Melanoma,0,Acral_Lentiginous_Melanoma,0.9430481,True,0.9430481,0.01972493,0.008267333,0.010571936,0.007874252,0.01051344
C:\Users\venka\Documents\Project\data\processed\test\Acral_Lentiginous_Melanoma\Screen-Shot-2021-11-19-at-1-00-57-AM_png.rf.a2258dc96f532e444028a5e4a4ffbc08.jpg,0,Acral_Lentiginous_Melanoma,0,Acral_Lentiginous_Melanoma,0.94467115,True,0.94467115,0.019141346,0.008401627,0.009147958,0.008406278,0.010231586
C:\Users\venka\Documents\Project\data\processed\test\Acral_Lentiginous_Melanoma\Screen-Shot-2021-11-19-at-1-26-44-AM_png.rf.03df3d79c9891041f8ab532e86611594.jpg,0,Acral_Lentiginous_Melanoma,0,Acral_Lentiginous_Melanoma,0.94059384,True,0.94059384,0.021232976,0.009968893,0.009143033,0.008145682,0.010915559
C:\Users\venka\Documents\Project\data\processed\test\Acral_Lentiginous_Melanoma\Screen-Shot-2021-11-19-at-1-26-44-AM_png.rf.66e4fd6d1ebbd04e3fc38643186be981.jpg,0,Acral_Lentiginous_Melanoma,0,Acral_Lentiginous_Melanoma,0.94186676,True,0.94186676,0.019724775,0.009769907,0.0083290795,0.008552639,0.011756863
C:\Users\venka\Documents\Project\data\processed\test\Acral_Lentiginous_Melanoma\Screen-Shot-2021-11-19-at-1-27-17-AM_png.rf.171b5238a47c916d76d2bf732066c2c5.jpg,0,Acral_Lentiginous_Melanoma,0,Acral_Lentiginous_Melanoma,0.9483458,True,0.9483458,0.01810079,0.008481032,0.0080058845,0.007827577,0.009238963
C:\Users\venka\Documents\Project\data\processed\test\Acral_Lentiginous_Melanoma\Screen-Shot-2021-11-19-at-1-31-21-AM_png.rf.95301877af646b998ed8900ceb1f9922.jpg,0,Acral_Lentiginous_Melanoma,0,Acral_Lentiginous_Melanoma,0.9392847,True,0.9392847,0.023211729,0.0072214594,0.009724632,0.010630829,0.009926606
C:\Users\venka\Documents\Project\data\processed\test\Acral_Lentiginous_Melanoma\Screen-Shot-2021-11-19-at-1-37-53-AM_png.rf.86e9cbce0daafa7832fb3714a0db02b2.jpg,0,Acral_Lentiginous_Melanoma,0,Acral_Lentiginous_Melanoma,0.9345998,True,0.9345998,0.02251433,0.009838194,0.012203267,0.00966391,0.011180384
C:\Users\venka\Documents\Project\data\processed\test\Acral_Lentiginous_Melanoma\Screen-Shot-2021-11-19-at-1-37-53-AM_png.rf.9d6300e1057cbc889cfbcebc20d981f4.jpg,0,Acral_Lentiginous_Melanoma,0,Acral_Lentiginous_Melanoma,0.93546194,True,0.93546194,0.022031115,0.009813243,0.012277883,0.0098960865,0.010519697
C:\Users\venka\Documents\Project\data\processed\test\Acral_Lentiginous_Melanoma\Screen-Shot-2021-11-19-at-1-38-40-AM_png.rf.92fc8206cceda2823ce5b41b7ea5a9c0.jpg,0,Acral_Lentiginous_Melanoma,0,Acral_Lentiginous_Melanoma,0.9447708,True,0.9447708,0.018320581,0.00835543,0.010402985,0.0075939302,0.010556278
C:\Users\venka\Documents\Project\data\processed\test\Acral_Lentiginous_Melanoma\Screen-Shot-2021-11-19-at-1-38-57-AM_png.rf.b976b1f54cf785e66974724e4e4585fa.jpg,0,Acral_Lentiginous_Melanoma,0,Acral_Lentiginous_Melanoma,0.9428049,True,0.9428049,0.018648941,0.009173475,0.009664443,0.006444136,0.013264098
C:\Users\venka\Documents\Project\data\processed\test\Acral_Lentiginous_Melanoma\Screen-Shot-2021-11-19-at-1-41-42-AM_png.rf.7571ea90c4bb5276b0d77d9e42db93f1.jpg,0,Acral_Lentiginous_Melanoma,0,Acral_Lentiginous_Melanoma,0.9382184,True,0.9382184,0.020232446,0.009650869,0.012062184,0.01002903,0.009807051
C:\Users\venka\Documents\Project\data\processed\test\Acral_Lentiginous_Melanoma\Screen-Shot-2021-11-19-at-1-43-17-AM_png.rf.1182e23c51367d6cfe89acbb693bf1ab.jpg,0,Acral_Lentiginous_Melanoma,0,Acral_Lentiginous_Melanoma,0.94258076,True,0.94258076,0.017716637,0.009018853,0.011250127,0.008698686,0.010734942
C:\Users\venka\Documents\Project\data\processed\test\Acral_Lentiginous_Melanoma\Screen-Shot-2021-11-19-at-1-45-52-AM_png.rf.59970b0d8735b67e97a6b322165ff8a4.jpg,0,Acral_Lentiginous_Melanoma,0,Acral_Lentiginous_Melanoma,0.9474639,True,0.9474639,0.0184486,0.008044098,0.009167787,0.0075241863,0.009351472
C:\Users\venka\Documents\Project\data\processed\test\Acral_Lentiginous_Melanoma\Screen-Shot-2021-11-19-at-1-53-47-AM_png.rf.18813d4eb66090b5a04d80ec958f833b.jpg,0,Acral_Lentiginous_Melanoma,0,Acral_Lentiginous_Melanoma,0.9462759,True,0.9462759,0.016020672,0.007926981,0.010815109,0.008992441,0.009968821
C:\Users\venka\Documents\Project\data\processed\test\Acral_Lentiginous_Melanoma\Screen-Shot-2021-11-19-at-1-54-25-AM_png.rf.6f719fe9b2f233b8253010a4e82d60e1.jpg,0,Acral_Lentiginous_Melanoma,0,Acral_Lentiginous_Melanoma,0.94893426,True,0.94893426,0.015733875,0.0089447275,0.008647485,0.0074562263,0.010283426
C:\Users\venka\Documents\Project\data\processed\test\Acral_Lentiginous_Melanoma\Screen-Shot-2021-11-19-at-1-54-57-AM_png.rf.28d1b22593c06e5dda8f58aac3c41d33.jpg,0,Acral_Lentiginous_Melanoma,0,Acral_Lentiginous_Melanoma,0.94717455,True,0.94717455,0.018051319,0.0083686,0.008723672,0.007543694,0.010138255
C:\Users\venka\Documents\Project\data\processed\test\Acral_Lentiginous_Melanoma\Screen-Shot-2021-11-19-at-1-55-04-AM_png.rf.042cf77f894b5b2a9af7bf094bb89e41.jpg,0,Acral_Lentiginous_Melanoma,0,Acral_Lentiginous_Melanoma,0.9356373,True,0.9356373,0.022451477,0.009603162,0.011005305,0.009256252,0.012046449
C:\Users\venka\Documents\Project\data\processed\test\Acral_Lentiginous_Melanoma\Screen-Shot-2021-11-19-at-1-56-09-AM_png.rf.353c99bb4a0569ff859a449ceedc8ec4.jpg,0,Acral_Lentiginous_Melanoma,0,Acral_Lentiginous_Melanoma,0.94491357,True,0.94491357,0.018642373,0.008788075,0.010301842,0.008084371,0.009269886
C:\Users\venka\Documents\Project\data\processed\test\Acral_Lentiginous_Melanoma\Screen-Shot-2021-11-19-at-1-56-53-AM_png.rf.13e734ae3291f05e68eb02889424a436.jpg,0,Acral_Lentiginous_Melanoma,0,Acral_Lentiginous_Melanoma,0.94762784,True,0.94762784,0.017374096,0.008679263,0.008980887,0.007561039,0.00977691
C:\Users\venka\Documents\Project\data\processed\test\Acral_Lentiginous_Melanoma\Screen-Shot-2021-11-19-at-12-37-14-AM_png.rf.a69cedffa7f913f6ece573e56db1d965.jpg,0,Acral_Lentiginous_Melanoma,0,Acral_Lentiginous_Melanoma,0.94750655,True,0.94750655,0.01760123,0.008995106,0.008541448,0.0078236675,0.009532001
C:\Users\venka\Documents\Project\data\processed\test\Acral_Lentiginous_Melanoma\Screen-Shot-2021-11-19-at-12-39-46-AM_png.rf.cb554363f5f823f709477ebdd056743a.jpg,0,Acral_Lentiginous_Melanoma,0,Acral_Lentiginous_Melanoma,0.947729,True,0.947729,0.018518565,0.00733026,0.009358059,0.007002217,0.010061849
C:\Users\venka\Documents\Project\data\processed\test\Acral_Lentiginous_Melanoma\Screen-Shot-2021-11-19-at-12-41-44-AM_png.rf.de5b25017790d49322e13188cf0b2c91.jpg,0,Acral_Lentiginous_Melanoma,0,Acral_Lentiginous_Melanoma,0.94404095,True,0.94404095,0.021128798,0.007293966,0.010168016,0.0077779605,0.0095903175
C:\Users\venka\Documents\Project\data\processed\test\Acral_Lentiginous_Melanoma\Screen-Shot-2021-11-19-at-12-55-27-AM_png.rf.496947b15eade645613e333ead8fa545.jpg,0,Acral_Lentiginous_Melanoma,0,Acral_Lentiginous_Melanoma,0.9463459,True,0.9463459,0.017474506,0.007727213,0.0094433995,0.008418596,0.0105903875
C:\Users\venka\Documents\Project\data\processed\test\Acral_Lentiginous_Melanoma\Screen-Shot-2021-11-19-at-12-55-39-AM_png.rf.8d61a0594fc64089c87dd00b0e6f0b09.jpg,0,Acral_Lentiginous_Melanoma,0,Acral_Lentiginous_Melanoma,0.942437,True,0.942437,0.01920897,0.007755233,0.008766962,0.0119707035,0.009861106
C:\Users\venka\Documents\Project\data\processed\test\Acral_Lentiginous_Melanoma\Screen-Shot-2021-11-19-at-12-56-04-AM_png.rf.38820238dd67401dd034f47057e9a613.jpg,0,Acral_Lentiginous_Melanoma,0,Acral_Lentiginous_Melanoma,0.9387877,True,0.9387877,0.020508336,0.010223261,0.010960269,0.009759455,0.009760991
C:\Users\venka\Documents\Project\data\processed\test\Acral_Lentiginous_Melanoma\Screen-Shot-2021-11-19-at-12-56-04-AM_png.rf.f1f22bb8840afb9f1fd822a35ba450e2.jpg,0,Acral_Lentiginous_Melanoma,0,Acral_Lentiginous_Melanoma,0.94903815,True,0.94903815,0.016176732,0.0075479844,0.011731648,0.006396661,0.009108837
C:\Users\venka\Documents\Project\data\processed\test\Acral_Lentiginous_Melanoma\Screen-Shot-2021-11-19-at-2-10-05-AM_png.rf.020549b2c1e999dab8f0cf598e5141c4.jpg,0,Acral_Lentiginous_Melanoma,0,Acral_Lentiginous_Melanoma,0.9379937,True,0.9379937,0.02105191,0.009526336,0.011519236,0.009268553,0.010640261
C:\Users\venka\Documents\Project\data\processed\test\Acral_Lentiginous_Melanoma\Screen-Shot-2021-11-19-at-2-10-05-AM_png.rf.0df26b0d045346f53580d4062e3c0c4c.jpg,0,Acral_Lentiginous_Melanoma,0,Acral_Lentiginous_Melanoma,0.94836146,True,0.94836146,0.017997602,0.008468007,0.008841968,0.007437778,0.008893135
C:\Users\venka\Documents\Project\data\processed\test\Acral_Lentiginous_Melanoma\Screen-Shot-2021-11-19-at-2-11-28-AM_png.rf.2196b737c3e2e387b824e8ff30fbf610.jpg,0,Acral_Lentiginous_Melanoma,0,Acral_Lentiginous_Melanoma,0.95811737,True,0.95811737,0.0134916175,0.008033813,0.006990413,0.00643781,0.0069289887
C:\Users\venka\Documents\Project\data\processed\test\Acral_Lentiginous_Melanoma\Screen-Shot-2021-11-19-at-2-12-47-AM_png.rf.af605b32b8c090599dc185f4aac29390.jpg,0,Acral_Lentiginous_Melanoma,0,Acral_Lentiginous_Melanoma,0.9185991,True,0.9185991,0.02578797,0.010644738,0.019170823,0.010324065,0.01547329
C:\Users\venka\Documents\Project\data\processed\test\Acral_Lentiginous_Melanoma\Screen-Shot-2021-11-19-at-2-12-47-AM_png.rf.f04281edd2ddc4fcb10e3617650978fc.jpg,0,Acral_Lentiginous_Melanoma,0,Acral_Lentiginous_Melanoma,0.93696916,True,0.93696916,0.019500291,0.00759802,0.014259427,0.009148401,0.012524724
C:\Users\venka\Documents\Project\data\processed\test\Acral_Lentiginous_Melanoma\Screen-Shot-2021-11-19-at-2-13-04-AM_png.rf.4d3eb3e80791302af1b1807e55b86998.jpg,0,Acral_Lentiginous_Melanoma,0,Acral_Lentiginous_Melanoma,0.9411655,True,0.9411655,0.019022234,0.0080208685,0.010012421,0.009663446,0.012115551
C:\Users\venka\Documents\Project\data\processed\test\Acral_Lentiginous_Melanoma\Screen-Shot-2021-11-19-at-2-13-04-AM_png.rf.d5a7ff146a4d86ee96d28eace69028e4.jpg,0,Acral_Lentiginous_Melanoma,0,Acral_Lentiginous_Melanoma,0.9431277,True,0.9431277,0.01734597,0.007340264,0.010275833,0.010990035,0.010920146
C:\Users\venka\Documents\Project\data\processed\test\Acral_Lentiginous_Melanoma\Screen-Shot-2021-11-19-at-2-14-13-AM_png.rf.9660cbce1aaec42bb0c08b094f62a921.jpg,0,Acral_Lentiginous_Melanoma,0,Acral_Lentiginous_Melanoma,0.94626564,True,0.94626564,0.018119698,0.007894915,0.010541648,0.008158875,0.0090192305
C:\Users\venka\Documents\Project\data\processed\test\Acral_Lentiginous_Melanoma\Screen-Shot-2021-11-19-at-2-17-07-AM_png.rf.9a0f7760436155c743d9eaaf97c76d58.jpg,0,Acral_Lentiginous_Melanoma,0,Acral_Lentiginous_Melanoma,0.94649315,True,0.94649315,0.018008476,0.008357401,0.009022048,0.0074261804,0.010692756
C:\Users\venka\Documents\Project\data\processed\test\Acral_Lentiginous_Melanoma\Screen-Shot-2021-11-19-at-2-17-07-AM_png.rf.a37178cbefd2c3f72c2ffd42074852f5.jpg,0,Acral_Lentiginous_Melanoma,0,Acral_Lentiginous_Melanoma,0.94688493,True,0.94688493,0.017956307,0.008171284,0.009597945,0.007555502,0.009834071
C:\Users\venka\Documents\Project\data\processed\test\Acral_Lentiginous_Melanoma\Screen-Shot-2021-11-19-at-2-26-44-AM_png.rf.7e362aed364a99d850d18e2a03d30ce7.jpg,0,Acral_Lentiginous_Melanoma,0,Acral_Lentiginous_Melanoma,0.94520783,True,0.94520783,0.01778777,0.006716098,0.0129239205,0.007675234,0.009689035
C:\Users\venka\Documents\Project\data\processed\test\Acral_Lentiginous_Melanoma\Screen-Shot-2021-11-19-at-2-27-01-AM_png.rf.e1401db8fc51737dd68afb3cf9807c54.jpg,0,Acral_Lentiginous_Melanoma,0,Acral_Lentiginous_Melanoma,0.9433239,True,0.9433239,0.018892238,0.009371922,0.009909571,0.00889614,0.00960622
C:\Users\venka\Documents\Project\data\processed\test\Acral_Lentiginous_Melanoma\Screen-Shot-2021-11-19-at-2-27-33-AM_png.rf.b6708cb30f43cb115020f98cf59220a2.jpg,0,Acral_Lentiginous_Melanoma,0,Acral_Lentiginous_Melanoma,0.9456379,True,0.9456379,0.017911633,0.008288111,0.00971952,0.008722178,0.009720623
C:\Users\venka\Documents\Project\data\processed\test\Acral_Lentiginous_Melanoma\Screen-Shot-2021-11-19-at-2-27-56-AM_png.rf.73d097900279fe7340bc2c2d6902cbe5.jpg,0,Acral_Lentiginous_Melanoma,0,Acral_Lentiginous_Melanoma,0.9515537,True,0.9515537,0.017556004,0.0075419564,0.006958416,0.00807575,0.008314222
C:\Users\venka\Documents\Project\data\processed\test\Acral_Lentiginous_Melanoma\Screen-Shot-2021-11-19-at-2-30-18-AM_png.rf.4c540a33e29875f38fc7e311a3706f75.jpg,0,Acral_Lentiginous_Melanoma,0,Acral_Lentiginous_Melanoma,0.9552021,True,0.9552021,0.016410086,0.0062776627,0.008099041,0.00628846,0.0077226697
C:\Users\venka\Documents\Project\data\processed\test\Acral_Lentiginous_Melanoma\Screen-Shot-2021-11-20-at-10-04-59-PM_png.rf.4bca1f65b69fd5c28f76dc67b9a3753d.jpg,0,Acral_Lentiginous_Melanoma,0,Acral_Lentiginous_Melanoma,0.9471704,True,0.9471704,0.018059412,0.008474206,0.008985692,0.0072673787,0.010042908
C:\Users\venka\Documents\Project\data\processed\test\Acral_Lentiginous_Melanoma\Screen-Shot-2021-11-20-at-10-24-29-PM_png.rf.56724e81eeec07272eea77d625c27875.jpg,0,Acral_Lentiginous_Melanoma,0,Acral_Lentiginous_Melanoma,0.9454324,True,0.9454324,0.020309908,0.0072613354,0.011941303,0.006582003,0.008473002
C:\Users\venka\Documents\Project\data\processed\test\Acral_Lentiginous_Melanoma\Screen-Shot-2021-11-20-at-10-24-29-PM_png.rf.75206f6cfcbba7486aa8c7eeecb6c1d3.jpg,0,Acral_Lentiginous_Melanoma,0,Acral_Lentiginous_Melanoma,0.94347745,True,0.94347745,0.019328203,0.0092717875,0.009880409,0.0077748494,0.010267373
C:\Users\venka\Documents\Project\data\processed\test\Acral_Lentiginous_Melanoma\Screen-Shot-2021-11-20-at-10-25-02-PM_png.rf.787055924f2b6480dea89f2588fb3b37.jpg,0,Acral_Lentiginous_Melanoma,0,Acral_Lentiginous_Melanoma,0.94334835,True,0.94334835,0.018036034,0.009187784,0.0116482135,0.007907712,0.009872049
C:\Users\venka\Documents\Project\data\processed\test\Acral_Lentiginous_Melanoma\Screen-Shot-2021-11-20-at-10-28-12-PM_png.rf.3c036eaef8513ddd248c217a7195a233.jpg,0,Acral_Lentiginous_Melanoma,0,Acral_Lentiginous_Melanoma,0.9398925,True,0.9398925,0.020034261,0.009655521,0.010406867,0.009286581,0.010724312
C:\Users\venka\Documents\Project\data\processed\test\Acral_Lentiginous_Melanoma\Screen-Shot-2021-11-20-at-10-30-41-PM_png.rf.a97e3d81c76e60862e65f8b657db5c3e.jpg,0,Acral_Lentiginous_Melanoma,0,Acral_Lentiginous_Melanoma,0.9524724,True,0.9524724,0.015336409,0.005743598,0.010713112,0.0058001643,0.009934355
C:\Users\venka\Documents\Project\data\processed\test\Acral_Lentiginous_Melanoma\Screen-Shot-2021-11-20-at-10-40-57-PM_png.rf.c896d8a6837b555770ce6aba1bf15739.jpg,0,Acral_Lentiginous_Melanoma,0,Acral_Lentiginous_Melanoma,0.9325053,True,0.9325053,0.02247918,0.009833067,0.014594761,0.00898471,0.011603002
C:\Users\venka\Documents\Project\data\processed\test\Acral_Lentiginous_Melanoma\Screen-Shot-2021-11-20-at-7-49-00-PM_png.rf.2ab0b916fbf0c3cdefddce58cb4dcc77.jpg,0,Acral_Lentiginous_Melanoma,0,Acral_Lentiginous_Melanoma,0.9444968,True,0.9444968,0.018472642,0.009161347,0.009700587,0.008321656,0.009846942
C:\Users\venka\Documents\Project\data\processed\test\Acral_Lentiginous_Melanoma\Screen-Shot-2021-11-20-at-7-49-26-PM_png.rf.4d3d8c48f29ba530ac9fefdbaba0a440.jpg,0,Acral_Lentiginous_Melanoma,0,Acral_Lentiginous_Melanoma,0.94931555,True,0.94931555,0.013382956,0.0054418505,0.017606052,0.005680495,0.008573043
C:\Users\venka\Documents\Project\data\processed\test\Acral_Lentiginous_Melanoma\Screen-Shot-2021-11-20-at-7-49-46-PM_png.rf.38fa6498f1f7e7a89187f6528688b2ed.jpg,0,Acral_Lentiginous_Melanoma,0,Acral_Lentiginous_Melanoma,0.9423874,True,0.9423874,0.020935507,0.009208871,0.010105144,0.0076201726,0.009742864
C:\Users\venka\Documents\Project\data\processed\test\Acral_Lentiginous_Melanoma\Screen-Shot-2021-11-20-at-7-52-57-PM_png.rf.a285b1200d2b44506b97ad84ce9506e0.jpg,0,Acral_Lentiginous_Melanoma,0,Acral_Lentiginous_Melanoma,0.9428834,True,0.9428834,0.02011133,0.008525299,0.011237004,0.0077062016,0.009536807
C:\Users\venka\Documents\Project\data\processed\test\Acral_Lentiginous_Melanoma\Screen-Shot-2021-11-20-at-7-53-27-PM_png.rf.ef266f5d4a24a6529e17b9e67a1f413d.jpg,0,Acral_Lentiginous_Melanoma,0,Acral_Lentiginous_Melanoma,0.9406898,True,0.9406898,0.024344847,0.009477694,0.00918635,0.006568382,0.009732899
C:\Users\venka\Documents\Project\data\processed\test\Acral_Lentiginous_Melanoma\Screen-Shot-2021-11-20-at-7-56-35-PM_png.rf.35edd084b9cef21b9f11f52b7e4bd842.jpg,0,Acral_Lentiginous_Melanoma,0,Acral_Lentiginous_Melanoma,0.94889206,True,0.94889206,0.01562768,0.007968684,0.012211386,0.0067620445,0.008538175
C:\Users\venka\Documents\Project\data\processed\test\Acral_Lentiginous_Melanoma\Screen-Shot-2021-11-20-at-7-57-54-PM_png.rf.98d50944c8a173b2d9d781dd48a3fd00.jpg,0,Acral_Lentiginous_Melanoma,0,Acral_Lentiginous_Melanoma,0.9411643,True,0.9411643,0.019724136,0.009507794,0.0109425625,0.008004303,0.010656956
C:\Users\venka\Documents\Project\data\processed\test\Acral_Lentiginous_Melanoma\Screen-Shot-2021-11-20-at-8-00-48-PM_png.rf.3195c3538670c7b8d81f685e1766a643.jpg,0,Acral_Lentiginous_Melanoma,0,Acral_Lentiginous_Melanoma,0.9560031,True,0.9560031,0.015465154,0.007194342,0.006969585,0.0067275083,0.0076402207
C:\Users\venka\Documents\Project\data\processed\test\Acral_Lentiginous_Melanoma\Screen-Shot-2021-11-20-at-8-00-58-PM_png.rf.7dd201e29f62ceaa36e9eb7acca6d4e4.jpg,0,Acral_Lentiginous_Melanoma,0,Acral_Lentiginous_Melanoma,0.9467727,True,0.9467727,0.018694999,0.009718038,0.0077464655,0.0077721686,0.009295555
C:\Users\venka\Documents\Project\data\processed\test\Acral_Lentiginous_Melanoma\Screen-Shot-2021-11-20-at-8-04-14-PM_png.rf.3be306a4994e4ba819cd8a2eec8399c0.jpg,0,Acral_Lentiginous_Melanoma,0,Acral_Lentiginous_Melanoma,0.94811463,True,0.94811463,0.016834935,0.0077314884,0.009739625,0.008126445,0.009452922
C:\Users\venka\Documents\Project\data\processed\test\Acral_Lentiginous_Melanoma\Screen-Shot-2021-11-20-at-8-08-29-PM_png.rf.c49acb28bc7afaaf6a6b53c24dfa1dcc.jpg,0,Acral_Lentiginous_Melanoma,0,Acral_Lentiginous_Melanoma,0.94141346,True,0.94141346,0.01870914,0.010092353,0.009688658,0.008974993,0.011121404
C:\Users\venka\Documents\Project\data\processed\test\Acral_Lentiginous_Melanoma\Screen-Shot-2021-11-20-at-8-10-21-PM_png.rf.31e544d37ad8a522815ec1ae2b00ec7e.jpg,0,Acral_Lentiginous_Melanoma,0,Acral_Lentiginous_Melanoma,0.923,True,0.923,0.020758629,0.010081096,0.018431088,0.018707873,0.009021356
C:\Users\venka\Documents\Project\data\processed\test\Acral_Lentiginous_Melanoma\Screen-Shot-2021-11-20-at-8-17-41-PM_png.rf.27789e84d5f5ed0321cbe367950864bc.jpg,0,Acral_Lentiginous_Melanoma,0,Acral_Lentiginous_Melanoma,0.94677263,True,0.94677263,0.017622463,0.007184363,0.0112023605,0.008066958,0.009151257
C:\Users\venka\Documents\Project\data\processed\test\Acral_Lentiginous_Melanoma\Screen-Shot-2021-11-20-at-8-18-57-PM_png.rf.cc4bd580ede15e97480ab4eef6d4d330.jpg,0,Acral_Lentiginous_Melanoma,0,Acral_Lentiginous_Melanoma,0.9461317,True,0.9461317,0.017464029,0.008188133,0.010412224,0.008218739,0.00958519
C:\Users\venka\Documents\Project\data\processed\test\Acral_Lentiginous_Melanoma\Screen-Shot-2021-11-20-at-8-19-36-PM_png.rf.ed8f7cdb6bb37c7478ad5de1cebbe8c4.jpg,0,Acral_Lentiginous_Melanoma,0,Acral_Lentiginous_Melanoma,0.93937945,True,0.93937945,0.020117799,0.00918786,0.013302469,0.008225163,0.009787313
C:\Users\venka\Documents\Project\data\processed\test\Acral_Lentiginous_Melanoma\Screen-Shot-2021-11-20-at-8-19-44-PM_png.rf.ff99432db18e600c9322229e7f6dfbdd.jpg,0,Acral_Lentiginous_Melanoma,0,Acral_Lentiginous_Melanoma,0.8822275,True,0.8822275,0.018037396,0.00779214,0.07539185,0.0072921365,0.009258971
C:\Users\venka\Documents\Project\data\processed\test\Acral_Lentiginous_Melanoma\Screen-Shot-2021-11-20-at-8-19-58-PM_png.rf.ec028e7900c519619ffe896d06ed3563.jpg,0,Acral_Lentiginous_Melanoma,0,Acral_Lentiginous_Melanoma,0.94188863,True,0.94188863,0.01779524,0.008188508,0.011294248,0.009772268,0.011061156
C:\Users\venka\Documents\Project\data\processed\test\Acral_Lentiginous_Melanoma\Screen-Shot-2021-11-20-at-8-20-37-PM_png.rf.1177b908bb1bdf00d199844d967a21b6.jpg,0,Acral_Lentiginous_Melanoma,0,Acral_Lentiginous_Melanoma,0.94047654,True,0.94047654,0.018805927,0.009522261,0.011226816,0.009651341,0.010317132
C:\Users\venka\Documents\Project\data\processed\test\Acral_Lentiginous_Melanoma\Screen-Shot-2021-11-20-at-8-24-21-PM_png.rf.0f2dbe76a7763a4b85d582ba285fb3d7.jpg,0,Acral_Lentiginous_Melanoma,0,Acral_Lentiginous_Melanoma,0.94604814,True,0.94604814,0.018698653,0.008026005,0.008726398,0.009361215,0.009139564
C:\Users\venka\Documents\Project\data\processed\test\Acral_Lentiginous_Melanoma\Screen-Shot-2021-11-20-at-8-24-21-PM_png.rf.265a60011509c37fc669aeb2bc4dd86c.jpg,0,Acral_Lentiginous_Melanoma,0,Acral_Lentiginous_Melanoma,0.9477156,True,0.9477156,0.018451797,0.007893477,0.008169001,0.008795906,0.008974224
C:\Users\venka\Documents\Project\data\processed\test\Acral_Lentiginous_Melanoma\Screen-Shot-2021-11-20-at-8-26-37-PM_png.rf.2c509916dff46da2beafd840d9976060.jpg,0,Acral_Lentiginous_Melanoma,0,Acral_Lentiginous_Melanoma,0.9469105,True,0.9469105,0.02056148,0.011877977,0.006800128,0.0062540057,0.007595901
C:\Users\venka\Documents\Project\data\processed\test\Acral_Lentiginous_Melanoma\Screen-Shot-2021-11-20-at-8-26-59-PM_png.rf.3d83a31597c3eea022d92db406a40a34.jpg,0,Acral_Lentiginous_Melanoma,0,Acral_Lentiginous_Melanoma,0.9468135,True,0.9468135,0.017533883,0.008622734,0.009879449,0.006979967,0.010170408
C:\Users\venka\Documents\Project\data\processed\test\Acral_Lentiginous_Melanoma\Screen-Shot-2021-11-20-at-8-28-25-PM_png.rf.3f90a16cdb98234cf27b2b42847c369b.jpg,0,Acral_Lentiginous_Melanoma,0,Acral_Lentiginous_Melanoma,0.95849144,True,0.95849144,0.016377484,0.0062749432,0.0054660765,0.0052340785,0.008155973
C:\Users\venka\Documents\Project\data\processed\test\Acral_Lentiginous_Melanoma\Screen-Shot-2021-11-20-at-8-28-59-PM_png.rf.0bea19500f8b69b961a6c6a79017704f.jpg,0,Acral_Lentiginous_Melanoma,0,Acral_Lentiginous_Melanoma,0.94279045,True,0.94279045,0.020970263,0.007951024,0.009998822,0.0079875095,0.010301934
C:\Users\venka\Documents\Project\data\processed\test\Acral_Lentiginous_Melanoma\Screen-Shot-2021-11-20-at-8-29-24-PM_png.rf.6cf07d1e9803394a8a589e241a272ab8.jpg,0,Acral_Lentiginous_Melanoma,0,Acral_Lentiginous_Melanoma,0.94345486,True,0.94345486,0.018112898,0.009214323,0.009117232,0.007356341,0.012744356
C:\Users\venka\Documents\Project\data\processed\test\Acral_Lentiginous_Melanoma\Screen-Shot-2021-11-20-at-8-34-56-PM_png.rf.72ce587793ab2915b099dc0e0991d666.jpg,0,Acral_Lentiginous_Melanoma,0,Acral_Lentiginous_Melanoma,0.94471574,True,0.94471574,0.018738026,0.008838547,0.010592434,0.0066659874,0.010449238
C:\Users\venka\Documents\Project\data\processed\test\Acral_Lentiginous_Melanoma\Screen-Shot-2021-11-20-at-8-35-45-PM_png.rf.d8bf9d4fce4fbf529a7bc20a35774965.jpg,0,Acral_Lentiginous_Melanoma,0,Acral_Lentiginous_Melanoma,0.6357526,True,0.6357526,0.032582473,0.012009392,0.29240087,0.016519206,0.010735444
C:\Users\venka\Documents\Project\data\processed\test\Acral_Lentiginous_Melanoma\Screen-Shot-2021-11-20-at-8-36-28-PM_png.rf.4f19bcd940707d52c460b9928b0c0b9e.jpg,0,Acral_Lentiginous_Melanoma,0,Acral_Lentiginous_Melanoma,0.9405489,True,0.9405489,0.018316172,0.00948589,0.011691028,0.00933882,0.010619246
C:\Users\venka\Documents\Project\data\processed\test\Acral_Lentiginous_Melanoma\Screen-Shot-2021-11-20-at-8-36-28-PM_png.rf.a0ef3501b28b4449d2f6e29070d68df0.jpg,0,Acral_Lentiginous_Melanoma,0,Acral_Lentiginous_Melanoma,0.9459576,True,0.9459576,0.01752307,0.008197947,0.0094321,0.00880568,0.010083647
C:\Users\venka\Documents\Project\data\processed\test\Acral_Lentiginous_Melanoma\Screen-Shot-2021-11-20-at-8-37-53-PM_png.rf.151e47104229715650edf3d2c616cd97.jpg,0,Acral_Lentiginous_Melanoma,0,Acral_Lentiginous_Melanoma,0.9412564,True,0.9412564,0.019430786,0.0082378965,0.011658834,0.009442409,0.0099737365
C:\Users\venka\Documents\Project\data\processed\test\Acral_Lentiginous_Melanoma\Screen-Shot-2021-11-20-at-9-40-12-PM_png.rf.70c56945c09ee61fabe87c2d49b43524.jpg,0,Acral_Lentiginous_Melanoma,0,Acral_Lentiginous_Melanoma,0.94765353,True,0.94765353,0.018081563,0.008247203,0.00878581,0.00819326,0.009038667
C:\Users\venka\Documents\Project\data\processed\test\Acral_Lentiginous_Melanoma\Screen-Shot-2021-11-20-at-9-40-12-PM_png.rf.a64261b30e41669e1bda873e33209cb8.jpg,0,Acral_Lentiginous_Melanoma,0,Acral_Lentiginous_Melanoma,0.94885063,True,0.94885063,0.017700225,0.008383113,0.008440693,0.0077625928,0.008862683
C:\Users\venka\Documents\Project\data\processed\test\Acral_Lentiginous_Melanoma\Screen-Shot-2021-11-20-at-9-40-24-PM_png.rf.2e583a7fc84f93371b442de3084d0dec.jpg,0,Acral_Lentiginous_Melanoma,0,Acral_Lentiginous_Melanoma,0.9435842,True,0.9435842,0.019026602,0.0080813775,0.010644646,0.008306824,0.010356245
C:\Users\venka\Documents\Project\data\processed\test\Acral_Lentiginous_Melanoma\Screen-Shot-2021-11-20-at-9-40-24-PM_png.rf.a13698104d86da1cf606e43a4b261213.jpg,0,Acral_Lentiginous_Melanoma,0,Acral_Lentiginous_Melanoma,0.9396641,True,0.9396641,0.01972648,0.008173408,0.014907946,0.0074421572,0.010085865
C:\Users\venka\Documents\Project\data\processed\test\Acral_Lentiginous_Melanoma\Screen-Shot-2021-11-20-at-9-40-40-PM_png.rf.4f81e7421f562007071bed7301865fbf.jpg,0,Acral_Lentiginous_Melanoma,0,Acral_Lentiginous_Melanoma,0.94865394,True,0.94865394,0.017385503,0.0073187463,0.009931724,0.00761973,0.009090359
C:\Users\venka\Documents\Project\data\processed\test\Acral_Lentiginous_Melanoma\Screen-Shot-2021-11-20-at-9-44-26-PM_png.rf.40c5dc15cf021028b66093a6950f24d3.jpg,0,Acral_Lentiginous_Melanoma,0,Acral_Lentiginous_Melanoma,0.95272195,True,0.95272195,0.01632663,0.0070531783,0.008315574,0.0074560386,0.008126629
C:\Users\venka\Documents\Project\data\processed\test\Acral_Lentiginous_Melanoma\Screen-Shot-2021-11-20-at-9-44-34-PM_png.rf.4fa5a021cf00243d0650ba18e6fd1986.jpg,0,Acral_Lentiginous_Melanoma,0,Acral_Lentiginous_Melanoma,0.94072336,True,0.94072336,0.017958317,0.008532788,0.011072232,0.0075378967,0.01417541
C:\Users\venka\Documents\Project\data\processed\test\Acral_Lentiginous_Melanoma\hutchinsons-nail-melanoma-Nameer-Al-Sudany_png.rf.0ac0ae87f994c75ff150cba6897a5e72.jpg,0,Acral_Lentiginous_Melanoma,0,Acral_Lentiginous_Melanoma,0.9488911,True,0.9488911,0.020332122,0.0070723766,0.0085701905,0.006905858,0.008228324
C:\Users\venka\Documents\Project\data\processed\test\Acral_Lentiginous_Melanoma\hutchinsons-nail-melanoma-Nameer-Al-Sudany_png.rf.6e0ffcf4ec169817436e1047a6992284.jpg,0,Acral_Lentiginous_Melanoma,0,Acral_Lentiginous_Melanoma,0.9473332,True,0.9473332,0.022231206,0.007650633,0.0078077773,0.006856133,0.008121038
C:\Users\venka\Documents\Project\data\processed\test\Acral_Lentiginous_Melanoma\nail-melanoma-2-300x180_jpg.rf.15e478ceef3c930f98f08d67d4527183.jpg,0,Acral_Lentiginous_Melanoma,0,Acral_Lentiginous_Melanoma,0.9457962,True,0.9457962,0.019299228,0.007809474,0.009342483,0.008043945,0.0097086765
C:\Users\venka\Documents\Project\data\processed\test\Acral_Lentiginous_Melanoma\p-1-womans-story-shows-why-you-should-never-ignore-black-line-on-your-nail-1506429403_jpg.rf.88ee9943b08313dde0aa6071626e751b.jpg,0,Acral_Lentiginous_Melanoma,0,Acral_Lentiginous_Melanoma,0.94492674,True,0.94492674,0.018375792,0.0077494024,0.0116436,0.0086151045,0.008689391
C:\Users\venka\Documents\Project\data\processed\test\Acral_Lentiginous_Melanoma\prf_11_18_11_jpg.rf.57de670fa468da5dff96e0c2c6bce4fc.jpg,0,Acral_Lentiginous_Melanoma,0,Acral_Lentiginous_Melanoma,0.9559739,True,0.9559739,0.0142956,0.005288419,0.012049008,0.0053155846,0.007077355
C:\Users\venka\Documents\Project\data\processed\test\Healthy_Nail\h104_png.rf.a9d878a9da04641c85603d3e42c8360a.jpg,1,Healthy_Nail,1,Healthy_Nail,0.9786308,True,0.003914228,0.9786308,0.0045674434,0.004949145,0.0034556435,0.0044827075
C:\Users\venka\Documents\Project\data\processed\test\Healthy_Nail\h111_png.rf.ebeeca767049de4f1ab0698fe11c4cd9.jpg,1,Healthy_Nail,1,Healthy_Nail,0.979179,True,0.003971865,0.979179,0.0040785894,0.004642217,0.0035448074,0.004583502
C:\Users\venka\Documents\Project\data\processed\test\Healthy_Nail\h118_png.rf.923dc61b6027a6ac9b5645c1758b0cc7.jpg,1,Healthy_Nail,1,Healthy_Nail,0.9792972,True,0.0039231605,0.9792972,0.0040475065,0.004694218,0.003496925,0.004541029
C:\Users\venka\Documents\Project\data\processed\test\Healthy_Nail\h126_png.rf.fe389450428b17b72749de4debe2a368.jpg,1,Healthy_Nail,1,Healthy_Nail,0.97919124,True,0.0038021277,0.97919124,0.004236119,0.004822217,0.0035828238,0.0043655117
C:\Users\venka\Documents\Project\data\processed\test\Healthy_Nail\h132_png.rf.f837aa21de478ec2bff354d8fb39afff.jpg,1,Healthy_Nail,0,Acral_Lentiginous_Melanoma,0.40702754,False,0.40702754,0.13684474,0.013786672,0.2793354,0.13131121,0.031694453
C:\Users\venka\Documents\Project\data\processed\test\Healthy_Nail\h139_png.rf.d49706dd9198a3b97dbc61179887a4d6.jpg,1,Healthy_Nail,1,Healthy_Nail,0.9786139,True,0.0040071346,0.9786139,0.0043138894,0.004812248,0.003622875,0.0046299594
C:\Users\venka\Documents\Project\data\processed\test\Healthy_Nail\h141_png.rf.0510aaee32ef8560e7cc658e8cd53e83.jpg,1,Healthy_Nail,1,Healthy_Nail,0.9791946,True,0.0038718546,0.9791946,0.004169239,0.004955511,0.0036223598,0.0041864477
C:\Users\venka\Documents\Project\data\processed\test\Healthy_Nail\h141_png.rf.346abfd529845353266b5e9370558e8d.jpg,1,Healthy_Nail,1,Healthy_Nail,0.97977144,True,0.0038735205,0.97977144,0.004087131,0.00443823,0.0035176682,0.004312012
C:\Users\venka\Documents\Project\data\processed\test\Healthy_Nail\h14_png.rf.2e14dbbd69dfe15e888521fd5a4a9f5f.jpg,1,Healthy_Nail,1,Healthy_Nail,0.9778461,True,0.0039174724,0.9778461,0.004618663,0.005452261,0.0038471739,0.0043183854
C:\Users\venka\Documents\Project\data\processed\test\Healthy_Nail\h156_png.rf.16a36faf90963d495bf9253a70dcdb06.jpg,1,Healthy_Nail,1,Healthy_Nail,0.9786143,True,0.004024468,0.9786143,0.0041450057,0.004670177,0.0037621004,0.004783946
C:\Users\venka\Documents\Project\data\processed\test\Healthy_Nail\h160_png.rf.e2ec562dc82ec424d5df6a526273650e.jpg,1,Healthy_Nail,1,Healthy_Nail,0.97865385,True,0.0038829348,0.97865385,0.0039068707,0.005150798,0.0036485044,0.0047570993
C:\Users\venka\Documents\Project\data\processed\test\Healthy_Nail\h161_png.rf.edfd3c4123fcd7262eb94b254e1f1ee7.jpg,1,Healthy_Nail,1,Healthy_Nail,0.9793921,True,0.0038126272,0.9793921,0.003962313,0.0047250884,0.0032434324,0.0048643737
C:\Users\venka\Documents\Project\data\processed\test\Healthy_Nail\h174_png.rf.c095281995d82f165c0a95227e62e282.jpg,1,Healthy_Nail,1,Healthy_Nail,0.9788583,True,0.004064297,0.9788583,0.004286903,0.0047736866,0.0033750292,0.0046418896
C:\Users\venka\Documents\Project\data\processed\test\Healthy_Nail\h175_png.rf.f8e029cd77f6bd4fb36dbcfafd845975.jpg,1,Healthy_Nail,1,Healthy_Nail,0.97869164,True,0.004001658,0.97869164,0.004220159,0.0046504675,0.0037304817,0.004705573
C:\Users\venka\Documents\Project\data\processed\test\Healthy_Nail\h180_png.rf.b496b2324621bf7de58f06d2c6f7eaf6.jpg,1,Healthy_Nail,1,Healthy_Nail,0.97877437,True,0.003990201,0.97877437,0.0039985664,0.004873816,0.003753215,0.0046099233
C:\Users\venka\Documents\Project\data\processed\test\Healthy_Nail\h183_png.rf.0913ad03f9e3335bd99d568cd6890fbc.jpg,1,Healthy_Nail,1,Healthy_Nail,0.9770849,True,0.004379377,0.9770849,0.00547929,0.004876194,0.0035858063,0.0045944457
C:\Users\venka\Documents\Project\data\processed\test\Healthy_Nail\h183_png.rf.29bfe60873ddb26daf1a08f04172d1fb.jpg,1,Healthy_Nail,1,Healthy_Nail,0.97935987,True,0.003855372,0.97935987,0.003990411,0.0046476885,0.0036822313,0.0044644326
C:\Users\venka\Documents\Project\data\processed\test\Healthy_Nail\h184_png.rf.84c32ebbc134638d6fb6a2ce6b36dd43.jpg,1,Healthy_Nail,1,Healthy_Nail,0.97902054,True,0.003908763,0.97902054,0.004033061,0.00493922,0.0035617196,0.004536697
C:\Users\venka\Documents\Project\data\processed\test\Healthy_Nail\h188_png.rf.fef821d12b34074953ae66f15eea9bd1.jpg,1,Healthy_Nail,1,Healthy_Nail,0.97958404,True,0.0037506712,0.97958404,0.0037698334,0.0049921176,0.0034600138,0.0044432925
C:\Users\venka\Documents\Project\data\processed\test\Healthy_Nail\h198_png.rf.4b0dc37f37a55cb453d7cab97297d74d.jpg,1,Healthy_Nail,1,Healthy_Nail,0.97887665,True,0.004030226,0.97887665,0.004129919,0.004766014,0.0036717711,0.004525358
C:\Users\venka\Documents\Project\data\processed\test\Healthy_Nail\h198_png.rf.c5b93f9355e168321af43179bc94f9d0.jpg,1,Healthy_Nail,1,Healthy_Nail,0.97851574,True,0.004102198,0.97851574,0.0042196033,0.004883863,0.0037576898,0.0045209075
C:\Users\venka\Documents\Project\data\processed\test\Healthy_Nail\h200_png.rf.13175718027e6970f4d6bf5219118ed2.jpg,1,Healthy_Nail,1,Healthy_Nail,0.97903866,True,0.00390424,0.97903866,0.0040947935,0.004676198,0.0037118073,0.004574199
C:\Users\venka\Documents\Project\data\processed\test\Healthy_Nail\h220_png.rf.90f50aaad882dd8340f5d84f517b2cc7.jpg,1,Healthy_Nail,1,Healthy_Nail,0.9793128,True,0.0038127075,0.9793128,0.004159797,0.004949119,0.0035321957,0.0042334744
C:\Users\venka\Documents\Project\data\processed\test\Healthy_Nail\h232_png.rf.12d122e6d592038cc3dd3baecf93057a.jpg,1,Healthy_Nail,1,Healthy_Nail,0.97845846,True,0.004063342,0.97845846,0.0042270976,0.0047530886,0.0038583989,0.004639478
C:\Users\venka\Documents\Project\data\processed\test\Healthy_Nail\h251_png.rf.f90e932f96280e47669a748a805ca65a.jpg,1,Healthy_Nail,1,Healthy_Nail,0.979186,True,0.0039409744,0.979186,0.003946539,0.0048016845,0.0036264588,0.0044983267
C:\Users\venka\Documents\Project\data\processed\test\Healthy_Nail\h255_png.rf.bb2f41470ed0423b54e19a94711d27fd.jpg,1,Healthy_Nail,1,Healthy_Nail,0.9787011,True,0.0039436333,0.9787011,0.0041366047,0.0046511074,0.003924426,0.0046431297
C:\Users\venka\Documents\Project\data\processed\test\Healthy_Nail\h260_png.rf.3dc359076d07fc4e618fff2f186f030f.jpg,1,Healthy_Nail,1,Healthy_Nail,0.9793991,True,0.0038076092,0.9793991,0.004208829,0.004638215,0.0035163735,0.0044299033
C:\Users\venka\Documents\Project\data\processed\test\Healthy_Nail\h270_png.rf.bf8b27a483b7a12f179ac401c7f4eb7b.jpg,1,Healthy_Nail,1,Healthy_Nail,0.9789468,True,0.0038146225,0.9789468,0.0040299767,0.004988354,0.0037790202,0.0044411984
C:\Users\venka\Documents\Project\data\processed\test\Healthy_Nail\h279_png.rf.027bd495aee5613783a74fded98bea91.jpg,1,Healthy_Nail,1,Healthy_Nail,0.9784047,True,0.003957599,0.9784047,0.004294542,0.004710712,0.0038086618,0.004823762
C:\Users\venka\Documents\Project\data\processed\test\Healthy_Nail\h27_png.rf.9b007d56afacd71d36f9bde6bc96de28.jpg,1,Healthy_Nail,1,Healthy_Nail,0.97933275,True,0.003854824,0.97933275,0.003853398,0.0046238014,0.00412724,0.004207926
C:\Users\venka\Documents\Project\data\processed\test\Healthy_Nail\h287_png.rf.13ce89991698acbba2b72de1a24c1f21.jpg,1,Healthy_Nail,1,Healthy_Nail,0.9789634,True,0.004037581,0.9789634,0.0041067344,0.004616298,0.0037707463,0.0045052436
C:\Users\venka\Documents\Project\data\processed\test\Healthy_Nail\h30_png.rf.d024b6b6f73a9a4c7d5e3b6037195d6d.jpg,1,Healthy_Nail,3,blue_finger,0.49766055,False,0.42144412,0.0404485,0.0126592815,0.49766055,0.012239328,0.015548222
C:\Users\venka\Documents\Project\data\processed\test\Healthy_Nail\h32_png.rf.359367efa0a82fcebecb401b28687641.jpg,1,Healthy_Nail,1,Healthy_Nail,0.97904384,True,0.003769393,0.97904384,0.003967088,0.0052201874,0.0032532078,0.0047464375
C:\Users\venka\Documents\Project\data\processed\test\Healthy_Nail\h33_png.rf.c731aa01b059058e8fa6c0b62238c493.jpg,1,Healthy_Nail,1,Healthy_Nail,0.9786012,True,0.004027133,0.9786012,0.0040835952,0.0050278013,0.0038209427,0.0044391965
C:\Users\venka\Documents\Project\data\processed\test\Healthy_Nail\h43_png.rf.f72020a819108f8cb3c030e350a598c9.jpg,1,Healthy_Nail,1,Healthy_Nail,0.97819555,True,0.004077807,0.97819555,0.0043682926,0.0048564645,0.003815574,0.0046862997
C:\Users\venka\Documents\Project\data\processed\test\Healthy_Nail\h44_png.rf.5bac7734223249eb4a86d8ce0b85d37e.jpg,1,Healthy_Nail,1,Healthy_Nail,0.9791789,True,0.003910514,0.9791789,0.0041338787,0.0049693165,0.0035855065,0.0042219516
C:\Users\venka\Documents\Project\data\processed\test\Healthy_Nail\h45_png.rf.ab5e1ddce36707185521a8c2686ffdc5.jpg,1,Healthy_Nail,1,Healthy_Nail,0.9790932,True,0.003882763,0.9790932,0.0040520155,0.004693869,0.0037807676,0.0044973
C:\Users\venka\Documents\Project\data\processed\test\Healthy_Nail\h46_png.rf.141839ec8f4de29255c1a25e61eb4ef6.jpg,1,Healthy_Nail,1,Healthy_Nail,0.97876203,True,0.004059408,0.97876203,0.0043358197,0.004944357,0.0034419694,0.0044565015
C:\Users\venka\Documents\Project\data\processed\test\Healthy_Nail\h50_png.rf.57de926113e49f4d35dcea713fd75da9.jpg,1,Healthy_Nail,1,Healthy_Nail,0.97892624,True,0.0039535505,0.97892624,0.003871388,0.005243321,0.003642739,0.0043627596
C:\Users\venka\Documents\Project\data\processed\test\Healthy_Nail\h53_png.rf.a395cd41b3201ea7ddf73762e4f42903.jpg,1,Healthy_Nail,1,Healthy_Nail,0.97885644,True,0.0036652405,0.97885644,0.004126142,0.005250627,0.0032861866,0.004815332
C:\Users\venka\Documents\Project\data\processed\test\Healthy_Nail\h58_png.rf.4fa3217d68dbf56a8e3fe4da5806f925.jpg,1,Healthy_Nail,1,Healthy_Nail,0.979043,True,0.0039566266,0.979043,0.004113366,0.0046261977,0.003510037,0.0047507584
C:\Users\venka\Documents\Project\data\processed\test\Healthy_Nail\h58_png.rf.54eb6d3ba2631938b145b467aa3aa4a3.jpg,1,Healthy_Nail,1,Healthy_Nail,0.9782828,True,0.004102673,0.9782828,0.004386946,0.0051354277,0.0035050781,0.004587162
C:\Users\venka\Documents\Project\data\processed\test\Healthy_Nail\h61_png.rf.9991b929612f1c1295f496f4d4f9055f.jpg,1,Healthy_Nail,1,Healthy_Nail,0.9785534,True,0.0039973473,0.9785534,0.0041839476,0.0052620014,0.0034303118,0.0045729964
C:\Users\venka\Documents\Project\data\processed\test\Healthy_Nail\h68_png.rf.96bbb14eab5b7a57d29c989530ce9923.jpg,1,Healthy_Nail,1,Healthy_Nail,0.98079544,True,0.0034354145,0.98079544,0.0037852789,0.004634306,0.0031920648,0.0041574566
C:\Users\venka\Documents\Project\data\processed\test\Healthy_Nail\h71_png.rf.04f738cd92eb9e66495d71a6f42653bf.jpg,1,Healthy_Nail,1,Healthy_Nail,0.9793387,True,0.0038985356,0.9793387,0.0041079903,0.004804401,0.0035226445,0.0043276325
C:\Users\venka\Documents\Project\data\processed\test\Healthy_Nail\h79_png.rf.12e27c25eb06da801e6eb883f678e13f.jpg,1,Healthy_Nail,1,Healthy_Nail,0.9787179,True,0.0039856257,0.9787179,0.004585805,0.0044360417,0.003679153,0.0045954403
C:\Users\venka\Documents\Project\data\processed\test\Healthy_Nail\h7_png.rf.d3e5329860a2f1204ffcfa7f7b723337.jpg,1,Healthy_Nail,1,Healthy_Nail,0.9786003,True,0.0039035098,0.9786003,0.004062918,0.005059342,0.0036483149,0.004725615
C:\Users\venka\Documents\Project\data\processed\test\Healthy_Nail\h82_png.rf.fa3a523852b26d85a11351f7f5024d11.jpg,1,Healthy_Nail,1,Healthy_Nail,0.9795573,True,0.0037993907,0.9795573,0.004101705,0.00449376,0.0036441728,0.004403747
C:\Users\venka\Documents\Project\data\processed\test\Healthy_Nail\h8_png.rf.18cf8f42edd727f5773d16367ea90206.jpg,1,Healthy_Nail,1,Healthy_Nail,0.9788794,True,0.0035684255,0.9788794,0.00376415,0.005354938,0.0033811326,0.0050519584
C:\Users\venka\Documents\Project\data\processed\test\Healthy_Nail\h94_png.rf.28b247a7026c205d5fac12f94c9eb0d1.jpg,1,Healthy_Nail,1,Healthy_Nail,0.9787123,True,0.0039419807,0.9787123,0.004283093,0.0048325453,0.0036263366,0.00460374
C:\Users\venka\Documents\Project\data\processed\test\Healthy_Nail\h96_png.rf.4c9214d277495117ddd887e99a368924.jpg,1,Healthy_Nail,1,Healthy_Nail,0.9796815,True,0.0037861308,0.9796815,0.0039291717,0.004841699,0.003606056,0.004155476
C:\Users\venka\Documents\Project\data\processed\test\Onychogryphosis\Screen-Shot-2021-11-16-at-10-23-59-PM_png.rf.474828b6f410e39be4baee0e07688b7e.jpg,2,Onychogryphosis,2,Onychogryphosis,0.94725007,True,0.007942304,0.018444248,0.94725007,0.008947764,0.0073098745,0.010105768
C:\Users\venka\Documents\Project\data\processed\test\Onychogryphosis\Screen-Shot-2021-11-16-at-10-24-09-PM_png.rf.864ca33e07c8aca34ad661182541cce1.jpg,2,Onychogryphosis,2,Onychogryphosis,0.9477277,True,0.009138974,0.017765522,0.9477277,0.009199569,0.0072719767,0.008896266
C:\Users\venka\Documents\Project\data\processed\test\Onychogryphosis\Screen-Shot-2021-11-16-at-10-50-37-PM_png.rf.7b004b66ab876390c38bd8539bd1f19d.jpg,2,Onychogryphosis,2,Onychogryphosis,0.9433846,True,0.011310488,0.016980898,0.9433846,0.0090817725,0.006275136,0.012967105
C:\Users\venka\Documents\Project\data\processed\test\Onychogryphosis\Screen-Shot-2021-11-16-at-10-50-37-PM_png.rf.b3d08086fca585d851cb164e60077075.jpg,2,Onychogryphosis,2,Onychogryphosis,0.94738144,True,0.0075109284,0.017883562,0.94738144,0.008671936,0.006435512,0.012116627
C:\Users\venka\Documents\Project\data\processed\test\Onychogryphosis\Screen-Shot-2021-11-16-at-10-50-56-PM_png.rf.30471892cf5172a23621ac3e2679f780.jpg,2,Onychogryphosis,2,Onychogryphosis,0.9463357,True,0.008661934,0.019145569,0.9463357,0.0089501,0.007514807,0.009391835
C:\Users\venka\Documents\Project\data\processed\test\Onychogryphosis\Screenshot-2021-11-19-004020_png.rf.7917b3969d3c69cc2fd1db5c938dd42a.jpg,2,Onychogryphosis,2,Onychogryphosis,0.9528046,True,0.005730657,0.016294993,0.9528046,0.009392295,0.0065758093,0.00920161
C:\Users\venka\Documents\Project\data\processed\test\Onychogryphosis\Screenshot-2021-11-19-004044_png.rf.a980597f1cef7522d19aa3867f8adce7.jpg,2,Onychogryphosis,2,Onychogryphosis,0.9531761,True,0.006304406,0.015127328,0.9531761,0.0095545575,0.00687472,0.008962983
C:\Users\venka\Documents\Project\data\processed\test\Onychogryphosis\Screenshot-2021-11-19-004140_png.rf.00e67b96eef54f23a92447e9b71b4f6c.jpg,2,Onychogryphosis,2,Onychogryphosis,0.9520829,True,0.009551394,0.015579314,0.9520829,0.008889855,0.0060929433,0.007803632
C:\Users\venka\Documents\Project\data\processed\test\Onychogryphosis\Screenshot-2021-11-19-004228_png.rf.e5493d6cdc6a7e0e490c8ec4c9b2cc94.jpg,2,Onychogryphosis,2,Onychogryphosis,0.94747037,True,0.007749454,0.018447986,0.94747037,0.009566689,0.0073124464,0.009453123
C:\Users\venka\Documents\Project\data\processed\test\Onychogryphosis\Screenshot-2021-11-19-004245_png.rf.3aad5399770b399762b6982ec93e3cd4.jpg,2,Onychogryphosis,2,Onychogryphosis,0.9534822,True,0.006738198,0.015886765,0.9534822,0.008612285,0.006147094,0.009133469
C:\Users\venka\Documents\Project\data\processed\test\Onychogryphosis\Screenshot-2021-11-19-005529_png.rf.ace0a2936805480bd2a6677bcb744a35.jpg,2,Onychogryphosis,2,Onychogryphosis,0.94724643,True,0.0075971824,0.01814238,0.94724643,0.010680142,0.0073445267,0.008989315
C:\Users\venka\Documents\Project\data\processed\test\Onychogryphosis\Screenshot-2021-11-19-005556_png.rf.1383dfc5938979d08ad18770319d96fb.jpg,2,Onychogryphosis,2,Onychogryphosis,0.9535072,True,0.0062985388,0.014750471,0.9535072,0.009000068,0.005763236,0.010680536
C:\Users\venka\Documents\Project\data\processed\test\Onychogryphosis\Screenshot-2021-11-19-005556_png.rf.210dcad0e47babbef7c4f852df862785.jpg,2,Onychogryphosis,2,Onychogryphosis,0.93931246,True,0.010173819,0.018782357,0.93931246,0.011900664,0.008352912,0.011477797
C:\Users\venka\Documents\Project\data\processed\test\Onychogryphosis\Screenshot-2021-11-19-005611_png.rf.badd7102a280d9b29b9f998722a66fcc.jpg,2,Onychogryphosis,2,Onychogryphosis,0.9408854,True,0.00799753,0.019598661,0.9408854,0.011928132,0.009852968,0.0097372485
C:\Users\venka\Documents\Project\data\processed\test\Onychogryphosis\Screenshot-2021-11-19-010109_png.rf.0223026760ccc4f75732c511c8b735bd.jpg,2,Onychogryphosis,2,Onychogryphosis,0.9477003,True,0.007647509,0.0183956,0.9477003,0.008995016,0.0071846014,0.010077034
C:\Users\venka\Documents\Project\data\processed\test\Onychogryphosis\Screenshot-2021-11-19-010109_png.rf.1db8d003037b29db110d870740bafa67.jpg,2,Onychogryphosis,2,Onychogryphosis,0.946969,True,0.0071217567,0.016627496,0.946969,0.008624825,0.007055587,0.013601375
C:\Users\venka\Documents\Project\data\processed\test\Onychogryphosis\Screenshot-2021-11-19-010147_png.rf.7cb20510a2d6d2d9c6fea995c8764380.jpg,2,Onychogryphosis,2,Onychogryphosis,0.9500556,True,0.007429731,0.018314533,0.9500556,0.008056803,0.0072710407,0.008872254
C:\Users\venka\Documents\Project\data\processed\test\Onychogryphosis\Screenshot-2021-11-19-010215_png.rf.92a34bd70a355709199a94f939490de6.jpg,2,Onychogryphosis,2,Onychogryphosis,0.9453396,True,0.009271121,0.018884446,0.9453396,0.010190649,0.007275421,0.0090387575
C:\Users\venka\Documents\Project\data\processed\test\Onychogryphosis\Screenshot-2021-11-19-010332_png.rf.9eb9e9cf26c4acb3e5bb99ac776dce38.jpg,2,Onychogryphosis,2,Onychogryphosis,0.94931436,True,0.0070930608,0.018423948,0.94931436,0.009277021,0.0067512486,0.0091403825
C:\Users\venka\Documents\Project\data\processed\test\Onychogryphosis\Screenshot-2021-11-19-010434_png.rf.2c67f735311f06475b15bd382873bfb5.jpg,2,Onychogryphosis,2,Onychogryphosis,0.7281367,True,0.20850371,0.025994955,0.7281367,0.0097554745,0.0057969405,0.02181223
C:\Users\venka\Documents\Project\data\processed\test\Onychogryphosis\Screenshot-2021-11-19-010444_png.rf.c6835fd9b7be3bffdc635448d9751568.jpg,2,Onychogryphosis,2,Onychogryphosis,0.9525562,True,0.0051186187,0.016114062,0.9525562,0.00924279,0.006342536,0.010625712
C:\Users\venka\Documents\Project\data\processed\test\Onychogryphosis\Screenshot-2021-11-19-010454_png.rf.b918ee588c1ce99dce715e64931b00a5.jpg,2,Onychogryphosis,2,Onychogryphosis,0.9541682,True,0.006274487,0.015481963,0.9541682,0.00930945,0.006676065,0.00808988
C:\Users\venka\Documents\Project\data\processed\test\Onychogryphosis\Screenshot-2021-11-19-010604_png.rf.ce790061c47f32fcbf2b6d47f5577b9f.jpg,2,Onychogryphosis,2,Onychogryphosis,0.95071554,True,0.0060683237,0.016531015,0.95071554,0.009729646,0.008055036,0.008900502
C:\Users\venka\Documents\Project\data\processed\test\Onychogryphosis\Screenshot-2021-11-19-010724_png.rf.717c93627701710f4b48c6dd4de93926.jpg,2,Onychogryphosis,2,Onychogryphosis,0.9524979,True,0.005551265,0.016832689,0.9524979,0.009561082,0.0066750227,0.008882088
C:\Users\venka\Documents\Project\data\processed\test\Onychogryphosis\Screenshot-2021-11-19-010724_png.rf.e279442ed41808480d2e8d8eb43a37a8.jpg,2,Onychogryphosis,2,Onychogryphosis,0.9595311,True,0.0051621282,0.014334804,0.9595311,0.008443278,0.0053960504,0.0071326015
C:\Users\venka\Documents\Project\data\processed\test\Onychogryphosis\Screenshot-2021-11-19-010751_png.rf.473f756cacc344e3df9cdd969706b279.jpg,2,Onychogryphosis,2,Onychogryphosis,0.9536763,True,0.006161949,0.016646761,0.9536763,0.0090282215,0.006251323,0.0082355235
C:\Users\venka\Documents\Project\data\processed\test\Onychogryphosis\Screenshot-2021-11-19-010751_png.rf.b74e43fbeb9ad7f74057c574a4dabfc2.jpg,2,Onychogryphosis,2,Onychogryphosis,0.93507713,True,0.012102794,0.02023919,0.93507713,0.011236411,0.011716499,0.009627922
C:\Users\venka\Documents\Project\data\processed\test\Onychogryphosis\Screenshot-2021-11-19-010857_png.rf.61b1ae126dc25100b5d7f41dfdc67b40.jpg,2,Onychogryphosis,2,Onychogryphosis,0.9520088,True,0.004710318,0.013641291,0.9520088,0.00993057,0.003827541,0.015881587
C:\Users\venka\Documents\Project\data\processed\test\Onychogryphosis\Screenshot-2021-11-19-011002_png.rf.5b9e54e7478ddd3e1b631adbf52183a8.jpg,2,Onychogryphosis,2,Onychogryphosis,0.9521957,True,0.009038502,0.016315809,0.9521957,0.0080306465,0.0068813358,0.0075379275
C:\Users\venka\Documents\Project\data\processed\test\Onychogryphosis\Screenshot-2021-11-19-011220_png.rf.306de9f567dc99bae011e71d67d4df21.jpg,2,Onychogryphosis,2,Onychogryphosis,0.9506738,True,0.0077299993,0.016610859,0.9506738,0.008847304,0.0075123664,0.008625682
C:\Users\venka\Documents\Project\data\processed\test\Onychogryphosis\Screenshot-2021-11-19-011259_png.rf.ef2619caa9f4d49f21250d6f16f5ef8d.jpg,2,Onychogryphosis,2,Onychogryphosis,0.95075345,True,0.0076163197,0.017081562,0.95075345,0.008496959,0.0076576076,0.008393998
C:\Users\venka\Documents\Project\data\processed\test\Onychogryphosis\Screenshot-2021-11-19-011359_png.rf.a53d9b12762c221ae9e58eb1974b5f7f.jpg,2,Onychogryphosis,2,Onychogryphosis,0.95137227,True,0.007109172,0.017368615,0.95137227,0.008746204,0.0067859814,0.008617765
C:\Users\venka\Documents\Project\data\processed\test\Onychogryphosis\Screenshot-2021-11-19-012106_png.rf.efff6adef139efd98e2d95671d2506e8.jpg,2,Onychogryphosis,2,Onychogryphosis,0.94769204,True,0.007953811,0.018001541,0.94769204,0.010277842,0.007505251,0.008569464
C:\Users\venka\Documents\Project\data\processed\test\Onychogryphosis\Screenshot-2021-11-19-012333_png.rf.04ad8218c312d5e5bed15c037220e278.jpg,2,Onychogryphosis,2,Onychogryphosis,0.94344443,True,0.007519729,0.017562727,0.94344443,0.007940561,0.018605793,0.0049267993
C:\Users\venka\Documents\Project\data\processed\test\Onychogryphosis\Screenshot-2021-11-19-012721_png.rf.3afccdd6800487c49bd11a32982e5ae0.jpg,2,Onychogryphosis,2,Onychogryphosis,0.93728346,True,0.0124786515,0.011616207,0.93728346,0.023970375,0.011584054,0.0030673558
C:\Users\venka\Documents\Project\data\processed\test\Onychogryphosis\Screenshot-2021-11-19-012721_png.rf.cf83959180d7ec6e2c6e2b0e28ac32a5.jpg,2,Onychogryphosis,2,Onychogryphosis,0.94856286,True,0.009183726,0.016250957,0.94856286,0.012833737,0.00773351,0.0054352833
C:\Users\venka\Documents\Project\data\processed\test\Onychogryphosis\Screenshot-2021-11-19-013239_png.rf.1dd9d28369fd9b8101f0ab6f720aa40c.jpg,2,Onychogryphosis,2,Onychogryphosis,0.94884974,True,0.006905632,0.018781845,0.94884974,0.009930331,0.006584272,0.008948138
C:\Users\venka\Documents\Project\data\processed\test\Onychogryphosis\Screenshot-2021-11-19-015033_png.rf.16a31ac1de4e4089667075fb82e0b289.jpg,2,Onychogryphosis,2,Onychogryphosis,0.9576648,True,0.005666605,0.014037534,0.9576648,0.0073817815,0.007163212,0.008086105
C:\Users\venka\Documents\Project\data\processed\test\Onychogryphosis\Screenshot-2021-11-19-015139_png.rf.23c0ff871f048456e699bd2a4df2b272.jpg,2,Onychogryphosis,2,Onychogryphosis,0.95407826,True,0.0061283414,0.014297675,0.95407826,0.008588412,0.007800706,0.009106691
C:\Users\venka\Documents\Project\data\processed\test\Onychogryphosis\Screenshot-2021-11-19-015917_png.rf.d149514b0ae955f0b4e39c55f3c56934.jpg,2,Onychogryphosis,2,Onychogryphosis,0.95396185,True,0.008351711,0.015449633,0.95396185,0.0076367394,0.0056795906,0.008920567
C:\Users\venka\Documents\Project\data\processed\test\Onychogryphosis\Screenshot-2021-11-19-020017_png.rf.867654faa6bb4b6ae653b6a7083d6464.jpg,2,Onychogryphosis,2,Onychogryphosis,0.944015,True,0.009131478,0.015414671,0.944015,0.010543508,0.008222816,0.01267252
C:\Users\venka\Documents\Project\data\processed\test\Onychogryphosis\Screenshot-2021-11-19-020122_png.rf.976bcc8def79d682a075beeb616443f6.jpg,2,Onychogryphosis,5,pitting,0.69446915,False,0.0051817764,0.05878451,0.19345579,0.011721223,0.036387525,0.69446915
C:\Users\venka\Documents\Project\data\processed\test\Onychogryphosis\Screenshot-2021-11-19-020122_png.rf.f6e29d323eae406d6256206434056988.jpg,2,Onychogryphosis,5,pitting,0.91429436,False,0.0115051465,0.021556897,0.031443954,0.006988534,0.014211114,0.91429436
C:\Users\venka\Documents\Project\data\processed\test\Onychogryphosis\Screenshot-2021-11-19-020136_png.rf.19912db47255755ab8475645796db4d1.jpg,2,Onychogryphosis,2,Onychogryphosis,0.9525375,True,0.006124382,0.015500184,0.9525375,0.009665058,0.0075641125,0.00860875
C:\Users\venka\Documents\Project\data\processed\test\Onychogryphosis\Screenshot-2021-11-19-020317_png.rf.95d8cd1cedb0e872a4ab55180c799ce7.jpg,2,Onychogryphosis,2,Onychogryphosis,0.94772696,True,0.008150457,0.017762149,0.94772696,0.009503135,0.007133781,0.00972351
C:\Users\venka\Documents\Project\data\processed\test\Onychogryphosis\Screenshot-2021-11-19-020327_png.rf.52dadddf0722430159b4e7e261abc353.jpg,2,Onychogryphosis,2,Onychogryphosis,0.9541975,True,0.0058353483,0.016403375,0.9541975,0.009315479,0.007506887,0.0067414716
C:\Users\venka\Documents\Project\data\processed\test\Onychogryphosis\Screenshot-2021-11-19-021128_png.rf.e08ae6730d79b2cf69f69b9f2ccb3e02.jpg,2,Onychogryphosis,2,Onychogryphosis,0.9507162,True,0.006913718,0.018360142,0.9507162,0.009095342,0.006888712,0.008025895
C:\Users\venka\Documents\Project\data\processed\test\Onychogryphosis\Screenshot-2021-11-19-021309_png.rf.3a42324585aa4ef80b266c50b38b4044.jpg,2,Onychogryphosis,2,Onychogryphosis,0.95232356,True,0.0061379503,0.016838027,0.95232356,0.010319904,0.006507184,0.007873309
C:\Users\venka\Documents\Project\data\processed\test\Onychogryphosis\Screenshot-2021-11-19-021909_png.rf.262175457e520d0803441e061118b24f.jpg,2,Onychogryphosis,2,Onychogryphosis,0.9479982,True,0.008214313,0.018183667,0.9479982,0.0093546705,0.00700428,0.009244817
C:\Users\venka\Documents\Project\data\processed\test\Onychogryphosis\Screenshot-2021-11-19-021939_png.rf.1c98d73d9d99acba77451363cd8884bf.jpg,2,Onychogryphosis,2,Onychogryphosis,0.9501538,True,0.0075340257,0.01639012,0.9501538,0.010394862,0.0068581305,0.008668984
C:\Users\venka\Documents\Project\data\processed\test\Onychogryphosis\Screenshot-2021-11-19-022255_png.rf.66aa41f8614fa9cdf519c9d7239576a0.jpg,2,Onychogryphosis,2,Onychogryphosis,0.95392936,True,0.0066614654,0.01669009,0.95392936,0.007853888,0.007295593,0.0075695333
C:\Users\venka\Documents\Project\data\processed\test\Onychogryphosis\Screenshot-2021-11-19-022422_png.rf.16bef5c460ffd32263c7aeca8997d34f.jpg,2,Onychogryphosis,2,Onychogryphosis,0.9474452,True,0.007084031,0.01908122,0.9474452,0.010293854,0.0075580003,0.008537678
C:\Users\venka\Documents\Project\data\processed\test\Onychogryphosis\Screenshot-2021-11-19-023646_png.rf.cf7787384031fa3972de80cf268d1baa.jpg,2,Onychogryphosis,2,Onychogryphosis,0.9472199,True,0.008302891,0.018689632,0.9472199,0.009743364,0.0070295003,0.009014753
C:\Users\venka\Documents\Project\data\processed\test\Onychogryphosis\Screenshot-2021-11-19-024347_png.rf.06ee00379d1bdc0464e3282da47540e0.jpg,2,Onychogryphosis,2,Onychogryphosis,0.9576089,True,0.0066175214,0.014756312,0.9576089,0.0067246044,0.005839421,0.00845327
C:\Users\venka\Documents\Project\data\processed\test\Onychogryphosis\Screenshot-2021-11-19-025136_png.rf.27f009a1830c84f533df5589f5d71fe3.jpg,2,Onychogryphosis,2,Onychogryphosis,0.9528335,True,0.0074689467,0.014640679,0.9528335,0.008820273,0.0065548453,0.009681809
C:\Users\venka\Documents\Project\data\processed\test\Onychogryphosis\Screenshot-2021-11-19-025136_png.rf.ad4608dd80942f11b2bf5e068b6bfae2.jpg,2,Onychogryphosis,2,Onychogryphosis,0.94774914,True,0.008002191,0.01646959,0.94774914,0.010272552,0.0077732797,0.009733313
C:\Users\venka\Documents\Project\data\processed\test\Onychogryphosis\Screenshot-2021-11-19-025158_png.rf.86d8d16b57b65cbaa4879b560dcbf204.jpg,2,Onychogryphosis,2,Onychogryphosis,0.9538416,True,0.005075946,0.016210692,0.9538416,0.009615235,0.0070577376,0.008198792
C:\Users\venka\Documents\Project\data\processed\test\Onychogryphosis\Screenshot-2021-11-19-025646_png.rf.80fedb750f0f05269de3b43f65a6cb30.jpg,2,Onychogryphosis,2,Onychogryphosis,0.9472335,True,0.0066018105,0.017367871,0.9472335,0.010616315,0.007903397,0.010277063
C:\Users\venka\Documents\Project\data\processed\test\Onychogryphosis\Screenshot-2021-11-19-031124_png.rf.721e73eecd34cd0b8899db2bf297b304.jpg,2,Onychogryphosis,2,Onychogryphosis,0.93350047,True,0.014955905,0.020622365,0.93350047,0.008637805,0.008799223,0.013484238
C:\Users\venka\Documents\Project\data\processed\test\Onychogryphosis\Screenshot-2021-11-21-162607_png.rf.15ed178e71d91d4eaefe52712969701d.jpg,2,Onychogryphosis,2,Onychogryphosis,0.95145386,True,0.006537098,0.017141832,0.95145386,0.008655682,0.0067950077,0.00941656
C:\Users\venka\Documents\Project\data\processed\test\Onychogryphosis\Screenshot-2021-11-21-163024_png.rf.eba15c2f88898834eb0d98ed57319dd7.jpg,2,Onychogryphosis,2,Onychogryphosis,0.95157593,True,0.0073145693,0.01728261,0.95157593,0.008996538,0.006612131,0.008218245
C:\Users\venka\Documents\Project\data\processed\test\Onychogryphosis\Screenshot-2021-11-21-163641_png.rf.5cdba0095e8bf150ddf9b2aa20491125.jpg,2,Onychogryphosis,2,Onychogryphosis,0.95015514,True,0.0075676204,0.01695398,0.95015514,0.0085806,0.008100087,0.008642619
C:\Users\venka\Documents\Project\data\processed\test\Onychogryphosis\Screenshot-2021-11-21-163641_png.rf.e1b2311d5d8ecbeefae88c340ab6f436.jpg,2,Onychogryphosis,2,Onychogryphosis,0.9486129,True,0.007216694,0.017490355,0.9486129,0.009736694,0.008802266,0.008141075
C:\Users\venka\Documents\Project\data\processed\test\Onychogryphosis\Screenshot-2021-11-21-163753_png.rf.fd9359dd60c3db0ddba12e42e7d49f35.jpg,2,Onychogryphosis,2,Onychogryphosis,0.94925994,True,0.00893229,0.017650675,0.94925994,0.008955041,0.006609157,0.008592934
C:\Users\venka\Documents\Project\data\processed\test\Onychogryphosis\Screenshot-2021-11-21-165411_png.rf.e0e0980d40e76c09f8bbac625d2078a7.jpg,2,Onychogryphosis,2,Onychogryphosis,0.9511299,True,0.008462065,0.01696833,0.9511299,0.008326715,0.0076860394,0.007426929
C:\Users\venka\Documents\Project\data\processed\test\Onychogryphosis\Screenshot-2021-11-21-165820_png.rf.5d424f5407705a95b7a1f5c7bfce8050.jpg,2,Onychogryphosis,2,Onychogryphosis,0.9525217,True,0.0087513095,0.015485352,0.9525217,0.009081876,0.006398328,0.007761432
C:\Users\venka\Documents\Project\data\processed\test\Onychogryphosis\Screenshot-2021-11-21-173027_png.rf.18c8ea745ca4a5f5f405ac8c7734fa45.jpg,2,Onychogryphosis,2,Onychogryphosis,0.9357455,True,0.015602452,0.019782681,0.9357455,0.012524571,0.0064046285,0.009940261
C:\Users\venka\Documents\Project\data\processed\test\Onychogryphosis\Screenshot-2021-11-21-174132_png.rf.2a50016efcab5a3c211600718701d457.jpg,2,Onychogryphosis,2,Onychogryphosis,0.95028913,True,0.007937051,0.01689013,0.95028913,0.00950605,0.006715607,0.008662066
C:\Users\venka\Documents\Project\data\processed\test\Onychogryphosis\Screenshot-2021-11-21-174430_png.rf.f9076618a0b138dcb3fa14c5c73835a6.jpg,2,Onychogryphosis,2,Onychogryphosis,0.9514515,True,0.0062039793,0.017464291,0.9514515,0.008904512,0.006837031,0.009138664
C:\Users\venka\Documents\Project\data\processed\test\Onychogryphosis\Screenshot-2021-11-21-174511_png.rf.c773854c9171450d768eb66812071b02.jpg,2,Onychogryphosis,2,Onychogryphosis,0.95435494,True,0.007202811,0.015845431,0.95435494,0.0083427625,0.006364253,0.007889858
C:\Users\venka\Documents\Project\data\processed\test\Onychogryphosis\Screenshot-2021-11-21-192605_png.rf.54a2cd1af1614ded8f6413ebaa1c4821.jpg,2,Onychogryphosis,2,Onychogryphosis,0.9516735,True,0.00592122,0.017694056,0.9516735,0.0090859,0.007551053,0.008074156
C:\Users\venka\Documents\Project\data\processed\test\Onychogryphosis\Screenshot-2021-11-21-192708_png.rf.9c71b339f437329051ad8145887a74c4.jpg,2,Onychogryphosis,2,Onychogryphosis,0.9527796,True,0.008176334,0.01685861,0.9527796,0.008530111,0.00659286,0.0070624705
C:\Users\venka\Documents\Project\data\processed\test\Onychogryphosis\Screenshot-2021-11-21-193524_png.rf.9910f8a7b1a77cdc04b111008f30649a.jpg,2,Onychogryphosis,2,Onychogryphosis,0.9582753,True,0.0071619437,0.0155933015,0.9582753,0.004777305,0.006526449,0.007665745
C:\Users\venka\Documents\Project\data\processed\test\Onychogryphosis\Screenshot-2021-11-21-193604_png.rf.bb2ef6b49eed974828dda3c011b7399f.jpg,2,Onychogryphosis,2,Onychogryphosis,0.9395179,True,0.006319682,0.015934438,0.9395179,0.010911837,0.023163104,0.00415297
C:\Users\venka\Documents\Project\data\processed\test\Onychogryphosis\Screenshot-2021-11-21-210225_png.rf.e2a4fa7afecd2198e5c7cc5618b6007e.jpg,2,Onychogryphosis,2,Onychogryphosis,0.94962764,True,0.0074396515,0.016863415,0.94962764,0.009880022,0.0071700653,0.009019225
C:\Users\venka\Documents\Project\data\processed\test\Onychogryphosis\Screenshot-2021-11-21-210436_png.rf.db9da827dea0600e4f09ae0d7c923554.jpg,2,Onychogryphosis,2,Onychogryphosis,0.95982003,True,0.006028416,0.013989517,0.95982003,0.007787223,0.00551666,0.006858222
C:\Users\venka\Documents\Project\data\processed\test\Onychogryphosis\Screenshot-2021-11-21-230209_png.rf.1da7be26ca43d5150aef9526ba89aef0.jpg,2,Onychogryphosis,2,Onychogryphosis,0.9519482,True,0.007677907,0.017106023,0.9519482,0.00847972,0.006805635,0.007982416
C:\Users\venka\Documents\Project\data\processed\test\Onychogryphosis\Screenshot-2021-11-21-230252_png.rf.6cc27efcf4e5ccca5466427d6b73e829.jpg,2,Onychogryphosis,2,Onychogryphosis,0.94786894,True,0.007630627,0.018948043,0.94786894,0.009947797,0.0073863165,0.0082183555
C:\Users\venka\Documents\Project\data\processed\test\Onychogryphosis\Screenshot-2021-11-21-231416_png.rf.cab8fff8a967ffb3b6c7bdb528bd46d9.jpg,2,Onychogryphosis,2,Onychogryphosis,0.9437406,True,0.00742514,0.018983316,0.9437406,0.009991933,0.010243996,0.009615079
C:\Users\venka\Documents\Project\data\processed\test\Onychogryphosis\Screenshot-2021-11-21-231905_png.rf.02e61979791a981a35f04cbc6a8a6a4e.jpg,2,Onychogryphosis,2,Onychogryphosis,0.9523214,True,0.0074610887,0.015890932,0.9523214,0.009515778,0.006840115,0.00797067
C:\Users\venka\Documents\Project\data\processed\test\Onychogryphosis\Screenshot-2021-11-21-232620_png.rf.2363290c87015bfb7e2268f2952ad990.jpg,2,Onychogryphosis,2,Onychogryphosis,0.67123497,True,0.25530663,0.03127058,0.67123497,0.024354693,0.007047723,0.010785414
C:\Users\venka\Documents\Project\data\processed\test\Onychogryphosis\Screenshot-2021-11-21-232620_png.rf.f56968a71e51fdf5012b681ee803460b.jpg,2,Onychogryphosis,0,Acral_Lentiginous_Melanoma,0.50836784,False,0.50836784,0.028813435,0.41408142,0.027508272,0.008566301,0.012662689
C:\Users\venka\Documents\Project\data\processed\test\Onychogryphosis\Screenshot-2021-11-21-233854_png.rf.33db624b7305f843ffaad4e603aa8fd8.jpg,2,Onychogryphosis,2,Onychogryphosis,0.95350856,True,0.006054612,0.015929697,0.95350856,0.010756002,0.006569437,0.0071815974
C:\Users\venka\Documents\Project\data\processed\test\Onychogryphosis\Screenshot-2021-11-21-234423_png.rf.3aa2d19cce27aed6e6b146c157e3b9fa.jpg,2,Onychogryphosis,2,Onychogryphosis,0.955792,True,0.005771085,0.0148473475,0.955792,0.007975286,0.0075762896,0.008037974
C:\Users\venka\Documents\Project\data\processed\test\Onychogryphosis\Screenshot-2021-11-21-235210_png.rf.bd4fc90a5cf2e6eed3ff147800e9ffdd.jpg,2,Onychogryphosis,2,Onychogryphosis,0.94962615,True,0.007841214,0.017822709,0.94962615,0.009413545,0.0065855472,0.008710798
C:\Users\venka\Documents\Project\data\processed\test\Onychogryphosis\Screenshot-2021-11-22-012951_png.rf.adb97387444e035a53a2e77dae6a65ed.jpg,2,Onychogryphosis,2,Onychogryphosis,0.9610426,True,0.005261262,0.013252044,0.9610426,0.008848533,0.0069900923,0.0046054497
C:\Users\venka\Documents\Project\data\processed\test\Onychogryphosis\Screenshot-2021-11-22-012951_png.rf.b41f85cc45a2647436aca514e7b7453b.jpg,2,Onychogryphosis,2,Onychogryphosis,0.95687693,True,0.0059207915,0.014286006,0.95687693,0.009884432,0.0076397583,0.0053919936
C:\Users\venka\Documents\Project\data\processed\test\Onychogryphosis\Screenshot-2021-11-22-014500_png.rf.8e6fdec0d4e8c811ae3ecf21a020639b.jpg,2,Onychogryphosis,2,Onychogryphosis,0.9393306,True,0.008384238,0.01946027,0.9393306,0.009801972,0.008729781,0.014293231
C:\Users\venka\Documents\Project\data\processed\test\Onychogryphosis\Screenshot-2021-11-22-015012_png.rf.e033e5dd1e1b0ed03e8ce9b415c084af.jpg,2,Onychogryphosis,2,Onychogryphosis,0.949244,True,0.008064439,0.017437618,0.949244,0.009236115,0.007319592,0.008698251
C:\Users\venka\Documents\Project\data\processed\test\Onychogryphosis\Screenshot-2021-11-22-015012_png.rf.faf4de1891ee699454716b3406b7f69a.jpg,2,Onychogryphosis,2,Onychogryphosis,0.95138913,True,0.0075450395,0.016453985,0.95138913,0.008781654,0.0072937943,0.008536403
C:\Users\venka\Documents\Project\data\processed\test\Onychogryphosis\Screenshot-2021-11-22-015244_png.rf.9709ccbc3f00d355405b3d61be96ea93.jpg,2,Onychogryphosis,2,Onychogryphosis,0.9549112,True,0.0072469106,0.014540764,0.9549112,0.008251238,0.0070530726,0.007996821
C:\Users\venka\Documents\Project\data\processed\test\Onychogryphosis\Screenshot-2021-11-22-015522_png.rf.5f13391b027570ed8fcfbb6ab57f038a.jpg,2,Onychogryphosis,2,Onychogryphosis,0.9531932,True,0.006397172,0.016359705,0.9531932,0.008157198,0.0070261937,0.00886653
C:\Users\venka\Documents\Project\data\processed\test\Onychogryphosis\Screenshot-2021-11-22-015641_png.rf.155c2fb8c5e8798cd28e49ac73d8774d.jpg,2,Onychogryphosis,2,Onychogryphosis,0.9512942,True,0.01153032,0.015401273,0.9512942,0.008471574,0.006372207,0.0069305175
C:\Users\venka\Documents\Project\data\processed\test\Onychogryphosis\Screenshot-2021-11-22-015641_png.rf.321f509a32a284dac73194fd1d64a7c2.jpg,2,Onychogryphosis,2,Onychogryphosis,0.9530202,True,0.00727335,0.015719578,0.9530202,0.009409147,0.0069818865,0.007595799
C:\Users\venka\Documents\Project\data\processed\test\Onychogryphosis\Screenshot-2021-11-22-015804_png.rf.e402acb29d1fe5d722f106357a9f177c.jpg,2,Onychogryphosis,2,Onychogryphosis,0.95366544,True,0.006468349,0.015471791,0.95366544,0.009017316,0.0060924897,0.009284655
C:\Users\venka\Documents\Project\data\processed\test\Onychogryphosis\Screenshot-2021-11-22-020018_png.rf.829122f77e2386494bf903ffb53ec004.jpg,2,Onychogryphosis,2,Onychogryphosis,0.95194423,True,0.0067742597,0.017002735,0.95194423,0.008281929,0.006904333,0.009092426
C:\Users\venka\Documents\Project\data\processed\test\Onychogryphosis\Screenshot-2021-11-22-020526_png.rf.aa2bdc8ad4ef792a260f56cd314a0658.jpg,2,Onychogryphosis,2,Onychogryphosis,0.9501749,True,0.008692713,0.017385328,0.9501749,0.008061838,0.0070853503,0.008599855
C:\Users\venka\Documents\Project\data\processed\test\Onychogryphosis\Screenshot-2021-11-22-020714_png.rf.99b221cb0412a8282ac35290cb25a5f4.jpg,2,Onychogryphosis,2,Onychogryphosis,0.94654155,True,0.0074356454,0.018482102,0.94654155,0.01055747,0.00873349,0.008249722
C:\Users\venka\Documents\Project\data\processed\test\Onychogryphosis\Screenshot-2021-11-22-020714_png.rf.b01bf1fad1e374d9f8125b2c4d855ace.jpg,2,Onychogryphosis,2,Onychogryphosis,0.9498888,True,0.008613885,0.017333506,0.9498888,0.009231193,0.0073075043,0.0076250625
C:\Users\venka\Documents\Project\data\processed\test\Onychogryphosis\Screenshot-2021-11-22-021051_png.rf.8cd7dd8535761b774588c7ecc4373722.jpg,2,Onychogryphosis,2,Onychogryphosis,0.9519285,True,0.0072302716,0.017147053,0.9519285,0.009263401,0.0066216625,0.007809163
C:\Users\venka\Documents\Project\data\processed\test\Onychogryphosis\images--66D6Hn_jpeg.rf.4a23427324684d761e7d8916fc6faefb.jpg,2,Onychogryphosis,2,Onychogryphosis,0.952466,True,0.0065359003,0.016395016,0.952466,0.009856391,0.0074867075,0.007260009
C:\Users\venka\Documents\Project\data\processed\test\Onychogryphosis\images--79BNfh_jpeg.rf.0f0ed2addfd11f5747e7af9a073b3637.jpg,2,Onychogryphosis,2,Onychogryphosis,0.94877946,True,0.0073545785,0.016345706,0.94877946,0.009950882,0.0072157164,0.010353637
C:\Users\venka\Documents\Project\data\processed\test\Onychogryphosis\images--7hiLgj_jpeg.rf.07badc72cc0a18d2ce89778c0eb02028.jpg,2,Onychogryphosis,0,Acral_Lentiginous_Melanoma,0.919404,False,0.919404,0.018754372,0.024174899,0.014512338,0.004304783,0.018849548
C:\Users\venka\Documents\Project\data\processed\test\Onychogryphosis\images--sqWhaj_jpeg.rf.2815459cd3bf1013f31390cc0d957f4c.jpg,2,Onychogryphosis,2,Onychogryphosis,0.9488254,True,0.00721662,0.01699629,0.9488254,0.011016302,0.0079393415,0.008006005
C:\Users\venka\Documents\Project\data\processed\test\blue_finger\3537c880a6f711e688859b4b6be08695-Fig_3A_red-purple_discoloration_JPG.rf.61c1f59c35c9ae93a89c356b3d0786eb.jpg,3,blue_finger,3,blue_finger,0.96494305,True,0.006212928,0.011895257,0.006076105,0.96494305,0.0035411592,0.0073314607
C:\Users\venka\Documents\Project\data\processed\test\blue_finger\3537c880a6f711e688859b4b6be08695-Fig_3A_red-purple_discoloration_JPG.rf.9c6f3181cc588acd8bad259f00e3cab3.jpg,3,blue_finger,3,blue_finger,0.9617228,True,0.0058428813,0.012902478,0.0072399983,0.9617228,0.0046594217,0.0076324446
C:\Users\venka\Documents\Project\data\processed\test\blue_finger\Screen-Shot-2021-10-15-at-10-36-15-AM_png.rf.07fe9e00799550cf0f7834112b8b1a9d.jpg,3,blue_finger,3,blue_finger,0.9572756,True,0.007520671,0.013413581,0.007963425,0.9572756,0.005733493,0.008093205
C:\Users\venka\Documents\Project\data\processed\test\blue_finger\Screen-Shot-2021-10-15-at-10-36-15-AM_png.rf.4dc9d4e3de78f1e786a5620c9e491a25.jpg,3,blue_finger,3,blue_finger,0.954995,True,0.00841739,0.0145308515,0.0072760144,0.954995,0.006309185,0.008471629
C:\Users\venka\Documents\Project\data\processed\test\blue_finger\Screen-Shot-2021-10-15-at-10-36-37-AM_png.rf.06f237bfd23271070895d3a22d742b18.jpg,3,blue_finger,3,blue_finger,0.95758003,True,0.0050235176,0.011956978,0.0060468214,0.95758003,0.012276619,0.007116025
C:\Users\venka\Documents\Project\data\processed\test\blue_finger\Screen-Shot-2021-10-15-at-10-36-41-AM_png.rf.ead8fc33ed8772a6c1493ae9e7109253.jpg,3,blue_finger,3,blue_finger,0.96258247,True,0.0055221003,0.0127302855,0.0069081243,0.96258247,0.0049640737,0.007292945
C:\Users\venka\Documents\Project\data\processed\test\blue_finger\Screen-Shot-2021-10-15-at-10-38-28-AM_png.rf.4d8428e243af7ff56330dbe382c35d31.jpg,3,blue_finger,3,blue_finger,0.96363306,True,0.0051793554,0.013087554,0.006656675,0.96363306,0.004591327,0.0068520303
C:\Users\venka\Documents\Project\data\processed\test\blue_finger\Screen-Shot-2021-10-15-at-10-38-37-AM_png.rf.0070f2e5afc63e4dbe2ccf36a8992c91.jpg,3,blue_finger,3,blue_finger,0.9564415,True,0.0051126075,0.014999736,0.0076535125,0.9564415,0.007154127,0.00863857
C:\Users\venka\Documents\Project\data\processed\test\blue_finger\Screen-Shot-2021-10-15-at-10-38-37-AM_png.rf.db278dce2e507e7c5ea6bb019de05d71.jpg,3,blue_finger,3,blue_finger,0.962013,True,0.005128957,0.013749344,0.0060292874,0.962013,0.005384734,0.0076947534
C:\Users\venka\Documents\Project\data\processed\test\blue_finger\Screen-Shot-2021-10-15-at-10-39-17-AM_png.rf.3511fce5a257d00f145d61aba9123e8c.jpg,3,blue_finger,3,blue_finger,0.9564055,True,0.0058297534,0.016572773,0.007987726,0.9564055,0.0048077516,0.00839651
C:\Users\venka\Documents\Project\data\processed\test\blue_finger\Screen-Shot-2021-10-15-at-10-39-29-AM_png.rf.c55061cef102fdab5dcb7ecc681b98c1.jpg,3,blue_finger,3,blue_finger,0.9553849,True,0.0060864463,0.016230384,0.007380013,0.9553849,0.0065709585,0.008347351
C:\Users\venka\Documents\Project\data\processed\test\blue_finger\Screen-Shot-2021-10-15-at-10-39-37-AM_png.rf.a5656d52ec986465d46d9c237e9491fb.jpg,3,blue_finger,3,blue_finger,0.95693284,True,0.0061250115,0.016592508,0.0068568494,0.95693284,0.006923498,0.0065693553
C:\Users\venka\Documents\Project\data\processed\test\blue_finger\Screen-Shot-2021-10-15-at-10-40-07-AM_png.rf.ac1bd481a7768d536d4b898885ff708f.jpg,3,blue_finger,3,blue_finger,0.9596687,True,0.0059509436,0.014492899,0.006711612,0.9596687,0.005790631,0.0073852134
C:\Users\venka\Documents\Project\data\processed\test\blue_finger\Screen-Shot-2021-10-15-at-10-43-46-AM_png.rf.020015f536c0f6cd8b87421b50930bf2.jpg,3,blue_finger,3,blue_finger,0.95852125,True,0.0057637477,0.014180156,0.007965107,0.95852125,0.0051094764,0.008460259
C:\Users\venka\Documents\Project\data\processed\test\blue_finger\Screen-Shot-2021-10-15-at-10-43-46-AM_png.rf.f6e7ef3e2a91b5aa0dbfcd5290d756fb.jpg,3,blue_finger,3,blue_finger,0.95510286,True,0.006562081,0.015225319,0.008328922,0.95510286,0.0057994057,0.008981345
C:\Users\venka\Documents\Project\data\processed\test\blue_finger\Screen-Shot-2021-10-15-at-10-44-24-AM_png.rf.0fc15e7d1ca7e1dd1009010d21c4b025.jpg,3,blue_finger,3,blue_finger,0.96345985,True,0.005500618,0.012219207,0.0055384305,0.96345985,0.0065055215,0.006776421
C:\Users\venka\Documents\Project\data\processed\test\blue_finger\Screen-Shot-2021-10-15-at-10-51-25-AM_png.rf.a3d1d5f2dd4092e4490eb46d145115e6.jpg,3,blue_finger,3,blue_finger,0.9597607,True,0.006490239,0.012473857,0.0074880547,0.9597607,0.0062255748,0.007561629
C:\Users\venka\Documents\Project\data\processed\test\blue_finger\Screen-Shot-2021-10-15-at-11-10-13-AM_png.rf.bef8259bdd3b9c60cf47440f0f271dfb.jpg,3,blue_finger,3,blue_finger,0.94946665,True,0.004958399,0.012606797,0.006129755,0.94946665,0.0064260205,0.020412441
C:\Users\venka\Documents\Project\data\processed\test\blue_finger\Screen-Shot-2021-10-15-at-11-10-13-AM_png.rf.f6837256b92b4414bc5bb1ee6f1ae872.jpg,3,blue_finger,4,clubbing,0.73747885,False,0.010282665,0.030583268,0.006700322,0.19486217,0.73747885,0.02009281
C:\Users\venka\Documents\Project\data\processed\test\blue_finger\Screen-Shot-2021-10-15-at-11-11-16-AM_png.rf.abb7e53099b9167c9c3665332cd601ca.jpg,3,blue_finger,3,blue_finger,0.9605849,True,0.00553542,0.013426815,0.006312033,0.9605849,0.0061990004,0.007941954
C:\Users\venka\Documents\Project\data\processed\test\blue_finger\Screen-Shot-2021-10-15-at-11-11-25-AM_png.rf.e2472a5d8eee70b2b3051b971684bbf2.jpg,3,blue_finger,3,blue_finger,0.95722276,True,0.0071410504,0.014083633,0.007316226,0.95722276,0.0059965053,0.008239854
C:\Users\venka\Documents\Project\data\processed\test\blue_finger\Screen-Shot-2021-10-15-at-11-11-25-AM_png.rf.e71f3c9923a9c0976479cf7a61c1e3bf.jpg,3,blue_finger,3,blue_finger,0.92332447,True,0.008829269,0.023963213,0.009487716,0.92332447,0.008556491,0.02583889
C:\Users\venka\Documents\Project\data\processed\test\blue_finger\Screen-Shot-2021-10-15-at-9-30-50-AM_png.rf.01a0b573ad637eb8c8e635e2af97687b.jpg,3,blue_finger,3,blue_finger,0.90491194,True,0.05344062,0.0181719,0.0096337795,0.90491194,0.0063998788,0.0074419305
C:\Users\venka\Documents\Project\data\processed\test\blue_finger\Screen-Shot-2021-10-15-at-9-30-50-AM_png.rf.0eeec8e1e28fac5468861de0b4875829.jpg,3,blue_finger,3,blue_finger,0.95235395,True,0.014192164,0.013350365,0.00754197,0.95235395,0.0052011786,0.007360393
C:\Users\venka\Documents\Project\data\processed\test\blue_finger\Screen-Shot-2021-10-15-at-9-30-55-AM_png.rf.b6e8276f01038e40c634a684f6efea01.jpg,3,blue_finger,3,blue_finger,0.9575524,True,0.010888174,0.012594544,0.00546711,0.9575524,0.0069797277,0.0065179784
C:\Users\venka\Documents\Project\data\processed\test\blue_finger\Screen-Shot-2021-10-15-at-9-31-06-AM_png.rf.0c1f8e2620181d26281be1dae5767134.jpg,3,blue_finger,3,blue_finger,0.9622484,True,0.007578698,0.011646953,0.005064748,0.9622484,0.007976025,0.00548516
C:\Users\venka\Documents\Project\data\processed\test\blue_finger\Screen-Shot-2021-11-22-at-10-05-18-PM_png.rf.3001a131b94fa69e07a045c4dea95aa8.jpg,3,blue_finger,3,blue_finger,0.9646825,True,0.0056158025,0.011866861,0.0061859526,0.9646825,0.0055340263,0.006114834
C:\Users\venka\Documents\Project\data\processed\test\blue_finger\Screen-Shot-2021-11-22-at-10-06-57-PM_png.rf.37ea9a70aed08c17111561f7ff997b58.jpg,3,blue_finger,3,blue_finger,0.9556031,True,0.0059591406,0.014658534,0.0066090846,0.9556031,0.008780546,0.008389525
C:\Users\venka\Documents\Project\data\processed\test\blue_finger\Screen-Shot-2021-11-22-at-10-09-28-PM_png.rf.492c16db531a69e5dd109057208e1300.jpg,3,blue_finger,3,blue_finger,0.9664513,True,0.0033497063,0.010736556,0.00501888,0.9664513,0.009495515,0.0049480675
C:\Users\venka\Documents\Project\data\processed\test\blue_finger\Screen-Shot-2021-11-22-at-10-09-58-PM_png.rf.ed3e4c485a4cb3f6af073a31b1ce112e.jpg,3,blue_finger,3,blue_finger,0.9623774,True,0.0054221977,0.012860862,0.0060748844,0.9623774,0.004922506,0.008342108
C:\Users\venka\Documents\Project\data\processed\test\blue_finger\Screen-Shot-2021-11-22-at-10-09-58-PM_png.rf.f357adca933ff843d33f651fea90a597.jpg,3,blue_finger,3,blue_finger,0.960938,True,0.0051869573,0.012312416,0.0058874968,0.960938,0.0066505307,0.009024629
C:\Users\venka\Documents\Project\data\processed\test\blue_finger\Screen-Shot-2021-11-22-at-4-49-53-PM_png.rf.f269cc724a0412f2f709e7fe2105b56a.jpg,3,blue_finger,3,blue_finger,0.95867383,True,0.0065513994,0.013757036,0.0068508163,0.95867383,0.006660807,0.007506032
C:\Users\venka\Documents\Project\data\processed\test\blue_finger\Screen-Shot-2021-11-22-at-4-50-45-PM_png.rf.09f6901091920ba4e757969e9a61a283.jpg,3,blue_finger,3,blue_finger,0.95040447,True,0.007957463,0.015183646,0.008590808,0.95040447,0.007516976,0.010346687
C:\Users\venka\Documents\Project\data\processed\test\blue_finger\Screen-Shot-2021-11-22-at-4-57-31-PM_png.rf.fb3f46396a157401c25ce607e8ea475b.jpg,3,blue_finger,3,blue_finger,0.7220696,True,0.005536479,0.021173323,0.008536766,0.7220696,0.23614535,0.0065384344
C:\Users\venka\Documents\Project\data\processed\test\blue_finger\Screen-Shot-2021-11-22-at-4-57-51-PM_png.rf.d1a6fe9f251911fc2a5fe4cb1b75e848.jpg,3,blue_finger,3,blue_finger,0.9598331,True,0.0051443498,0.014196415,0.0073893913,0.9598331,0.0073721567,0.006064558
C:\Users\venka\Documents\Project\data\processed\test\blue_finger\Screen-Shot-2021-11-22-at-5-01-41-PM_png.rf.9db9fb4e806cc607b53d538a9e84904b.jpg,3,blue_finger,3,blue_finger,0.95284194,True,0.0066035297,0.015857536,0.0066475426,0.95284194,0.010649135,0.007400326
C:\Users\venka\Documents\Project\data\processed\test\blue_finger\Screen-Shot-2021-11-22-at-5-02-29-PM_png.rf.b395747583bcccc59638dfd47b0bfebb.jpg,3,blue_finger,3,blue_finger,0.9561885,True,0.006286123,0.01480874,0.007252295,0.9561885,0.008229562,0.0072347554
C:\Users\venka\Documents\Project\data\processed\test\blue_finger\Screen-Shot-2021-11-22-at-5-03-01-PM_png.rf.5a7a6f1d4a3731323942f3bd47425522.jpg,3,blue_finger,3,blue_finger,0.9630242,True,0.005656648,0.012298656,0.006633447,0.9630242,0.005109464,0.007277573
C:\Users\venka\Documents\Project\data\processed\test\blue_finger\Screen-Shot-2021-11-22-at-5-03-11-PM_png.rf.7ce4545c923eb10b2bd8215d89c18c0b.jpg,3,blue_finger,3,blue_finger,0.95888126,True,0.0058116727,0.012604809,0.007371044,0.95888126,0.007830304,0.0075008217
C:\Users\venka\Documents\Project\data\processed\test\blue_finger\Screen-Shot-2021-11-22-at-5-05-41-PM_png.rf.d66dc6eaa47882611fb807a638bd93ee.jpg,3,blue_finger,3,blue_finger,0.95487005,True,0.005384617,0.015677895,0.0075881556,0.95487005,0.0075880284,0.008891277
C:\Users\venka\Documents\Project\data\processed\test\blue_finger\Screen-Shot-2021-11-22-at-5-05-43-PM_png.rf.d2a0a8780d0baba489dd43395501bd74.jpg,3,blue_finger,3,blue_finger,0.95592195,True,0.004672705,0.016595788,0.006688651,0.95592195,0.009076759,0.0070441077
C:\Users\venka\Documents\Project\data\processed\test\blue_finger\Screen-Shot-2021-11-22-at-5-06-00-PM_png.rf.8385f1d0fe91b9f590e39c3acc4378e3.jpg,3,blue_finger,3,blue_finger,0.959855,True,0.0040493943,0.012965491,0.00840617,0.959855,0.009358748,0.005365208
C:\Users\venka\Documents\Project\data\processed\test\blue_finger\Screen-Shot-2021-11-22-at-5-06-33-PM_png.rf.a6ffd33551d7738fd2a05e5ebe6a1de5.jpg,3,blue_finger,3,blue_finger,0.95504975,True,0.0039328253,0.012498714,0.0068377457,0.95504975,0.017632736,0.004048253
C:\Users\venka\Documents\Project\data\processed\test\blue_finger\Screen-Shot-2021-11-22-at-5-09-59-PM_png.rf.1c6a1bd2cbb3d89a30fd2e7f31af107d.jpg,3,blue_finger,3,blue_finger,0.6522712,True,0.29390073,0.025222436,0.011672783,0.6522712,0.009273719,0.0076591447
C:\Users\venka\Documents\Project\data\processed\test\blue_finger\Screen-Shot-2021-11-22-at-5-09-59-PM_png.rf.3734ea96fa04a2f97710416b20f0691e.jpg,3,blue_finger,3,blue_finger,0.92579293,True,0.035992958,0.01812375,0.008472098,0.92579293,0.006842301,0.0047758897
C:\Users\venka\Documents\Project\data\processed\test\blue_finger\Screen-Shot-2021-11-22-at-5-10-07-PM_png.rf.15ea6de8993357568365d6c4430f3c9a.jpg,3,blue_finger,3,blue_finger,0.977671,True,0.0024545558,0.0070541934,0.009074403,0.977671,0.0026317043,0.0011142057
C:\Users\venka\Documents\Project\data\processed\test\blue_finger\Screen-Shot-2021-11-22-at-5-10-07-PM_png.rf.ada79554aca0a8499888c1d6555d77f5.jpg,3,blue_finger,3,blue_finger,0.9619924,True,0.0028018062,0.01082196,0.0050442135,0.9619924,0.015081954,0.0042576706
C:\Users\venka\Documents\Project\data\processed\test\blue_finger\Screen-Shot-2021-11-22-at-5-10-19-PM_png.rf.cbd1ea6045847d8dc5dbcc77046facf4.jpg,3,blue_finger,3,blue_finger,0.9675322,True,0.0045244293,0.012779265,0.0061621848,0.9675322,0.0048289634,0.00417291
C:\Users\venka\Documents\Project\data\processed\test\blue_finger\Screen-Shot-2021-11-22-at-5-11-17-PM_png.rf.466a3c2438e2b92c3ad377ac73a85da6.jpg,3,blue_finger,3,blue_finger,0.94574267,True,0.008189967,0.018684145,0.011254834,0.94574267,0.008382503,0.007745879
C:\Users\venka\Documents\Project\data\processed\test\blue_finger\Screen-Shot-2021-11-22-at-5-18-20-PM_png.rf.6d92bf144bc68a2a517d4e49c369ffd6.jpg,3,blue_finger,3,blue_finger,0.9638107,True,0.003929329,0.012994207,0.0058799693,0.9638107,0.006760514,0.0066252816
C:\Users\venka\Documents\Project\data\processed\test\blue_finger\Screen-Shot-2021-11-22-at-5-21-20-PM_png.rf.2b7b4897930f3d239886649a6bb64e86.jpg,3,blue_finger,3,blue_finger,0.95425797,True,0.005981916,0.014367802,0.00672144,0.95425797,0.0076718107,0.010999033
C:\Users\venka\Documents\Project\data\processed\test\blue_finger\Screen-Shot-2021-11-22-at-5-22-06-PM_png.rf.38183b58151112d579c5710e33fb89a4.jpg,3,blue_finger,3,blue_finger,0.96765155,True,0.004299695,0.009733922,0.010097931,0.96765155,0.002391701,0.0058252066
C:\Users\venka\Documents\Project\data\processed\test\blue_finger\Screen-Shot-2021-11-22-at-5-23-38-PM_png.rf.01e1d9f47bebcf86d7616b943066af08.jpg,3,blue_finger,3,blue_finger,0.9563423,True,0.0026368941,0.0074718553,0.003471635,0.9563423,0.0022099402,0.027867427
C:\Users\venka\Documents\Project\data\processed\test\blue_finger\Screen-Shot-2021-11-22-at-5-25-44-PM_png.rf.73b993cbf96344d526979b2501698433.jpg,3,blue_finger,3,blue_finger,0.9486537,True,0.010451111,0.014042125,0.0096548945,0.9486537,0.006953278,0.0102448445
C:\Users\venka\Documents\Project\data\processed\test\blue_finger\Screen-Shot-2021-11-22-at-5-26-02-PM_png.rf.bf53966750be2dcf733d84487f188e90.jpg,3,blue_finger,3,blue_finger,0.95592237,True,0.0051707756,0.016487844,0.0069893897,0.95592237,0.008148717,0.007280819
C:\Users\venka\Documents\Project\data\processed\test\blue_finger\Screen-Shot-2021-11-22-at-5-26-29-PM_png.rf.b4ad0e5b8c86c9bea3a46075a6f6542e.jpg,3,blue_finger,3,blue_finger,0.96012574,True,0.0075940234,0.012147247,0.0062113404,0.96012574,0.005924204,0.007997428
C:\Users\venka\Documents\Project\data\processed\test\blue_finger\Screen-Shot-2021-11-22-at-5-26-45-PM_png.rf.8bf2c580a12de7f991b427e2adae6510.jpg,3,blue_finger,3,blue_finger,0.9481786,True,0.0061539314,0.018478708,0.010045083,0.9481786,0.007219621,0.009924077
C:\Users\venka\Documents\Project\data\processed\test\blue_finger\Screen-Shot-2021-11-22-at-5-26-45-PM_png.rf.e4b25faa14eb7488d36c86bd7c44b305.jpg,3,blue_finger,3,blue_finger,0.9558685,True,0.0053827497,0.015756758,0.008197505,0.9558685,0.0059043537,0.008890126
C:\Users\venka\Documents\Project\data\processed\test\blue_finger\Screen-Shot-2021-11-22-at-5-27-14-PM_png.rf.80ded82ebb475a2687e76e30a3ac3b5b.jpg,3,blue_finger,3,blue_finger,0.9579225,True,0.0072973934,0.014205262,0.006438901,0.9579225,0.007794297,0.0063416995
C:\Users\venka\Documents\Project\data\processed\test\blue_finger\Screen-Shot-2021-11-22-at-5-27-22-PM_png.rf.5d0d94967de6ec88184d00d361245754.jpg,3,blue_finger,3,blue_finger,0.93201154,True,0.0077383057,0.01465547,0.0031632832,0.93201154,0.033560064,0.008871325
C:\Users\venka\Documents\Project\data\processed\test\blue_finger\Screen-Shot-2021-11-22-at-5-27-22-PM_png.rf.ddf028f68cbeef3978069e3df0fb9e65.jpg,3,blue_finger,3,blue_finger,0.92952645,True,0.007994044,0.020466717,0.0057797455,0.92952645,0.027753046,0.008479997
C:\Users\venka\Documents\Project\data\processed\test\blue_finger\Screen-Shot-2021-11-22-at-5-27-36-PM_png.rf.7a6a624912158d8d9d9476d013fe2498.jpg,3,blue_finger,3,blue_finger,0.9768231,True,0.0009478466,0.011233604,0.004893412,0.9768231,0.0040463926,0.002055603
C:\Users\venka\Documents\Project\data\processed\test\blue_finger\Screen-Shot-2021-11-22-at-5-29-14-PM_png.rf.96fb8142058a66342b87b8d66400a16c.jpg,3,blue_finger,3,blue_finger,0.96273404,True,0.007022418,0.013323807,0.0076955804,0.96273404,0.00554644,0.0036776895
C:\Users\venka\Documents\Project\data\processed\test\blue_finger\Screen-Shot-2021-11-22-at-8-14-15-PM_png.rf.f3eaacf8f1ccfc85715030c4e45c1d7d.jpg,3,blue_finger,3,blue_finger,0.95228446,True,0.0072321026,0.01851785,0.0059913085,0.95228446,0.0066609723,0.009313312
C:\Users\venka\Documents\Project\data\processed\test\blue_finger\Screen-Shot-2021-11-22-at-8-15-47-PM_png.rf.41441eb32a11a4aa4fdbe12dfae48e5a.jpg,3,blue_finger,3,blue_finger,0.9595295,True,0.0064442432,0.012945102,0.005976499,0.9595295,0.007888735,0.007215909
C:\Users\venka\Documents\Project\data\processed\test\blue_finger\Screen-Shot-2021-11-22-at-8-15-51-PM_png.rf.1af0403480df0fefa1690f770c7c2a1b.jpg,3,blue_finger,3,blue_finger,0.8663625,True,0.005067148,0.020202281,0.006413042,0.8663625,0.09602071,0.0059342515
C:\Users\venka\Documents\Project\data\processed\test\blue_finger\Screen-Shot-2021-11-22-at-8-19-18-PM_png.rf.5b65c72771d63f6ed8e08fa9d3dfab09.jpg,3,blue_finger,3,blue_finger,0.7757846,True,0.15213166,0.03691674,0.015508939,0.7757846,0.0065152505,0.01314281
C:\Users\venka\Documents\Project\data\processed\test\blue_finger\Screen-Shot-2021-11-22-at-8-25-46-PM_png.rf.30ea5662db91ff960aec64c609a6a8d5.jpg,3,blue_finger,3,blue_finger,0.9602271,True,0.0060398025,0.012818989,0.008341805,0.9602271,0.00726189,0.00531045
C:\Users\venka\Documents\Project\data\processed\test\blue_finger\Screen-Shot-2021-11-22-at-8-51-01-PM_png.rf.68d97cc811337faf3cbdbf2273a2b9ae.jpg,3,blue_finger,3,blue_finger,0.95945203,True,0.0053721895,0.01411823,0.00755937,0.95945203,0.0057811006,0.0077171293
C:\Users\venka\Documents\Project\data\processed\test\blue_finger\Screen-Shot-2021-11-22-at-8-56-36-PM_png.rf.26fb550fbb52755e0121d2582b8da075.jpg,3,blue_finger,3,blue_finger,0.9439064,True,0.018963255,0.01654868,0.0064122765,0.9439064,0.005642171,0.008527219
C:\Users\venka\Documents\Project\data\processed\test\blue_finger\Screen-Shot-2021-11-22-at-8-56-36-PM_png.rf.b95298004c99cf60a837116cc391655e.jpg,3,blue_finger,3,blue_finger,0.9562418,True,0.009266608,0.013424478,0.006178319,0.9562418,0.005431065,0.009457747
C:\Users\venka\Documents\Project\data\processed\test\blue_finger\Screen-Shot-2021-11-22-at-9-05-44-PM_png.rf.e7dc8a7529828409c6abf084a909ab63.jpg,3,blue_finger,3,blue_finger,0.92674965,True,0.004277068,0.014358085,0.010061897,0.92674965,0.010835963,0.033717424
C:\Users\venka\Documents\Project\data\processed\test\blue_finger\Screen-Shot-2021-11-22-at-9-06-56-PM_png.rf.36a82022f24ece9ea6ab485d77a6d183.jpg,3,blue_finger,3,blue_finger,0.9622156,True,0.0030615444,0.013618497,0.0053966264,0.9622156,0.006295579,0.009412221
C:\Users\venka\Documents\Project\data\processed\test\blue_finger\Screen-Shot-2021-11-22-at-9-07-07-PM_png.rf.37aad7959a09fc9a3b3875b5a9e3c34c.jpg,3,blue_finger,3,blue_finger,0.9624399,True,0.010879497,0.009783217,0.003746524,0.9624399,0.0010550257,0.012095746
C:\Users\venka\Documents\Project\data\processed\test\blue_finger\Screen-Shot-2021-11-22-at-9-07-19-PM_png.rf.36ffc481f0ba738038dcfe2741fe5940.jpg,3,blue_finger,3,blue_finger,0.95116895,True,0.0063116467,0.016749397,0.0075887223,0.95116895,0.0068664164,0.011314908
C:\Users\venka\Documents\Project\data\processed\test\blue_finger\Screen-Shot-2021-11-22-at-9-08-36-PM_png.rf.a528a8c595c5b7986856d6129ea42d3c.jpg,3,blue_finger,3,blue_finger,0.9524003,True,0.0074528106,0.014753259,0.007343219,0.9524003,0.010756419,0.007293989
C:\Users\venka\Documents\Project\data\processed\test\blue_finger\Screen-Shot-2021-11-22-at-9-14-59-PM_png.rf.76f068f0b26fc6f70a15f257a9ac93fd.jpg,3,blue_finger,3,blue_finger,0.95593053,True,0.007026073,0.014543513,0.0073911254,0.95593053,0.0050534615,0.010055381
C:\Users\venka\Documents\Project\data\processed\test\blue_finger\Screen-Shot-2021-11-22-at-9-14-59-PM_png.rf.9754845a46f8dd808a596d4a33772990.jpg,3,blue_finger,3,blue_finger,0.9595038,True,0.0062991777,0.014428668,0.0061189216,0.9595038,0.0055666813,0.00808264
C:\Users\venka\Documents\Project\data\processed\test\blue_finger\Screen-Shot-2021-11-22-at-9-15-03-PM_png.rf.0ca2b665877c5ea8efe18dd32b984fb0.jpg,3,blue_finger,3,blue_finger,0.9430023,True,0.0095004765,0.020713184,0.009209455,0.9430023,0.006450304,0.011124281
C:\Users\venka\Documents\Project\data\processed\test\blue_finger\Screen-Shot-2021-11-22-at-9-21-08-PM_png.rf.7629e9308b9daf87d7f382aed6484ffc.jpg,3,blue_finger,3,blue_finger,0.9586047,True,0.006999864,0.014082295,0.0072978074,0.9586047,0.006455918,0.0065593384
C:\Users\venka\Documents\Project\data\processed\test\blue_finger\Screen-Shot-2021-11-22-at-9-21-16-PM_png.rf.3d91d82844db3c62c756fcf83380dc86.jpg,3,blue_finger,3,blue_finger,0.96022654,True,0.006485882,0.012831568,0.0073825177,0.96022654,0.0044901827,0.008583298
C:\Users\venka\Documents\Project\data\processed\test\blue_finger\Screen-Shot-2021-11-22-at-9-21-29-PM_png.rf.40e53d088645919548dd48db035fbe43.jpg,3,blue_finger,3,blue_finger,0.96023023,True,0.005540708,0.013697961,0.0073266397,0.96023023,0.0074450057,0.0057594036
C:\Users\venka\Documents\Project\data\processed\test\blue_finger\Screen-Shot-2021-11-22-at-9-22-07-PM_png.rf.4d30071c130d972080b3785c7c01561e.jpg,3,blue_finger,3,blue_finger,0.9380467,True,0.0091038635,0.017572237,0.0080855265,0.9380467,0.007188982,0.02000273
C:\Users\venka\Documents\Project\data\processed\test\blue_finger\Screen-Shot-2021-11-22-at-9-22-07-PM_png.rf.a1d378a55d47c364fc0a76bb561ec87c.jpg,3,blue_finger,3,blue_finger,0.9542384,True,0.006731254,0.01515053,0.007891458,0.9542384,0.0062549035,0.009733458
C:\Users\venka\Documents\Project\data\processed\test\blue_finger\Screen-Shot-2021-11-22-at-9-46-05-PM_png.rf.13a0a4edd6a71541b44ff9c5c285767d.jpg,3,blue_finger,3,blue_finger,0.9570386,True,0.005410657,0.014731772,0.0077833924,0.9570386,0.0074668876,0.0075685997
C:\Users\venka\Documents\Project\data\processed\test\blue_finger\Screen-Shot-2021-11-22-at-9-46-24-PM_png.rf.f1a68de9eacbc4cd145b70e320ef0cc3.jpg,3,blue_finger,3,blue_finger,0.95611787,True,0.00846888,0.014891853,0.007461963,0.95611787,0.0048667393,0.008192745
C:\Users\venka\Documents\Project\data\processed\test\blue_finger\Screen-Shot-2021-11-22-at-9-47-35-PM_png.rf.505a66d48d60cb030e85e72d119e7f37.jpg,3,blue_finger,3,blue_finger,0.9595387,True,0.005899685,0.014978744,0.006301239,0.9595387,0.006390692,0.006890911
C:\Users\venka\Documents\Project\data\processed\test\blue_finger\Screen-Shot-2021-11-22-at-9-47-46-PM_png.rf.5767f23837819a3424406e0bcaca9c1e.jpg,3,blue_finger,3,blue_finger,0.95974094,True,0.0065523395,0.014015285,0.007337121,0.95974094,0.005846292,0.006508002
C:\Users\venka\Documents\Project\data\processed\test\blue_finger\Screen-Shot-2021-11-22-at-9-48-08-PM_png.rf.b8d10c7bcecb25a76368119160145050.jpg,3,blue_finger,3,blue_finger,0.9498068,True,0.0062810876,0.01609492,0.007901187,0.9498068,0.008441205,0.01147474
C:\Users\venka\Documents\Project\data\processed\test\blue_finger\Screen-Shot-2021-11-22-at-9-48-12-PM_png.rf.053a264251be1a0ec09ec9bfc2afbe6f.jpg,3,blue_finger,3,blue_finger,0.95215106,True,0.0075863497,0.01590186,0.0065276637,0.95215106,0.0095493775,0.008283729
C:\Users\venka\Documents\Project\data\processed\test\blue_finger\Screen-Shot-2021-11-22-at-9-52-22-PM_png.rf.b23cbd970380f38ba9248ff79feefbf7.jpg,3,blue_finger,3,blue_finger,0.96317655,True,0.0062525957,0.013467993,0.005481638,0.96317655,0.0046288124,0.006992392
C:\Users\venka\Documents\Project\data\processed\test\blue_finger\Screen-Shot-2021-11-22-at-9-52-28-PM_png.rf.5fbfb09ce288bf9a626d87bc6a112df1.jpg,3,blue_finger,3,blue_finger,0.9547089,True,0.008981499,0.016849812,0.00707777,0.9547089,0.00559092,0.0067910445
C:\Users\venka\Documents\Project\data\processed\test\clubbing\Screen-Shot-2021-10-26-at-10-55-01-AM_png.rf.5f2e03aeb43211ebbb6a444ba152cba9.jpg,4,clubbing,4,clubbing,0.95198715,True,0.007978099,0.01621119,0.006331862,0.008953212,0.95198715,0.00853863
C:\Users\venka\Documents\Project\data\processed\test\clubbing\Screen-Shot-2021-10-26-at-10-55-32-AM_png.rf.0840a231643150725432dabc8d30e8cc.jpg,4,clubbing,4,clubbing,0.923181,True,0.020615226,0.022721093,0.012706644,0.00681793,0.923181,0.013958107
C:\Users\venka\Documents\Project\data\processed\test\clubbing\Screen-Shot-2021-10-26-at-10-56-07-AM_png.rf.ae07df95a8e9c42a2252e03674b66586.jpg,4,clubbing,4,clubbing,0.93039757,True,0.012597543,0.020891186,0.012243803,0.011501011,0.93039757,0.012368927
C:\Users\venka\Documents\Project\data\processed\test\clubbing\Screen-Shot-2021-10-26-at-10-56-32-AM_png.rf.c4cac3f6cf2d3548b6ef8ca807e46b24.jpg,4,clubbing,4,clubbing,0.9572056,True,0.008529364,0.015432611,0.005265165,0.006554335,0.9572056,0.0070129265
C:\Users\venka\Documents\Project\data\processed\test\clubbing\Screen-Shot-2021-10-26-at-10-59-07-AM_png.rf.823070e42ed6f44abff710ccc1b081c6.jpg,4,clubbing,4,clubbing,0.77776206,True,0.00991189,0.04964195,0.15435447,0.005783313,0.77776206,0.002546334
C:\Users\venka\Documents\Project\data\processed\test\clubbing\Screen-Shot-2021-10-26-at-11-06-37-AM_png.rf.848db8082735038b6d175424e105ecd1.jpg,4,clubbing,4,clubbing,0.9456648,True,0.0077399323,0.018895812,0.0091450345,0.007868702,0.9456648,0.010685656
C:\Users\venka\Documents\Project\data\processed\test\clubbing\Screen-Shot-2021-10-26-at-11-11-50-AM_png.rf.b2d73c991f1ccea144f06be455b8a88e.jpg,4,clubbing,4,clubbing,0.8025117,True,0.12786953,0.01865023,0.030923327,0.014489712,0.8025117,0.0055554807
C:\Users\venka\Documents\Project\data\processed\test\clubbing\Screen-Shot-2021-10-26-at-12-09-28-PM_png.rf.1b2bfb63b6e848f2cb0257c23a2a356b.jpg,4,clubbing,4,clubbing,0.9428717,True,0.008302768,0.019091595,0.010505998,0.010680927,0.9428717,0.008546856
C:\Users\venka\Documents\Project\data\processed\test\clubbing\Screen-Shot-2021-10-26-at-12-10-09-PM_png.rf.f4c82e47c0a61911dfac76d4ea33990f.jpg,4,clubbing,4,clubbing,0.934034,True,0.0120578185,0.02089419,0.016382882,0.011719456,0.934034,0.00491162
C:\Users\venka\Documents\Project\data\processed\test\clubbing\Screen-Shot-2021-10-26-at-12-10-57-PM_png.rf.0873270d15ef63fa42d0840d1b0e585f.jpg,4,clubbing,4,clubbing,0.94367933,True,0.0070119863,0.016019393,0.014351476,0.009936779,0.94367933,0.009001096
C:\Users\venka\Documents\Project\data\processed\test\clubbing\Screen-Shot-2021-10-26-at-12-11-28-PM_png.rf.15b3ed6c2c4a71a625e70dca3640efa7.jpg,4,clubbing,4,clubbing,0.95400447,True,0.008634339,0.01425376,0.005811852,0.009508308,0.95400447,0.007787241
C:\Users\venka\Documents\Project\data\processed\test\clubbing\Screen-Shot-2021-10-26-at-12-15-17-PM_png.rf.ffbfed825ee6e11a40fc20fc3de957b3.jpg,4,clubbing,4,clubbing,0.9049421,True,0.0043852343,0.020367214,0.0072133103,0.052293837,0.9049421,0.0107982615
C:\Users\venka\Documents\Project\data\processed\test\clubbing\Screen-Shot-2021-10-26-at-12-17-59-PM_png.rf.8950a258a5ec8868257ad1be50b04757.jpg,4,clubbing,4,clubbing,0.9513466,True,0.006161061,0.016534723,0.008066654,0.00833299,0.9513466,0.009557921
C:\Users\venka\Documents\Project\data\processed\test\clubbing\Screen-Shot-2021-10-26-at-12-18-05-PM_png.rf.c44192826aa24181590b3dc3ee04f513.jpg,4,clubbing,4,clubbing,0.93813676,True,0.008358783,0.02127032,0.009264174,0.010547821,0.93813676,0.01242216
C:\Users\venka\Documents\Project\data\processed\test\clubbing\Screen-Shot-2021-10-26-at-12-18-14-PM_png.rf.a1c111dcf95d2ace421b0247b930ee4d.jpg,4,clubbing,4,clubbing,0.947409,True,0.0070986412,0.018880052,0.008015683,0.008018921,0.947409,0.010577733
C:\Users\venka\Documents\Project\data\processed\test\clubbing\Screen-Shot-2021-10-26-at-12-18-14-PM_png.rf.aaecc0ac15292ccbd8fb3c73e10f73cc.jpg,4,clubbing,4,clubbing,0.94450307,True,0.0065723797,0.020134564,0.008342662,0.009403319,0.94450307,0.01104396
C:\Users\venka\Documents\Project\data\processed\test\clubbing\Screen-Shot-2021-10-26-at-12-19-42-PM_png.rf.a207d95975adf673c2ed337972c0e473.jpg,4,clubbing,4,clubbing,0.90676755,True,0.019663053,0.014716014,0.008176753,0.04331184,0.90676755,0.007364863
C:\Users\venka\Documents\Project\data\processed\test\clubbing\Screen-Shot-2021-10-26-at-12-20-45-PM_png.rf.825c42cb87cfc4149f8544f071197394.jpg,4,clubbing,4,clubbing,0.9504862,True,0.0066835936,0.01743503,0.0073792115,0.008925782,0.9504862,0.00909016
C:\Users\venka\Documents\Project\data\processed\test\clubbing\Screen-Shot-2021-11-22-at-10-03-16-AM_png.rf.64f08adc096c4e23701c831236c16823.jpg,4,clubbing,4,clubbing,0.9416292,True,0.019595813,0.016715147,0.006807946,0.006951158,0.9416292,0.008300865
C:\Users\venka\Documents\Project\data\processed\test\clubbing\Screen-Shot-2021-11-22-at-10-03-41-AM_png.rf.906702d00e7575645cf16fb52d1f5e66.jpg,4,clubbing,4,clubbing,0.9271448,True,0.0129554765,0.0233178,0.011708651,0.013477469,0.9271448,0.011395906
C:\Users\venka\Documents\Project\data\processed\test\clubbing\Screen-Shot-2021-11-22-at-10-04-13-AM_png.rf.3562a50510bd354ef11b00e371311238.jpg,4,clubbing,4,clubbing,0.9275518,True,0.010332875,0.023433173,0.010056214,0.012940334,0.9275518,0.015685529
C:\Users\venka\Documents\Project\data\processed\test\clubbing\Screen-Shot-2021-11-22-at-10-06-39-AM_png.rf.58ef1df86a89e82334ee24c5665b4aae.jpg,4,clubbing,4,clubbing,0.95092386,True,0.008539808,0.017221617,0.0066441232,0.008837588,0.95092386,0.007833119
C:\Users\venka\Documents\Project\data\processed\test\clubbing\Screen-Shot-2021-11-22-at-10-07-11-AM_png.rf.4e2bbc8165ef7bac6abab2c215915d9a.jpg,4,clubbing,4,clubbing,0.93771654,True,0.009150762,0.018792497,0.009279381,0.015205321,0.93771654,0.009855519
C:\Users\venka\Documents\Project\data\processed\test\clubbing\Screen-Shot-2021-11-22-at-10-07-55-AM_png.rf.88f7d63e8831b420c94925e9f9b1ec9b.jpg,4,clubbing,4,clubbing,0.94955736,True,0.008981676,0.0172002,0.008127686,0.008538818,0.94955736,0.007594281
C:\Users\venka\Documents\Project\data\processed\test\clubbing\Screen-Shot-2021-11-22-at-10-07-58-AM_png.rf.0d670f2167ff3db0d399cf00489fa9fa.jpg,4,clubbing,4,clubbing,0.9510045,True,0.00945742,0.016153542,0.009093876,0.006958433,0.9510045,0.007332282
C:\Users\venka\Documents\Project\data\processed\test\clubbing\Screen-Shot-2021-11-22-at-10-08-21-AM_png.rf.1ec690cd167e11390f43845b7f85ccab.jpg,4,clubbing,4,clubbing,0.943045,True,0.008062111,0.018890178,0.010058239,0.009570654,0.943045,0.010373847
C:\Users\venka\Documents\Project\data\processed\test\clubbing\Screen-Shot-2021-11-22-at-10-08-26-AM_png.rf.992852a9de4863cbb6c6bb2fc8ef7925.jpg,4,clubbing,4,clubbing,0.94377136,True,0.008223614,0.019602861,0.008749009,0.009265835,0.94377136,0.0103872195
C:\Users\venka\Documents\Project\data\processed\test\clubbing\Screen-Shot-2021-11-22-at-10-08-26-AM_png.rf.e3f3a71763229d71ad20488913be885b.jpg,4,clubbing,4,clubbing,0.9428907,True,0.007943608,0.019146405,0.010127694,0.010360083,0.9428907,0.009531548
C:\Users\venka\Documents\Project\data\processed\test\clubbing\Screen-Shot-2021-11-22-at-10-08-34-AM_png.rf.a12c3f2112961f9dce6ef7a8b7bc37c6.jpg,4,clubbing,4,clubbing,0.94113433,True,0.007947231,0.018874886,0.010059715,0.010847099,0.94113433,0.011136709
C:\Users\venka\Documents\Project\data\processed\test\clubbing\Screen-Shot-2021-11-22-at-10-08-48-AM_png.rf.1f67f0f26661405d908c290b74fbab6d.jpg,4,clubbing,4,clubbing,0.9379742,True,0.008468223,0.022918178,0.009135373,0.010160524,0.9379742,0.0113434605
C:\Users\venka\Documents\Project\data\processed\test\clubbing\Screen-Shot-2021-11-22-at-10-08-48-AM_png.rf.a35cb96c1b4932b38675baa4da6442c8.jpg,4,clubbing,4,clubbing,0.94288075,True,0.0069819097,0.017542036,0.0064870855,0.016632328,0.94288075,0.009475871
C:\Users\venka\Documents\Project\data\processed\test\clubbing\Screen-Shot-2021-11-22-at-10-08-54-AM_png.rf.58db074772c1c19fe21ba955fca0c1fa.jpg,4,clubbing,4,clubbing,0.9281667,True,0.009505526,0.022778915,0.016810382,0.012659643,0.9281667,0.010078929
C:\Users\venka\Documents\Project\data\processed\test\clubbing\Screen-Shot-2021-11-22-at-10-08-58-AM_png.rf.891a59a684e4aa130584feb57c36844f.jpg,4,clubbing,4,clubbing,0.9389374,True,0.008100873,0.023039054,0.01047766,0.011566294,0.9389374,0.007878732
C:\Users\venka\Documents\Project\data\processed\test\clubbing\Screen-Shot-2021-11-22-at-10-09-14-AM_png.rf.b34027fd03440771ddfa1bb721b55345.jpg,4,clubbing,4,clubbing,0.9468616,True,0.008985847,0.018388221,0.009084364,0.0073213093,0.9468616,0.009358606
C:\Users\venka\Documents\Project\data\processed\test\clubbing\Screen-Shot-2021-11-22-at-10-09-18-AM_png.rf.f026b272b907c1bd3c1cae540e63cf77.jpg,4,clubbing,4,clubbing,0.9159133,True,0.012572304,0.025280366,0.022048904,0.012845617,0.9159133,0.01133959
C:\Users\venka\Documents\Project\data\processed\test\clubbing\Screen-Shot-2021-11-22-at-10-14-30-PM_png.rf.6264f590e12ffb013d85062089029f3d.jpg,4,clubbing,4,clubbing,0.9446793,True,0.008206824,0.0167129,0.008670336,0.010910559,0.9446793,0.010820137
C:\Users\venka\Documents\Project\data\processed\test\clubbing\Screen-Shot-2021-11-22-at-10-15-44-PM_png.rf.59970395942ab249a252978800d02709.jpg,4,clubbing,4,clubbing,0.92076284,True,0.014607801,0.021730982,0.012494739,0.018219365,0.92076284,0.0121844
C:\Users\venka\Documents\Project\data\processed\test\clubbing\Screen-Shot-2021-11-22-at-4-55-22-PM_png.rf.c32c1d79a3ca22a518b487956deb4a70.jpg,4,clubbing,4,clubbing,0.9242475,True,0.005855415,0.017413406,0.0050260816,0.039455168,0.9242475,0.008002411
C:\Users\venka\Documents\Project\data\processed\test\clubbing\Screen-Shot-2021-11-22-at-4-55-25-PM_png.rf.c60c3ccf8f66f9161f6360b0b75bff71.jpg,4,clubbing,4,clubbing,0.9425517,True,0.008740044,0.018984122,0.00934934,0.009712679,0.9425517,0.010662226
C:\Users\venka\Documents\Project\data\processed\test\clubbing\Screen-Shot-2021-11-22-at-5-01-12-PM_png.rf.f3dd030bb4700f6fc1d50126ef72d710.jpg,4,clubbing,4,clubbing,0.94076306,True,0.008183974,0.02037055,0.008986785,0.012894428,0.94076306,0.008801252
C:\Users\venka\Documents\Project\data\processed\test\clubbing\Screen-Shot-2021-11-22-at-8-05-33-AM_png.rf.d9d0293f6039183897c66c2c1bd13d58.jpg,4,clubbing,4,clubbing,0.8861063,True,0.0032117518,0.018007265,0.0033205352,0.04509141,0.8861063,0.044262767
C:\Users\venka\Documents\Project\data\processed\test\clubbing\Screen-Shot-2021-11-22-at-8-07-54-AM_png.rf.e96b06941e97472672758cd4c6805ea5.jpg,4,clubbing,4,clubbing,0.94762087,True,0.008204953,0.018257335,0.00858758,0.0073080305,0.94762087,0.010021124
C:\Users\venka\Documents\Project\data\processed\test\clubbing\Screen-Shot-2021-11-22-at-8-13-50-AM_png.rf.bc822cb53b1ef5353230a7d662c58461.jpg,4,clubbing,4,clubbing,0.93441176,True,0.009518106,0.016192641,0.008542546,0.008425797,0.93441176,0.02290914
C:\Users\venka\Documents\Project\data\processed\test\clubbing\Screen-Shot-2021-11-22-at-8-13-50-AM_png.rf.f0a8f1e1c14da7c8d26cbd4bbaa5d06f.jpg,4,clubbing,4,clubbing,0.81010616,True,0.007237125,0.01823604,0.009276202,0.006350957,0.81010616,0.14879349
C:\Users\venka\Documents\Project\data\processed\test\clubbing\Screen-Shot-2021-11-22-at-8-17-06-AM_png.rf.43dd941178ffd7250648e78678a01c97.jpg,4,clubbing,4,clubbing,0.94872814,True,0.0070902254,0.018031945,0.008494362,0.009673386,0.94872814,0.007981967
C:\Users\venka\Documents\Project\data\processed\test\clubbing\Screen-Shot-2021-11-22-at-8-17-11-AM_png.rf.ba1dfc85d4eba51c26ea6a0391e8a164.jpg,4,clubbing,4,clubbing,0.9397697,True,0.007929011,0.017832968,0.009612192,0.014468841,0.9397697,0.010387298
C:\Users\venka\Documents\Project\data\processed\test\clubbing\Screen-Shot-2021-11-22-at-8-17-57-AM_png.rf.9b4e7008be1b4109042bf228911dae0f.jpg,4,clubbing,4,clubbing,0.90952754,True,0.0049619125,0.021777363,0.041065168,0.017200721,0.90952754,0.005467271
C:\Users\venka\Documents\Project\data\processed\test\clubbing\Screen-Shot-2021-11-22-at-8-20-33-AM_png.rf.9db53c5bca070888b82ee3ce77d36402.jpg,4,clubbing,4,clubbing,0.94406676,True,0.0061016227,0.014076202,0.014844345,0.009639068,0.94406676,0.011271984
C:\Users\venka\Documents\Project\data\processed\test\clubbing\Screen-Shot-2021-11-22-at-8-20-33-AM_png.rf.b7160c4cb2cbf61432d59885aa2ef685.jpg,4,clubbing,4,clubbing,0.9341295,True,0.008437623,0.017817827,0.011153363,0.011640678,0.9341295,0.016820945
C:\Users\venka\Documents\Project\data\processed\test\clubbing\Screen-Shot-2021-11-22-at-8-22-42-AM_png.rf.e80ff2bfd285183499834eb56c2bb7aa.jpg,4,clubbing,4,clubbing,0.9427372,True,0.008675892,0.019285422,0.0101886615,0.008621232,0.9427372,0.010491539
C:\Users\venka\Documents\Project\data\processed\test\clubbing\Screen-Shot-2021-11-22-at-8-23-26-AM_png.rf.05e4a199e9fb81db9530318ae77ede87.jpg,4,clubbing,4,clubbing,0.93693554,True,0.008568054,0.019320887,0.009096654,0.016827848,0.93693554,0.009250927
C:\Users\venka\Documents\Project\data\processed\test\clubbing\Screen-Shot-2021-11-22-at-8-24-20-AM_png.rf.6244638f2ee4017f89bd4af7761fc93b.jpg,4,clubbing,4,clubbing,0.93757856,True,0.009370515,0.019649537,0.010535841,0.010373576,0.93757856,0.012491983
C:\Users\venka\Documents\Project\data\processed\test\clubbing\Screen-Shot-2021-11-22-at-8-24-28-AM_png.rf.646ce5615bd3fa4ca32501f3459b98f4.jpg,4,clubbing,4,clubbing,0.9458909,True,0.007083071,0.018352011,0.0072837956,0.00918809,0.9458909,0.012202123
C:\Users\venka\Documents\Project\data\processed\test\clubbing\Screen-Shot-2021-11-22-at-8-26-00-AM_png.rf.4267e7cc1df3c74e5a03e3f94363f120.jpg,4,clubbing,4,clubbing,0.9294348,True,0.013379234,0.027019251,0.010388325,0.0074995575,0.9294348,0.012278816
C:\Users\venka\Documents\Project\data\processed\test\clubbing\Screen-Shot-2021-11-22-at-8-28-12-AM_png.rf.4abdff903c407e7b25027fb3c800c0ef.jpg,4,clubbing,4,clubbing,0.71728444,True,0.17876619,0.032124914,0.007860342,0.022612497,0.71728444,0.041351613
C:\Users\venka\Documents\Project\data\processed\test\clubbing\Screen-Shot-2021-11-22-at-8-28-22-AM_png.rf.71818e1225bab4d82ebb3c2fffde4bd4.jpg,4,clubbing,4,clubbing,0.95146775,True,0.007593724,0.016467763,0.006670087,0.009179933,0.95146775,0.008620735
C:\Users\venka\Documents\Project\data\processed\test\clubbing\Screen-Shot-2021-11-22-at-8-28-22-AM_png.rf.ef9bef5c9f26b0daac69bbf74ea5fcb2.jpg,4,clubbing,4,clubbing,0.9470918,True,0.008424066,0.018350894,0.0076569677,0.0090411,0.9470918,0.009435151
C:\Users\venka\Documents\Project\data\processed\test\clubbing\Screen-Shot-2021-11-22-at-8-30-42-AM_png.rf.b7a30351aa88c649ee5d3bc45091151b.jpg,4,clubbing,4,clubbing,0.92125946,True,0.0072376058,0.01905882,0.009549399,0.024485987,0.92125946,0.018408682
C:\Users\venka\Documents\Project\data\processed\test\clubbing\Screen-Shot-2021-11-22-at-8-30-46-AM_png.rf.cab2f9119a8d7ba60ab7aa77b752cd52.jpg,4,clubbing,4,clubbing,0.9425485,True,0.008560417,0.017846527,0.007928214,0.01409928,0.9425485,0.0090171425
C:\Users\venka\Documents\Project\data\processed\test\clubbing\Screen-Shot-2021-11-22-at-8-35-57-AM_png.rf.01ad598806819c2301ec5e6ab4eb41e3.jpg,4,clubbing,4,clubbing,0.9405618,True,0.007109194,0.018733006,0.0057000117,0.012403108,0.9405618,0.015492858
C:\Users\venka\Documents\Project\data\processed\test\clubbing\Screen-Shot-2021-11-22-at-8-35-57-AM_png.rf.351680c7a59b4ac1813c3745d5e4f262.jpg,4,clubbing,4,clubbing,0.928379,True,0.019246606,0.018516956,0.007893655,0.008693578,0.928379,0.017270157
C:\Users\venka\Documents\Project\data\processed\test\clubbing\Screen-Shot-2021-11-22-at-8-36-52-AM_png.rf.3be64201c01c27b2b3a9edcbea8b209e.jpg,4,clubbing,4,clubbing,0.9094732,True,0.014851599,0.050593067,0.0051199156,0.010070839,0.9094732,0.009891316
C:\Users\venka\Documents\Project\data\processed\test\clubbing\Screen-Shot-2021-11-22-at-8-36-52-AM_png.rf.f86f0b2533b3d4166fa3acc0fefb05bc.jpg,4,clubbing,4,clubbing,0.9589502,True,0.008078444,0.012724913,0.0046666064,0.009752747,0.9589502,0.005827003
C:\Users\venka\Documents\Project\data\processed\test\clubbing\Screen-Shot-2021-11-22-at-8-40-06-AM_png.rf.d95ab12cabe0c32e56cf72b9cd9fe779.jpg,4,clubbing,4,clubbing,0.9385046,True,0.010857112,0.018612558,0.011882004,0.009887931,0.9385046,0.01025582
C:\Users\venka\Documents\Project\data\processed\test\clubbing\Screen-Shot-2021-11-22-at-8-44-44-AM_png.rf.f111cda1cf4b4f51d5edae527d5b45b8.jpg,4,clubbing,4,clubbing,0.94736785,True,0.007825193,0.017629549,0.009276125,0.00911348,0.94736785,0.008787762
C:\Users\venka\Documents\Project\data\processed\test\clubbing\Screen-Shot-2021-11-22-at-8-44-48-AM_png.rf.4dd1941561265e606fde5de0776d637d.jpg,4,clubbing,4,clubbing,0.9381376,True,0.008772903,0.020242546,0.010789194,0.009888468,0.9381376,0.012169347
C:\Users\venka\Documents\Project\data\processed\test\clubbing\Screen-Shot-2021-11-22-at-8-44-54-AM_png.rf.1958a178c3e962063d9721f589e78484.jpg,4,clubbing,4,clubbing,0.94089776,True,0.008719177,0.017799633,0.010048467,0.014496353,0.94089776,0.008038677
C:\Users\venka\Documents\Project\data\processed\test\clubbing\Screen-Shot-2021-11-22-at-8-45-05-AM_png.rf.46b44e46fb9edc4f9c966c107c72045d.jpg,4,clubbing,4,clubbing,0.9319912,True,0.009764856,0.01850781,0.010890161,0.018406011,0.9319912,0.010439927
C:\Users\venka\Documents\Project\data\processed\test\clubbing\Screen-Shot-2021-11-22-at-8-45-38-AM_png.rf.d6e8d529d948d5c45e1c4b2b540d1628.jpg,4,clubbing,4,clubbing,0.94316703,True,0.009190491,0.017114908,0.013363329,0.011605148,0.94316703,0.0055589727
C:\Users\venka\Documents\Project\data\processed\test\clubbing\Screen-Shot-2021-11-22-at-8-46-56-AM_png.rf.6b360725b3b913902827498fa401433e.jpg,4,clubbing,4,clubbing,0.94679743,True,0.008874627,0.016053917,0.00817008,0.009729193,0.94679743,0.010374727
C:\Users\venka\Documents\Project\data\processed\test\clubbing\Screen-Shot-2021-11-22-at-8-59-55-AM_png.rf.b6dfb68ee47bf0f2b704662d42520539.jpg,4,clubbing,4,clubbing,0.9407969,True,0.010145214,0.017320074,0.009035759,0.012427926,0.9407969,0.010274148
C:\Users\venka\Documents\Project\data\processed\test\clubbing\Screen-Shot-2021-11-22-at-9-00-08-AM_png.rf.4b9a26de9e1704a230905ec0e1db3a91.jpg,4,clubbing,4,clubbing,0.9468002,True,0.008995673,0.018629586,0.008066634,0.008324201,0.9468002,0.00918379
C:\Users\venka\Documents\Project\data\processed\test\clubbing\Screen-Shot-2021-11-22-at-9-00-17-AM_png.rf.ecc8dc4624dfa721a8e63b13f0b56adb.jpg,4,clubbing,4,clubbing,0.95640844,True,0.007007491,0.01568877,0.0058852746,0.008268523,0.95640844,0.0067415163
C:\Users\venka\Documents\Project\data\processed\test\clubbing\Screen-Shot-2021-11-22-at-9-02-53-AM_png.rf.df8b88d5cdf9f8ee491d57490a1b97fc.jpg,4,clubbing,4,clubbing,0.91486233,True,0.014251323,0.020936105,0.011458229,0.018511591,0.91486233,0.01998049
C:\Users\venka\Documents\Project\data\processed\test\clubbing\Screen-Shot-2021-11-22-at-9-03-22-AM_png.rf.2fd6ae5ef8d0f22b5bdea06fdb6aa329.jpg,4,clubbing,4,clubbing,0.9577778,True,0.004661415,0.015780238,0.0059459,0.007343883,0.9577778,0.008490617
C:\Users\venka\Documents\Project\data\processed\test\clubbing\Screen-Shot-2021-11-22-at-9-07-23-AM_png.rf.aa52a8f565a0ec4fa48ba004d7094298.jpg,4,clubbing,4,clubbing,0.9469678,True,0.007322395,0.016400699,0.008666145,0.011456939,0.9469678,0.009186041
C:\Users\venka\Documents\Project\data\processed\test\clubbing\Screen-Shot-2021-11-22-at-9-07-23-AM_png.rf.db6bca37bd7bfda7b5d6da71d40ed410.jpg,4,clubbing,4,clubbing,0.94548416,True,0.0071048927,0.018207889,0.0073614293,0.011179426,0.94548416,0.0106621375
C:\Users\venka\Documents\Project\data\processed\test\clubbing\Screen-Shot-2021-11-22-at-9-09-23-AM_png.rf.678a6ceb45cc8a27d6eb1a0ae004e656.jpg,4,clubbing,3,blue_finger,0.7397788,False,0.0046323496,0.022550866,0.007901762,0.7397788,0.21633226,0.0088039115
C:\Users\venka\Documents\Project\data\processed\test\clubbing\Screen-Shot-2021-11-22-at-9-09-32-AM_png.rf.0df87e571cc956b4b9da457ff332ee0e.jpg,4,clubbing,4,clubbing,0.94904387,True,0.006636764,0.017343093,0.0068159425,0.010445971,0.94904387,0.009714437
C:\Users\venka\Documents\Project\data\processed\test\clubbing\Screen-Shot-2021-11-22-at-9-10-55-AM_png.rf.f8dd88bda4d055bdaf662c677c46a48b.jpg,4,clubbing,4,clubbing,0.94732475,True,0.007229331,0.01811866,0.010302508,0.006486375,0.94732475,0.010538365
C:\Users\venka\Documents\Project\data\processed\test\clubbing\Screen-Shot-2021-11-22-at-9-12-35-AM_png.rf.48e25c6114eea35771442885c3a4740f.jpg,4,clubbing,4,clubbing,0.9442294,True,0.00741825,0.01992826,0.009099147,0.010723333,0.9442294,0.008601587
C:\Users\venka\Documents\Project\data\processed\test\clubbing\Screen-Shot-2021-11-22-at-9-12-35-AM_png.rf.650fbda673c7c782077388543f291bed.jpg,4,clubbing,4,clubbing,0.94722646,True,0.006233634,0.019899117,0.008639638,0.008947733,0.94722646,0.009053473
C:\Users\venka\Documents\Project\data\processed\test\clubbing\Screen-Shot-2021-11-22-at-9-12-35-AM_png.rf.796c65436da4dbb24e906ce9c038e2c8.jpg,4,clubbing,4,clubbing,0.94662786,True,0.007559201,0.0188906,0.009442601,0.008453213,0.94662786,0.009026663
C:\Users\venka\Documents\Project\data\processed\test\clubbing\Screen-Shot-2021-11-22-at-9-12-51-AM_png.rf.0a54eac2bc2ca91fd855075b1596320b.jpg,4,clubbing,4,clubbing,0.93727726,True,0.009346503,0.019814432,0.010148494,0.01252185,0.93727726,0.0108914105
C:\Users\venka\Documents\Project\data\processed\test\clubbing\Screen-Shot-2021-11-22-at-9-12-51-AM_png.rf.49f7c3abaceded834ab9337a3a63edc0.jpg,4,clubbing,4,clubbing,0.9389378,True,0.006822388,0.02328858,0.008669481,0.01347018,0.9389378,0.008811684
C:\Users\venka\Documents\Project\data\processed\test\clubbing\Screen-Shot-2021-11-22-at-9-13-27-AM_png.rf.d3e03b8c8717e761575477810bfe73f6.jpg,4,clubbing,4,clubbing,0.9269842,True,0.009838058,0.023389852,0.012663643,0.015664915,0.9269842,0.011459375
C:\Users\venka\Documents\Project\data\processed\test\clubbing\Screen-Shot-2021-11-22-at-9-15-35-AM_png.rf.a97de4275841aadcb7fa2c7838b4db1b.jpg,4,clubbing,4,clubbing,0.9592282,True,0.0062444992,0.0112325065,0.0057508205,0.013541097,0.9592282,0.0040028165
C:\Users\venka\Documents\Project\data\processed\test\clubbing\Screen-Shot-2021-11-22-at-9-23-26-AM_png.rf.9994386352d8c8eeff37bce1fb901387.jpg,4,clubbing,4,clubbing,0.94650435,True,0.008185744,0.018386729,0.009142497,0.008210908,0.94650435,0.009569826
C:\Users\venka\Documents\Project\data\processed\test\clubbing\Screen-Shot-2021-11-22-at-9-23-46-AM_png.rf.db710c6fd04556ba4801ad5a1eaab126.jpg,4,clubbing,4,clubbing,0.93519,True,0.009853175,0.019630374,0.010819341,0.013133682,0.93519,0.011373482
C:\Users\venka\Documents\Project\data\processed\test\clubbing\Screen-Shot-2021-11-22-at-9-23-46-AM_png.rf.fec46fe89aeb12d01fc837392dd42933.jpg,4,clubbing,4,clubbing,0.9363478,True,0.00894156,0.019047266,0.010683978,0.013488462,0.9363478,0.0114909485
C:\Users\venka\Documents\Project\data\processed\test\clubbing\Screen-Shot-2021-11-22-at-9-24-05-AM_png.rf.f2995c3f305ac8dd90a1248dbe331508.jpg,4,clubbing,4,clubbing,0.9518225,True,0.0071713603,0.01597324,0.0077274395,0.0077358307,0.9518225,0.009569513
C:\Users\venka\Documents\Project\data\processed\test\clubbing\Screen-Shot-2021-11-22-at-9-24-37-AM_png.rf.4d09dea1023fdc0d357582f4d4b785f3.jpg,4,clubbing,4,clubbing,0.9511518,True,0.007331432,0.018263623,0.007982555,0.0076797656,0.9511518,0.0075908257
C:\Users\venka\Documents\Project\data\processed\test\clubbing\Screen-Shot-2021-11-22-at-9-24-45-AM_png.rf.0cf23ca344639d3e905649630b60fee6.jpg,4,clubbing,4,clubbing,0.9412096,True,0.008412885,0.016685152,0.008570387,0.016517002,0.9412096,0.008604869
C:\Users\venka\Documents\Project\data\processed\test\clubbing\Screen-Shot-2021-11-22-at-9-24-45-AM_png.rf.672d00f519f7e509a26493303645a3b4.jpg,4,clubbing,4,clubbing,0.9467913,True,0.008159955,0.018750982,0.0076040765,0.011177993,0.9467913,0.0075156437
C:\Users\venka\Documents\Project\data\processed\test\clubbing\Screen-Shot-2021-11-22-at-9-24-45-AM_png.rf.6cf4fc8c4311a3643dedf28f15453e70.jpg,4,clubbing,4,clubbing,0.9368897,True,0.0064626215,0.027825298,0.007567125,0.012908317,0.9368897,0.008346899
C:\Users\venka\Documents\Project\data\processed\test\clubbing\Screen-Shot-2021-11-22-at-9-27-45-AM_png.rf.5046c5a89ab861f4d84232b901ea8cd9.jpg,4,clubbing,4,clubbing,0.9518426,True,0.007344142,0.016253773,0.007862189,0.0071447385,0.9518426,0.009552531
C:\Users\venka\Documents\Project\data\processed\test\clubbing\Screen-Shot-2021-11-22-at-9-27-51-AM_png.rf.8e6a92146227390b94e99e61bd10c86c.jpg,4,clubbing,4,clubbing,0.9301005,True,0.011624293,0.019752283,0.010093762,0.010795355,0.9301005,0.017633803
C:\Users\venka\Documents\Project\data\processed\test\clubbing\Screen-Shot-2021-11-22-at-9-31-39-AM_png.rf.555324671795713ce6d995bdeea74e73.jpg,4,clubbing,4,clubbing,0.9433066,True,0.008015012,0.017258186,0.008435923,0.010029139,0.9433066,0.012955075
C:\Users\venka\Documents\Project\data\processed\test\clubbing\Screen-Shot-2021-11-22-at-9-32-29-AM_png.rf.765965c76a4b654e86b8a484d703fd25.jpg,4,clubbing,4,clubbing,0.9511888,True,0.007496009,0.0153544005,0.00665033,0.01089149,0.9511888,0.008418975
C:\Users\venka\Documents\Project\data\processed\test\clubbing\Screen-Shot-2021-11-22-at-9-32-29-AM_png.rf.cd375c15ccba6d1a6ff951941def24da.jpg,4,clubbing,4,clubbing,0.94912493,True,0.008003084,0.01713078,0.0077767614,0.008897054,0.94912493,0.009067485
C:\Users\venka\Documents\Project\data\processed\test\clubbing\Screen-Shot-2021-11-22-at-9-34-36-AM_png.rf.45f9e092dc84cf51593207ab2e7c43ae.jpg,4,clubbing,4,clubbing,0.9174704,True,0.005369841,0.02310206,0.0068130908,0.04073621,0.9174704,0.0065084514
C:\Users\venka\Documents\Project\data\processed\test\clubbing\Screen-Shot-2021-11-22-at-9-37-40-AM_png.rf.b684d83c144a38eb2c052ab08fe85089.jpg,4,clubbing,4,clubbing,0.9526864,True,0.00776115,0.016091233,0.008035345,0.0076581133,0.9526864,0.0077677066
C:\Users\venka\Documents\Project\data\processed\test\clubbing\Screen-Shot-2021-11-22-at-9-37-40-AM_png.rf.ca50435bef56ddeb8e5bfe7266077ce9.jpg,4,clubbing,4,clubbing,0.9507471,True,0.007670266,0.017156988,0.008075864,0.0073315594,0.9507471,0.009018187
C:\Users\venka\Documents\Project\data\processed\test\clubbing\Screen-Shot-2021-11-22-at-9-40-07-AM_png.rf.9dc1009f07d7125bb0806fe5f9ba47cc.jpg,4,clubbing,4,clubbing,0.9428391,True,0.0099999625,0.018713487,0.008876614,0.0097681135,0.9428391,0.009802796
C:\Users\venka\Documents\Project\data\processed\test\clubbing\Screen-Shot-2021-11-22-at-9-43-45-AM_png.rf.56fee80d27742f442483f6b027ee264e.jpg,4,clubbing,4,clubbing,0.9416416,True,0.009554283,0.017483868,0.0077662915,0.013934383,0.9416416,0.009619516
C:\Users\venka\Documents\Project\data\processed\test\clubbing\Screen-Shot-2021-11-22-at-9-44-03-AM_png.rf.9401cc63fb535352ac86210116e80ab8.jpg,4,clubbing,4,clubbing,0.95165235,True,0.0059642172,0.01682206,0.006368426,0.010069619,0.95165235,0.009123393
C:\Users\venka\Documents\Project\data\processed\test\clubbing\Screen-Shot-2021-11-22-at-9-44-21-AM_png.rf.50b585f50a7a4210279659b499d803d4.jpg,4,clubbing,4,clubbing,0.959803,True,0.0051766206,0.013871777,0.005299363,0.0051158355,0.959803,0.010733437
C:\Users\venka\Documents\Project\data\processed\test\clubbing\Screen-Shot-2021-11-22-at-9-44-40-AM_png.rf.b86d00c09dce9b97af3940e831451e54.jpg,4,clubbing,4,clubbing,0.9333776,True,0.0108024925,0.021894272,0.010043663,0.011693408,0.9333776,0.012188605
C:\Users\venka\Documents\Project\data\processed\test\clubbing\Screen-Shot-2021-11-22-at-9-46-12-AM_png.rf.46e1daca426e6e5f8f6c27e540bb28e1.jpg,4,clubbing,4,clubbing,0.9468161,True,0.006820701,0.017444342,0.00854261,0.010978756,0.9468161,0.009397449
C:\Users\venka\Documents\Project\data\processed\test\clubbing\Screen-Shot-2021-11-22-at-9-46-26-AM_png.rf.d3740348b45a14f9b95d15cb5e006885.jpg,4,clubbing,4,clubbing,0.9504691,True,0.009298762,0.016047725,0.008153535,0.008540193,0.9504691,0.0074907304
C:\Users\venka\Documents\Project\data\processed\test\clubbing\Screen-Shot-2021-11-22-at-9-47-47-AM_png.rf.02c095bdea32f613b07cdb6a4b520e8f.jpg,4,clubbing,4,clubbing,0.9482984,True,0.008286254,0.01642795,0.008185402,0.011129424,0.9482984,0.00767246
C:\Users\venka\Documents\Project\data\processed\test\clubbing\Screen-Shot-2021-11-22-at-9-47-47-AM_png.rf.8fe4165935f688aa623924e02bc3e742.jpg,4,clubbing,4,clubbing,0.94979304,True,0.008080403,0.012619167,0.004693246,0.015999367,0.94979304,0.008814858
C:\Users\venka\Documents\Project\data\processed\test\clubbing\Screen-Shot-2021-11-22-at-9-51-13-AM_png.rf.13f4b161a98ed0705b4e56c958779034.jpg,4,clubbing,4,clubbing,0.93803126,True,0.009445565,0.020827362,0.009971002,0.0110464385,0.93803126,0.010678417
C:\Users\venka\Documents\Project\data\processed\test\clubbing\Screen-Shot-2021-11-22-at-9-51-13-AM_png.rf.807c98d7e07ed9d1a1d7b28df5ff54d7.jpg,4,clubbing,4,clubbing,0.943875,True,0.007460391,0.01811909,0.009051534,0.011685518,0.943875,0.009808412
C:\Users\venka\Documents\Project\data\processed\test\clubbing\Screen-Shot-2021-11-22-at-9-51-19-AM_png.rf.3582c1a69fb0c9d647ae4e0ae48801c7.jpg,4,clubbing,4,clubbing,0.946819,True,0.0072567575,0.017333575,0.010765116,0.009364649,0.946819,0.008460852
C:\Users\venka\Documents\Project\data\processed\test\clubbing\Screen-Shot-2021-11-22-at-9-54-00-AM_png.rf.a1cb3285513e08923efd4ae8701c77ba.jpg,4,clubbing,4,clubbing,0.9475743,True,0.007586788,0.016617525,0.00905356,0.0099382335,0.9475743,0.009229528
C:\Users\venka\Documents\Project\data\processed\test\clubbing\Screen-Shot-2021-11-22-at-9-54-05-AM_png.rf.042afb5867566686adb519a5eb0cc372.jpg,4,clubbing,4,clubbing,0.9475426,True,0.006759174,0.01669625,0.009712912,0.010810214,0.9475426,0.008478805
C:\Users\venka\Documents\Project\data\processed\test\clubbing\Screen-Shot-2021-11-22-at-9-56-30-AM_png.rf.10eeab93960298c89432e2b5f9c7706b.jpg,4,clubbing,4,clubbing,0.9341972,True,0.007975374,0.018742228,0.008192423,0.022430955,0.9341972,0.008461697
C:\Users\venka\Documents\Project\data\processed\test\pitting\108_JPG.rf.40d1720769393f88f2f33a1551a3e2f1.jpg,5,pitting,5,pitting,0.9397165,True,0.0067374245,0.017451504,0.011031581,0.018134115,0.006928771,0.9397165
C:\Users\venka\Documents\Project\data\processed\test\pitting\108_JPG.rf.8dab79a581652b65c98389790e2f67e5.jpg,5,pitting,5,pitting,0.9465219,True,0.006752228,0.01641278,0.012054701,0.011870221,0.0063881786,0.9465219
C:\Users\venka\Documents\Project\data\processed\test\pitting\116_JPG.rf.09b6228a6798c4faafb6a84c783ccfa9.jpg,5,pitting,5,pitting,0.95623183,True,0.0063156546,0.015606476,0.0067522763,0.008461546,0.0066321827,0.95623183
C:\Users\venka\Documents\Project\data\processed\test\pitting\119_jpg.rf.8b99f606c9d97456821251f39b0de1a6.jpg,5,pitting,5,pitting,0.9571135,True,0.0061380984,0.014025199,0.0076120934,0.009010932,0.006100175,0.9571135
C:\Users\venka\Documents\Project\data\processed\test\pitting\11_png.rf.3acafe927a60a1c1c05ac7b115c19b5b.jpg,5,pitting,5,pitting,0.9585831,True,0.0064371475,0.013927829,0.0071153278,0.007671707,0.006264959,0.9585831
C:\Users\venka\Documents\Project\data\processed\test\pitting\124_JPG.rf.50d57fdbe05ba48917dd86dbd38e35e2.jpg,5,pitting,5,pitting,0.9525588,True,0.0064596543,0.015936505,0.008208642,0.010286152,0.006550256,0.9525588
C:\Users\venka\Documents\Project\data\processed\test\pitting\124_JPG.rf.9dfea669f5725b6bf16266aa68de98f0.jpg,5,pitting,5,pitting,0.95459235,True,0.0064040027,0.01617744,0.0075906995,0.008951769,0.0062837354,0.95459235
C:\Users\venka\Documents\Project\data\processed\test\pitting\126_JPG.rf.8e3c38017672c29a316b3884721fa786.jpg,5,pitting,5,pitting,0.9589853,True,0.0057655126,0.013265391,0.007069256,0.008723154,0.006191426,0.9589853
C:\Users\venka\Documents\Project\data\processed\test\pitting\127_JPG.rf.8e4b2d61de934f2ca8bc127a5e889c93.jpg,5,pitting,5,pitting,0.95283115,True,0.0067047295,0.015904123,0.0076646986,0.010250393,0.0066449153,0.95283115
C:\Users\venka\Documents\Project\data\processed\test\pitting\133_JPG.rf.926bfbd8694399db8bca576b390f7024.jpg,5,pitting,5,pitting,0.9549117,True,0.0070554847,0.015278323,0.0076732603,0.008928122,0.006153088,0.9549117
C:\Users\venka\Documents\Project\data\processed\test\pitting\135_JPG.rf.9df3f55d65600846feee4b283eac6d5a.jpg,5,pitting,5,pitting,0.95229083,True,0.0073072063,0.016121745,0.007214072,0.009369638,0.0076965224,0.95229083
C:\Users\venka\Documents\Project\data\processed\test\pitting\138_JPG.rf.343a765ce45a0f4c3cbb51d639cdaf96.jpg,5,pitting,5,pitting,0.9536366,True,0.006745581,0.015480769,0.007951315,0.009460416,0.0067252833,0.9536366
C:\Users\venka\Documents\Project\data\processed\test\pitting\139_jpg.rf.cfbb2c717214ef727d1e9df7e8d4f195.jpg,5,pitting,5,pitting,0.9586412,True,0.0064032003,0.014242863,0.0070821326,0.0072973403,0.0063332133,0.9586412
C:\Users\venka\Documents\Project\data\processed\test\pitting\149_JPG.rf.6115fa9ab7322a035bda51469282c880.jpg,5,pitting,5,pitting,0.95549184,True,0.0070207394,0.015211719,0.0076570706,0.0077529624,0.006865695,0.95549184
C:\Users\venka\Documents\Project\data\processed\test\pitting\151_JPG.rf.8ee44e6dc45b3f372ad4bddc343c8ce3.jpg,5,pitting,5,pitting,0.95548916,True,0.006265124,0.014589296,0.007648313,0.008927951,0.007080215,0.95548916
C:\Users\venka\Documents\Project\data\processed\test\pitting\159_JPG.rf.75e8e7071a4ef28cf220571b9574f13a.jpg,5,pitting,5,pitting,0.95174855,True,0.007804995,0.0158197,0.008374716,0.009382212,0.0068697683,0.95174855
C:\Users\venka\Documents\Project\data\processed\test\pitting\160_JPG.rf.5e215e7d14e1e139300f032cb107c6d6.jpg,5,pitting,5,pitting,0.9561145,True,0.006464959,0.015004847,0.008017463,0.00792421,0.0064740474,0.9561145
C:\Users\venka\Documents\Project\data\processed\test\pitting\164_JPG.rf.23a3a9830c0cd70cdf0d2dd57716bf17.jpg,5,pitting,5,pitting,0.9518136,True,0.007209643,0.016414244,0.008678651,0.009133427,0.006750517,0.9518136
C:\Users\venka\Documents\Project\data\processed\test\pitting\166_jpg.rf.55c1aace0868bfab89bcd082d40663c0.jpg,5,pitting,5,pitting,0.9612892,True,0.008939678,0.012739271,0.006472315,0.0058845,0.0046749874,0.9612892
C:\Users\venka\Documents\Project\data\processed\test\pitting\167_jpg.rf.b56f36ab013137008e4ac4215924918c.jpg,5,pitting,5,pitting,0.9584863,True,0.0066489503,0.01465151,0.006482817,0.0072163455,0.0065140584,0.9584863
C:\Users\venka\Documents\Project\data\processed\test\pitting\170_jpg.rf.787c50c3da5159db6f777eed1e32bc61.jpg,5,pitting,5,pitting,0.956656,True,0.006553227,0.0140231075,0.0068657976,0.009472325,0.0064295414,0.956656
C:\Users\venka\Documents\Project\data\processed\test\pitting\175_jpg.rf.7eabce046b102ba4fcbd9a9146e2dca0.jpg,5,pitting,5,pitting,0.95189273,True,0.0077454704,0.015902765,0.007645883,0.008869832,0.007943275,0.95189273
C:\Users\venka\Documents\Project\data\processed\test\pitting\176_JPG.rf.3242ec8727ad2be42d4273ab9aba9fd2.jpg,5,pitting,5,pitting,0.95569813,True,0.006820618,0.015457899,0.00820845,0.007769282,0.006045557,0.95569813
C:\Users\venka\Documents\Project\data\processed\test\pitting\17_JPG.rf.98f366aa36c6c64c3c6eda6df2a01839.jpg,5,pitting,5,pitting,0.9512136,True,0.007897314,0.017097458,0.0060850177,0.010698368,0.0070083295,0.9512136
C:\Users\venka\Documents\Project\data\processed\test\pitting\182_JPG.rf.4865053aad8d4ec521a348c4ff477824.jpg,5,pitting,5,pitting,0.9541657,True,0.0062726275,0.01553153,0.0074424003,0.009503374,0.0070843794,0.9541657
C:\Users\venka\Documents\Project\data\processed\test\pitting\187_JPG.rf.8c80a5b2ad3a343cb7335b03a14049ea.jpg,5,pitting,5,pitting,0.9542052,True,0.0056904037,0.016614905,0.007351829,0.01030717,0.005830561,0.9542052
C:\Users\venka\Documents\Project\data\processed\test\pitting\191_JPG.rf.2e550da841289c1e9987dd8aaae4bf63.jpg,5,pitting,5,pitting,0.9528885,True,0.0072768433,0.016073301,0.007721525,0.009372697,0.006667165,0.9528885
C:\Users\venka\Documents\Project\data\processed\test\pitting\193_JPG.rf.1050b067538579a53ee4deef44c9e4b7.jpg,5,pitting,5,pitting,0.95612055,True,0.0064963163,0.015658123,0.007207743,0.008043744,0.006473508,0.95612055
C:\Users\venka\Documents\Project\data\processed\test\pitting\193_JPG.rf.744032144cc47f608f0069c3f6280a76.jpg,5,pitting,5,pitting,0.9549095,True,0.0065343557,0.016005067,0.007448657,0.008632921,0.0064694844,0.9549095
C:\Users\venka\Documents\Project\data\processed\test\pitting\194_JPG.rf.22303522aea827bb7a83402327be123a.jpg,5,pitting,5,pitting,0.92284554,True,0.008826175,0.02202736,0.0070457165,0.02521377,0.014041376,0.92284554
C:\Users\venka\Documents\Project\data\processed\test\pitting\197_JPG.rf.48117710a88fe2b0cf96f5bc9332f162.jpg,5,pitting,5,pitting,0.95505196,True,0.0065578907,0.015840596,0.0073866914,0.008405551,0.006757374,0.95505196
C:\Users\venka\Documents\Project\data\processed\test\pitting\204_JPG.rf.f04d4d025923aeb98c297f8ac9cef174.jpg,5,pitting,5,pitting,0.95203716,True,0.008127587,0.016508693,0.0072095892,0.009257362,0.00685948,0.95203716
C:\Users\venka\Documents\Project\data\processed\test\pitting\206_JPG.rf.0ca72ae7568163d06c10e1c40adbd6c5.jpg,5,pitting,5,pitting,0.95388633,True,0.007261883,0.0140196895,0.007924559,0.010270462,0.0066370345,0.95388633
C:\Users\venka\Documents\Project\data\processed\test\pitting\209_JPG.rf.55565a335358f438ed25a37cc3bd83a0.jpg,5,pitting,5,pitting,0.948889,True,0.006303154,0.016520778,0.011325993,0.010200025,0.0067609916,0.948889
C:\Users\venka\Documents\Project\data\processed\test\pitting\210_JPG.rf.a60fa528afbbf6bf1b01e626d5e8c691.jpg,5,pitting,5,pitting,0.9532067,True,0.006485536,0.013308174,0.009010417,0.011923024,0.0060662786,0.9532067
C:\Users\venka\Documents\Project\data\processed\test\pitting\217_JPG.rf.5410f1eff5eda1ff303d0eb4537173c4.jpg,5,pitting,5,pitting,0.9556727,True,0.006323243,0.016242594,0.006971961,0.007932966,0.0068565137,0.9556727
C:\Users\venka\Documents\Project\data\processed\test\pitting\21_JPG.rf.0d8da1c0a488e4f659d4a200c6b815c5.jpg,5,pitting,5,pitting,0.9591644,True,0.0063653123,0.0144041255,0.0057994616,0.0074111614,0.0068555675,0.9591644
C:\Users\venka\Documents\Project\data\processed\test\pitting\220_JPG.rf.79cdc4c45e68afed0c6d3fce5ca4c877.jpg,5,pitting,5,pitting,0.9564418,True,0.006952,0.015349863,0.0074053467,0.008127817,0.0057231807,0.9564418
C:\Users\venka\Documents\Project\data\processed\test\pitting\223_JPG.rf.be844140328cb31f01a0bf604c9e78b2.jpg,5,pitting,5,pitting,0.9528284,True,0.0076054977,0.015063804,0.007912849,0.00870352,0.007885943,0.9528284
C:\Users\venka\Documents\Project\data\processed\test\pitting\227_JPG.rf.6177403cabb6a7e7ced7c1ff66691e48.jpg,5,pitting,5,pitting,0.95670253,True,0.0064802696,0.0143148145,0.0070904843,0.008868373,0.006543567,0.95670253
C:\Users\venka\Documents\Project\data\processed\test\pitting\230_jpg.rf.25ab4a665db508eeaa05cb42a23a01b4.jpg,5,pitting,5,pitting,0.95499027,True,0.0067239166,0.01528275,0.0074284687,0.008500837,0.0070737656,0.95499027
C:\Users\venka\Documents\Project\data\processed\test\pitting\235_JPG.rf.61804fcdecfc67c1160427a55bbcc005.jpg,5,pitting,5,pitting,0.9558883,True,0.006316993,0.014215905,0.007892334,0.009190219,0.0064962283,0.9558883
C:\Users\venka\Documents\Project\data\processed\test\pitting\236_jpg.rf.175aa87e91db30ae9e729392ddb794ec.jpg,5,pitting,5,pitting,0.95904624,True,0.006570491,0.0137470085,0.0070533375,0.008275281,0.0053075887,0.95904624
C:\Users\venka\Documents\Project\data\processed\test\pitting\238_JPG.rf.4d8483d735627e4e5876bf8a49011a54.jpg,5,pitting,5,pitting,0.9578672,True,0.005803174,0.015019557,0.007114514,0.00853482,0.0056607774,0.9578672
C:\Users\venka\Documents\Project\data\processed\test\pitting\238_JPG.rf.adc3d140dc01e596f8d702c2feae7aae.jpg,5,pitting,5,pitting,0.9574944,True,0.0058256993,0.015078535,0.0072288937,0.008484713,0.0058878004,0.9574944
C:\Users\venka\Documents\Project\data\processed\test\pitting\241_JPG.rf.01131a383281b2d3a43e1f1b3946ac68.jpg,5,pitting,5,pitting,0.95727235,True,0.0058381814,0.015380687,0.006911517,0.0075820475,0.0070152082,0.95727235
C:\Users\venka\Documents\Project\data\processed\test\pitting\243_jpg.rf.8bfdedf7f519567f3a947c35f6274825.jpg,5,pitting,5,pitting,0.95829415,True,0.006512433,0.014509392,0.007368459,0.0077263513,0.0055891974,0.95829415
C:\Users\venka\Documents\Project\data\processed\test\pitting\247_JPG.rf.819163fb6c1e870cd170a927ef66b72a.jpg,5,pitting,5,pitting,0.95539325,True,0.006133448,0.015204668,0.007977431,0.008746469,0.0065447274,0.95539325
C:\Users\venka\Documents\Project\data\processed\test\pitting\251_JPG.rf.0d21198c91d51724b676862bf62321fe.jpg,5,pitting,5,pitting,0.95517147,True,0.006761959,0.015178634,0.007816145,0.008759693,0.0063122166,0.95517147
C:\Users\venka\Documents\Project\data\processed\test\pitting\251_JPG.rf.48c4c67c35053f308d4c972fde788c50.jpg,5,pitting,5,pitting,0.95520824,True,0.0066250702,0.014521662,0.008985395,0.009383113,0.0052765114,0.95520824
C:\Users\venka\Documents\Project\data\processed\test\pitting\25_JPG.rf.88e9974981b12a95665b7267ff0a078f.jpg,5,pitting,5,pitting,0.9587597,True,0.0061856764,0.014648765,0.006616839,0.007114274,0.0066747707,0.9587597
C:\Users\venka\Documents\Project\data\processed\test\pitting\25_JPG.rf.b6c47482831efb277500b134685677e6.jpg,5,pitting,5,pitting,0.9580144,True,0.0061373874,0.0148582375,0.0069181193,0.007708547,0.006363331,0.9580144
C:\Users\venka\Documents\Project\data\processed\test\pitting\265_jpg.rf.d2ae9c48bc4375dc04b662a9685143e4.jpg,5,pitting,5,pitting,0.95803946,True,0.006949492,0.013762469,0.0070079123,0.007890582,0.0063500665,0.95803946
C:\Users\venka\Documents\Project\data\processed\test\pitting\266_JPG.rf.26d421fddbf545f4c907e34f5d98496a.jpg,5,pitting,5,pitting,0.9597777,True,0.0068734703,0.013665573,0.005535248,0.007997469,0.006150584,0.9597777
C:\Users\venka\Documents\Project\data\processed\test\pitting\268_JPG.rf.3fb0f6a93730fb27ad780cbdb8382ed8.jpg,5,pitting,5,pitting,0.9609612,True,0.006344001,0.012511424,0.0062616,0.008133256,0.005788535,0.9609612
C:\Users\venka\Documents\Project\data\processed\test\pitting\272_jpg.rf.70a63e08bc17a69600c13dce11760900.jpg,5,pitting,4,clubbing,0.474475,False,0.15485759,0.059659846,0.036625296,0.20617414,0.474475,0.06820818
C:\Users\venka\Documents\Project\data\processed\test\pitting\272_jpg.rf.cfc92e83f033e5aaa1c749c21d380b76.jpg,5,pitting,0,Acral_Lentiginous_Melanoma,0.28096616,False,0.28096616,0.1361139,0.07482438,0.14930905,0.2607253,0.09806124
C:\Users\venka\Documents\Project\data\processed\test\pitting\273_JPG.rf.9c5a81574acc80fd7cce0549f7a0dfe2.jpg,5,pitting,5,pitting,0.9655519,True,0.006553707,0.011946796,0.005670865,0.0055934857,0.004683225,0.9655519
C:\Users\venka\Documents\Project\data\processed\test\pitting\273_JPG.rf.b07ea37530876890afa4bf5cdede9c4c.jpg,5,pitting,5,pitting,0.9594053,True,0.0061974907,0.014701664,0.006657217,0.007289198,0.0057491674,0.9594053
C:\Users\venka\Documents\Project\data\processed\test\pitting\27_JPG.rf.c624cc83fa29d13bfb9a8de550308f4c.jpg,5,pitting,5,pitting,0.95081997,True,0.007315707,0.015672289,0.0094658835,0.0082347365,0.008491392,0.95081997
C:\Users\venka\Documents\Project\data\processed\test\pitting\283_JPG.rf.41d5680f45c8cd1b3aaaf76599d9d428.jpg,5,pitting,5,pitting,0.95677084,True,0.0063769477,0.015316282,0.007202904,0.006589204,0.0077437847,0.95677084
C:\Users\venka\Documents\Project\data\processed\test\pitting\283_JPG.rf.b0228bf44a39c838aeadc1ecbe0bc177.jpg,5,pitting,5,pitting,0.95892304,True,0.0063428525,0.014651156,0.0068206037,0.0072210114,0.0060412567,0.95892304
C:\Users\venka\Documents\Project\data\processed\test\pitting\289_jpg.rf.adaebf2016e6656aac1c829f0db8b7c8.jpg,5,pitting,5,pitting,0.9513765,True,0.008964457,0.013999974,0.009039066,0.0109194135,0.0057006096,0.9513765
C:\Users\venka\Documents\Project\data\processed\test\pitting\293_JPG.rf.ae08bdf3dd6225428eef2b060b19c9d5.jpg,5,pitting,5,pitting,0.9553083,True,0.005921888,0.016235098,0.007124166,0.00830327,0.0071073906,0.9553083
C:\Users\venka\Documents\Project\data\processed\test\pitting\293_JPG.rf.f3f2bfeaebb7572103b05be7d40708dc.jpg,5,pitting,5,pitting,0.95779324,True,0.0054070284,0.014404833,0.0066926563,0.00892818,0.0067741433,0.95779324
C:\Users\venka\Documents\Project\data\processed\test\pitting\306_jpg.rf.6f3ab6cc1fdd98ff23abfed84ded1dec.jpg,5,pitting,5,pitting,0.9487009,True,0.009173704,0.015962334,0.007956586,0.011387793,0.0068187322,0.9487009
C:\Users\venka\Documents\Project\data\processed\test\pitting\306_jpg.rf.bd77586386e09f91d3c4728564f5deaa.jpg,5,pitting,5,pitting,0.9535789,True,0.007345396,0.015022339,0.007846923,0.009851792,0.0063546523,0.9535789
C:\Users\venka\Documents\Project\data\processed\test\pitting\307_jpg.rf.b9a8a4f3e56096edda03c37770f3c425.jpg,5,pitting,5,pitting,0.9540168,True,0.0076228157,0.014717708,0.008267129,0.009073277,0.006302158,0.9540168
C:\Users\venka\Documents\Project\data\processed\test\pitting\309_JPG.rf.4985a709f5e77f90039519e74350bd0f.jpg,5,pitting,5,pitting,0.96006703,True,0.006629626,0.013419041,0.006055263,0.00765219,0.0061768303,0.96006703
C:\Users\venka\Documents\Project\data\processed\test\pitting\309_JPG.rf.e8d1fa1245f2697375205f0fd1d4919d.jpg,5,pitting,5,pitting,0.95958716,True,0.006971966,0.013646914,0.0062916856,0.007447395,0.0060549118,0.95958716
C:\Users\venka\Documents\Project\data\processed\test\pitting\318_JPG.rf.c0173ec94d0de1ff51a674fa12baaa1a.jpg,5,pitting,5,pitting,0.8524276,True,0.008202189,0.017227115,0.009976948,0.10055068,0.011615418,0.8524276
C:\Users\venka\Documents\Project\data\processed\test\pitting\32_JPG.rf.114ba82648617c3c660c156c86c27411.jpg,5,pitting,5,pitting,0.9535374,True,0.007531747,0.015068049,0.00673962,0.008754116,0.008369106,0.9535374
C:\Users\venka\Documents\Project\data\processed\test\pitting\35_JPG.rf.5db35122afc917faf80e5db480912c5f.jpg,5,pitting,5,pitting,0.9555873,True,0.0055159316,0.012249915,0.0070248866,0.010747318,0.008874557,0.9555873
C:\Users\venka\Documents\Project\data\processed\test\pitting\35_JPG.rf.771b0daa3c0232a0bc3eac9dea27ae39.jpg,5,pitting,5,pitting,0.93438786,True,0.0054894057,0.014589184,0.009572716,0.013787769,0.022172965,0.93438786
C:\Users\venka\Documents\Project\data\processed\test\pitting\36_JPG.rf.e4d2c9ab6bac2d84db3beaf02384f973.jpg,5,pitting,5,pitting,0.95950997,True,0.006834448,0.01340559,0.006726933,0.007861998,0.005661087,0.95950997
C:\Users\venka\Documents\Project\data\processed\test\pitting\37_JPG.rf.192c2d6c4ef6ef0cb0b7a6a405665545.jpg,5,pitting,5,pitting,0.9627256,True,0.0070854495,0.011809759,0.004003728,0.011500891,0.0028746484,0.9627256
C:\Users\venka\Documents\Project\data\processed\test\pitting\42_JPG.rf.f2972615668faac9416c0197d4bdc672.jpg,5,pitting,5,pitting,0.9546843,True,0.006846455,0.015855487,0.0072369063,0.008206068,0.007170762,0.9546843
C:\Users\venka\Documents\Project\data\processed\test\pitting\50_JPG.rf.e0ba358b4003b7242e5e2818cc1e649a.jpg,5,pitting,5,pitting,0.95278436,True,0.0078008217,0.014414527,0.0079463385,0.010197439,0.00685658,0.95278436
C:\Users\venka\Documents\Project\data\processed\test\pitting\52_JPG.rf.19ad0afda1822cfe4ca09794a0bad9ac.jpg,5,pitting,5,pitting,0.95805985,True,0.006231331,0.0150338365,0.0065130135,0.00762577,0.0065361327,0.95805985
C:\Users\venka\Documents\Project\data\processed\test\pitting\53_JPG.rf.ffd7ef85d81866daa66f9e2975221f58.jpg,5,pitting,5,pitting,0.955718,True,0.0075462437,0.013915656,0.0075394497,0.009080778,0.0061997827,0.955718
C:\Users\venka\Documents\Project\data\processed\test\pitting\56_JPG.rf.d6b262b70e48930c46cd7301d8dd7a6a.jpg,5,pitting,5,pitting,0.9511846,True,0.005786175,0.019959124,0.0087547535,0.0094171,0.0048982217,0.9511846
C:\Users\venka\Documents\Project\data\processed\test\pitting\59_JPG.rf.88f3c5a80b9adb532a6aff2bdd132c0a.jpg,5,pitting,5,pitting,0.9531793,True,0.0072976784,0.016144414,0.0071280943,0.008452153,0.007798267,0.9531793
C:\Users\venka\Documents\Project\data\processed\test\pitting\5_JPG.rf.d28647ea5bb64e4906c8465d44a445dc.jpg,5,pitting,5,pitting,0.95446765,True,0.0066109053,0.01665214,0.006980274,0.008408083,0.0068808915,0.95446765
C:\Users\venka\Documents\Project\data\processed\test\pitting\63_JPG.rf.88ae502be667ef01a50f614312b01505.jpg,5,pitting,5,pitting,0.9554185,True,0.0069022356,0.015416416,0.007015927,0.008621458,0.006625356,0.9554185
C:\Users\venka\Documents\Project\data\processed\test\pitting\63_JPG.rf.c7fc87b4fae1a2cf47c6d85ed72c4283.jpg,5,pitting,5,pitting,0.9586847,True,0.006684361,0.013800518,0.0064138104,0.008037581,0.0063790516,0.9586847
C:\Users\venka\Documents\Project\data\processed\test\pitting\64_JPG.rf.8eb7070ef18a40896dd6c5f88b4b5cee.jpg,5,pitting,5,pitting,0.9584871,True,0.006408747,0.014176196,0.00663953,0.007912885,0.006375542,0.9584871
C:\Users\venka\Documents\Project\data\processed\test\pitting\65_JPG.rf.0115ec5ab2ddb2ed7afc5fcbd81a7b69.jpg,5,pitting,5,pitting,0.89777523,True,0.0540094,0.01945781,0.008652555,0.01139711,0.008707936,0.89777523
C:\Users\venka\Documents\Project\data\processed\test\pitting\66_jpg.rf.44626a3dae3f4adbea432c85b72aed52.jpg,5,pitting,5,pitting,0.9576361,True,0.0069245147,0.013903445,0.0072313156,0.0075391247,0.006765508,0.9576361
C:\Users\venka\Documents\Project\data\processed\test\pitting\68_JPG.rf.6e5d511a034d29e957521853eb7ac0d1.jpg,5,pitting,5,pitting,0.9553235,True,0.006554031,0.015245577,0.006976127,0.008660352,0.0072403676,0.9553235
C:\Users\venka\Documents\Project\data\processed\test\pitting\74_JPG.rf.9e7e62d364ecb759e14ed32e2f9d2f59.jpg,5,pitting,5,pitting,0.9569099,True,0.00572794,0.013665412,0.006704746,0.008547271,0.0084447395,0.9569099
C:\Users\venka\Documents\Project\data\processed\test\pitting\75_JPG.rf.b5e87b1560658eabeef4ae46db975199.jpg,5,pitting,5,pitting,0.94526076,True,0.005243046,0.01566532,0.007866667,0.011620321,0.014343947,0.94526076
C:\Users\venka\Documents\Project\data\processed\test\pitting\7_JPG.rf.78589204be0bdf18b31f66b98d14dae2.jpg,5,pitting,5,pitting,0.9513323,True,0.006001485,0.015102364,0.009085219,0.012923634,0.0055550383,0.9513323
C:\Users\venka\Documents\Project\data\processed\test\pitting\89_JPG.rf.a7e857ea3d6cc588b3320d9e7f89df5c.jpg,5,pitting,5,pitting,0.95525944,True,0.0065606763,0.01577436,0.006965063,0.008215366,0.0072252005,0.95525944
C:\Users\venka\Documents\Project\data\processed\test\pitting\90_JPG.rf.90cf05e9e3aa99b43e842cbddc2fcacc.jpg,5,pitting,5,pitting,0.9517644,True,0.00681541,0.017514275,0.007299599,0.009022862,0.0075834356,0.9517644
C:\Users\venka\Documents\Project\data\processed\test\pitting\90_JPG.rf.d07c77955e569fc092ebaee5d8a89aae.jpg,5,pitting,5,pitting,0.9557111,True,0.006287085,0.016106175,0.0071768104,0.008488629,0.0062302207,0.9557111
C:\Users\venka\Documents\Project\data\processed\test\pitting\91_JPG.rf.b56309309c23729cfd2c81e73f627bc9.jpg,5,pitting,5,pitting,0.9535064,True,0.006921034,0.0149522275,0.009101407,0.009132922,0.0063860756,0.9535064
C:\Users\venka\Documents\Project\data\processed\test\pitting\91_JPG.rf.ee848f39a582b7468022ea9062b51205.jpg,5,pitting,5,pitting,0.9567251,True,0.0066568754,0.013865099,0.0076002334,0.008105811,0.0070468704,0.9567251
C:\Users\venka\Documents\Project\data\processed\test\pitting\9_JPG.rf.874798f3e0533bd9bfed669c294bfd2e.jpg,5,pitting,5,pitting,0.95725405,True,0.0064959563,0.014265757,0.0069603864,0.007934677,0.007089117,0.95725405
