filepath,true_label_index,true_class,predicted_label_index,predicted_class,confidence,correct,probability_Acral_Lentiginous_Melanoma,probability_Healthy_Nail,probability_Onychogryphosis,probability_blue_finger,probability_clubbing,probability_pitting
C:\Users\venka\Documents\Project\data\processed\test\Acral_Lentiginous_Melanoma\1124-Subungual_Melanoma-642x361-slide3_jpg.rf.20c5952ae446e61a018ac2e98609f278.jpg,0,Acral_Lentiginous_Melanoma,0,Acral_Lentiginous_Melanoma,0.93672633,True,0.93672633,0.016475296,0.008487785,0.011097992,0.015386405,0.011826247
C:\Users\venka\Documents\Project\data\processed\test\Acral_Lentiginous_Melanoma\4229e494114681c808066e262f2f82ad1c89676d_jpg.rf.c06c1d1f4666c86b4d9c077d67cf65d6.jpg,0,Acral_Lentiginous_Melanoma,0,Acral_Lentiginous_Melanoma,0.82011557,True,0.82011557,0.06592867,0.030428628,0.052172337,0.018720977,0.012633759
C:\Users\venka\Documents\Project\data\processed\test\Acral_Lentiginous_Melanoma\CuvmX-dWIAAv_PX_jpeg.rf.9a978ed8ec6b5c63529dbdd6a13be611.jpg,0,Acral_Lentiginous_Melanoma,0,Acral_Lentiginous_Melanoma,0.93822914,True,0.93822914,0.014340715,0.008183199,0.010127594,0.017652832,0.011466566
C:\Users\venka\Documents\Project\data\processed\test\Acral_Lentiginous_Melanoma\Screen-Shot-2021-11-16-at-6-58-09-PM_png.rf.84eaa8f0ddd6568f5220a7288d709742.jpg,0,Acral_Lentiginous_Melanoma,0,Acral_Lentiginous_Melanoma,0.91244525,True,0.91244525,0.029648377,0.016623598,0.012681253,0.0074181617,0.02118339
C:\Users\venka\Documents\Project\data\processed\test\Acral_Lentiginous_Melanoma\Screen-Shot-2021-11-16-at-6-58-19-PM_png.rf.936289f072e08cd50fed87f99dc64f17.jpg,0,Acral_Lentiginous_Melanoma,0,Acral_Lentiginous_Melanoma,0.9304283,True,0.9304283,0.016901914,0.008723111,0.022492848,0.008194034,0.013259754
C:\Users\venka\Documents\Project\data\processed\test\Acral_Lentiginous_Melanoma\Screen-Shot-2021-11-16-at-6-58-26-PM_png.rf.78b42c8cf2d2d62451936631311b1bd5.jpg,0,Acral_Lentiginous_Melanoma,0,Acral_Lentiginous_Melanoma,0.9396849,True,0.9396849,0.01660316,0.01155128,0.01014168,0.010266966,0.011751883
C:\Users\venka\Documents\Project\data\processed\test\Acral_Lentiginous_Melanoma\Screen-Shot-2021-11-16-at-6-59-48-PM_png.rf.cd1b9f38eb673fc5031ab4c7c9fda753.jpg,0,Acral_Lentiginous_Melanoma,0,Acral_Lentiginous_Melanoma,0.92722845,True,0.92722845,0.014178777,0.02328719,0.013258737,0.014897185,0.0071496633
C:\Users\venka\Documents\Project\data\processed\test\Acral_Lentiginous_Melanoma\Screen-Shot-2021-11-16-at-7-00-57-PM_png.rf.ac7e0f8660912b0ad7d1e99ee16451f4.jpg,0,Acral_Lentiginous_Melanoma,0,Acral_Lentiginous_Melanoma,0.88512945,True,0.88512945,0.026552066,0.021827012,0.021101976,0.0075596506,0.03782988
C:\Users\venka\Documents\Project\data\processed\test\Acral_Lentiginous_Melanoma\Screen-Shot-2021-11-16-at-7-01-17-PM_png.rf.f6e3ef0d310e1ee2779fce1ccf4b6d5a.jpg,0,Acral_Lentiginous_Melanoma,0,Acral_Lentiginous_Melanoma,0.9237733,True,0.9237733,0.024811385,0.015139877,0.013993287,0.008306126,0.013976043
C:\Users\venka\Documents\Project\data\processed\test\Acral_Lentiginous_Melanoma\Screen-Shot-2021-11-16-at-7-05-55-PM_png.rf.ade918f28d20e9e407278ebfc3eb1892.jpg,0,Acral_Lentiginous_Melanoma,0,Acral_Lentiginous_Melanoma,0.92791003,True,0.92791003,0.015473353,0.015545733,0.026019448,0.0063791713,0.008672285
C:\Users\venka\Documents\Project\data\processed\test\Acral_Lentiginous_Melanoma\Screen-Shot-2021-11-16-at-7-06-53-PM_png.rf.301e227b232bf6691817ffc2ece5217f.jpg,0,Acral_Lentiginous_Melanoma,0,Acral_Lentiginous_Melanoma,0.9228077,True,0.9228077,0.029339971,0.013534899,0.014775564,0.0074516316,0.012090221
C:\Users\venka\Documents\Project\data\processed\test\Acral_Lentiginous_Melanoma\Screen-Shot-2021-11-16-at-7-07-46-PM_png.rf.229f8f3912643ac3f8d34ddf9bdc3d24.jpg,0,Acral_Lentiginous_Melanoma,0,Acral_Lentiginous_Melanoma,0.9227937,True,0.9227937,0.020660335,0.015665544,0.013713697,0.015265053,0.011901646
C:\Users\venka\Documents\Project\data\processed\test\Acral_Lentiginous_Melanoma\Screen-Shot-2021-11-16-at-7-07-58-PM_png.rf.3709c21322417722890579eef8538ea8.jpg,0,Acral_Lentiginous_Melanoma,0,Acral_Lentiginous_Melanoma,0.93213236,True,0.93213236,0.016191166,0.0118545825,0.021714196,0.0065481705,0.011559548
C:\Users\venka\Documents\Project\data\processed\test\Acral_Lentiginous_Melanoma\Screen-Shot-2021-11-16-at-7-08-26-PM_png.rf.5f82c4749b34db20407b5665a56aec2c.jpg,0,Acral_Lentiginous_Melanoma,0,Acral_Lentiginous_Melanoma,0.92762506,True,0.92762506,0.016070649,0.025271133,0.0074828635,0.0067182416,0.016832117
C:\Users\venka\Documents\Project\data\processed\test\Acral_Lentiginous_Melanoma\Screen-Shot-2021-11-16-at-7-10-55-PM_png.rf.98b46b85ecb9ecc122c1d6e0823ec4fd.jpg,0,Acral_Lentiginous_Melanoma,0,Acral_Lentiginous_Melanoma,0.9355016,True,0.9355016,0.0152799105,0.008979084,0.0118293,0.014010933,0.014399125
C:\Users\venka\Documents\Project\data\processed\test\Acral_Lentiginous_Melanoma\Screen-Shot-2021-11-16-at-7-12-11-PM_png.rf.35bd81c211094dbe7b79cfa959c66901.jpg,0,Acral_Lentiginous_Melanoma,0,Acral_Lentiginous_Melanoma,0.9417869,True,0.9417869,0.016336104,0.009658461,0.012283216,0.009033759,0.010901512
C:\Users\venka\Documents\Project\data\processed\test\Acral_Lentiginous_Melanoma\Screen-Shot-2021-11-16-at-7-12-20-PM_png.rf.a1e34811f9245102102eae95c74eb0b4.jpg,0,Acral_Lentiginous_Melanoma,0,Acral_Lentiginous_Melanoma,0.9276572,True,0.9276572,0.015515552,0.0120146945,0.013395642,0.014786228,0.016630763
C:\Users\venka\Documents\Project\data\processed\test\Acral_Lentiginous_Melanoma\Screen-Shot-2021-11-16-at-7-13-16-PM_png.rf.e87e6b3b42c2bb13d3a83d4d400a5889.jpg,0,Acral_Lentiginous_Melanoma,0,Acral_Lentiginous_Melanoma,0.9266683,True,0.9266683,0.029522551,0.011708935,0.010439057,0.014655597,0.0070055863
C:\Users\venka\Documents\Project\data\processed\test\Acral_Lentiginous_Melanoma\Screen-Shot-2021-11-16-at-7-13-54-PM_png.rf.45989c6f9448c034faaab9094b18ef39.jpg,0,Acral_Lentiginous_Melanoma,0,Acral_Lentiginous_Melanoma,0.5327739,True,0.5327739,0.020448294,0.009511772,0.05385708,0.36994985,0.013459071
C:\Users\venka\Documents\Project\data\processed\test\Acral_Lentiginous_Melanoma\Screen-Shot-2021-11-16-at-7-14-06-PM_png.rf.d510d4c93a08ad1ea8ff2879954bbc54.jpg,0,Acral_Lentiginous_Melanoma,0,Acral_Lentiginous_Melanoma,0.7930434,True,0.7930434,0.014207878,0.14155436,0.022091744,0.006577903,0.022524806
C:\Users\venka\Documents\Project\data\processed\test\Acral_Lentiginous_Melanoma\Screen-Shot-2021-11-16-at-7-14-19-PM_png.rf.b708150bce14b78522e00a91b26ebad0.jpg,0,Acral_Lentiginous_Melanoma,0,Acral_Lentiginous_Melanoma,0.9400918,True,0.9400918,0.022469826,0.008963973,0.00519639,0.0060237916,0.01725433
C:\Users\venka\Documents\Project\data\processed\test\Acral_Lentiginous_Melanoma\Screen-Shot-2021-11-16-at-7-16-43-PM_png.rf.7e13e8110130f7cba18e1cc3d749e32d.jpg,0,Acral_Lentiginous_Melanoma,0,Acral_Lentiginous_Melanoma,0.94502413,True,0.94502413,0.01635698,0.007036435,0.006556984,0.0066384305,0.01838692
C:\Users\venka\Documents\Project\data\processed\test\Acral_Lentiginous_Melanoma\Screen-Shot-2021-11-16-at-7-16-43-PM_png.rf.8f156a1c22f337fff0147c8e87829c67.jpg,0,Acral_Lentiginous_Melanoma,0,Acral_Lentiginous_Melanoma,0.9333614,True,0.9333614,0.02046312,0.010879109,0.005646462,0.0059198635,0.023730041
C:\Users\venka\Documents\Project\data\processed\test\Acral_Lentiginous_Melanoma\Screen-Shot-2021-11-16-at-7-17-45-PM_png.rf.cfc11a7bda850be0b92d371c2898d3ad.jpg,0,Acral_Lentiginous_Melanoma,0,Acral_Lentiginous_Melanoma,0.9048397,True,0.9048397,0.02249215,0.029356169,0.016509734,0.0052455193,0.021556662
C:\Users\venka\Documents\Project\data\processed\test\Acral_Lentiginous_Melanoma\Screen-Shot-2021-11-19-at-1-00-57-AM_png.rf.a2258dc96f532e444028a5e4a4ffbc08.jpg,0,Acral_Lentiginous_Melanoma,0,Acral_Lentiginous_Melanoma,0.8868913,True,0.8868913,0.021002987,0.028042104,0.019187802,0.014945566,0.029930213
C:\Users\venka\Documents\Project\data\processed\test\Acral_Lentiginous_Melanoma\Screen-Shot-2021-11-19-at-1-26-44-AM_png.rf.03df3d79c9891041f8ab532e86611594.jpg,0,Acral_Lentiginous_Melanoma,0,Acral_Lentiginous_Melanoma,0.8653683,True,0.8653683,0.03306567,0.015367804,0.0034490947,0.018982258,0.06376685
C:\Users\venka\Documents\Project\data\processed\test\Acral_Lentiginous_Melanoma\Screen-Shot-2021-11-19-at-1-26-44-AM_png.rf.66e4fd6d1ebbd04e3fc38643186be981.jpg,0,Acral_Lentiginous_Melanoma,0,Acral_Lentiginous_Melanoma,0.9539103,True,0.9539103,0.01362789,0.013315419,0.00269741,0.004262293,0.012186731
C:\Users\venka\Documents\Project\data\processed\test\Acral_Lentiginous_Melanoma\Screen-Shot-2021-11-19-at-1-27-17-AM_png.rf.171b5238a47c916d76d2bf732066c2c5.jpg,0,Acral_Lentiginous_Melanoma,0,Acral_Lentiginous_Melanoma,0.9371086,True,0.9371086,0.017962048,0.012504596,0.010186793,0.009589527,0.012648493
C:\Users\venka\Documents\Project\data\processed\test\Acral_Lentiginous_Melanoma\Screen-Shot-2021-11-19-at-1-31-21-AM_png.rf.95301877af646b998ed8900ceb1f9922.jpg,0,Acral_Lentiginous_Melanoma,0,Acral_Lentiginous_Melanoma,0.92942953,True,0.92942953,0.014523112,0.010771653,0.022207836,0.014044523,0.00902345
C:\Users\venka\Documents\Project\data\processed\test\Acral_Lentiginous_Melanoma\Screen-Shot-2021-11-19-at-1-37-53-AM_png.rf.86e9cbce0daafa7832fb3714a0db02b2.jpg,0,Acral_Lentiginous_Melanoma,0,Acral_Lentiginous_Melanoma,0.9752821,True,0.9752821,0.0033068256,0.0088501405,0.004212573,0.0039875344,0.0043607657
C:\Users\venka\Documents\Project\data\processed\test\Acral_Lentiginous_Melanoma\Screen-Shot-2021-11-19-at-1-37-53-AM_png.rf.9d6300e1057cbc889cfbcebc20d981f4.jpg,0,Acral_Lentiginous_Melanoma,0,Acral_Lentiginous_Melanoma,0.9862953,True,0.9862953,0.002534185,0.004076708,0.002310652,0.0019819622,0.0028011736
C:\Users\venka\Documents\Project\data\processed\test\Acral_Lentiginous_Melanoma\Screen-Shot-2021-11-19-at-1-38-40-AM_png.rf.92fc8206cceda2823ce5b41b7ea5a9c0.jpg,0,Acral_Lentiginous_Melanoma,0,Acral_Lentiginous_Melanoma,0.9513289,True,0.9513289,0.00859345,0.0052026804,0.022677565,0.0052459664,0.00695146
C:\Users\venka\Documents\Project\data\processed\test\Acral_Lentiginous_Melanoma\Screen-Shot-2021-11-19-at-1-38-57-AM_png.rf.b976b1f54cf785e66974724e4e4585fa.jpg,0,Acral_Lentiginous_Melanoma,0,Acral_Lentiginous_Melanoma,0.91341263,True,0.91341263,0.010996454,0.01048045,0.031948507,0.007792391,0.025369572
C:\Users\venka\Documents\Project\data\processed\test\Acral_Lentiginous_Melanoma\Screen-Shot-2021-11-19-at-1-41-42-AM_png.rf.7571ea90c4bb5276b0d77d9e42db93f1.jpg,0,Acral_Lentiginous_Melanoma,0,Acral_Lentiginous_Melanoma,0.8709456,True,0.8709456,0.04592481,0.018076863,0.02075524,0.03336114,0.010936337
C:\Users\venka\Documents\Project\data\processed\test\Acral_Lentiginous_Melanoma\Screen-Shot-2021-11-19-at-1-43-17-AM_png.rf.1182e23c51367d6cfe89acbb693bf1ab.jpg,0,Acral_Lentiginous_Melanoma,0,Acral_Lentiginous_Melanoma,0.93039614,True,0.93039614,0.016245866,0.0116371745,0.009170957,0.0155720515,0.016977813
C:\Users\venka\Documents\Project\data\processed\test\Acral_Lentiginous_Melanoma\Screen-Shot-2021-11-19-at-1-45-52-AM_png.rf.59970b0d8735b67e97a6b322165ff8a4.jpg,0,Acral_Lentiginous_Melanoma,0,Acral_Lentiginous_Melanoma,0.9317778,True,0.9317778,0.027640132,0.00795156,0.011668959,0.005760121,0.015201536
C:\Users\venka\Documents\Project\data\processed\test\Acral_Lentiginous_Melanoma\Screen-Shot-2021-11-19-at-1-53-47-AM_png.rf.18813d4eb66090b5a04d80ec958f833b.jpg,0,Acral_Lentiginous_Melanoma,0,Acral_Lentiginous_Melanoma,0.8681129,True,0.8681129,0.018743224,0.0058521777,0.07743411,0.0069028335,0.022954814
C:\Users\venka\Documents\Project\data\processed\test\Acral_Lentiginous_Melanoma\Screen-Shot-2021-11-19-at-1-54-25-AM_png.rf.6f719fe9b2f233b8253010a4e82d60e1.jpg,0,Acral_Lentiginous_Melanoma,0,Acral_Lentiginous_Melanoma,0.9305845,True,0.9305845,0.017631538,0.012702018,0.009941804,0.00958463,0.019555554
C:\Users\venka\Documents\Project\data\processed\test\Acral_Lentiginous_Melanoma\Screen-Shot-2021-11-19-at-1-54-57-AM_png.rf.28d1b22593c06e5dda8f58aac3c41d33.jpg,0,Acral_Lentiginous_Melanoma,0,Acral_Lentiginous_Melanoma,0.94608986,True,0.94608986,0.016903795,0.006778489,0.010534087,0.0054852692,0.014208526
C:\Users\venka\Documents\Project\data\processed\test\Acral_Lentiginous_Melanoma\Screen-Shot-2021-11-19-at-1-55-04-AM_png.rf.042cf77f894b5b2a9af7bf094bb89e41.jpg,0,Acral_Lentiginous_Melanoma,0,Acral_Lentiginous_Melanoma,0.91506416,True,0.91506416,0.025065579,0.009973443,0.012251979,0.013884441,0.023760356
C:\Users\venka\Documents\Project\data\processed\test\Acral_Lentiginous_Melanoma\Screen-Shot-2021-11-19-at-1-56-09-AM_png.rf.353c99bb4a0569ff859a449ceedc8ec4.jpg,0,Acral_Lentiginous_Melanoma,0,Acral_Lentiginous_Melanoma,0.92481065,True,0.92481065,0.018580595,0.010768547,0.010290688,0.013674713,0.021874906
C:\Users\venka\Documents\Project\data\processed\test\Acral_Lentiginous_Melanoma\Screen-Shot-2021-11-19-at-1-56-53-AM_png.rf.13e734ae3291f05e68eb02889424a436.jpg,0,Acral_Lentiginous_Melanoma,0,Acral_Lentiginous_Melanoma,0.93899286,True,0.93899286,0.022188684,0.010677727,0.005866794,0.011511952,0.010762058
C:\Users\venka\Documents\Project\data\processed\test\Acral_Lentiginous_Melanoma\Screen-Shot-2021-11-19-at-12-37-14-AM_png.rf.a69cedffa7f913f6ece573e56db1d965.jpg,0,Acral_Lentiginous_Melanoma,0,Acral_Lentiginous_Melanoma,0.94555014,True,0.94555014,0.013454167,0.0087334905,0.008727804,0.012250497,0.011283862
C:\Users\venka\Documents\Project\data\processed\test\Acral_Lentiginous_Melanoma\Screen-Shot-2021-11-19-at-12-39-46-AM_png.rf.cb554363f5f823f709477ebdd056743a.jpg,0,Acral_Lentiginous_Melanoma,0,Acral_Lentiginous_Melanoma,0.9338788,True,0.9338788,0.0113117825,0.01234162,0.01862657,0.011062272,0.012779091
C:\Users\venka\Documents\Project\data\processed\test\Acral_Lentiginous_Melanoma\Screen-Shot-2021-11-19-at-12-41-44-AM_png.rf.de5b25017790d49322e13188cf0b2c91.jpg,0,Acral_Lentiginous_Melanoma,0,Acral_Lentiginous_Melanoma,0.9105348,True,0.9105348,0.016109942,0.020226436,0.016775152,0.016323922,0.020029714
C:\Users\venka\Documents\Project\data\processed\test\Acral_Lentiginous_Melanoma\Screen-Shot-2021-11-19-at-12-55-27-AM_png.rf.496947b15eade645613e333ead8fa545.jpg,0,Acral_Lentiginous_Melanoma,0,Acral_Lentiginous_Melanoma,0.9209732,True,0.9209732,0.014233505,0.012976413,0.017032705,0.02019397,0.014590155
C:\Users\venka\Documents\Project\data\processed\test\Acral_Lentiginous_Melanoma\Screen-Shot-2021-11-19-at-12-55-39-AM_png.rf.8d61a0594fc64089c87dd00b0e6f0b09.jpg,0,Acral_Lentiginous_Melanoma,0,Acral_Lentiginous_Melanoma,0.9327428,True,0.9327428,0.013560382,0.011379036,0.018424168,0.016371652,0.0075220624
C:\Users\venka\Documents\Project\data\processed\test\Acral_Lentiginous_Melanoma\Screen-Shot-2021-11-19-at-12-56-04-AM_png.rf.38820238dd67401dd034f47057e9a613.jpg,0,Acral_Lentiginous_Melanoma,0,Acral_Lentiginous_Melanoma,0.88126165,True,0.88126165,0.032973383,0.019017668,0.017071659,0.036134522,0.013541032
C:\Users\venka\Documents\Project\data\processed\test\Acral_Lentiginous_Melanoma\Screen-Shot-2021-11-19-at-12-56-04-AM_png.rf.f1f22bb8840afb9f1fd822a35ba450e2.jpg,0,Acral_Lentiginous_Melanoma,0,Acral_Lentiginous_Melanoma,0.90298456,True,0.90298456,0.02076881,0.013441162,0.037869122,0.013158918,0.011777367
C:\Users\venka\Documents\Project\data\processed\test\Acral_Lentiginous_Melanoma\Screen-Shot-2021-11-19-at-2-10-05-AM_png.rf.020549b2c1e999dab8f0cf598e5141c4.jpg,0,Acral_Lentiginous_Melanoma,0,Acral_Lentiginous_Melanoma,0.9484541,True,0.9484541,0.01492519,0.010066417,0.011675773,0.006284294,0.008594307
C:\Users\venka\Documents\Project\data\processed\test\Acral_Lentiginous_Melanoma\Screen-Shot-2021-11-19-at-2-10-05-AM_png.rf.0df26b0d045346f53580d4062e3c0c4c.jpg,0,Acral_Lentiginous_Melanoma,0,Acral_Lentiginous_Melanoma,0.95130885,True,0.95130885,0.013924667,0.009070002,0.008401126,0.0071438034,0.010151562
C:\Users\venka\Documents\Project\data\processed\test\Acral_Lentiginous_Melanoma\Screen-Shot-2021-11-19-at-2-11-28-AM_png.rf.2196b737c3e2e387b824e8ff30fbf610.jpg,0,Acral_Lentiginous_Melanoma,0,Acral_Lentiginous_Melanoma,0.8774534,True,0.8774534,0.033919804,0.023074204,0.025320496,0.022733063,0.01749914
C:\Users\venka\Documents\Project\data\processed\test\Acral_Lentiginous_Melanoma\Screen-Shot-2021-11-19-at-2-12-47-AM_png.rf.af605b32b8c090599dc185f4aac29390.jpg,0,Acral_Lentiginous_Melanoma,0,Acral_Lentiginous_Melanoma,0.9181396,True,0.9181396,0.021095747,0.01028264,0.014546561,0.01250211,0.023433266
C:\Users\venka\Documents\Project\data\processed\test\Acral_Lentiginous_Melanoma\Screen-Shot-2021-11-19-at-2-12-47-AM_png.rf.f04281edd2ddc4fcb10e3617650978fc.jpg,0,Acral_Lentiginous_Melanoma,0,Acral_Lentiginous_Melanoma,0.9378957,True,0.9378957,0.012353675,0.007864449,0.018164277,0.0056435885,0.018078249
C:\Users\venka\Documents\Project\data\processed\test\Acral_Lentiginous_Melanoma\Screen-Shot-2021-11-19-at-2-13-04-AM_png.rf.4d3eb3e80791302af1b1807e55b86998.jpg,0,Acral_Lentiginous_Melanoma,0,Acral_Lentiginous_Melanoma,0.7758121,True,0.7758121,0.023753006,0.040626645,0.029704599,0.09342275,0.036680896
C:\Users\venka\Documents\Project\data\processed\test\Acral_Lentiginous_Melanoma\Screen-Shot-2021-11-19-at-2-13-04-AM_png.rf.d5a7ff146a4d86ee96d28eace69028e4.jpg,0,Acral_Lentiginous_Melanoma,0,Acral_Lentiginous_Melanoma,0.9174623,True,0.9174623,0.021099852,0.016999904,0.010980323,0.010699264,0.022758355
C:\Users\venka\Documents\Project\data\processed\test\Acral_Lentiginous_Melanoma\Screen-Shot-2021-11-19-at-2-14-13-AM_png.rf.9660cbce1aaec42bb0c08b094f62a921.jpg,0,Acral_Lentiginous_Melanoma,0,Acral_Lentiginous_Melanoma,0.6384117,True,0.6384117,0.03046209,0.017267443,0.2646974,0.016630745,0.03253055
C:\Users\venka\Documents\Project\data\processed\test\Acral_Lentiginous_Melanoma\Screen-Shot-2021-11-19-at-2-17-07-AM_png.rf.9a0f7760436155c743d9eaaf97c76d58.jpg,0,Acral_Lentiginous_Melanoma,0,Acral_Lentiginous_Melanoma,0.92687255,True,0.92687255,0.020234844,0.012067508,0.014726505,0.007668863,0.018429685
C:\Users\venka\Documents\Project\data\processed\test\Acral_Lentiginous_Melanoma\Screen-Shot-2021-11-19-at-2-17-07-AM_png.rf.a37178cbefd2c3f72c2ffd42074852f5.jpg,0,Acral_Lentiginous_Melanoma,0,Acral_Lentiginous_Melanoma,0.9424838,True,0.9424838,0.015004964,0.010508291,0.011279602,0.006165284,0.0145581225
C:\Users\venka\Documents\Project\data\processed\test\Acral_Lentiginous_Melanoma\Screen-Shot-2021-11-19-at-2-26-44-AM_png.rf.7e362aed364a99d850d18e2a03d30ce7.jpg,0,Acral_Lentiginous_Melanoma,0,Acral_Lentiginous_Melanoma,0.94516265,True,0.94516265,0.015206778,0.012826182,0.012189544,0.0058299126,0.0087850215
C:\Users\venka\Documents\Project\data\processed\test\Acral_Lentiginous_Melanoma\Screen-Shot-2021-11-19-at-2-27-01-AM_png.rf.e1401db8fc51737dd68afb3cf9807c54.jpg,0,Acral_Lentiginous_Melanoma,0,Acral_Lentiginous_Melanoma,0.930408,True,0.930408,0.024951773,0.0100982925,0.0110615725,0.010884379,0.012595955
C:\Users\venka\Documents\Project\data\processed\test\Acral_Lentiginous_Melanoma\Screen-Shot-2021-11-19-at-2-27-33-AM_png.rf.b6708cb30f43cb115020f98cf59220a2.jpg,0,Acral_Lentiginous_Melanoma,0,Acral_Lentiginous_Melanoma,0.9392271,True,0.9392271,0.01943963,0.009839266,0.00891839,0.0143267065,0.008249035
C:\Users\venka\Documents\Project\data\processed\test\Acral_Lentiginous_Melanoma\Screen-Shot-2021-11-19-at-2-27-56-AM_png.rf.73d097900279fe7340bc2c2d6902cbe5.jpg,0,Acral_Lentiginous_Melanoma,0,Acral_Lentiginous_Melanoma,0.9404617,True,0.9404617,0.02250242,0.0059240903,0.007481293,0.00932438,0.014306151
C:\Users\venka\Documents\Project\data\processed\test\Acral_Lentiginous_Melanoma\Screen-Shot-2021-11-19-at-2-30-18-AM_png.rf.4c540a33e29875f38fc7e311a3706f75.jpg,0,Acral_Lentiginous_Melanoma,0,Acral_Lentiginous_Melanoma,0.95020205,True,0.95020205,0.011634516,0.008065094,0.012413138,0.011027015,0.0066581084
C:\Users\venka\Documents\Project\data\processed\test\Acral_Lentiginous_Melanoma\Screen-Shot-2021-11-20-at-10-04-59-PM_png.rf.4bca1f65b69fd5c28f76dc67b9a3753d.jpg,0,Acral_Lentiginous_Melanoma,0,Acral_Lentiginous_Melanoma,0.8899275,True,0.8899275,0.024859006,0.010536349,0.035524152,0.019875089,0.019277893
C:\Users\venka\Documents\Project\data\processed\test\Acral_Lentiginous_Melanoma\Screen-Shot-2021-11-20-at-10-24-29-PM_png.rf.56724e81eeec07272eea77d625c27875.jpg,0,Acral_Lentiginous_Melanoma,0,Acral_Lentiginous_Melanoma,0.93414855,True,0.93414855,0.023342982,0.01197978,0.008561358,0.009929312,0.012037977
C:\Users\venka\Documents\Project\data\processed\test\Acral_Lentiginous_Melanoma\Screen-Shot-2021-11-20-at-10-24-29-PM_png.rf.75206f6cfcbba7486aa8c7eeecb6c1d3.jpg,0,Acral_Lentiginous_Melanoma,0,Acral_Lentiginous_Melanoma,0.92640007,True,0.92640007,0.023455009,0.020272536,0.009250956,0.00789957,0.0127218785
C:\Users\venka\Documents\Project\data\processed\test\Acral_Lentiginous_Melanoma\Screen-Shot-2021-11-20-at-10-25-02-PM_png.rf.787055924f2b6480dea89f2588fb3b37.jpg,0,Acral_Lentiginous_Melanoma,0,Acral_Lentiginous_Melanoma,0.91016364,True,0.91016364,0.015751628,0.0072781183,0.0054788613,0.0033666259,0.057961155
C:\Users\venka\Documents\Project\data\processed\test\Acral_Lentiginous_Melanoma\Screen-Shot-2021-11-20-at-10-28-12-PM_png.rf.3c036eaef8513ddd248c217a7195a233.jpg,0,Acral_Lentiginous_Melanoma,0,Acral_Lentiginous_Melanoma,0.9494459,True,0.9494459,0.010073277,0.014159396,0.0043546325,0.015975181,0.005991584
C:\Users\venka\Documents\Project\data\processed\test\Acral_Lentiginous_Melanoma\Screen-Shot-2021-11-20-at-10-30-41-PM_png.rf.a97e3d81c76e60862e65f8b657db5c3e.jpg,0,Acral_Lentiginous_Melanoma,0,Acral_Lentiginous_Melanoma,0.91747683,True,0.91747683,0.021869212,0.012528934,0.02729688,0.012246815,0.008581297
C:\Users\venka\Documents\Project\data\processed\test\Acral_Lentiginous_Melanoma\Screen-Shot-2021-11-20-at-10-40-57-PM_png.rf.c896d8a6837b555770ce6aba1bf15739.jpg,0,Acral_Lentiginous_Melanoma,0,Acral_Lentiginous_Melanoma,0.891615,True,0.891615,0.018630425,0.035719477,0.014398014,0.014824637,0.024812486
C:\Users\venka\Documents\Project\data\processed\test\Acral_Lentiginous_Melanoma\Screen-Shot-2021-11-20-at-7-49-00-PM_png.rf.2ab0b916fbf0c3cdefddce58cb4dcc77.jpg,0,Acral_Lentiginous_Melanoma,0,Acral_Lentiginous_Melanoma,0.9615924,True,0.9615924,0.0103496425,0.0046081,0.0062311776,0.009022738,0.00819589
C:\Users\venka\Documents\Project\data\processed\test\Acral_Lentiginous_Melanoma\Screen-Shot-2021-11-20-at-7-49-26-PM_png.rf.4d3d8c48f29ba530ac9fefdbaba0a440.jpg,0,Acral_Lentiginous_Melanoma,0,Acral_Lentiginous_Melanoma,0.8165419,True,0.8165419,0.039737154,0.02189366,0.076540165,0.014125824,0.031161273
C:\Users\venka\Documents\Project\data\processed\test\Acral_Lentiginous_Melanoma\Screen-Shot-2021-11-20-at-7-49-46-PM_png.rf.38fa6498f1f7e7a89187f6528688b2ed.jpg,0,Acral_Lentiginous_Melanoma,0,Acral_Lentiginous_Melanoma,0.887008,True,0.887008,0.033010084,0.02135747,0.01966748,0.014303772,0.024653068
C:\Users\venka\Documents\Project\data\processed\test\Acral_Lentiginous_Melanoma\Screen-Shot-2021-11-20-at-7-52-57-PM_png.rf.a285b1200d2b44506b97ad84ce9506e0.jpg,0,Acral_Lentiginous_Melanoma,0,Acral_Lentiginous_Melanoma,0.93436027,True,0.93436027,0.019214062,0.010042153,0.013926017,0.014244106,0.008213424
C:\Users\venka\Documents\Project\data\processed\test\Acral_Lentiginous_Melanoma\Screen-Shot-2021-11-20-at-7-53-27-PM_png.rf.ef266f5d4a24a6529e17b9e67a1f413d.jpg,0,Acral_Lentiginous_Melanoma,0,Acral_Lentiginous_Melanoma,0.93035764,True,0.93035764,0.025460705,0.011816986,0.010644144,0.00662085,0.01509966
C:\Users\venka\Documents\Project\data\processed\test\Acral_Lentiginous_Melanoma\Screen-Shot-2021-11-20-at-7-56-35-PM_png.rf.35edd084b9cef21b9f11f52b7e4bd842.jpg,0,Acral_Lentiginous_Melanoma,0,Acral_Lentiginous_Melanoma,0.9216769,True,0.9216769,0.019589536,0.019756166,0.012791153,0.014042666,0.012143623
C:\Users\venka\Documents\Project\data\processed\test\Acral_Lentiginous_Melanoma\Screen-Shot-2021-11-20-at-7-57-54-PM_png.rf.98d50944c8a173b2d9d781dd48a3fd00.jpg,0,Acral_Lentiginous_Melanoma,0,Acral_Lentiginous_Melanoma,0.9127889,True,0.9127889,0.027167365,0.022145811,0.008818438,0.00833834,0.020741077
C:\Users\venka\Documents\Project\data\processed\test\Acral_Lentiginous_Melanoma\Screen-Shot-2021-11-20-at-8-00-48-PM_png.rf.3195c3538670c7b8d81f685e1766a643.jpg,0,Acral_Lentiginous_Melanoma,0,Acral_Lentiginous_Melanoma,0.92368174,True,0.92368174,0.027530786,0.014685434,0.015576142,0.007731274,0.010794583
C:\Users\venka\Documents\Project\data\processed\test\Acral_Lentiginous_Melanoma\Screen-Shot-2021-11-20-at-8-00-58-PM_png.rf.7dd201e29f62ceaa36e9eb7acca6d4e4.jpg,0,Acral_Lentiginous_Melanoma,0,Acral_Lentiginous_Melanoma,0.90683186,True,0.90683186,0.026524365,0.026237063,0.008354981,0.012736881,0.01931488
C:\Users\venka\Documents\Project\data\processed\test\Acral_Lentiginous_Melanoma\Screen-Shot-2021-11-20-at-8-04-14-PM_png.rf.3be306a4994e4ba819cd8a2eec8399c0.jpg,0,Acral_Lentiginous_Melanoma,0,Acral_Lentiginous_Melanoma,0.9573405,True,0.9573405,0.01290409,0.004859706,0.008277248,0.00676956,0.0098488005
C:\Users\venka\Documents\Project\data\processed\test\Acral_Lentiginous_Melanoma\Screen-Shot-2021-11-20-at-8-08-29-PM_png.rf.c49acb28bc7afaaf6a6b53c24dfa1dcc.jpg,0,Acral_Lentiginous_Melanoma,0,Acral_Lentiginous_Melanoma,0.9262821,True,0.9262821,0.019865626,0.014746523,0.015957229,0.012787741,0.010360806
C:\Users\venka\Documents\Project\data\processed\test\Acral_Lentiginous_Melanoma\Screen-Shot-2021-11-20-at-8-10-21-PM_png.rf.31e544d37ad8a522815ec1ae2b00ec7e.jpg,0,Acral_Lentiginous_Melanoma,0,Acral_Lentiginous_Melanoma,0.8607359,True,0.8607359,0.022049552,0.0427735,0.025491174,0.03614742,0.012802502
C:\Users\venka\Documents\Project\data\processed\test\Acral_Lentiginous_Melanoma\Screen-Shot-2021-11-20-at-8-17-41-PM_png.rf.27789e84d5f5ed0321cbe367950864bc.jpg,0,Acral_Lentiginous_Melanoma,0,Acral_Lentiginous_Melanoma,0.89506364,True,0.89506364,0.022778442,0.01126894,0.029881014,0.009196309,0.031811677
C:\Users\venka\Documents\Project\data\processed\test\Acral_Lentiginous_Melanoma\Screen-Shot-2021-11-20-at-8-18-57-PM_png.rf.cc4bd580ede15e97480ab4eef6d4d330.jpg,0,Acral_Lentiginous_Melanoma,0,Acral_Lentiginous_Melanoma,0.9616897,True,0.9616897,0.011442615,0.0069939494,0.004975712,0.004737945,0.010160049
C:\Users\venka\Documents\Project\data\processed\test\Acral_Lentiginous_Melanoma\Screen-Shot-2021-11-20-at-8-19-36-PM_png.rf.ed8f7cdb6bb37c7478ad5de1cebbe8c4.jpg,0,Acral_Lentiginous_Melanoma,0,Acral_Lentiginous_Melanoma,0.91336113,True,0.91336113,0.03179997,0.010434184,0.021210833,0.010054041,0.013139762
C:\Users\venka\Documents\Project\data\processed\test\Acral_Lentiginous_Melanoma\Screen-Shot-2021-11-20-at-8-19-44-PM_png.rf.ff99432db18e600c9322229e7f6dfbdd.jpg,0,Acral_Lentiginous_Melanoma,0,Acral_Lentiginous_Melanoma,0.93182725,True,0.93182725,0.018137883,0.009214117,0.012994936,0.016453415,0.011372421
C:\Users\venka\Documents\Project\data\processed\test\Acral_Lentiginous_Melanoma\Screen-Shot-2021-11-20-at-8-19-58-PM_png.rf.ec028e7900c519619ffe896d06ed3563.jpg,0,Acral_Lentiginous_Melanoma,0,Acral_Lentiginous_Melanoma,0.9123347,True,0.9123347,0.02906503,0.011152309,0.012802372,0.0094076935,0.025237862
C:\Users\venka\Documents\Project\data\processed\test\Acral_Lentiginous_Melanoma\Screen-Shot-2021-11-20-at-8-20-37-PM_png.rf.1177b908bb1bdf00d199844d967a21b6.jpg,0,Acral_Lentiginous_Melanoma,0,Acral_Lentiginous_Melanoma,0.8893601,True,0.8893601,0.01739438,0.016466746,0.023427205,0.03436013,0.01899146
C:\Users\venka\Documents\Project\data\processed\test\Acral_Lentiginous_Melanoma\Screen-Shot-2021-11-20-at-8-24-21-PM_png.rf.0f2dbe76a7763a4b85d582ba285fb3d7.jpg,0,Acral_Lentiginous_Melanoma,0,Acral_Lentiginous_Melanoma,0.95422226,True,0.95422226,0.0136824,0.006640173,0.004746733,0.008840806,0.011867596
C:\Users\venka\Documents\Project\data\processed\test\Acral_Lentiginous_Melanoma\Screen-Shot-2021-11-20-at-8-24-21-PM_png.rf.265a60011509c37fc669aeb2bc4dd86c.jpg,0,Acral_Lentiginous_Melanoma,0,Acral_Lentiginous_Melanoma,0.954974,True,0.954974,0.011314269,0.007026878,0.0048791463,0.01130383,0.010501899
C:\Users\venka\Documents\Project\data\processed\test\Acral_Lentiginous_Melanoma\Screen-Shot-2021-11-20-at-8-26-37-PM_png.rf.2c509916dff46da2beafd840d9976060.jpg,0,Acral_Lentiginous_Melanoma,0,Acral_Lentiginous_Melanoma,0.9297501,True,0.9297501,0.022034237,0.012996795,0.0074589127,0.012392146,0.015367804
C:\Users\venka\Documents\Project\data\processed\test\Acral_Lentiginous_Melanoma\Screen-Shot-2021-11-20-at-8-26-59-PM_png.rf.3d83a31597c3eea022d92db406a40a34.jpg,0,Acral_Lentiginous_Melanoma,0,Acral_Lentiginous_Melanoma,0.92924637,True,0.92924637,0.016685696,0.009183432,0.018720439,0.010894234,0.015269766
C:\Users\venka\Documents\Project\data\processed\test\Acral_Lentiginous_Melanoma\Screen-Shot-2021-11-20-at-8-28-25-PM_png.rf.3f90a16cdb98234cf27b2b42847c369b.jpg,0,Acral_Lentiginous_Melanoma,0,Acral_Lentiginous_Melanoma,0.9356273,True,0.9356273,0.01663802,0.023043571,0.009269657,0.00675882,0.008662641
C:\Users\venka\Documents\Project\data\processed\test\Acral_Lentiginous_Melanoma\Screen-Shot-2021-11-20-at-8-28-59-PM_png.rf.0bea19500f8b69b961a6c6a79017704f.jpg,0,Acral_Lentiginous_Melanoma,0,Acral_Lentiginous_Melanoma,0.963908,True,0.963908,0.012016776,0.004575531,0.010277473,0.003940008,0.0052822884
C:\Users\venka\Documents\Project\data\processed\test\Acral_Lentiginous_Melanoma\Screen-Shot-2021-11-20-at-8-29-24-PM_png.rf.6cf07d1e9803394a8a589e241a272ab8.jpg,0,Acral_Lentiginous_Melanoma,0,Acral_Lentiginous_Melanoma,0.9498899,True,0.9498899,0.010893575,0.0106005985,0.009622612,0.0048329337,0.01416046
C:\Users\venka\Documents\Project\data\processed\test\Acral_Lentiginous_Melanoma\Screen-Shot-2021-11-20-at-8-34-56-PM_png.rf.72ce587793ab2915b099dc0e0991d666.jpg,0,Acral_Lentiginous_Melanoma,0,Acral_Lentiginous_Melanoma,0.89011276,True,0.89011276,0.020539396,0.014787506,0.007823936,0.012282957,0.05445338
C:\Users\venka\Documents\Project\data\processed\test\Acral_Lentiginous_Melanoma\Screen-Shot-2021-11-20-at-8-35-45-PM_png.rf.d8bf9d4fce4fbf529a7bc20a35774965.jpg,0,Acral_Lentiginous_Melanoma,3,blue_finger,0.79280233,False,0.13291411,0.031329934,0.018779198,0.79280233,0.016130062,0.008044389
C:\Users\venka\Documents\Project\data\processed\test\Acral_Lentiginous_Melanoma\Screen-Shot-2021-11-20-at-8-36-28-PM_png.rf.4f19bcd940707d52c460b9928b0c0b9e.jpg,0,Acral_Lentiginous_Melanoma,0,Acral_Lentiginous_Melanoma,0.9071102,True,0.9071102,0.020032784,0.012116143,0.017214216,0.026104469,0.017422196
C:\Users\venka\Documents\Project\data\processed\test\Acral_Lentiginous_Melanoma\Screen-Shot-2021-11-20-at-8-36-28-PM_png.rf.a0ef3501b28b4449d2f6e29070d68df0.jpg,0,Acral_Lentiginous_Melanoma,0,Acral_Lentiginous_Melanoma,0.9427166,True,0.9427166,0.011659895,0.011491809,0.008924372,0.01087686,0.014330445
C:\Users\venka\Documents\Project\data\processed\test\Acral_Lentiginous_Melanoma\Screen-Shot-2021-11-20-at-8-37-53-PM_png.rf.151e47104229715650edf3d2c616cd97.jpg,0,Acral_Lentiginous_Melanoma,0,Acral_Lentiginous_Melanoma,0.9217719,True,0.9217719,0.017201498,0.017662138,0.0150785325,0.017069,0.0112169515
C:\Users\venka\Documents\Project\data\processed\test\Acral_Lentiginous_Melanoma\Screen-Shot-2021-11-20-at-9-40-12-PM_png.rf.70c56945c09ee61fabe87c2d49b43524.jpg,0,Acral_Lentiginous_Melanoma,0,Acral_Lentiginous_Melanoma,0.9405272,True,0.9405272,0.017249133,0.007927778,0.011924409,0.011600344,0.010771222
C:\Users\venka\Documents\Project\data\processed\test\Acral_Lentiginous_Melanoma\Screen-Shot-2021-11-20-at-9-40-12-PM_png.rf.a64261b30e41669e1bda873e33209cb8.jpg,0,Acral_Lentiginous_Melanoma,0,Acral_Lentiginous_Melanoma,0.95736957,True,0.95736957,0.011218592,0.0059651337,0.01056565,0.006888214,0.007992823
C:\Users\venka\Documents\Project\data\processed\test\Acral_Lentiginous_Melanoma\Screen-Shot-2021-11-20-at-9-40-24-PM_png.rf.2e583a7fc84f93371b442de3084d0dec.jpg,0,Acral_Lentiginous_Melanoma,0,Acral_Lentiginous_Melanoma,0.9327809,True,0.9327809,0.02507489,0.011140946,0.0083201425,0.012012135,0.010670852
C:\Users\venka\Documents\Project\data\processed\test\Acral_Lentiginous_Melanoma\Screen-Shot-2021-11-20-at-9-40-24-PM_png.rf.a13698104d86da1cf606e43a4b261213.jpg,0,Acral_Lentiginous_Melanoma,0,Acral_Lentiginous_Melanoma,0.9022324,True,0.9022324,0.013688948,0.01119968,0.015473233,0.04834583,0.009059873
C:\Users\venka\Documents\Project\data\processed\test\Acral_Lentiginous_Melanoma\Screen-Shot-2021-11-20-at-9-40-40-PM_png.rf.4f81e7421f562007071bed7301865fbf.jpg,0,Acral_Lentiginous_Melanoma,0,Acral_Lentiginous_Melanoma,0.9298063,True,0.9298063,0.016210271,0.009149483,0.012950038,0.009584248,0.022299683
C:\Users\venka\Documents\Project\data\processed\test\Acral_Lentiginous_Melanoma\Screen-Shot-2021-11-20-at-9-44-26-PM_png.rf.40c5dc15cf021028b66093a6950f24d3.jpg,0,Acral_Lentiginous_Melanoma,0,Acral_Lentiginous_Melanoma,0.9504915,True,0.9504915,0.01212635,0.008041189,0.007669484,0.013159903,0.008511688
C:\Users\venka\Documents\Project\data\processed\test\Acral_Lentiginous_Melanoma\Screen-Shot-2021-11-20-at-9-44-34-PM_png.rf.4fa5a021cf00243d0650ba18e6fd1986.jpg,0,Acral_Lentiginous_Melanoma,0,Acral_Lentiginous_Melanoma,0.9045014,True,0.9045014,0.01901312,0.014183791,0.016996698,0.008692247,0.036612757
C:\Users\venka\Documents\Project\data\processed\test\Acral_Lentiginous_Melanoma\hutchinsons-nail-melanoma-Nameer-Al-Sudany_png.rf.0ac0ae87f994c75ff150cba6897a5e72.jpg,0,Acral_Lentiginous_Melanoma,0,Acral_Lentiginous_Melanoma,0.91051656,True,0.91051656,0.022422299,0.01945078,0.01688677,0.010721377,0.020002337
C:\Users\venka\Documents\Project\data\processed\test\Acral_Lentiginous_Melanoma\hutchinsons-nail-melanoma-Nameer-Al-Sudany_png.rf.6e0ffcf4ec169817436e1047a6992284.jpg,0,Acral_Lentiginous_Melanoma,0,Acral_Lentiginous_Melanoma,0.93892527,True,0.93892527,0.018450119,0.012771124,0.008742986,0.008224519,0.012885905
C:\Users\venka\Documents\Project\data\processed\test\Acral_Lentiginous_Melanoma\nail-melanoma-2-300x180_jpg.rf.15e478ceef3c930f98f08d67d4527183.jpg,0,Acral_Lentiginous_Melanoma,0,Acral_Lentiginous_Melanoma,0.9377635,True,0.9377635,0.021043856,0.010323356,0.013069161,0.0073175663,0.010482465
C:\Users\venka\Documents\Project\data\processed\test\Acral_Lentiginous_Melanoma\p-1-womans-story-shows-why-you-should-never-ignore-black-line-on-your-nail-1506429403_jpg.rf.88ee9943b08313dde0aa6071626e751b.jpg,0,Acral_Lentiginous_Melanoma,0,Acral_Lentiginous_Melanoma,0.94513416,True,0.94513416,0.022659982,0.006830534,0.006874829,0.0059574703,0.012543085
C:\Users\venka\Documents\Project\data\processed\test\Acral_Lentiginous_Melanoma\prf_11_18_11_jpg.rf.57de670fa468da5dff96e0c2c6bce4fc.jpg,0,Acral_Lentiginous_Melanoma,0,Acral_Lentiginous_Melanoma,0.5986039,True,0.5986039,0.03377967,0.009021903,0.016255494,0.33273336,0.009605594
C:\Users\venka\Documents\Project\data\processed\test\Healthy_Nail\h104_png.rf.a9d878a9da04641c85603d3e42c8360a.jpg,1,Healthy_Nail,1,Healthy_Nail,0.8833024,True,0.024815189,0.8833024,0.0097592315,0.04359871,0.019540014,0.018984487
C:\Users\venka\Documents\Project\data\processed\test\Healthy_Nail\h111_png.rf.ebeeca767049de4f1ab0698fe11c4cd9.jpg,1,Healthy_Nail,1,Healthy_Nail,0.94287586,True,0.008399124,0.94287586,0.008352098,0.0134106325,0.01679428,0.010167988
C:\Users\venka\Documents\Project\data\processed\test\Healthy_Nail\h118_png.rf.923dc61b6027a6ac9b5645c1758b0cc7.jpg,1,Healthy_Nail,1,Healthy_Nail,0.96357065,True,0.008809836,0.96357065,0.005543102,0.008289618,0.0072759273,0.0065108226
C:\Users\venka\Documents\Project\data\processed\test\Healthy_Nail\h126_png.rf.fe389450428b17b72749de4debe2a368.jpg,1,Healthy_Nail,1,Healthy_Nail,0.76687235,True,0.15874322,0.76687235,0.0390605,0.009898427,0.008258039,0.017167438
C:\Users\venka\Documents\Project\data\processed\test\Healthy_Nail\h132_png.rf.f837aa21de478ec2bff354d8fb39afff.jpg,1,Healthy_Nail,1,Healthy_Nail,0.84368145,True,0.0019815965,0.84368145,0.0024858227,0.006429858,0.13756628,0.007855026
C:\Users\venka\Documents\Project\data\processed\test\Healthy_Nail\h139_png.rf.d49706dd9198a3b97dbc61179887a4d6.jpg,1,Healthy_Nail,1,Healthy_Nail,0.94713914,True,0.012072943,0.94713914,0.00718194,0.011408946,0.011096319,0.011100668
C:\Users\venka\Documents\Project\data\processed\test\Healthy_Nail\h141_png.rf.0510aaee32ef8560e7cc658e8cd53e83.jpg,1,Healthy_Nail,1,Healthy_Nail,0.9553861,True,0.012193411,0.9553861,0.0063104387,0.015720198,0.0046678414,0.005721939
C:\Users\venka\Documents\Project\data\processed\test\Healthy_Nail\h141_png.rf.346abfd529845353266b5e9370558e8d.jpg,1,Healthy_Nail,1,Healthy_Nail,0.94117117,True,0.022648415,0.94117117,0.004718153,0.008834514,0.00791399,0.014713635
C:\Users\venka\Documents\Project\data\processed\test\Healthy_Nail\h14_png.rf.2e14dbbd69dfe15e888521fd5a4a9f5f.jpg,1,Healthy_Nail,1,Healthy_Nail,0.77651674,True,0.0219394,0.77651674,0.024755996,0.07043128,0.049629778,0.056726776
C:\Users\venka\Documents\Project\data\processed\test\Healthy_Nail\h156_png.rf.16a36faf90963d495bf9253a70dcdb06.jpg,1,Healthy_Nail,1,Healthy_Nail,0.955964,True,0.005790611,0.955964,0.0039402163,0.017917262,0.010323746,0.0060642757
C:\Users\venka\Documents\Project\data\processed\test\Healthy_Nail\h160_png.rf.e2ec562dc82ec424d5df6a526273650e.jpg,1,Healthy_Nail,1,Healthy_Nail,0.96757174,True,0.004765544,0.96757174,0.0031545984,0.010274461,0.00533693,0.008896686
C:\Users\venka\Documents\Project\data\processed\test\Healthy_Nail\h161_png.rf.edfd3c4123fcd7262eb94b254e1f1ee7.jpg,1,Healthy_Nail,1,Healthy_Nail,0.96308154,True,0.0033576833,0.96308154,0.0030737726,0.013749581,0.008194272,0.008543096
C:\Users\venka\Documents\Project\data\processed\test\Healthy_Nail\h174_png.rf.c095281995d82f165c0a95227e62e282.jpg,1,Healthy_Nail,1,Healthy_Nail,0.91443145,True,0.039714895,0.91443145,0.0041646105,0.018103378,0.00434602,0.019239584
C:\Users\venka\Documents\Project\data\processed\test\Healthy_Nail\h175_png.rf.f8e029cd77f6bd4fb36dbcfafd845975.jpg,1,Healthy_Nail,1,Healthy_Nail,0.9550863,True,0.004204753,0.9550863,0.0044885073,0.018667137,0.009194917,0.008358474
C:\Users\venka\Documents\Project\data\processed\test\Healthy_Nail\h180_png.rf.b496b2324621bf7de58f06d2c6f7eaf6.jpg,1,Healthy_Nail,1,Healthy_Nail,0.95584714,True,0.006735407,0.95584714,0.006550297,0.01616416,0.007535479,0.007167503
C:\Users\venka\Documents\Project\data\processed\test\Healthy_Nail\h183_png.rf.0913ad03f9e3335bd99d568cd6890fbc.jpg,1,Healthy_Nail,1,Healthy_Nail,0.8715753,True,0.07996451,0.8715753,0.030465212,0.005145586,0.002802838,0.010046572
C:\Users\venka\Documents\Project\data\processed\test\Healthy_Nail\h183_png.rf.29bfe60873ddb26daf1a08f04172d1fb.jpg,1,Healthy_Nail,1,Healthy_Nail,0.9725748,True,0.008235498,0.9725748,0.0031570634,0.006301527,0.0038878173,0.005843314
C:\Users\venka\Documents\Project\data\processed\test\Healthy_Nail\h184_png.rf.84c32ebbc134638d6fb6a2ce6b36dd43.jpg,1,Healthy_Nail,1,Healthy_Nail,0.969651,True,0.0045897914,0.969651,0.0040263943,0.013624895,0.0030349614,0.005072975
C:\Users\venka\Documents\Project\data\processed\test\Healthy_Nail\h188_png.rf.fef821d12b34074953ae66f15eea9bd1.jpg,1,Healthy_Nail,1,Healthy_Nail,0.8765739,True,0.05965826,0.8765739,0.015349565,0.0195691,0.008230218,0.020618847
C:\Users\venka\Documents\Project\data\processed\test\Healthy_Nail\h198_png.rf.4b0dc37f37a55cb453d7cab97297d74d.jpg,1,Healthy_Nail,1,Healthy_Nail,0.97666866,True,0.005144773,0.97666866,0.0014184881,0.010180115,0.0038490684,0.0027388383
C:\Users\venka\Documents\Project\data\processed\test\Healthy_Nail\h198_png.rf.c5b93f9355e168321af43179bc94f9d0.jpg,1,Healthy_Nail,1,Healthy_Nail,0.9745899,True,0.004789036,0.9745899,0.0013795474,0.011960259,0.0041118627,0.0031693694
C:\Users\venka\Documents\Project\data\processed\test\Healthy_Nail\h200_png.rf.13175718027e6970f4d6bf5219118ed2.jpg,1,Healthy_Nail,1,Healthy_Nail,0.93660605,True,0.015478558,0.93660605,0.0053869407,0.01748274,0.016168877,0.008876927
C:\Users\venka\Documents\Project\data\processed\test\Healthy_Nail\h220_png.rf.90f50aaad882dd8340f5d84f517b2cc7.jpg,1,Healthy_Nail,1,Healthy_Nail,0.8989091,True,0.02093558,0.8989091,0.003045374,0.04030212,0.010083505,0.026724353
C:\Users\venka\Documents\Project\data\processed\test\Healthy_Nail\h232_png.rf.12d122e6d592038cc3dd3baecf93057a.jpg,1,Healthy_Nail,1,Healthy_Nail,0.9656998,True,0.006774899,0.9656998,0.0051875073,0.010351014,0.005455993,0.0065308306
C:\Users\venka\Documents\Project\data\processed\test\Healthy_Nail\h251_png.rf.f90e932f96280e47669a748a805ca65a.jpg,1,Healthy_Nail,1,Healthy_Nail,0.9364029,True,0.028748222,0.9364029,0.009495195,0.011009,0.0047701285,0.0095745865
C:\Users\venka\Documents\Project\data\processed\test\Healthy_Nail\h255_png.rf.bb2f41470ed0423b54e19a94711d27fd.jpg,1,Healthy_Nail,1,Healthy_Nail,0.9365721,True,0.012227492,0.9365721,0.0060704914,0.02051085,0.015447374,0.009171642
C:\Users\venka\Documents\Project\data\processed\test\Healthy_Nail\h260_png.rf.3dc359076d07fc4e618fff2f186f030f.jpg,1,Healthy_Nail,1,Healthy_Nail,0.88022524,True,0.044356614,0.88022524,0.006561856,0.008452342,0.0058194646,0.05458448
C:\Users\venka\Documents\Project\data\processed\test\Healthy_Nail\h270_png.rf.bf8b27a483b7a12f179ac401c7f4eb7b.jpg,1,Healthy_Nail,1,Healthy_Nail,0.95266175,True,0.018071918,0.95266175,0.002593262,0.01629342,0.004308015,0.006071637
C:\Users\venka\Documents\Project\data\processed\test\Healthy_Nail\h279_png.rf.027bd495aee5613783a74fded98bea91.jpg,1,Healthy_Nail,1,Healthy_Nail,0.8848595,True,0.008636531,0.8848595,0.003291308,0.06090776,0.027968634,0.014336276
C:\Users\venka\Documents\Project\data\processed\test\Healthy_Nail\h27_png.rf.9b007d56afacd71d36f9bde6bc96de28.jpg,1,Healthy_Nail,1,Healthy_Nail,0.98199135,True,0.0055685192,0.98199135,0.0011094173,0.0059958175,0.0032126817,0.0021221866
C:\Users\venka\Documents\Project\data\processed\test\Healthy_Nail\h287_png.rf.13ce89991698acbba2b72de1a24c1f21.jpg,1,Healthy_Nail,1,Healthy_Nail,0.94677484,True,0.012852735,0.94677484,0.0019811555,0.026311858,0.00778276,0.0042966874
C:\Users\venka\Documents\Project\data\processed\test\Healthy_Nail\h30_png.rf.d024b6b6f73a9a4c7d5e3b6037195d6d.jpg,1,Healthy_Nail,1,Healthy_Nail,0.99279153,True,0.00024489197,0.99279153,0.0011633267,0.0035438794,0.0014791845,0.00077718584
C:\Users\venka\Documents\Project\data\processed\test\Healthy_Nail\h32_png.rf.359367efa0a82fcebecb401b28687641.jpg,1,Healthy_Nail,1,Healthy_Nail,0.9598993,True,0.007622043,0.9598993,0.008102001,0.010623333,0.003422068,0.010331188
C:\Users\venka\Documents\Project\data\processed\test\Healthy_Nail\h33_png.rf.c731aa01b059058e8fa6c0b62238c493.jpg,1,Healthy_Nail,1,Healthy_Nail,0.97243226,True,0.009585482,0.97243226,0.0019632198,0.009066213,0.0034686432,0.0034841506
C:\Users\venka\Documents\Project\data\processed\test\Healthy_Nail\h43_png.rf.f72020a819108f8cb3c030e350a598c9.jpg,1,Healthy_Nail,1,Healthy_Nail,0.9320107,True,0.026820768,0.9320107,0.007092757,0.012165063,0.0067217075,0.015189098
C:\Users\venka\Documents\Project\data\processed\test\Healthy_Nail\h44_png.rf.5bac7734223249eb4a86d8ce0b85d37e.jpg,1,Healthy_Nail,1,Healthy_Nail,0.4883736,True,0.39153633,0.4883736,0.010924017,0.023507066,0.010453287,0.07520577
C:\Users\venka\Documents\Project\data\processed\test\Healthy_Nail\h45_png.rf.ab5e1ddce36707185521a8c2686ffdc5.jpg,1,Healthy_Nail,1,Healthy_Nail,0.8913522,True,0.056476478,0.8913522,0.008811561,0.017785065,0.012851326,0.01272342
C:\Users\venka\Documents\Project\data\processed\test\Healthy_Nail\h46_png.rf.141839ec8f4de29255c1a25e61eb4ef6.jpg,1,Healthy_Nail,1,Healthy_Nail,0.95593554,True,0.009402911,0.95593554,0.0061869468,0.014351058,0.0076775434,0.006445904
C:\Users\venka\Documents\Project\data\processed\test\Healthy_Nail\h50_png.rf.57de926113e49f4d35dcea713fd75da9.jpg,1,Healthy_Nail,1,Healthy_Nail,0.8062432,True,0.010904288,0.8062432,0.01489699,0.033435646,0.023737721,0.1107822
C:\Users\venka\Documents\Project\data\processed\test\Healthy_Nail\h53_png.rf.a395cd41b3201ea7ddf73762e4f42903.jpg,1,Healthy_Nail,1,Healthy_Nail,0.9749606,True,0.005337719,0.9749606,0.0020802955,0.0035725893,0.0025631962,0.011485477
C:\Users\venka\Documents\Project\data\processed\test\Healthy_Nail\h58_png.rf.4fa3217d68dbf56a8e3fe4da5806f925.jpg,1,Healthy_Nail,1,Healthy_Nail,0.98837334,True,0.0018386976,0.98837334,0.0015893878,0.0042196577,0.0019988797,0.0019801776
C:\Users\venka\Documents\Project\data\processed\test\Healthy_Nail\h58_png.rf.54eb6d3ba2631938b145b467aa3aa4a3.jpg,1,Healthy_Nail,1,Healthy_Nail,0.98428625,True,0.0014227837,0.98428625,0.002330852,0.0057398477,0.0014640081,0.0047561666
C:\Users\venka\Documents\Project\data\processed\test\Healthy_Nail\h61_png.rf.9991b929612f1c1295f496f4d4f9055f.jpg,1,Healthy_Nail,1,Healthy_Nail,0.9795577,True,0.004908056,0.9795577,0.0013081062,0.009515736,0.0030233618,0.0016870277
C:\Users\venka\Documents\Project\data\processed\test\Healthy_Nail\h68_png.rf.96bbb14eab5b7a57d29c989530ce9923.jpg,1,Healthy_Nail,1,Healthy_Nail,0.9461558,True,0.007601281,0.9461558,0.02253605,0.0064868284,0.0096231755,0.007596929
C:\Users\venka\Documents\Project\data\processed\test\Healthy_Nail\h71_png.rf.04f738cd92eb9e66495d71a6f42653bf.jpg,1,Healthy_Nail,1,Healthy_Nail,0.95289856,True,0.0065654623,0.95289856,0.005215282,0.01752756,0.010814099,0.0069789714
C:\Users\venka\Documents\Project\data\processed\test\Healthy_Nail\h79_png.rf.12e27c25eb06da801e6eb883f678e13f.jpg,1,Healthy_Nail,1,Healthy_Nail,0.867839,True,0.011389928,0.867839,0.005202207,0.088115074,0.020545714,0.0069081034
C:\Users\venka\Documents\Project\data\processed\test\Healthy_Nail\h7_png.rf.d3e5329860a2f1204ffcfa7f7b723337.jpg,1,Healthy_Nail,1,Healthy_Nail,0.95983714,True,0.0050528566,0.95983714,0.0055367737,0.01227717,0.007259084,0.010036943
C:\Users\venka\Documents\Project\data\processed\test\Healthy_Nail\h82_png.rf.fa3a523852b26d85a11351f7f5024d11.jpg,1,Healthy_Nail,1,Healthy_Nail,0.912358,True,0.03621117,0.912358,0.024890987,0.008207894,0.0059835264,0.0123484535
C:\Users\venka\Documents\Project\data\processed\test\Healthy_Nail\h8_png.rf.18cf8f42edd727f5773d16367ea90206.jpg,1,Healthy_Nail,1,Healthy_Nail,0.8297296,True,0.011033911,0.8297296,0.010534743,0.043993723,0.04743052,0.057277463
C:\Users\venka\Documents\Project\data\processed\test\Healthy_Nail\h94_png.rf.28b247a7026c205d5fac12f94c9eb0d1.jpg,1,Healthy_Nail,1,Healthy_Nail,0.8524562,True,0.029273087,0.8524562,0.016110487,0.022827927,0.021790933,0.057541296
C:\Users\venka\Documents\Project\data\processed\test\Healthy_Nail\h96_png.rf.4c9214d277495117ddd887e99a368924.jpg,1,Healthy_Nail,1,Healthy_Nail,0.967004,True,0.005007678,0.967004,0.005141497,0.009737739,0.008052889,0.005056237
C:\Users\venka\Documents\Project\data\processed\test\Onychogryphosis\Screen-Shot-2021-11-16-at-10-23-59-PM_png.rf.474828b6f410e39be4baee0e07688b7e.jpg,2,Onychogryphosis,2,Onychogryphosis,0.9271359,True,0.014273159,0.020112066,0.9271359,0.0138208065,0.012079118,0.012578901
C:\Users\venka\Documents\Project\data\processed\test\Onychogryphosis\Screen-Shot-2021-11-16-at-10-24-09-PM_png.rf.864ca33e07c8aca34ad661182541cce1.jpg,2,Onychogryphosis,5,pitting,0.8252623,False,0.0061798557,0.012552955,0.0735257,0.023524074,0.058955073,0.8252623
C:\Users\venka\Documents\Project\data\processed\test\Onychogryphosis\Screen-Shot-2021-11-16-at-10-50-37-PM_png.rf.7b004b66ab876390c38bd8539bd1f19d.jpg,2,Onychogryphosis,2,Onychogryphosis,0.6330646,True,0.012713963,0.023760445,0.6330646,0.07135266,0.24201132,0.017096952
C:\Users\venka\Documents\Project\data\processed\test\Onychogryphosis\Screen-Shot-2021-11-16-at-10-50-37-PM_png.rf.b3d08086fca585d851cb164e60077075.jpg,2,Onychogryphosis,2,Onychogryphosis,0.95713806,True,0.008358208,0.012855347,0.95713806,0.006537951,0.007041261,0.008069113
C:\Users\venka\Documents\Project\data\processed\test\Onychogryphosis\Screen-Shot-2021-11-16-at-10-50-56-PM_png.rf.30471892cf5172a23621ac3e2679f780.jpg,2,Onychogryphosis,2,Onychogryphosis,0.93272525,True,0.010196097,0.018950243,0.93272525,0.01601804,0.010717347,0.011393067
C:\Users\venka\Documents\Project\data\processed\test\Onychogryphosis\Screenshot-2021-11-19-004020_png.rf.7917b3969d3c69cc2fd1db5c938dd42a.jpg,2,Onychogryphosis,2,Onychogryphosis,0.92884785,True,0.0051338617,0.016550086,0.92884785,0.015161167,0.011716692,0.022590324
C:\Users\venka\Documents\Project\data\processed\test\Onychogryphosis\Screenshot-2021-11-19-004044_png.rf.a980597f1cef7522d19aa3867f8adce7.jpg,2,Onychogryphosis,2,Onychogryphosis,0.933857,True,0.0045716534,0.018659173,0.933857,0.017695086,0.011766534,0.013450477
C:\Users\venka\Documents\Project\data\processed\test\Onychogryphosis\Screenshot-2021-11-19-004140_png.rf.00e67b96eef54f23a92447e9b71b4f6c.jpg,2,Onychogryphosis,2,Onychogryphosis,0.9326796,True,0.015951367,0.016292108,0.9326796,0.008337471,0.018337503,0.008402025
C:\Users\venka\Documents\Project\data\processed\test\Onychogryphosis\Screenshot-2021-11-19-004228_png.rf.e5493d6cdc6a7e0e490c8ec4c9b2cc94.jpg,2,Onychogryphosis,2,Onychogryphosis,0.9509011,True,0.006850027,0.007396668,0.9509011,0.0042998847,0.01901294,0.011539343
C:\Users\venka\Documents\Project\data\processed\test\Onychogryphosis\Screenshot-2021-11-19-004245_png.rf.3aad5399770b399762b6982ec93e3cd4.jpg,2,Onychogryphosis,2,Onychogryphosis,0.9481128,True,0.006563907,0.016544852,0.9481128,0.010476178,0.0071383906,0.0111638885
C:\Users\venka\Documents\Project\data\processed\test\Onychogryphosis\Screenshot-2021-11-19-005529_png.rf.ace0a2936805480bd2a6677bcb744a35.jpg,2,Onychogryphosis,2,Onychogryphosis,0.94236183,True,0.012316469,0.013671029,0.94236183,0.010984206,0.013514205,0.007152195
C:\Users\venka\Documents\Project\data\processed\test\Onychogryphosis\Screenshot-2021-11-19-005556_png.rf.1383dfc5938979d08ad18770319d96fb.jpg,2,Onychogryphosis,2,Onychogryphosis,0.9270555,True,0.0087626735,0.022556582,0.9270555,0.017857092,0.008900513,0.014867619
C:\Users\venka\Documents\Project\data\processed\test\Onychogryphosis\Screenshot-2021-11-19-005556_png.rf.210dcad0e47babbef7c4f852df862785.jpg,2,Onychogryphosis,2,Onychogryphosis,0.91275746,True,0.009185838,0.030442793,0.91275746,0.015320428,0.011545419,0.02074799
C:\Users\venka\Documents\Project\data\processed\test\Onychogryphosis\Screenshot-2021-11-19-005611_png.rf.badd7102a280d9b29b9f998722a66fcc.jpg,2,Onychogryphosis,2,Onychogryphosis,0.933878,True,0.00927594,0.016408656,0.933878,0.012174537,0.009954636,0.018308157
C:\Users\venka\Documents\Project\data\processed\test\Onychogryphosis\Screenshot-2021-11-19-010109_png.rf.0223026760ccc4f75732c511c8b735bd.jpg,2,Onychogryphosis,2,Onychogryphosis,0.9450314,True,0.0053747194,0.01875197,0.9450314,0.011160153,0.007169019,0.012512732
C:\Users\venka\Documents\Project\data\processed\test\Onychogryphosis\Screenshot-2021-11-19-010109_png.rf.1db8d003037b29db110d870740bafa67.jpg,2,Onychogryphosis,2,Onychogryphosis,0.92062104,True,0.009577619,0.023255602,0.92062104,0.016914621,0.008698772,0.020932287
C:\Users\venka\Documents\Project\data\processed\test\Onychogryphosis\Screenshot-2021-11-19-010147_png.rf.7cb20510a2d6d2d9c6fea995c8764380.jpg,2,Onychogryphosis,2,Onychogryphosis,0.92797714,True,0.009581741,0.021902274,0.92797714,0.013124882,0.01147792,0.015936129
C:\Users\venka\Documents\Project\data\processed\test\Onychogryphosis\Screenshot-2021-11-19-010215_png.rf.92a34bd70a355709199a94f939490de6.jpg,2,Onychogryphosis,2,Onychogryphosis,0.937977,True,0.008568547,0.01476767,0.937977,0.014154766,0.017361337,0.0071706153
C:\Users\venka\Documents\Project\data\processed\test\Onychogryphosis\Screenshot-2021-11-19-010332_png.rf.9eb9e9cf26c4acb3e5bb99ac776dce38.jpg,2,Onychogryphosis,2,Onychogryphosis,0.92277133,True,0.015604077,0.019394523,0.92277133,0.009247574,0.01747417,0.015508337
C:\Users\venka\Documents\Project\data\processed\test\Onychogryphosis\Screenshot-2021-11-19-010434_png.rf.2c67f735311f06475b15bd382873bfb5.jpg,2,Onychogryphosis,2,Onychogryphosis,0.9055367,True,0.021500815,0.01839298,0.9055367,0.013245111,0.018717198,0.02260721
C:\Users\venka\Documents\Project\data\processed\test\Onychogryphosis\Screenshot-2021-11-19-010444_png.rf.c6835fd9b7be3bffdc635448d9751568.jpg,2,Onychogryphosis,2,Onychogryphosis,0.9522637,True,0.0078035286,0.0143261375,0.9522637,0.009636967,0.0039901934,0.011979494
C:\Users\venka\Documents\Project\data\processed\test\Onychogryphosis\Screenshot-2021-11-19-010454_png.rf.b918ee588c1ce99dce715e64931b00a5.jpg,2,Onychogryphosis,2,Onychogryphosis,0.94117415,True,0.007600303,0.01810796,0.94117415,0.013536928,0.009289905,0.010290758
C:\Users\venka\Documents\Project\data\processed\test\Onychogryphosis\Screenshot-2021-11-19-010604_png.rf.ce790061c47f32fcbf2b6d47f5577b9f.jpg,2,Onychogryphosis,2,Onychogryphosis,0.9282055,True,0.011250679,0.01847132,0.9282055,0.011030262,0.011387062,0.019655244
C:\Users\venka\Documents\Project\data\processed\test\Onychogryphosis\Screenshot-2021-11-19-010724_png.rf.717c93627701710f4b48c6dd4de93926.jpg,2,Onychogryphosis,2,Onychogryphosis,0.9325708,True,0.0035131287,0.019979777,0.9325708,0.026387904,0.010331865,0.007216492
C:\Users\venka\Documents\Project\data\processed\test\Onychogryphosis\Screenshot-2021-11-19-010724_png.rf.e279442ed41808480d2e8d8eb43a37a8.jpg,2,Onychogryphosis,2,Onychogryphosis,0.94859856,True,0.0038444756,0.01567258,0.94859856,0.012269229,0.010796298,0.00881882
C:\Users\venka\Documents\Project\data\processed\test\Onychogryphosis\Screenshot-2021-11-19-010751_png.rf.473f756cacc344e3df9cdd969706b279.jpg,2,Onychogryphosis,2,Onychogryphosis,0.90884453,True,0.008267756,0.024779104,0.90884453,0.011722532,0.020574626,0.025811506
C:\Users\venka\Documents\Project\data\processed\test\Onychogryphosis\Screenshot-2021-11-19-010751_png.rf.b74e43fbeb9ad7f74057c574a4dabfc2.jpg,2,Onychogryphosis,2,Onychogryphosis,0.7773923,True,0.005569591,0.033698168,0.7773923,0.018815568,0.12915328,0.03537113
C:\Users\venka\Documents\Project\data\processed\test\Onychogryphosis\Screenshot-2021-11-19-010857_png.rf.61b1ae126dc25100b5d7f41dfdc67b40.jpg,2,Onychogryphosis,2,Onychogryphosis,0.92763174,True,0.008603644,0.015119997,0.92763174,0.012431832,0.012383613,0.023829177
C:\Users\venka\Documents\Project\data\processed\test\Onychogryphosis\Screenshot-2021-11-19-011002_png.rf.5b9e54e7478ddd3e1b631adbf52183a8.jpg,2,Onychogryphosis,2,Onychogryphosis,0.94652295,True,0.008638986,0.0144171165,0.94652295,0.013764697,0.010556539,0.00609977
C:\Users\venka\Documents\Project\data\processed\test\Onychogryphosis\Screenshot-2021-11-19-011220_png.rf.306de9f567dc99bae011e71d67d4df21.jpg,2,Onychogryphosis,2,Onychogryphosis,0.861068,True,0.012113927,0.042012192,0.861068,0.034572158,0.019557636,0.03067612
C:\Users\venka\Documents\Project\data\processed\test\Onychogryphosis\Screenshot-2021-11-19-011259_png.rf.ef2619caa9f4d49f21250d6f16f5ef8d.jpg,2,Onychogryphosis,2,Onychogryphosis,0.94165105,True,0.006689658,0.01733706,0.94165105,0.015042576,0.011000101,0.008279483
C:\Users\venka\Documents\Project\data\processed\test\Onychogryphosis\Screenshot-2021-11-19-011359_png.rf.a53d9b12762c221ae9e58eb1974b5f7f.jpg,2,Onychogryphosis,2,Onychogryphosis,0.9336059,True,0.005575626,0.02139125,0.9336059,0.019769525,0.0062640524,0.013393505
C:\Users\venka\Documents\Project\data\processed\test\Onychogryphosis\Screenshot-2021-11-19-012106_png.rf.efff6adef139efd98e2d95671d2506e8.jpg,2,Onychogryphosis,2,Onychogryphosis,0.922721,True,0.012061551,0.015194988,0.922721,0.014603868,0.011256259,0.024162369
C:\Users\venka\Documents\Project\data\processed\test\Onychogryphosis\Screenshot-2021-11-19-012333_png.rf.04ad8218c312d5e5bed15c037220e278.jpg,2,Onychogryphosis,2,Onychogryphosis,0.9249241,True,0.0065455055,0.025089992,0.9249241,0.012881173,0.01801414,0.012545098
C:\Users\venka\Documents\Project\data\processed\test\Onychogryphosis\Screenshot-2021-11-19-012721_png.rf.3afccdd6800487c49bd11a32982e5ae0.jpg,2,Onychogryphosis,4,clubbing,0.67555004,False,0.029729346,0.069173925,0.1902557,0.018022906,0.67555004,0.017268015
C:\Users\venka\Documents\Project\data\processed\test\Onychogryphosis\Screenshot-2021-11-19-012721_png.rf.cf83959180d7ec6e2c6e2b0e28ac32a5.jpg,2,Onychogryphosis,2,Onychogryphosis,0.95607644,True,0.004294072,0.009312847,0.95607644,0.007875244,0.014933816,0.007507626
C:\Users\venka\Documents\Project\data\processed\test\Onychogryphosis\Screenshot-2021-11-19-013239_png.rf.1dd9d28369fd9b8101f0ab6f720aa40c.jpg,2,Onychogryphosis,2,Onychogryphosis,0.9187098,True,0.01064765,0.030504286,0.9187098,0.014830631,0.012205699,0.013101875
C:\Users\venka\Documents\Project\data\processed\test\Onychogryphosis\Screenshot-2021-11-19-015033_png.rf.16a31ac1de4e4089667075fb82e0b289.jpg,2,Onychogryphosis,2,Onychogryphosis,0.9547275,True,0.004049257,0.01895884,0.9547275,0.008623969,0.006353275,0.0072871265
C:\Users\venka\Documents\Project\data\processed\test\Onychogryphosis\Screenshot-2021-11-19-015139_png.rf.23c0ff871f048456e699bd2a4df2b272.jpg,2,Onychogryphosis,2,Onychogryphosis,0.92477286,True,0.009238314,0.010385648,0.92477286,0.008431221,0.037478883,0.00969313
C:\Users\venka\Documents\Project\data\processed\test\Onychogryphosis\Screenshot-2021-11-19-015917_png.rf.d149514b0ae955f0b4e39c55f3c56934.jpg,2,Onychogryphosis,2,Onychogryphosis,0.920694,True,0.0130352,0.021984622,0.920694,0.015112892,0.013823488,0.015349825
C:\Users\venka\Documents\Project\data\processed\test\Onychogryphosis\Screenshot-2021-11-19-020017_png.rf.867654faa6bb4b6ae653b6a7083d6464.jpg,2,Onychogryphosis,2,Onychogryphosis,0.80347395,True,0.0049136993,0.013641774,0.80347395,0.029883496,0.028320432,0.1197667
C:\Users\venka\Documents\Project\data\processed\test\Onychogryphosis\Screenshot-2021-11-19-020122_png.rf.976bcc8def79d682a075beeb616443f6.jpg,2,Onychogryphosis,4,clubbing,0.63925946,False,0.0057004313,0.007396434,0.03963925,0.009284079,0.63925946,0.2987204
C:\Users\venka\Documents\Project\data\processed\test\Onychogryphosis\Screenshot-2021-11-19-020122_png.rf.f6e29d323eae406d6256206434056988.jpg,2,Onychogryphosis,2,Onychogryphosis,0.5747407,True,0.056321744,0.033699177,0.5747407,0.016011892,0.18612951,0.13309695
C:\Users\venka\Documents\Project\data\processed\test\Onychogryphosis\Screenshot-2021-11-19-020136_png.rf.19912db47255755ab8475645796db4d1.jpg,2,Onychogryphosis,2,Onychogryphosis,0.9394845,True,0.004827978,0.018737674,0.9394845,0.013581357,0.011485699,0.0118828695
C:\Users\venka\Documents\Project\data\processed\test\Onychogryphosis\Screenshot-2021-11-19-020317_png.rf.95d8cd1cedb0e872a4ab55180c799ce7.jpg,2,Onychogryphosis,2,Onychogryphosis,0.8972447,True,0.012549718,0.020894347,0.8972447,0.015891269,0.041291807,0.012128176
C:\Users\venka\Documents\Project\data\processed\test\Onychogryphosis\Screenshot-2021-11-19-020327_png.rf.52dadddf0722430159b4e7e261abc353.jpg,2,Onychogryphosis,2,Onychogryphosis,0.9533415,True,0.004425193,0.012565172,0.9533415,0.012728778,0.008953184,0.007986151
C:\Users\venka\Documents\Project\data\processed\test\Onychogryphosis\Screenshot-2021-11-19-021128_png.rf.e08ae6730d79b2cf69f69b9f2ccb3e02.jpg,2,Onychogryphosis,2,Onychogryphosis,0.9454246,True,0.0064825383,0.0156239085,0.9454246,0.010855681,0.008101991,0.013511337
C:\Users\venka\Documents\Project\data\processed\test\Onychogryphosis\Screenshot-2021-11-19-021309_png.rf.3a42324585aa4ef80b266c50b38b4044.jpg,2,Onychogryphosis,2,Onychogryphosis,0.9389272,True,0.0049526677,0.024470037,0.9389272,0.011679343,0.012624673,0.0073461565
C:\Users\venka\Documents\Project\data\processed\test\Onychogryphosis\Screenshot-2021-11-19-021909_png.rf.262175457e520d0803441e061118b24f.jpg,2,Onychogryphosis,2,Onychogryphosis,0.94539285,True,0.0061733923,0.016840113,0.94539285,0.010125091,0.010758741,0.01070987
C:\Users\venka\Documents\Project\data\processed\test\Onychogryphosis\Screenshot-2021-11-19-021939_png.rf.1c98d73d9d99acba77451363cd8884bf.jpg,2,Onychogryphosis,2,Onychogryphosis,0.92561466,True,0.0076684244,0.020261647,0.92561466,0.013482938,0.0147026,0.018269721
C:\Users\venka\Documents\Project\data\processed\test\Onychogryphosis\Screenshot-2021-11-19-022255_png.rf.66aa41f8614fa9cdf519c9d7239576a0.jpg,2,Onychogryphosis,2,Onychogryphosis,0.9296993,True,0.0087728035,0.022371104,0.9296993,0.0065129846,0.018057521,0.014586335
C:\Users\venka\Documents\Project\data\processed\test\Onychogryphosis\Screenshot-2021-11-19-022422_png.rf.16bef5c460ffd32263c7aeca8997d34f.jpg,2,Onychogryphosis,2,Onychogryphosis,0.92293286,True,0.0062435423,0.024319299,0.92293286,0.010133563,0.019354694,0.017016096
C:\Users\venka\Documents\Project\data\processed\test\Onychogryphosis\Screenshot-2021-11-19-023646_png.rf.cf7787384031fa3972de80cf268d1baa.jpg,2,Onychogryphosis,2,Onychogryphosis,0.97465694,True,0.0037896556,0.0067165433,0.97465694,0.004141802,0.006440436,0.0042545996
C:\Users\venka\Documents\Project\data\processed\test\Onychogryphosis\Screenshot-2021-11-19-024347_png.rf.06ee00379d1bdc0464e3282da47540e0.jpg,2,Onychogryphosis,2,Onychogryphosis,0.9142575,True,0.013257864,0.022454405,0.9142575,0.0139706535,0.019483773,0.01657576
C:\Users\venka\Documents\Project\data\processed\test\Onychogryphosis\Screenshot-2021-11-19-025136_png.rf.27f009a1830c84f533df5589f5d71fe3.jpg,2,Onychogryphosis,2,Onychogryphosis,0.94274974,True,0.00920878,0.018721327,0.94274974,0.010392448,0.008681514,0.010246174
C:\Users\venka\Documents\Project\data\processed\test\Onychogryphosis\Screenshot-2021-11-19-025136_png.rf.ad4608dd80942f11b2bf5e068b6bfae2.jpg,2,Onychogryphosis,2,Onychogryphosis,0.95464694,True,0.007970411,0.01531506,0.95464694,0.010501932,0.0041469,0.0074187447
C:\Users\venka\Documents\Project\data\processed\test\Onychogryphosis\Screenshot-2021-11-19-025158_png.rf.86d8d16b57b65cbaa4879b560dcbf204.jpg,2,Onychogryphosis,2,Onychogryphosis,0.9572351,True,0.0038895358,0.01205341,0.9572351,0.011723698,0.0040774383,0.011020787
C:\Users\venka\Documents\Project\data\processed\test\Onychogryphosis\Screenshot-2021-11-19-025646_png.rf.80fedb750f0f05269de3b43f65a6cb30.jpg,2,Onychogryphosis,2,Onychogryphosis,0.9351655,True,0.012231897,0.016746236,0.9351655,0.01229293,0.009005053,0.014558376
C:\Users\venka\Documents\Project\data\processed\test\Onychogryphosis\Screenshot-2021-11-19-031124_png.rf.721e73eecd34cd0b8899db2bf297b304.jpg,2,Onychogryphosis,2,Onychogryphosis,0.9337476,True,0.023997853,0.018140482,0.9337476,0.005483455,0.0075552366,0.011075358
C:\Users\venka\Documents\Project\data\processed\test\Onychogryphosis\Screenshot-2021-11-21-162607_png.rf.15ed178e71d91d4eaefe52712969701d.jpg,2,Onychogryphosis,2,Onychogryphosis,0.9304829,True,0.009603983,0.022084793,0.9304829,0.013692601,0.013398218,0.010737456
C:\Users\venka\Documents\Project\data\processed\test\Onychogryphosis\Screenshot-2021-11-21-163024_png.rf.eba15c2f88898834eb0d98ed57319dd7.jpg,2,Onychogryphosis,2,Onychogryphosis,0.96116227,True,0.0065333284,0.015241907,0.96116227,0.005936555,0.0046514487,0.006474436
C:\Users\venka\Documents\Project\data\processed\test\Onychogryphosis\Screenshot-2021-11-21-163641_png.rf.5cdba0095e8bf150ddf9b2aa20491125.jpg,2,Onychogryphosis,2,Onychogryphosis,0.90996,True,0.004729899,0.020458583,0.90996,0.0137300445,0.042059418,0.009062084
C:\Users\venka\Documents\Project\data\processed\test\Onychogryphosis\Screenshot-2021-11-21-163641_png.rf.e1b2311d5d8ecbeefae88c340ab6f436.jpg,2,Onychogryphosis,2,Onychogryphosis,0.9463782,True,0.0023889958,0.009536515,0.9463782,0.0069256458,0.027408417,0.0073622195
C:\Users\venka\Documents\Project\data\processed\test\Onychogryphosis\Screenshot-2021-11-21-163753_png.rf.fd9359dd60c3db0ddba12e42e7d49f35.jpg,2,Onychogryphosis,2,Onychogryphosis,0.9505218,True,0.005106791,0.018023128,0.9505218,0.010912481,0.008394431,0.0070412704
C:\Users\venka\Documents\Project\data\processed\test\Onychogryphosis\Screenshot-2021-11-21-165411_png.rf.e0e0980d40e76c09f8bbac625d2078a7.jpg,2,Onychogryphosis,2,Onychogryphosis,0.9642986,True,0.0053301333,0.011670033,0.9642986,0.0068115243,0.006714375,0.005175423
C:\Users\venka\Documents\Project\data\processed\test\Onychogryphosis\Screenshot-2021-11-21-165820_png.rf.5d424f5407705a95b7a1f5c7bfce8050.jpg,2,Onychogryphosis,2,Onychogryphosis,0.95201373,True,0.009908561,0.013241411,0.95201373,0.010917738,0.003928399,0.009990238
C:\Users\venka\Documents\Project\data\processed\test\Onychogryphosis\Screenshot-2021-11-21-173027_png.rf.18c8ea745ca4a5f5f405ac8c7734fa45.jpg,2,Onychogryphosis,0,Acral_Lentiginous_Melanoma,0.7334284,False,0.7334284,0.040739417,0.14051728,0.033153668,0.012914657,0.03924653
C:\Users\venka\Documents\Project\data\processed\test\Onychogryphosis\Screenshot-2021-11-21-174132_png.rf.2a50016efcab5a3c211600718701d457.jpg,2,Onychogryphosis,2,Onychogryphosis,0.95407706,True,0.005318129,0.008822798,0.95407706,0.0067914836,0.014836991,0.010153627
C:\Users\venka\Documents\Project\data\processed\test\Onychogryphosis\Screenshot-2021-11-21-174430_png.rf.f9076618a0b138dcb3fa14c5c73835a6.jpg,2,Onychogryphosis,2,Onychogryphosis,0.91291285,True,0.014125493,0.022834837,0.91291285,0.01837347,0.019887479,0.011865812
C:\Users\venka\Documents\Project\data\processed\test\Onychogryphosis\Screenshot-2021-11-21-174511_png.rf.c773854c9171450d768eb66812071b02.jpg,2,Onychogryphosis,2,Onychogryphosis,0.94811666,True,0.0063059414,0.015176934,0.94811666,0.011064371,0.004618253,0.01471779
C:\Users\venka\Documents\Project\data\processed\test\Onychogryphosis\Screenshot-2021-11-21-192605_png.rf.54a2cd1af1614ded8f6413ebaa1c4821.jpg,2,Onychogryphosis,2,Onychogryphosis,0.9475337,True,0.006464293,0.016416982,0.9475337,0.009276096,0.009529247,0.010779737
C:\Users\venka\Documents\Project\data\processed\test\Onychogryphosis\Screenshot-2021-11-21-192708_png.rf.9c71b339f437329051ad8145887a74c4.jpg,2,Onychogryphosis,2,Onychogryphosis,0.9306132,True,0.013248154,0.014388013,0.9306132,0.021666348,0.015192133,0.00489208
C:\Users\venka\Documents\Project\data\processed\test\Onychogryphosis\Screenshot-2021-11-21-193524_png.rf.9910f8a7b1a77cdc04b111008f30649a.jpg,2,Onychogryphosis,2,Onychogryphosis,0.9388658,True,0.0075721163,0.018152216,0.9388658,0.007135086,0.021845559,0.0064292955
C:\Users\venka\Documents\Project\data\processed\test\Onychogryphosis\Screenshot-2021-11-21-193604_png.rf.bb2ef6b49eed974828dda3c011b7399f.jpg,2,Onychogryphosis,2,Onychogryphosis,0.8650083,True,0.012201027,0.04070196,0.8650083,0.017207494,0.042639367,0.022241864
C:\Users\venka\Documents\Project\data\processed\test\Onychogryphosis\Screenshot-2021-11-21-210225_png.rf.e2a4fa7afecd2198e5c7cc5618b6007e.jpg,2,Onychogryphosis,2,Onychogryphosis,0.938403,True,0.007361158,0.013163945,0.938403,0.021574054,0.014060932,0.005436882
C:\Users\venka\Documents\Project\data\processed\test\Onychogryphosis\Screenshot-2021-11-21-210436_png.rf.db9da827dea0600e4f09ae0d7c923554.jpg,2,Onychogryphosis,2,Onychogryphosis,0.9343206,True,0.006078656,0.017886065,0.9343206,0.0060110264,0.020860335,0.014843315
C:\Users\venka\Documents\Project\data\processed\test\Onychogryphosis\Screenshot-2021-11-21-230209_png.rf.1da7be26ca43d5150aef9526ba89aef0.jpg,2,Onychogryphosis,2,Onychogryphosis,0.9479513,True,0.0061638965,0.013707728,0.9479513,0.011188691,0.013724668,0.0072636628
C:\Users\venka\Documents\Project\data\processed\test\Onychogryphosis\Screenshot-2021-11-21-230252_png.rf.6cc27efcf4e5ccca5466427d6b73e829.jpg,2,Onychogryphosis,2,Onychogryphosis,0.9411833,True,0.012120906,0.019002365,0.9411833,0.009504024,0.009454578,0.00873477
C:\Users\venka\Documents\Project\data\processed\test\Onychogryphosis\Screenshot-2021-11-21-231416_png.rf.cab8fff8a967ffb3b6c7bdb528bd46d9.jpg,2,Onychogryphosis,2,Onychogryphosis,0.9364399,True,0.010193965,0.027638614,0.9364399,0.010945351,0.004575841,0.010206324
C:\Users\venka\Documents\Project\data\processed\test\Onychogryphosis\Screenshot-2021-11-21-231905_png.rf.02e61979791a981a35f04cbc6a8a6a4e.jpg,2,Onychogryphosis,2,Onychogryphosis,0.9354411,True,0.011309962,0.01673256,0.9354411,0.008470952,0.012323945,0.015721522
C:\Users\venka\Documents\Project\data\processed\test\Onychogryphosis\Screenshot-2021-11-21-232620_png.rf.2363290c87015bfb7e2268f2952ad990.jpg,2,Onychogryphosis,2,Onychogryphosis,0.84740037,True,0.07399006,0.025991207,0.84740037,0.020599293,0.005505259,0.026513841
C:\Users\venka\Documents\Project\data\processed\test\Onychogryphosis\Screenshot-2021-11-21-232620_png.rf.f56968a71e51fdf5012b681ee803460b.jpg,2,Onychogryphosis,2,Onychogryphosis,0.77619874,True,0.01835969,0.02820653,0.77619874,0.042194013,0.020471746,0.11456925
C:\Users\venka\Documents\Project\data\processed\test\Onychogryphosis\Screenshot-2021-11-21-233854_png.rf.33db624b7305f843ffaad4e603aa8fd8.jpg,2,Onychogryphosis,2,Onychogryphosis,0.92704076,True,0.013924674,0.020705838,0.92704076,0.011254536,0.014085139,0.012989135
C:\Users\venka\Documents\Project\data\processed\test\Onychogryphosis\Screenshot-2021-11-21-234423_png.rf.3aa2d19cce27aed6e6b146c157e3b9fa.jpg,2,Onychogryphosis,2,Onychogryphosis,0.91518736,True,0.008455232,0.02925759,0.91518736,0.014207266,0.022453964,0.010438599
C:\Users\venka\Documents\Project\data\processed\test\Onychogryphosis\Screenshot-2021-11-21-235210_png.rf.bd4fc90a5cf2e6eed3ff147800e9ffdd.jpg,2,Onychogryphosis,2,Onychogryphosis,0.92462313,True,0.0071142544,0.010669744,0.92462313,0.017669467,0.024570959,0.015352435
C:\Users\venka\Documents\Project\data\processed\test\Onychogryphosis\Screenshot-2021-11-22-012951_png.rf.adb97387444e035a53a2e77dae6a65ed.jpg,2,Onychogryphosis,2,Onychogryphosis,0.9260486,True,0.007729191,0.02309813,0.9260486,0.012289766,0.024496773,0.0063375877
C:\Users\venka\Documents\Project\data\processed\test\Onychogryphosis\Screenshot-2021-11-22-012951_png.rf.b41f85cc45a2647436aca514e7b7453b.jpg,2,Onychogryphosis,2,Onychogryphosis,0.93300575,True,0.0070060464,0.022982905,0.93300575,0.016744822,0.0151217505,0.0051387404
C:\Users\venka\Documents\Project\data\processed\test\Onychogryphosis\Screenshot-2021-11-22-014500_png.rf.8e6fdec0d4e8c811ae3ecf21a020639b.jpg,2,Onychogryphosis,2,Onychogryphosis,0.9511746,True,0.0062224003,0.010915005,0.9511746,0.005977664,0.008440428,0.01726978
C:\Users\venka\Documents\Project\data\processed\test\Onychogryphosis\Screenshot-2021-11-22-015012_png.rf.e033e5dd1e1b0ed03e8ce9b415c084af.jpg,2,Onychogryphosis,2,Onychogryphosis,0.9252357,True,0.007303939,0.02324682,0.9252357,0.018460367,0.015313715,0.010439391
C:\Users\venka\Documents\Project\data\processed\test\Onychogryphosis\Screenshot-2021-11-22-015012_png.rf.faf4de1891ee699454716b3406b7f69a.jpg,2,Onychogryphosis,2,Onychogryphosis,0.9100119,True,0.007279338,0.028654266,0.9100119,0.013615965,0.031732038,0.008706454
C:\Users\venka\Documents\Project\data\processed\test\Onychogryphosis\Screenshot-2021-11-22-015244_png.rf.9709ccbc3f00d355405b3d61be96ea93.jpg,2,Onychogryphosis,2,Onychogryphosis,0.9540743,True,0.007486151,0.017861601,0.9540743,0.009084153,0.0032736403,0.008220149
C:\Users\venka\Documents\Project\data\processed\test\Onychogryphosis\Screenshot-2021-11-22-015522_png.rf.5f13391b027570ed8fcfbb6ab57f038a.jpg,2,Onychogryphosis,2,Onychogryphosis,0.9523186,True,0.0036474082,0.019231046,0.9523186,0.008949644,0.010484699,0.0053686085
C:\Users\venka\Documents\Project\data\processed\test\Onychogryphosis\Screenshot-2021-11-22-015641_png.rf.155c2fb8c5e8798cd28e49ac73d8774d.jpg,2,Onychogryphosis,2,Onychogryphosis,0.9141709,True,0.013307642,0.027276399,0.9141709,0.014230933,0.014356972,0.01665708
C:\Users\venka\Documents\Project\data\processed\test\Onychogryphosis\Screenshot-2021-11-22-015641_png.rf.321f509a32a284dac73194fd1d64a7c2.jpg,2,Onychogryphosis,2,Onychogryphosis,0.9225965,True,0.014638442,0.020099718,0.9225965,0.015419626,0.010440688,0.01680503
C:\Users\venka\Documents\Project\data\processed\test\Onychogryphosis\Screenshot-2021-11-22-015804_png.rf.e402acb29d1fe5d722f106357a9f177c.jpg,2,Onychogryphosis,2,Onychogryphosis,0.9498924,True,0.007880887,0.020705346,0.9498924,0.008672383,0.0063406923,0.0065083266
C:\Users\venka\Documents\Project\data\processed\test\Onychogryphosis\Screenshot-2021-11-22-020018_png.rf.829122f77e2386494bf903ffb53ec004.jpg,2,Onychogryphosis,2,Onychogryphosis,0.93209034,True,0.008065988,0.023677753,0.93209034,0.0067698993,0.013414658,0.01598133
C:\Users\venka\Documents\Project\data\processed\test\Onychogryphosis\Screenshot-2021-11-22-020526_png.rf.aa2bdc8ad4ef792a260f56cd314a0658.jpg,2,Onychogryphosis,2,Onychogryphosis,0.94741523,True,0.0063205236,0.022866994,0.94741523,0.008725984,0.008212444,0.0064587803
C:\Users\venka\Documents\Project\data\processed\test\Onychogryphosis\Screenshot-2021-11-22-020714_png.rf.99b221cb0412a8282ac35290cb25a5f4.jpg,2,Onychogryphosis,2,Onychogryphosis,0.9346949,True,0.008699536,0.01928345,0.9346949,0.019636301,0.005285616,0.01240022
C:\Users\venka\Documents\Project\data\processed\test\Onychogryphosis\Screenshot-2021-11-22-020714_png.rf.b01bf1fad1e374d9f8125b2c4d855ace.jpg,2,Onychogryphosis,2,Onychogryphosis,0.9574716,True,0.0058668717,0.0153385205,0.9574716,0.010064987,0.00441508,0.0068429494
C:\Users\venka\Documents\Project\data\processed\test\Onychogryphosis\Screenshot-2021-11-22-021051_png.rf.8cd7dd8535761b774588c7ecc4373722.jpg,2,Onychogryphosis,2,Onychogryphosis,0.95534146,True,0.0061633172,0.013614096,0.95534146,0.012907834,0.0064272773,0.0055459864
C:\Users\venka\Documents\Project\data\processed\test\Onychogryphosis\images--66D6Hn_jpeg.rf.4a23427324684d761e7d8916fc6faefb.jpg,2,Onychogryphosis,2,Onychogryphosis,0.93921363,True,0.0035512764,0.02231282,0.93921363,0.007990475,0.006297823,0.020634083
C:\Users\venka\Documents\Project\data\processed\test\Onychogryphosis\images--79BNfh_jpeg.rf.0f0ed2addfd11f5747e7af9a073b3637.jpg,2,Onychogryphosis,2,Onychogryphosis,0.9282744,True,0.0094532985,0.022165157,0.9282744,0.010844149,0.009434349,0.019828618
C:\Users\venka\Documents\Project\data\processed\test\Onychogryphosis\images--7hiLgj_jpeg.rf.07badc72cc0a18d2ce89778c0eb02028.jpg,2,Onychogryphosis,2,Onychogryphosis,0.80097437,True,0.018762158,0.07636969,0.80097437,0.04736982,0.011263026,0.045260858
C:\Users\venka\Documents\Project\data\processed\test\Onychogryphosis\images--sqWhaj_jpeg.rf.2815459cd3bf1013f31390cc0d957f4c.jpg,2,Onychogryphosis,2,Onychogryphosis,0.9083616,True,0.015385757,0.01892027,0.9083616,0.016048,0.028708087,0.0125763
C:\Users\venka\Documents\Project\data\processed\test\blue_finger\3537c880a6f711e688859b4b6be08695-Fig_3A_red-purple_discoloration_JPG.rf.61c1f59c35c9ae93a89c356b3d0786eb.jpg,3,blue_finger,3,blue_finger,0.9643989,True,0.007597657,0.013934705,0.0053109056,0.9643989,0.0020552613,0.006702556
C:\Users\venka\Documents\Project\data\processed\test\blue_finger\3537c880a6f711e688859b4b6be08695-Fig_3A_red-purple_discoloration_JPG.rf.9c6f3181cc588acd8bad259f00e3cab3.jpg,3,blue_finger,3,blue_finger,0.96486706,True,0.008443446,0.012923512,0.004855616,0.96486706,0.0018916752,0.0070186965
C:\Users\venka\Documents\Project\data\processed\test\blue_finger\Screen-Shot-2021-10-15-at-10-36-15-AM_png.rf.07fe9e00799550cf0f7834112b8b1a9d.jpg,3,blue_finger,3,blue_finger,0.9527491,True,0.009132684,0.0140636135,0.0077826064,0.9527491,0.0074550454,0.008816918
C:\Users\venka\Documents\Project\data\processed\test\blue_finger\Screen-Shot-2021-10-15-at-10-36-15-AM_png.rf.4dc9d4e3de78f1e786a5620c9e491a25.jpg,3,blue_finger,3,blue_finger,0.9480181,True,0.006935424,0.012968181,0.01023305,0.9480181,0.012575606,0.009269668
C:\Users\venka\Documents\Project\data\processed\test\blue_finger\Screen-Shot-2021-10-15-at-10-36-37-AM_png.rf.06f237bfd23271070895d3a22d742b18.jpg,3,blue_finger,3,blue_finger,0.9189701,True,0.00938796,0.02222023,0.007177174,0.9189701,0.027901793,0.014342731
C:\Users\venka\Documents\Project\data\processed\test\blue_finger\Screen-Shot-2021-10-15-at-10-36-41-AM_png.rf.ead8fc33ed8772a6c1493ae9e7109253.jpg,3,blue_finger,3,blue_finger,0.9415426,True,0.014250804,0.024095636,0.004842326,0.9415426,0.0084292665,0.0068393745
C:\Users\venka\Documents\Project\data\processed\test\blue_finger\Screen-Shot-2021-10-15-at-10-38-28-AM_png.rf.4d8428e243af7ff56330dbe382c35d31.jpg,3,blue_finger,3,blue_finger,0.94281775,True,0.005165939,0.0170219,0.013521285,0.94281775,0.0055653783,0.01590766
C:\Users\venka\Documents\Project\data\processed\test\blue_finger\Screen-Shot-2021-10-15-at-10-38-37-AM_png.rf.0070f2e5afc63e4dbe2ccf36a8992c91.jpg,3,blue_finger,3,blue_finger,0.927605,True,0.0057255547,0.016189916,0.017138228,0.927605,0.0184482,0.014893084
C:\Users\venka\Documents\Project\data\processed\test\blue_finger\Screen-Shot-2021-10-15-at-10-38-37-AM_png.rf.db278dce2e507e7c5ea6bb019de05d71.jpg,3,blue_finger,3,blue_finger,0.95227873,True,0.0061329654,0.014870673,0.007941148,0.95227873,0.005236177,0.013540264
C:\Users\venka\Documents\Project\data\processed\test\blue_finger\Screen-Shot-2021-10-15-at-10-39-17-AM_png.rf.3511fce5a257d00f145d61aba9123e8c.jpg,3,blue_finger,3,blue_finger,0.94663733,True,0.005095604,0.020391243,0.0103117805,0.94663733,0.0058963043,0.01166777
C:\Users\venka\Documents\Project\data\processed\test\blue_finger\Screen-Shot-2021-10-15-at-10-39-29-AM_png.rf.c55061cef102fdab5dcb7ecc681b98c1.jpg,3,blue_finger,3,blue_finger,0.93612397,True,0.0043414338,0.023359291,0.009963049,0.93612397,0.01218951,0.014022723
C:\Users\venka\Documents\Project\data\processed\test\blue_finger\Screen-Shot-2021-10-15-at-10-39-37-AM_png.rf.a5656d52ec986465d46d9c237e9491fb.jpg,3,blue_finger,3,blue_finger,0.9670504,True,0.0059002573,0.012867672,0.004829387,0.9670504,0.004666173,0.0046861004
C:\Users\venka\Documents\Project\data\processed\test\blue_finger\Screen-Shot-2021-10-15-at-10-40-07-AM_png.rf.ac1bd481a7768d536d4b898885ff708f.jpg,3,blue_finger,3,blue_finger,0.9300217,True,0.0086773485,0.013450467,0.01206102,0.9300217,0.023732707,0.012056788
C:\Users\venka\Documents\Project\data\processed\test\blue_finger\Screen-Shot-2021-10-15-at-10-43-46-AM_png.rf.020015f536c0f6cd8b87421b50930bf2.jpg,3,blue_finger,3,blue_finger,0.9626837,True,0.005643469,0.010211369,0.0054657753,0.9626837,0.011751965,0.004243834
C:\Users\venka\Documents\Project\data\processed\test\blue_finger\Screen-Shot-2021-10-15-at-10-43-46-AM_png.rf.f6e7ef3e2a91b5aa0dbfcd5290d756fb.jpg,3,blue_finger,3,blue_finger,0.9230191,True,0.007877641,0.023352083,0.008515881,0.9230191,0.020579034,0.016656242
C:\Users\venka\Documents\Project\data\processed\test\blue_finger\Screen-Shot-2021-10-15-at-10-44-24-AM_png.rf.0fc15e7d1ca7e1dd1009010d21c4b025.jpg,3,blue_finger,3,blue_finger,0.9497131,True,0.009599856,0.009919685,0.005918591,0.9497131,0.015316624,0.009532169
C:\Users\venka\Documents\Project\data\processed\test\blue_finger\Screen-Shot-2021-10-15-at-10-51-25-AM_png.rf.a3d1d5f2dd4092e4490eb46d145115e6.jpg,3,blue_finger,3,blue_finger,0.9604697,True,0.006625638,0.0115569895,0.0076116985,0.9604697,0.0075693005,0.006166643
C:\Users\venka\Documents\Project\data\processed\test\blue_finger\Screen-Shot-2021-10-15-at-11-10-13-AM_png.rf.bef8259bdd3b9c60cf47440f0f271dfb.jpg,3,blue_finger,3,blue_finger,0.93334854,True,0.008730038,0.014667552,0.010774747,0.93334854,0.019653285,0.012825902
C:\Users\venka\Documents\Project\data\processed\test\blue_finger\Screen-Shot-2021-10-15-at-11-10-13-AM_png.rf.f6837256b92b4414bc5bb1ee6f1ae872.jpg,3,blue_finger,3,blue_finger,0.92716163,True,0.01320877,0.017937263,0.010032821,0.92716163,0.021611381,0.010048136
C:\Users\venka\Documents\Project\data\processed\test\blue_finger\Screen-Shot-2021-10-15-at-11-11-16-AM_png.rf.abb7e53099b9167c9c3665332cd601ca.jpg,3,blue_finger,3,blue_finger,0.9720781,True,0.0036519265,0.009938532,0.0061136503,0.9720781,0.0019674841,0.0062503973
C:\Users\venka\Documents\Project\data\processed\test\blue_finger\Screen-Shot-2021-10-15-at-11-11-25-AM_png.rf.e2472a5d8eee70b2b3051b971684bbf2.jpg,3,blue_finger,3,blue_finger,0.9524453,True,0.0146474,0.011233159,0.008142898,0.9524453,0.0064692507,0.007061952
C:\Users\venka\Documents\Project\data\processed\test\blue_finger\Screen-Shot-2021-10-15-at-11-11-25-AM_png.rf.e71f3c9923a9c0976479cf7a61c1e3bf.jpg,3,blue_finger,3,blue_finger,0.7669957,True,0.01458509,0.1103332,0.027120931,0.7669957,0.019137653,0.061827403
C:\Users\venka\Documents\Project\data\processed\test\blue_finger\Screen-Shot-2021-10-15-at-9-30-50-AM_png.rf.01a0b573ad637eb8c8e635e2af97687b.jpg,3,blue_finger,3,blue_finger,0.95416397,True,0.008919191,0.013991422,0.008535441,0.95416397,0.005669707,0.008720317
C:\Users\venka\Documents\Project\data\processed\test\blue_finger\Screen-Shot-2021-10-15-at-9-30-50-AM_png.rf.0eeec8e1e28fac5468861de0b4875829.jpg,3,blue_finger,3,blue_finger,0.94578874,True,0.005012217,0.017914783,0.00964395,0.94578874,0.009126102,0.012514188
C:\Users\venka\Documents\Project\data\processed\test\blue_finger\Screen-Shot-2021-10-15-at-9-30-55-AM_png.rf.b6e8276f01038e40c634a684f6efea01.jpg,3,blue_finger,3,blue_finger,0.96822125,True,0.006185657,0.0070173806,0.010321544,0.96822125,0.0028935808,0.0053605456
C:\Users\venka\Documents\Project\data\processed\test\blue_finger\Screen-Shot-2021-10-15-at-9-31-06-AM_png.rf.0c1f8e2620181d26281be1dae5767134.jpg,3,blue_finger,3,blue_finger,0.94076335,True,0.01226965,0.014933942,0.012396759,0.94076335,0.0120569905,0.0075792763
C:\Users\venka\Documents\Project\data\processed\test\blue_finger\Screen-Shot-2021-11-22-at-10-05-18-PM_png.rf.3001a131b94fa69e07a045c4dea95aa8.jpg,3,blue_finger,3,blue_finger,0.9392601,True,0.0067630233,0.016285386,0.012311303,0.9392601,0.013979047,0.0114012025
C:\Users\venka\Documents\Project\data\processed\test\blue_finger\Screen-Shot-2021-11-22-at-10-06-57-PM_png.rf.37ea9a70aed08c17111561f7ff997b58.jpg,3,blue_finger,3,blue_finger,0.9338167,True,0.009223602,0.011486837,0.014773716,0.9338167,0.0214129,0.009286244
C:\Users\venka\Documents\Project\data\processed\test\blue_finger\Screen-Shot-2021-11-22-at-10-09-28-PM_png.rf.492c16db531a69e5dd109057208e1300.jpg,3,blue_finger,3,blue_finger,0.776059,True,0.010895532,0.021065736,0.013113248,0.776059,0.16815723,0.010709246
C:\Users\venka\Documents\Project\data\processed\test\blue_finger\Screen-Shot-2021-11-22-at-10-09-58-PM_png.rf.ed3e4c485a4cb3f6af073a31b1ce112e.jpg,3,blue_finger,3,blue_finger,0.9221461,True,0.0094297705,0.0101441825,0.007116844,0.9221461,0.0035979874,0.0475651
C:\Users\venka\Documents\Project\data\processed\test\blue_finger\Screen-Shot-2021-11-22-at-10-09-58-PM_png.rf.f357adca933ff843d33f651fea90a597.jpg,3,blue_finger,3,blue_finger,0.902264,True,0.02369641,0.01417332,0.014971629,0.902264,0.010678813,0.03421588
C:\Users\venka\Documents\Project\data\processed\test\blue_finger\Screen-Shot-2021-11-22-at-4-49-53-PM_png.rf.f269cc724a0412f2f709e7fe2105b56a.jpg,3,blue_finger,3,blue_finger,0.9348799,True,0.01740445,0.009442965,0.008920355,0.9348799,0.015237884,0.014114434
C:\Users\venka\Documents\Project\data\processed\test\blue_finger\Screen-Shot-2021-11-22-at-4-50-45-PM_png.rf.09f6901091920ba4e757969e9a61a283.jpg,3,blue_finger,3,blue_finger,0.67469996,True,0.021271558,0.024573853,0.023856275,0.67469996,0.22722647,0.028371835
C:\Users\venka\Documents\Project\data\processed\test\blue_finger\Screen-Shot-2021-11-22-at-4-57-31-PM_png.rf.fb3f46396a157401c25ce607e8ea475b.jpg,3,blue_finger,3,blue_finger,0.9227754,True,0.011777308,0.01941699,0.01119199,0.9227754,0.023134744,0.011703562
C:\Users\venka\Documents\Project\data\processed\test\blue_finger\Screen-Shot-2021-11-22-at-4-57-51-PM_png.rf.d1a6fe9f251911fc2a5fe4cb1b75e848.jpg,3,blue_finger,3,blue_finger,0.94958293,True,0.0035766358,0.020432517,0.007529107,0.94958293,0.011769196,0.0071095955
C:\Users\venka\Documents\Project\data\processed\test\blue_finger\Screen-Shot-2021-11-22-at-5-01-41-PM_png.rf.9db9fb4e806cc607b53d538a9e84904b.jpg,3,blue_finger,3,blue_finger,0.9527988,True,0.0075167394,0.014371158,0.009519473,0.9527988,0.0050897314,0.010704072
C:\Users\venka\Documents\Project\data\processed\test\blue_finger\Screen-Shot-2021-11-22-at-5-02-29-PM_png.rf.b395747583bcccc59638dfd47b0bfebb.jpg,3,blue_finger,3,blue_finger,0.924057,True,0.013437918,0.017549234,0.009234425,0.924057,0.019822981,0.01589843
C:\Users\venka\Documents\Project\data\processed\test\blue_finger\Screen-Shot-2021-11-22-at-5-03-01-PM_png.rf.5a7a6f1d4a3731323942f3bd47425522.jpg,3,blue_finger,3,blue_finger,0.95718044,True,0.009215738,0.009960949,0.008805832,0.95718044,0.004687942,0.010149069
C:\Users\venka\Documents\Project\data\processed\test\blue_finger\Screen-Shot-2021-11-22-at-5-03-11-PM_png.rf.7ce4545c923eb10b2bd8215d89c18c0b.jpg,3,blue_finger,3,blue_finger,0.9327411,True,0.009745815,0.021824129,0.020602213,0.9327411,0.007934172,0.0071525928
C:\Users\venka\Documents\Project\data\processed\test\blue_finger\Screen-Shot-2021-11-22-at-5-05-41-PM_png.rf.d66dc6eaa47882611fb807a638bd93ee.jpg,3,blue_finger,3,blue_finger,0.95327616,True,0.003228487,0.014706086,0.008994229,0.95327616,0.0154249305,0.0043700617
C:\Users\venka\Documents\Project\data\processed\test\blue_finger\Screen-Shot-2021-11-22-at-5-05-43-PM_png.rf.d2a0a8780d0baba489dd43395501bd74.jpg,3,blue_finger,3,blue_finger,0.94566816,True,0.007267965,0.01249075,0.012214045,0.94566816,0.012822911,0.00953617
C:\Users\venka\Documents\Project\data\processed\test\blue_finger\Screen-Shot-2021-11-22-at-5-06-00-PM_png.rf.8385f1d0fe91b9f590e39c3acc4378e3.jpg,3,blue_finger,3,blue_finger,0.9187876,True,0.0038358355,0.019000506,0.011625213,0.9187876,0.038387485,0.008363318
C:\Users\venka\Documents\Project\data\processed\test\blue_finger\Screen-Shot-2021-11-22-at-5-06-33-PM_png.rf.a6ffd33551d7738fd2a05e5ebe6a1de5.jpg,3,blue_finger,3,blue_finger,0.9546559,True,0.005365061,0.015045911,0.0116936825,0.9546559,0.007818235,0.0054212953
C:\Users\venka\Documents\Project\data\processed\test\blue_finger\Screen-Shot-2021-11-22-at-5-09-59-PM_png.rf.1c6a1bd2cbb3d89a30fd2e7f31af107d.jpg,3,blue_finger,3,blue_finger,0.9056698,True,0.014809093,0.02135368,0.022725139,0.9056698,0.025857506,0.009584749
C:\Users\venka\Documents\Project\data\processed\test\blue_finger\Screen-Shot-2021-11-22-at-5-09-59-PM_png.rf.3734ea96fa04a2f97710416b20f0691e.jpg,3,blue_finger,3,blue_finger,0.8187138,True,0.06298018,0.020445481,0.039776906,0.8187138,0.049423836,0.0086598145
C:\Users\venka\Documents\Project\data\processed\test\blue_finger\Screen-Shot-2021-11-22-at-5-10-07-PM_png.rf.15ea6de8993357568365d6c4430f3c9a.jpg,3,blue_finger,3,blue_finger,0.8073325,True,0.00949272,0.023826124,0.010633668,0.8073325,0.12289551,0.025819449
C:\Users\venka\Documents\Project\data\processed\test\blue_finger\Screen-Shot-2021-11-22-at-5-10-07-PM_png.rf.ada79554aca0a8499888c1d6555d77f5.jpg,3,blue_finger,3,blue_finger,0.9251494,True,0.015984003,0.01573249,0.015799576,0.9251494,0.008256216,0.019078268
C:\Users\venka\Documents\Project\data\processed\test\blue_finger\Screen-Shot-2021-11-22-at-5-10-19-PM_png.rf.cbd1ea6045847d8dc5dbcc77046facf4.jpg,3,blue_finger,3,blue_finger,0.9675995,True,0.006413056,0.010677678,0.0054758675,0.9675995,0.006558242,0.0032756515
C:\Users\venka\Documents\Project\data\processed\test\blue_finger\Screen-Shot-2021-11-22-at-5-11-17-PM_png.rf.466a3c2438e2b92c3ad377ac73a85da6.jpg,3,blue_finger,3,blue_finger,0.95909727,True,0.00473089,0.01697811,0.00682076,0.95909727,0.0048804246,0.0074925367
C:\Users\venka\Documents\Project\data\processed\test\blue_finger\Screen-Shot-2021-11-22-at-5-18-20-PM_png.rf.6d92bf144bc68a2a517d4e49c369ffd6.jpg,3,blue_finger,3,blue_finger,0.9510661,True,0.005551438,0.012532904,0.010209858,0.9510661,0.012048421,0.008591313
C:\Users\venka\Documents\Project\data\processed\test\blue_finger\Screen-Shot-2021-11-22-at-5-21-20-PM_png.rf.2b7b4897930f3d239886649a6bb64e86.jpg,3,blue_finger,3,blue_finger,0.8383353,True,0.011261089,0.095430285,0.012277615,0.8383353,0.010471589,0.032224145
C:\Users\venka\Documents\Project\data\processed\test\blue_finger\Screen-Shot-2021-11-22-at-5-22-06-PM_png.rf.38183b58151112d579c5710e33fb89a4.jpg,3,blue_finger,3,blue_finger,0.945421,True,0.012914204,0.016689032,0.010333766,0.945421,0.009065635,0.0055763237
C:\Users\venka\Documents\Project\data\processed\test\blue_finger\Screen-Shot-2021-11-22-at-5-23-38-PM_png.rf.01e1d9f47bebcf86d7616b943066af08.jpg,3,blue_finger,3,blue_finger,0.92059976,True,0.0027519136,0.011757329,0.012061668,0.92059976,0.040650472,0.012178855
C:\Users\venka\Documents\Project\data\processed\test\blue_finger\Screen-Shot-2021-11-22-at-5-25-44-PM_png.rf.73b993cbf96344d526979b2501698433.jpg,3,blue_finger,3,blue_finger,0.95736945,True,0.004955686,0.010170754,0.008597778,0.95736945,0.013014792,0.005891548
C:\Users\venka\Documents\Project\data\processed\test\blue_finger\Screen-Shot-2021-11-22-at-5-26-02-PM_png.rf.bf53966750be2dcf733d84487f188e90.jpg,3,blue_finger,3,blue_finger,0.9522195,True,0.013811559,0.0112512065,0.006810529,0.9522195,0.0036818057,0.012225404
C:\Users\venka\Documents\Project\data\processed\test\blue_finger\Screen-Shot-2021-11-22-at-5-26-29-PM_png.rf.b4ad0e5b8c86c9bea3a46075a6f6542e.jpg,3,blue_finger,3,blue_finger,0.9649131,True,0.00865461,0.00874635,0.006843468,0.9649131,0.0064695072,0.0043730084
C:\Users\venka\Documents\Project\data\processed\test\blue_finger\Screen-Shot-2021-11-22-at-5-26-45-PM_png.rf.8bf2c580a12de7f991b427e2adae6510.jpg,3,blue_finger,3,blue_finger,0.9616875,True,0.005772148,0.0124936905,0.010484723,0.9616875,0.0032393916,0.0063225734
C:\Users\venka\Documents\Project\data\processed\test\blue_finger\Screen-Shot-2021-11-22-at-5-26-45-PM_png.rf.e4b25faa14eb7488d36c86bd7c44b305.jpg,3,blue_finger,3,blue_finger,0.9576606,True,0.006672109,0.00984367,0.010820517,0.9576606,0.0068277735,0.008175275
C:\Users\venka\Documents\Project\data\processed\test\blue_finger\Screen-Shot-2021-11-22-at-5-27-14-PM_png.rf.80ded82ebb475a2687e76e30a3ac3b5b.jpg,3,blue_finger,3,blue_finger,0.9564043,True,0.0037976052,0.012361815,0.011130287,0.9564043,0.0063648494,0.009941119
C:\Users\venka\Documents\Project\data\processed\test\blue_finger\Screen-Shot-2021-11-22-at-5-27-22-PM_png.rf.5d0d94967de6ec88184d00d361245754.jpg,3,blue_finger,3,blue_finger,0.7131139,True,0.02074972,0.030589774,0.016236505,0.7131139,0.20287536,0.016434701
C:\Users\venka\Documents\Project\data\processed\test\blue_finger\Screen-Shot-2021-11-22-at-5-27-22-PM_png.rf.ddf028f68cbeef3978069e3df0fb9e65.jpg,3,blue_finger,3,blue_finger,0.87307495,True,0.0326536,0.025819136,0.01068315,0.87307495,0.037656184,0.02011297
C:\Users\venka\Documents\Project\data\processed\test\blue_finger\Screen-Shot-2021-11-22-at-5-27-36-PM_png.rf.7a6a624912158d8d9d9476d013fe2498.jpg,3,blue_finger,3,blue_finger,0.91564786,True,0.018833663,0.014239577,0.018359995,0.91564786,0.008049663,0.024869187
C:\Users\venka\Documents\Project\data\processed\test\blue_finger\Screen-Shot-2021-11-22-at-5-29-14-PM_png.rf.96fb8142058a66342b87b8d66400a16c.jpg,3,blue_finger,3,blue_finger,0.9099151,True,0.0065096635,0.023369387,0.024006063,0.9099151,0.014337557,0.021862315
C:\Users\venka\Documents\Project\data\processed\test\blue_finger\Screen-Shot-2021-11-22-at-8-14-15-PM_png.rf.f3eaacf8f1ccfc85715030c4e45c1d7d.jpg,3,blue_finger,3,blue_finger,0.9416867,True,0.0077667558,0.018164866,0.0043411893,0.9416867,0.016796883,0.011243631
C:\Users\venka\Documents\Project\data\processed\test\blue_finger\Screen-Shot-2021-11-22-at-8-15-47-PM_png.rf.41441eb32a11a4aa4fdbe12dfae48e5a.jpg,3,blue_finger,3,blue_finger,0.9515918,True,0.010922629,0.009290461,0.008060988,0.9515918,0.0077247852,0.012409286
C:\Users\venka\Documents\Project\data\processed\test\blue_finger\Screen-Shot-2021-11-22-at-8-15-51-PM_png.rf.1af0403480df0fefa1690f770c7c2a1b.jpg,3,blue_finger,3,blue_finger,0.9509403,True,0.009296296,0.009627757,0.008236753,0.9509403,0.0118740415,0.010024817
C:\Users\venka\Documents\Project\data\processed\test\blue_finger\Screen-Shot-2021-11-22-at-8-19-18-PM_png.rf.5b65c72771d63f6ed8e08fa9d3dfab09.jpg,3,blue_finger,3,blue_finger,0.9002758,True,0.012954696,0.020162731,0.0077851983,0.9002758,0.046836827,0.011984722
C:\Users\venka\Documents\Project\data\processed\test\blue_finger\Screen-Shot-2021-11-22-at-8-25-46-PM_png.rf.30ea5662db91ff960aec64c609a6a8d5.jpg,3,blue_finger,3,blue_finger,0.9177362,True,0.009529531,0.025191296,0.015968941,0.9177362,0.023142654,0.008431384
C:\Users\venka\Documents\Project\data\processed\test\blue_finger\Screen-Shot-2021-11-22-at-8-51-01-PM_png.rf.68d97cc811337faf3cbdbf2273a2b9ae.jpg,3,blue_finger,3,blue_finger,0.9633718,True,0.0039143143,0.01618168,0.005185384,0.9633718,0.0039941752,0.0073526115
C:\Users\venka\Documents\Project\data\processed\test\blue_finger\Screen-Shot-2021-11-22-at-8-56-36-PM_png.rf.26fb550fbb52755e0121d2582b8da075.jpg,3,blue_finger,3,blue_finger,0.96876425,True,0.0049109934,0.014023401,0.0042841,0.96876425,0.002607708,0.005409646
C:\Users\venka\Documents\Project\data\processed\test\blue_finger\Screen-Shot-2021-11-22-at-8-56-36-PM_png.rf.b95298004c99cf60a837116cc391655e.jpg,3,blue_finger,3,blue_finger,0.9542384,True,0.0066403104,0.012867969,0.007906864,0.9542384,0.009193114,0.009153318
C:\Users\venka\Documents\Project\data\processed\test\blue_finger\Screen-Shot-2021-11-22-at-9-05-44-PM_png.rf.e7dc8a7529828409c6abf084a909ab63.jpg,3,blue_finger,3,blue_finger,0.6570714,True,0.0042984257,0.024485176,0.030012328,0.6570714,0.15367998,0.13045268
C:\Users\venka\Documents\Project\data\processed\test\blue_finger\Screen-Shot-2021-11-22-at-9-06-56-PM_png.rf.36a82022f24ece9ea6ab485d77a6d183.jpg,3,blue_finger,3,blue_finger,0.96865183,True,0.00495057,0.007145613,0.0061211656,0.96865183,0.009087327,0.004043541
C:\Users\venka\Documents\Project\data\processed\test\blue_finger\Screen-Shot-2021-11-22-at-9-07-07-PM_png.rf.37aad7959a09fc9a3b3875b5a9e3c34c.jpg,3,blue_finger,3,blue_finger,0.94548416,True,0.005652747,0.023264054,0.007552895,0.94548416,0.001681142,0.016364926
C:\Users\venka\Documents\Project\data\processed\test\blue_finger\Screen-Shot-2021-11-22-at-9-07-19-PM_png.rf.36ffc481f0ba738038dcfe2741fe5940.jpg,3,blue_finger,3,blue_finger,0.9284098,True,0.010203201,0.018041048,0.014622319,0.9284098,0.016362559,0.012361019
C:\Users\venka\Documents\Project\data\processed\test\blue_finger\Screen-Shot-2021-11-22-at-9-08-36-PM_png.rf.a528a8c595c5b7986856d6129ea42d3c.jpg,3,blue_finger,3,blue_finger,0.9454725,True,0.0089499615,0.015668793,0.0070789647,0.9454725,0.014033533,0.008796331
C:\Users\venka\Documents\Project\data\processed\test\blue_finger\Screen-Shot-2021-11-22-at-9-14-59-PM_png.rf.76f068f0b26fc6f70a15f257a9ac93fd.jpg,3,blue_finger,3,blue_finger,0.8952775,True,0.011976031,0.02481446,0.011139125,0.8952775,0.031097226,0.025695669
C:\Users\venka\Documents\Project\data\processed\test\blue_finger\Screen-Shot-2021-11-22-at-9-14-59-PM_png.rf.9754845a46f8dd808a596d4a33772990.jpg,3,blue_finger,3,blue_finger,0.9643075,True,0.0049108365,0.013615809,0.004679875,0.9643075,0.0036882365,0.008797791
C:\Users\venka\Documents\Project\data\processed\test\blue_finger\Screen-Shot-2021-11-22-at-9-15-03-PM_png.rf.0ca2b665877c5ea8efe18dd32b984fb0.jpg,3,blue_finger,3,blue_finger,0.8924797,True,0.009849753,0.064371,0.011238991,0.8924797,0.006479128,0.015581444
C:\Users\venka\Documents\Project\data\processed\test\blue_finger\Screen-Shot-2021-11-22-at-9-21-08-PM_png.rf.7629e9308b9daf87d7f382aed6484ffc.jpg,3,blue_finger,3,blue_finger,0.95650584,True,0.0066042943,0.012989561,0.008727617,0.95650584,0.007708459,0.007464219
C:\Users\venka\Documents\Project\data\processed\test\blue_finger\Screen-Shot-2021-11-22-at-9-21-16-PM_png.rf.3d91d82844db3c62c756fcf83380dc86.jpg,3,blue_finger,3,blue_finger,0.9460534,True,0.008050299,0.015637608,0.0081103835,0.9460534,0.010666798,0.011481511
C:\Users\venka\Documents\Project\data\processed\test\blue_finger\Screen-Shot-2021-11-22-at-9-21-29-PM_png.rf.40e53d088645919548dd48db035fbe43.jpg,3,blue_finger,3,blue_finger,0.9397804,True,0.009320793,0.009954152,0.012291883,0.9397804,0.021738455,0.0069143134
C:\Users\venka\Documents\Project\data\processed\test\blue_finger\Screen-Shot-2021-11-22-at-9-22-07-PM_png.rf.4d30071c130d972080b3785c7c01561e.jpg,3,blue_finger,3,blue_finger,0.798426,True,0.04895652,0.01932912,0.01577329,0.798426,0.016501714,0.10101341
C:\Users\venka\Documents\Project\data\processed\test\blue_finger\Screen-Shot-2021-11-22-at-9-22-07-PM_png.rf.a1d378a55d47c364fc0a76bb561ec87c.jpg,3,blue_finger,3,blue_finger,0.7822128,True,0.02486493,0.014192513,0.026929136,0.7822128,0.011464962,0.14033563
C:\Users\venka\Documents\Project\data\processed\test\blue_finger\Screen-Shot-2021-11-22-at-9-46-05-PM_png.rf.13a0a4edd6a71541b44ff9c5c285767d.jpg,3,blue_finger,3,blue_finger,0.9641493,True,0.004677022,0.007313302,0.010513533,0.9641493,0.008716417,0.004630488
C:\Users\venka\Documents\Project\data\processed\test\blue_finger\Screen-Shot-2021-11-22-at-9-46-24-PM_png.rf.f1a68de9eacbc4cd145b70e320ef0cc3.jpg,3,blue_finger,3,blue_finger,0.954742,True,0.0077626673,0.016492797,0.0077863336,0.954742,0.0060518733,0.007164274
C:\Users\venka\Documents\Project\data\processed\test\blue_finger\Screen-Shot-2021-11-22-at-9-47-35-PM_png.rf.505a66d48d60cb030e85e72d119e7f37.jpg,3,blue_finger,3,blue_finger,0.9623111,True,0.0043548257,0.013413002,0.0070730774,0.9623111,0.006038954,0.006809112
C:\Users\venka\Documents\Project\data\processed\test\blue_finger\Screen-Shot-2021-11-22-at-9-47-46-PM_png.rf.5767f23837819a3424406e0bcaca9c1e.jpg,3,blue_finger,3,blue_finger,0.96949613,True,0.005657583,0.008461915,0.007901805,0.96949613,0.002726566,0.005755935
C:\Users\venka\Documents\Project\data\processed\test\blue_finger\Screen-Shot-2021-11-22-at-9-48-08-PM_png.rf.b8d10c7bcecb25a76368119160145050.jpg,3,blue_finger,3,blue_finger,0.90115225,True,0.0134998,0.032731805,0.019801833,0.90115225,0.023860583,0.0089538265
C:\Users\venka\Documents\Project\data\processed\test\blue_finger\Screen-Shot-2021-11-22-at-9-48-12-PM_png.rf.053a264251be1a0ec09ec9bfc2afbe6f.jpg,3,blue_finger,3,blue_finger,0.9294362,True,0.009700462,0.019924881,0.011931551,0.9294362,0.0105553605,0.018451555
C:\Users\venka\Documents\Project\data\processed\test\blue_finger\Screen-Shot-2021-11-22-at-9-52-22-PM_png.rf.b23cbd970380f38ba9248ff79feefbf7.jpg,3,blue_finger,3,blue_finger,0.9479105,True,0.0076644085,0.011610155,0.010545877,0.9479105,0.006837561,0.01543149
C:\Users\venka\Documents\Project\data\processed\test\blue_finger\Screen-Shot-2021-11-22-at-9-52-28-PM_png.rf.5fbfb09ce288bf9a626d87bc6a112df1.jpg,3,blue_finger,3,blue_finger,0.9554167,True,0.004110203,0.018205417,0.009790423,0.9554167,0.0038760689,0.00860121
C:\Users\venka\Documents\Project\data\processed\test\clubbing\Screen-Shot-2021-10-26-at-10-55-01-AM_png.rf.5f2e03aeb43211ebbb6a444ba152cba9.jpg,4,clubbing,4,clubbing,0.8944685,True,0.036138278,0.027934551,0.009384181,0.016837204,0.8944685,0.015237259
C:\Users\venka\Documents\Project\data\processed\test\clubbing\Screen-Shot-2021-10-26-at-10-55-32-AM_png.rf.0840a231643150725432dabc8d30e8cc.jpg,4,clubbing,0,Acral_Lentiginous_Melanoma,0.70174974,False,0.70174974,0.017346714,0.019110346,0.004275864,0.23846568,0.019051634
C:\Users\venka\Documents\Project\data\processed\test\clubbing\Screen-Shot-2021-10-26-at-10-56-07-AM_png.rf.ae07df95a8e9c42a2252e03674b66586.jpg,4,clubbing,4,clubbing,0.91275346,True,0.028372135,0.022500474,0.012551701,0.012493083,0.91275346,0.011329146
C:\Users\venka\Documents\Project\data\processed\test\clubbing\Screen-Shot-2021-10-26-at-10-56-32-AM_png.rf.c4cac3f6cf2d3548b6ef8ca807e46b24.jpg,4,clubbing,4,clubbing,0.90706414,True,0.017092977,0.035969034,0.010381125,0.020754604,0.90706414,0.008738132
C:\Users\venka\Documents\Project\data\processed\test\clubbing\Screen-Shot-2021-10-26-at-10-59-07-AM_png.rf.823070e42ed6f44abff710ccc1b081c6.jpg,4,clubbing,2,Onychogryphosis,0.6589684,False,0.027515523,0.06225958,0.6589684,0.011370766,0.21162115,0.02826465
C:\Users\venka\Documents\Project\data\processed\test\clubbing\Screen-Shot-2021-10-26-at-11-06-37-AM_png.rf.848db8082735038b6d175424e105ecd1.jpg,4,clubbing,4,clubbing,0.8978398,True,0.018789886,0.031818744,0.01314743,0.026131893,0.8978398,0.012272168
C:\Users\venka\Documents\Project\data\processed\test\clubbing\Screen-Shot-2021-10-26-at-11-11-50-AM_png.rf.b2d73c991f1ccea144f06be455b8a88e.jpg,4,clubbing,4,clubbing,0.9019745,True,0.019044623,0.03182729,0.020038888,0.010783562,0.9019745,0.01633116
C:\Users\venka\Documents\Project\data\processed\test\clubbing\Screen-Shot-2021-10-26-at-12-09-28-PM_png.rf.1b2bfb63b6e848f2cb0257c23a2a356b.jpg,4,clubbing,4,clubbing,0.888657,True,0.020721506,0.027147237,0.034787912,0.013882724,0.888657,0.0148036
C:\Users\venka\Documents\Project\data\processed\test\clubbing\Screen-Shot-2021-10-26-at-12-10-09-PM_png.rf.f4c82e47c0a61911dfac76d4ea33990f.jpg,4,clubbing,4,clubbing,0.9442495,True,0.003422948,0.019345734,0.007498298,0.01874864,0.9442495,0.006734861
C:\Users\venka\Documents\Project\data\processed\test\clubbing\Screen-Shot-2021-10-26-at-12-10-57-PM_png.rf.0873270d15ef63fa42d0840d1b0e585f.jpg,4,clubbing,3,blue_finger,0.52436864,False,0.0013995083,0.014027939,0.061259903,0.52436864,0.37953126,0.019412775
C:\Users\venka\Documents\Project\data\processed\test\clubbing\Screen-Shot-2021-10-26-at-12-11-28-PM_png.rf.15b3ed6c2c4a71a625e70dca3640efa7.jpg,4,clubbing,4,clubbing,0.94029504,True,0.016502863,0.0136142215,0.0070195454,0.011302667,0.94029504,0.011265664
C:\Users\venka\Documents\Project\data\processed\test\clubbing\Screen-Shot-2021-10-26-at-12-15-17-PM_png.rf.ffbfed825ee6e11a40fc20fc3de957b3.jpg,4,clubbing,4,clubbing,0.92231876,True,0.008978293,0.028509852,0.006396329,0.027472457,0.92231876,0.0063243783
C:\Users\venka\Documents\Project\data\processed\test\clubbing\Screen-Shot-2021-10-26-at-12-17-59-PM_png.rf.8950a258a5ec8868257ad1be50b04757.jpg,4,clubbing,4,clubbing,0.92940986,True,0.011418764,0.019823834,0.010367323,0.014954601,0.92940986,0.014025529
C:\Users\venka\Documents\Project\data\processed\test\clubbing\Screen-Shot-2021-10-26-at-12-18-05-PM_png.rf.c44192826aa24181590b3dc3ee04f513.jpg,4,clubbing,4,clubbing,0.90078753,True,0.01430608,0.023207355,0.017085003,0.030302871,0.90078753,0.014311121
C:\Users\venka\Documents\Project\data\processed\test\clubbing\Screen-Shot-2021-10-26-at-12-18-14-PM_png.rf.a1c111dcf95d2ace421b0247b930ee4d.jpg,4,clubbing,4,clubbing,0.9168115,True,0.011070718,0.019365089,0.016417919,0.016433293,0.9168115,0.019901516
C:\Users\venka\Documents\Project\data\processed\test\clubbing\Screen-Shot-2021-10-26-at-12-18-14-PM_png.rf.aaecc0ac15292ccbd8fb3c73e10f73cc.jpg,4,clubbing,4,clubbing,0.85582674,True,0.019407164,0.02606445,0.01541602,0.05510641,0.85582674,0.028179301
C:\Users\venka\Documents\Project\data\processed\test\clubbing\Screen-Shot-2021-10-26-at-12-19-42-PM_png.rf.a207d95975adf673c2ed337972c0e473.jpg,4,clubbing,4,clubbing,0.7149702,True,0.029574186,0.030335523,0.011519046,0.17196259,0.7149702,0.041638467
C:\Users\venka\Documents\Project\data\processed\test\clubbing\Screen-Shot-2021-10-26-at-12-20-45-PM_png.rf.825c42cb87cfc4149f8544f071197394.jpg,4,clubbing,4,clubbing,0.93694067,True,0.0065630507,0.014746811,0.019024633,0.012294758,0.93694067,0.010430094
C:\Users\venka\Documents\Project\data\processed\test\clubbing\Screen-Shot-2021-11-22-at-10-03-16-AM_png.rf.64f08adc096c4e23701c831236c16823.jpg,4,clubbing,4,clubbing,0.91862,True,0.011199105,0.015669744,0.0069279796,0.031749237,0.91862,0.015833898
C:\Users\venka\Documents\Project\data\processed\test\clubbing\Screen-Shot-2021-11-22-at-10-03-41-AM_png.rf.906702d00e7575645cf16fb52d1f5e66.jpg,4,clubbing,4,clubbing,0.9392929,True,0.011250396,0.011286778,0.010872529,0.012949558,0.9392929,0.014347845
C:\Users\venka\Documents\Project\data\processed\test\clubbing\Screen-Shot-2021-11-22-at-10-04-13-AM_png.rf.3562a50510bd354ef11b00e371311238.jpg,4,clubbing,4,clubbing,0.94849646,True,0.023957258,0.009189032,0.005374528,0.005292188,0.94849646,0.007690537
C:\Users\venka\Documents\Project\data\processed\test\clubbing\Screen-Shot-2021-11-22-at-10-06-39-AM_png.rf.58ef1df86a89e82334ee24c5665b4aae.jpg,4,clubbing,4,clubbing,0.91394144,True,0.033173993,0.01873929,0.007993037,0.014758125,0.91394144,0.011394107
C:\Users\venka\Documents\Project\data\processed\test\clubbing\Screen-Shot-2021-11-22-at-10-07-11-AM_png.rf.4e2bbc8165ef7bac6abab2c215915d9a.jpg,4,clubbing,4,clubbing,0.93790495,True,0.008658697,0.014551582,0.013501464,0.014180897,0.93790495,0.011202409
C:\Users\venka\Documents\Project\data\processed\test\clubbing\Screen-Shot-2021-11-22-at-10-07-55-AM_png.rf.88f7d63e8831b420c94925e9f9b1ec9b.jpg,4,clubbing,4,clubbing,0.8860413,True,0.028288756,0.03710342,0.019771263,0.012932707,0.8860413,0.015862545
C:\Users\venka\Documents\Project\data\processed\test\clubbing\Screen-Shot-2021-11-22-at-10-07-58-AM_png.rf.0d670f2167ff3db0d399cf00489fa9fa.jpg,4,clubbing,4,clubbing,0.90350807,True,0.02651017,0.021818478,0.02251896,0.009900408,0.90350807,0.01574397
C:\Users\venka\Documents\Project\data\processed\test\clubbing\Screen-Shot-2021-11-22-at-10-08-21-AM_png.rf.1ec690cd167e11390f43845b7f85ccab.jpg,4,clubbing,4,clubbing,0.9298347,True,0.010120749,0.022583771,0.012347971,0.017056236,0.9298347,0.008056551
C:\Users\venka\Documents\Project\data\processed\test\clubbing\Screen-Shot-2021-11-22-at-10-08-26-AM_png.rf.992852a9de4863cbb6c6bb2fc8ef7925.jpg,4,clubbing,4,clubbing,0.9142288,True,0.015119204,0.017638033,0.023406152,0.021072118,0.9142288,0.008535685
C:\Users\venka\Documents\Project\data\processed\test\clubbing\Screen-Shot-2021-11-22-at-10-08-26-AM_png.rf.e3f3a71763229d71ad20488913be885b.jpg,4,clubbing,4,clubbing,0.9218249,True,0.009627425,0.028895369,0.010251298,0.017857967,0.9218249,0.011543081
C:\Users\venka\Documents\Project\data\processed\test\clubbing\Screen-Shot-2021-11-22-at-10-08-34-AM_png.rf.a12c3f2112961f9dce6ef7a8b7bc37c6.jpg,4,clubbing,4,clubbing,0.92572135,True,0.013295878,0.02320987,0.014415247,0.0129089095,0.92572135,0.010448706
C:\Users\venka\Documents\Project\data\processed\test\clubbing\Screen-Shot-2021-11-22-at-10-08-48-AM_png.rf.1f67f0f26661405d908c290b74fbab6d.jpg,4,clubbing,4,clubbing,0.903977,True,0.016084922,0.028159717,0.016007435,0.02226952,0.903977,0.01350142
C:\Users\venka\Documents\Project\data\processed\test\clubbing\Screen-Shot-2021-11-22-at-10-08-48-AM_png.rf.a35cb96c1b4932b38675baa4da6442c8.jpg,4,clubbing,4,clubbing,0.9461961,True,0.0046568005,0.023442445,0.008366211,0.009777409,0.9461961,0.007561051
C:\Users\venka\Documents\Project\data\processed\test\clubbing\Screen-Shot-2021-11-22-at-10-08-54-AM_png.rf.58db074772c1c19fe21ba955fca0c1fa.jpg,4,clubbing,4,clubbing,0.9290149,True,0.016716903,0.016490858,0.012836909,0.015590414,0.9290149,0.00935002
C:\Users\venka\Documents\Project\data\processed\test\clubbing\Screen-Shot-2021-11-22-at-10-08-58-AM_png.rf.891a59a684e4aa130584feb57c36844f.jpg,4,clubbing,4,clubbing,0.9087582,True,0.008670315,0.027521165,0.028656773,0.015599498,0.9087582,0.01079406
C:\Users\venka\Documents\Project\data\processed\test\clubbing\Screen-Shot-2021-11-22-at-10-09-14-AM_png.rf.b34027fd03440771ddfa1bb721b55345.jpg,4,clubbing,4,clubbing,0.94689447,True,0.005164669,0.016400054,0.00806278,0.008221075,0.94689447,0.0152569525
C:\Users\venka\Documents\Project\data\processed\test\clubbing\Screen-Shot-2021-11-22-at-10-09-18-AM_png.rf.f026b272b907c1bd3c1cae540e63cf77.jpg,4,clubbing,4,clubbing,0.9220512,True,0.029907603,0.018792065,0.011802845,0.0077271005,0.9220512,0.0097191315
C:\Users\venka\Documents\Project\data\processed\test\clubbing\Screen-Shot-2021-11-22-at-10-14-30-PM_png.rf.6264f590e12ffb013d85062089029f3d.jpg,4,clubbing,4,clubbing,0.9249305,True,0.0077251135,0.020624166,0.010939971,0.02889822,0.9249305,0.006882033
C:\Users\venka\Documents\Project\data\processed\test\clubbing\Screen-Shot-2021-11-22-at-10-15-44-PM_png.rf.59970395942ab249a252978800d02709.jpg,4,clubbing,4,clubbing,0.85854906,True,0.024285985,0.039892897,0.017940013,0.028258244,0.85854906,0.031073807
C:\Users\venka\Documents\Project\data\processed\test\clubbing\Screen-Shot-2021-11-22-at-4-55-22-PM_png.rf.c32c1d79a3ca22a518b487956deb4a70.jpg,4,clubbing,4,clubbing,0.9075706,True,0.014795237,0.02734808,0.0169677,0.017138291,0.9075706,0.016180081
C:\Users\venka\Documents\Project\data\processed\test\clubbing\Screen-Shot-2021-11-22-at-4-55-25-PM_png.rf.c60c3ccf8f66f9161f6360b0b75bff71.jpg,4,clubbing,4,clubbing,0.9111113,True,0.012611049,0.016890043,0.011020826,0.03631005,0.9111113,0.012056688
C:\Users\venka\Documents\Project\data\processed\test\clubbing\Screen-Shot-2021-11-22-at-5-01-12-PM_png.rf.f3dd030bb4700f6fc1d50126ef72d710.jpg,4,clubbing,4,clubbing,0.91562676,True,0.012299702,0.025314733,0.010319498,0.023760447,0.91562676,0.012678826
C:\Users\venka\Documents\Project\data\processed\test\clubbing\Screen-Shot-2021-11-22-at-8-05-33-AM_png.rf.d9d0293f6039183897c66c2c1bd13d58.jpg,4,clubbing,4,clubbing,0.7491377,True,0.026889918,0.046273857,0.009864571,0.13264257,0.7491377,0.035191413
C:\Users\venka\Documents\Project\data\processed\test\clubbing\Screen-Shot-2021-11-22-at-8-07-54-AM_png.rf.e96b06941e97472672758cd4c6805ea5.jpg,4,clubbing,4,clubbing,0.9370766,True,0.01203493,0.018136378,0.008078197,0.016952472,0.9370766,0.0077214804
C:\Users\venka\Documents\Project\data\processed\test\clubbing\Screen-Shot-2021-11-22-at-8-13-50-AM_png.rf.bc822cb53b1ef5353230a7d662c58461.jpg,4,clubbing,4,clubbing,0.89980584,True,0.015682133,0.02476664,0.019151423,0.01273463,0.89980584,0.027859282
C:\Users\venka\Documents\Project\data\processed\test\clubbing\Screen-Shot-2021-11-22-at-8-13-50-AM_png.rf.f0a8f1e1c14da7c8d26cbd4bbaa5d06f.jpg,4,clubbing,4,clubbing,0.9213314,True,0.01407403,0.019513497,0.014419778,0.018095935,0.9213314,0.012565389
C:\Users\venka\Documents\Project\data\processed\test\clubbing\Screen-Shot-2021-11-22-at-8-17-06-AM_png.rf.43dd941178ffd7250648e78678a01c97.jpg,4,clubbing,4,clubbing,0.9505619,True,0.0053370097,0.014671082,0.008299479,0.00512865,0.9505619,0.016001815
C:\Users\venka\Documents\Project\data\processed\test\clubbing\Screen-Shot-2021-11-22-at-8-17-11-AM_png.rf.ba1dfc85d4eba51c26ea6a0391e8a164.jpg,4,clubbing,4,clubbing,0.9626231,True,0.0031222573,0.011565769,0.00604388,0.00422302,0.9626231,0.012422064
C:\Users\venka\Documents\Project\data\processed\test\clubbing\Screen-Shot-2021-11-22-at-8-17-57-AM_png.rf.9b4e7008be1b4109042bf228911dae0f.jpg,4,clubbing,4,clubbing,0.82600796,True,0.011469635,0.046137944,0.056917135,0.03755335,0.82600796,0.02191401
C:\Users\venka\Documents\Project\data\processed\test\clubbing\Screen-Shot-2021-11-22-at-8-20-33-AM_png.rf.9db53c5bca070888b82ee3ce77d36402.jpg,4,clubbing,4,clubbing,0.79054147,True,0.005773775,0.024514169,0.013078743,0.0056975596,0.79054147,0.16039434
C:\Users\venka\Documents\Project\data\processed\test\clubbing\Screen-Shot-2021-11-22-at-8-20-33-AM_png.rf.b7160c4cb2cbf61432d59885aa2ef685.jpg,4,clubbing,4,clubbing,0.6598049,True,0.024867551,0.022149025,0.040562324,0.0056438386,0.6598049,0.24697244
C:\Users\venka\Documents\Project\data\processed\test\clubbing\Screen-Shot-2021-11-22-at-8-22-42-AM_png.rf.e80ff2bfd285183499834eb56c2bb7aa.jpg,4,clubbing,4,clubbing,0.96087986,True,0.0067958473,0.010859578,0.0074061328,0.0063249306,0.96087986,0.0077335387
C:\Users\venka\Documents\Project\data\processed\test\clubbing\Screen-Shot-2021-11-22-at-8-23-26-AM_png.rf.05e4a199e9fb81db9530318ae77ede87.jpg,4,clubbing,4,clubbing,0.93184876,True,0.009243911,0.026635785,0.008625148,0.015239063,0.93184876,0.008407199
C:\Users\venka\Documents\Project\data\processed\test\clubbing\Screen-Shot-2021-11-22-at-8-24-20-AM_png.rf.6244638f2ee4017f89bd4af7761fc93b.jpg,4,clubbing,4,clubbing,0.9397882,True,0.008395086,0.019239653,0.012435302,0.010916825,0.9397882,0.009224886
C:\Users\venka\Documents\Project\data\processed\test\clubbing\Screen-Shot-2021-11-22-at-8-24-28-AM_png.rf.646ce5615bd3fa4ca32501f3459b98f4.jpg,4,clubbing,4,clubbing,0.92066514,True,0.010374194,0.02164579,0.024343174,0.009364593,0.92066514,0.01360717
C:\Users\venka\Documents\Project\data\processed\test\clubbing\Screen-Shot-2021-11-22-at-8-26-00-AM_png.rf.4267e7cc1df3c74e5a03e3f94363f120.jpg,4,clubbing,4,clubbing,0.9291256,True,0.016471531,0.01755963,0.020263026,0.005932735,0.9291256,0.010647379
C:\Users\venka\Documents\Project\data\processed\test\clubbing\Screen-Shot-2021-11-22-at-8-28-12-AM_png.rf.4abdff903c407e7b25027fb3c800c0ef.jpg,4,clubbing,5,pitting,0.5841552,False,0.106431924,0.012254832,0.02318426,0.01935438,0.25461933,0.5841552
C:\Users\venka\Documents\Project\data\processed\test\clubbing\Screen-Shot-2021-11-22-at-8-28-22-AM_png.rf.71818e1225bab4d82ebb3c2fffde4bd4.jpg,4,clubbing,4,clubbing,0.9228799,True,0.011047063,0.02616558,0.00753224,0.011036091,0.9228799,0.02133922
C:\Users\venka\Documents\Project\data\processed\test\clubbing\Screen-Shot-2021-11-22-at-8-28-22-AM_png.rf.ef9bef5c9f26b0daac69bbf74ea5fcb2.jpg,4,clubbing,4,clubbing,0.9126371,True,0.0203647,0.022614177,0.010766217,0.010764616,0.9126371,0.022853259
C:\Users\venka\Documents\Project\data\processed\test\clubbing\Screen-Shot-2021-11-22-at-8-30-42-AM_png.rf.b7a30351aa88c649ee5d3bc45091151b.jpg,4,clubbing,4,clubbing,0.908862,True,0.015990747,0.022880776,0.008527104,0.01972542,0.908862,0.024014067
C:\Users\venka\Documents\Project\data\processed\test\clubbing\Screen-Shot-2021-11-22-at-8-30-46-AM_png.rf.cab2f9119a8d7ba60ab7aa77b752cd52.jpg,4,clubbing,4,clubbing,0.93183357,True,0.0072804773,0.021020997,0.010802873,0.017102897,0.93183357,0.011959253
C:\Users\venka\Documents\Project\data\processed\test\clubbing\Screen-Shot-2021-11-22-at-8-35-57-AM_png.rf.01ad598806819c2301ec5e6ab4eb41e3.jpg,4,clubbing,4,clubbing,0.93157464,True,0.013581549,0.019344633,0.0092432415,0.015466879,0.93157464,0.010789047
C:\Users\venka\Documents\Project\data\processed\test\clubbing\Screen-Shot-2021-11-22-at-8-35-57-AM_png.rf.351680c7a59b4ac1813c3745d5e4f262.jpg,4,clubbing,4,clubbing,0.97048676,True,0.0046970863,0.008268066,0.0038360544,0.0026091938,0.97048676,0.010102833
C:\Users\venka\Documents\Project\data\processed\test\clubbing\Screen-Shot-2021-11-22-at-8-36-52-AM_png.rf.3be64201c01c27b2b3a9edcbea8b209e.jpg,4,clubbing,4,clubbing,0.918577,True,0.015256092,0.016637698,0.012513692,0.011895073,0.918577,0.025120499
C:\Users\venka\Documents\Project\data\processed\test\clubbing\Screen-Shot-2021-11-22-at-8-36-52-AM_png.rf.f86f0b2533b3d4166fa3acc0fefb05bc.jpg,4,clubbing,4,clubbing,0.8688072,True,0.012598062,0.030499687,0.011965253,0.0073595047,0.8688072,0.068770394
C:\Users\venka\Documents\Project\data\processed\test\clubbing\Screen-Shot-2021-11-22-at-8-40-06-AM_png.rf.d95ab12cabe0c32e56cf72b9cd9fe779.jpg,4,clubbing,4,clubbing,0.88435096,True,0.022266973,0.029882401,0.023447521,0.017580986,0.88435096,0.022471182
C:\Users\venka\Documents\Project\data\processed\test\clubbing\Screen-Shot-2021-11-22-at-8-44-44-AM_png.rf.f111cda1cf4b4f51d5edae527d5b45b8.jpg,4,clubbing,4,clubbing,0.90107244,True,0.02021861,0.031666934,0.009010441,0.026719812,0.90107244,0.011311707
C:\Users\venka\Documents\Project\data\processed\test\clubbing\Screen-Shot-2021-11-22-at-8-44-48-AM_png.rf.4dd1941561265e606fde5de0776d637d.jpg,4,clubbing,4,clubbing,0.9397724,True,0.008513248,0.021635998,0.008714372,0.013196288,0.9397724,0.008167695
C:\Users\venka\Documents\Project\data\processed\test\clubbing\Screen-Shot-2021-11-22-at-8-44-54-AM_png.rf.1958a178c3e962063d9721f589e78484.jpg,4,clubbing,4,clubbing,0.9329202,True,0.007996994,0.024103114,0.011447674,0.014469938,0.9329202,0.009062062
C:\Users\venka\Documents\Project\data\processed\test\clubbing\Screen-Shot-2021-11-22-at-8-45-05-AM_png.rf.46b44e46fb9edc4f9c966c107c72045d.jpg,4,clubbing,4,clubbing,0.85865724,True,0.030979304,0.049397513,0.021217464,0.022425922,0.85865724,0.01732251
C:\Users\venka\Documents\Project\data\processed\test\clubbing\Screen-Shot-2021-11-22-at-8-45-38-AM_png.rf.d6e8d529d948d5c45e1c4b2b540d1628.jpg,4,clubbing,4,clubbing,0.94811416,True,0.0075007,0.023352545,0.006342169,0.005193003,0.94811416,0.009497394
C:\Users\venka\Documents\Project\data\processed\test\clubbing\Screen-Shot-2021-11-22-at-8-46-56-AM_png.rf.6b360725b3b913902827498fa401433e.jpg,4,clubbing,4,clubbing,0.9162563,True,0.007896401,0.023243213,0.013845062,0.009894591,0.9162563,0.028864345
C:\Users\venka\Documents\Project\data\processed\test\clubbing\Screen-Shot-2021-11-22-at-8-59-55-AM_png.rf.b6dfb68ee47bf0f2b704662d42520539.jpg,4,clubbing,4,clubbing,0.9363244,True,0.009840353,0.016731894,0.010534916,0.013874886,0.9363244,0.012693563
C:\Users\venka\Documents\Project\data\processed\test\clubbing\Screen-Shot-2021-11-22-at-9-00-08-AM_png.rf.4b9a26de9e1704a230905ec0e1db3a91.jpg,4,clubbing,4,clubbing,0.9239743,True,0.013243052,0.02198794,0.011164549,0.015545259,0.9239743,0.014084995
C:\Users\venka\Documents\Project\data\processed\test\clubbing\Screen-Shot-2021-11-22-at-9-00-17-AM_png.rf.ecc8dc4624dfa721a8e63b13f0b56adb.jpg,4,clubbing,4,clubbing,0.9507221,True,0.010324887,0.013273903,0.004846491,0.009845553,0.9507221,0.010987023
C:\Users\venka\Documents\Project\data\processed\test\clubbing\Screen-Shot-2021-11-22-at-9-02-53-AM_png.rf.df8b88d5cdf9f8ee491d57490a1b97fc.jpg,4,clubbing,5,pitting,0.45714855,False,0.022329394,0.008968862,0.00514132,0.070251554,0.43616042,0.45714855
C:\Users\venka\Documents\Project\data\processed\test\clubbing\Screen-Shot-2021-11-22-at-9-03-22-AM_png.rf.2fd6ae5ef8d0f22b5bdea06fdb6aa329.jpg,4,clubbing,4,clubbing,0.91097295,True,0.011584985,0.023082457,0.017024346,0.023455726,0.91097295,0.013879536
C:\Users\venka\Documents\Project\data\processed\test\clubbing\Screen-Shot-2021-11-22-at-9-07-23-AM_png.rf.aa52a8f565a0ec4fa48ba004d7094298.jpg,4,clubbing,4,clubbing,0.96269625,True,0.004944852,0.008747556,0.006359521,0.012114728,0.96269625,0.005137005
C:\Users\venka\Documents\Project\data\processed\test\clubbing\Screen-Shot-2021-11-22-at-9-07-23-AM_png.rf.db6bca37bd7bfda7b5d6da71d40ed410.jpg,4,clubbing,4,clubbing,0.94273716,True,0.00524308,0.015330119,0.007867583,0.013818263,0.94273716,0.0150037585
C:\Users\venka\Documents\Project\data\processed\test\clubbing\Screen-Shot-2021-11-22-at-9-09-23-AM_png.rf.678a6ceb45cc8a27d6eb1a0ae004e656.jpg,4,clubbing,4,clubbing,0.9071881,True,0.013729782,0.030667337,0.014926159,0.019867897,0.9071881,0.013620597
C:\Users\venka\Documents\Project\data\processed\test\clubbing\Screen-Shot-2021-11-22-at-9-09-32-AM_png.rf.0df87e571cc956b4b9da457ff332ee0e.jpg,4,clubbing,4,clubbing,0.9409764,True,0.0059413738,0.01082192,0.0128271645,0.017825533,0.9409764,0.011607662
C:\Users\venka\Documents\Project\data\processed\test\clubbing\Screen-Shot-2021-11-22-at-9-10-55-AM_png.rf.f8dd88bda4d055bdaf662c677c46a48b.jpg,4,clubbing,4,clubbing,0.90999717,True,0.007916604,0.020091748,0.027448373,0.011716771,0.90999717,0.02282934
C:\Users\venka\Documents\Project\data\processed\test\clubbing\Screen-Shot-2021-11-22-at-9-12-35-AM_png.rf.48e25c6114eea35771442885c3a4740f.jpg,4,clubbing,4,clubbing,0.91610384,True,0.010650304,0.029235354,0.01502349,0.01766732,0.91610384,0.0113196345
C:\Users\venka\Documents\Project\data\processed\test\clubbing\Screen-Shot-2021-11-22-at-9-12-35-AM_png.rf.650fbda673c7c782077388543f291bed.jpg,4,clubbing,4,clubbing,0.9296542,True,0.008053308,0.023706788,0.017817674,0.010326264,0.9296542,0.010441837
C:\Users\venka\Documents\Project\data\processed\test\clubbing\Screen-Shot-2021-11-22-at-9-12-35-AM_png.rf.796c65436da4dbb24e906ce9c038e2c8.jpg,4,clubbing,4,clubbing,0.91767895,True,0.0078093726,0.026640585,0.016771065,0.013397009,0.91767895,0.017703077
C:\Users\venka\Documents\Project\data\processed\test\clubbing\Screen-Shot-2021-11-22-at-9-12-51-AM_png.rf.0a54eac2bc2ca91fd855075b1596320b.jpg,4,clubbing,4,clubbing,0.9409971,True,0.006829316,0.016394526,0.009820598,0.014994701,0.9409971,0.010963727
C:\Users\venka\Documents\Project\data\processed\test\clubbing\Screen-Shot-2021-11-22-at-9-12-51-AM_png.rf.49f7c3abaceded834ab9337a3a63edc0.jpg,4,clubbing,4,clubbing,0.9358751,True,0.009594302,0.015068657,0.013752007,0.014042673,0.9358751,0.011667231
C:\Users\venka\Documents\Project\data\processed\test\clubbing\Screen-Shot-2021-11-22-at-9-13-27-AM_png.rf.d3e03b8c8717e761575477810bfe73f6.jpg,4,clubbing,4,clubbing,0.90398544,True,0.014491697,0.015902573,0.016839031,0.02577412,0.90398544,0.023007097
C:\Users\venka\Documents\Project\data\processed\test\clubbing\Screen-Shot-2021-11-22-at-9-15-35-AM_png.rf.a97de4275841aadcb7fa2c7838b4db1b.jpg,4,clubbing,4,clubbing,0.9278319,True,0.018834932,0.024575222,0.008015813,0.008468719,0.9278319,0.012273437
C:\Users\venka\Documents\Project\data\processed\test\clubbing\Screen-Shot-2021-11-22-at-9-23-26-AM_png.rf.9994386352d8c8eeff37bce1fb901387.jpg,4,clubbing,4,clubbing,0.94654495,True,0.006205267,0.015481836,0.014392263,0.010831729,0.94654495,0.006543953
C:\Users\venka\Documents\Project\data\processed\test\clubbing\Screen-Shot-2021-11-22-at-9-23-46-AM_png.rf.db710c6fd04556ba4801ad5a1eaab126.jpg,4,clubbing,4,clubbing,0.91614044,True,0.015372446,0.0308259,0.0118885385,0.014107719,0.91614044,0.011664982
C:\Users\venka\Documents\Project\data\processed\test\clubbing\Screen-Shot-2021-11-22-at-9-23-46-AM_png.rf.fec46fe89aeb12d01fc837392dd42933.jpg,4,clubbing,4,clubbing,0.8962553,True,0.017700851,0.034170125,0.021004902,0.014129486,0.8962553,0.01673935
C:\Users\venka\Documents\Project\data\processed\test\clubbing\Screen-Shot-2021-11-22-at-9-24-05-AM_png.rf.f2995c3f305ac8dd90a1248dbe331508.jpg,4,clubbing,4,clubbing,0.93834865,True,0.009587353,0.017932158,0.011451202,0.010905473,0.93834865,0.0117751425
C:\Users\venka\Documents\Project\data\processed\test\clubbing\Screen-Shot-2021-11-22-at-9-24-37-AM_png.rf.4d09dea1023fdc0d357582f4d4b785f3.jpg,4,clubbing,4,clubbing,0.95901006,True,0.0076256143,0.01049619,0.0062134103,0.010037804,0.95901006,0.0066169007
C:\Users\venka\Documents\Project\data\processed\test\clubbing\Screen-Shot-2021-11-22-at-9-24-45-AM_png.rf.0cf23ca344639d3e905649630b60fee6.jpg,4,clubbing,4,clubbing,0.9047727,True,0.021133857,0.023392217,0.007138969,0.032397028,0.9047727,0.011165266
C:\Users\venka\Documents\Project\data\processed\test\clubbing\Screen-Shot-2021-11-22-at-9-24-45-AM_png.rf.672d00f519f7e509a26493303645a3b4.jpg,4,clubbing,4,clubbing,0.8946376,True,0.01502689,0.038885303,0.014694823,0.022836145,0.8946376,0.013919263
C:\Users\venka\Documents\Project\data\processed\test\clubbing\Screen-Shot-2021-11-22-at-9-24-45-AM_png.rf.6cf4fc8c4311a3643dedf28f15453e70.jpg,4,clubbing,4,clubbing,0.8250532,True,0.0067049484,0.0663098,0.0108042555,0.07740353,0.8250532,0.0137242135
C:\Users\venka\Documents\Project\data\processed\test\clubbing\Screen-Shot-2021-11-22-at-9-27-45-AM_png.rf.5046c5a89ab861f4d84232b901ea8cd9.jpg,4,clubbing,4,clubbing,0.93006843,True,0.01189174,0.019096697,0.009490605,0.013317863,0.93006843,0.016134607
C:\Users\venka\Documents\Project\data\processed\test\clubbing\Screen-Shot-2021-11-22-at-9-27-51-AM_png.rf.8e6a92146227390b94e99e61bd10c86c.jpg,4,clubbing,4,clubbing,0.8712208,True,0.04895703,0.023894612,0.016275173,0.02053675,0.8712208,0.019115545
C:\Users\venka\Documents\Project\data\processed\test\clubbing\Screen-Shot-2021-11-22-at-9-31-39-AM_png.rf.555324671795713ce6d995bdeea74e73.jpg,4,clubbing,4,clubbing,0.9539657,True,0.004724711,0.0058230585,0.004731191,0.014691721,0.9539657,0.016063659
C:\Users\venka\Documents\Project\data\processed\test\clubbing\Screen-Shot-2021-11-22-at-9-32-29-AM_png.rf.765965c76a4b654e86b8a484d703fd25.jpg,4,clubbing,4,clubbing,0.95843154,True,0.0062921504,0.010510862,0.003791521,0.009713457,0.95843154,0.011260444
C:\Users\venka\Documents\Project\data\processed\test\clubbing\Screen-Shot-2021-11-22-at-9-32-29-AM_png.rf.cd375c15ccba6d1a6ff951941def24da.jpg,4,clubbing,4,clubbing,0.9323726,True,0.00901894,0.013095589,0.004494505,0.006578705,0.9323726,0.03443963
C:\Users\venka\Documents\Project\data\processed\test\clubbing\Screen-Shot-2021-11-22-at-9-34-36-AM_png.rf.45f9e092dc84cf51593207ab2e7c43ae.jpg,4,clubbing,4,clubbing,0.9451603,True,0.005199728,0.020052368,0.013171122,0.009242506,0.9451603,0.0071739852
C:\Users\venka\Documents\Project\data\processed\test\clubbing\Screen-Shot-2021-11-22-at-9-37-40-AM_png.rf.b684d83c144a38eb2c052ab08fe85089.jpg,4,clubbing,4,clubbing,0.910962,True,0.012311475,0.019758416,0.008384722,0.037396464,0.910962,0.0111869415
C:\Users\venka\Documents\Project\data\processed\test\clubbing\Screen-Shot-2021-11-22-at-9-37-40-AM_png.rf.ca50435bef56ddeb8e5bfe7266077ce9.jpg,4,clubbing,4,clubbing,0.908195,True,0.014974625,0.035530426,0.011171773,0.018830543,0.908195,0.011297637
C:\Users\venka\Documents\Project\data\processed\test\clubbing\Screen-Shot-2021-11-22-at-9-40-07-AM_png.rf.9dc1009f07d7125bb0806fe5f9ba47cc.jpg,4,clubbing,4,clubbing,0.9037058,True,0.016432462,0.024077576,0.01653151,0.017162124,0.9037058,0.0220905
C:\Users\venka\Documents\Project\data\processed\test\clubbing\Screen-Shot-2021-11-22-at-9-43-45-AM_png.rf.56fee80d27742f442483f6b027ee264e.jpg,4,clubbing,4,clubbing,0.92554593,True,0.0143925315,0.023484735,0.009032447,0.01647465,0.92554593,0.011069603
C:\Users\venka\Documents\Project\data\processed\test\clubbing\Screen-Shot-2021-11-22-at-9-44-03-AM_png.rf.9401cc63fb535352ac86210116e80ab8.jpg,4,clubbing,4,clubbing,0.9371969,True,0.006229422,0.017208952,0.0042935098,0.023193605,0.9371969,0.011877553
C:\Users\venka\Documents\Project\data\processed\test\clubbing\Screen-Shot-2021-11-22-at-9-44-21-AM_png.rf.50b585f50a7a4210279659b499d803d4.jpg,4,clubbing,4,clubbing,0.9304751,True,0.0075676343,0.010791867,0.017034795,0.007974525,0.9304751,0.02615602
C:\Users\venka\Documents\Project\data\processed\test\clubbing\Screen-Shot-2021-11-22-at-9-44-40-AM_png.rf.b86d00c09dce9b97af3940e831451e54.jpg,4,clubbing,4,clubbing,0.93201566,True,0.019133532,0.014212619,0.017051093,0.008772062,0.93201566,0.008815113
C:\Users\venka\Documents\Project\data\processed\test\clubbing\Screen-Shot-2021-11-22-at-9-46-12-AM_png.rf.46e1daca426e6e5f8f6c27e540bb28e1.jpg,4,clubbing,4,clubbing,0.9149137,True,0.009822225,0.033565685,0.016783522,0.013447918,0.9149137,0.011466935
C:\Users\venka\Documents\Project\data\processed\test\clubbing\Screen-Shot-2021-11-22-at-9-46-26-AM_png.rf.d3740348b45a14f9b95d15cb5e006885.jpg,4,clubbing,4,clubbing,0.934564,True,0.009312792,0.020124605,0.011401933,0.014293054,0.934564,0.010303646
C:\Users\venka\Documents\Project\data\processed\test\clubbing\Screen-Shot-2021-11-22-at-9-47-47-AM_png.rf.02c095bdea32f613b07cdb6a4b520e8f.jpg,4,clubbing,4,clubbing,0.8800028,True,0.01627164,0.030981457,0.012697225,0.045071438,0.8800028,0.014975498
C:\Users\venka\Documents\Project\data\processed\test\clubbing\Screen-Shot-2021-11-22-at-9-47-47-AM_png.rf.8fe4165935f688aa623924e02bc3e742.jpg,4,clubbing,4,clubbing,0.9073408,True,0.014153479,0.022356862,0.0074521983,0.035918422,0.9073408,0.012778184
C:\Users\venka\Documents\Project\data\processed\test\clubbing\Screen-Shot-2021-11-22-at-9-51-13-AM_png.rf.13f4b161a98ed0705b4e56c958779034.jpg,4,clubbing,4,clubbing,0.9307305,True,0.012507845,0.027317574,0.011276574,0.0060098497,0.9307305,0.0121576665
C:\Users\venka\Documents\Project\data\processed\test\clubbing\Screen-Shot-2021-11-22-at-9-51-13-AM_png.rf.807c98d7e07ed9d1a1d7b28df5ff54d7.jpg,4,clubbing,4,clubbing,0.93159306,True,0.016399939,0.013974648,0.013990058,0.015160914,0.93159306,0.008881248
C:\Users\venka\Documents\Project\data\processed\test\clubbing\Screen-Shot-2021-11-22-at-9-51-19-AM_png.rf.3582c1a69fb0c9d647ae4e0ae48801c7.jpg,4,clubbing,4,clubbing,0.92467487,True,0.005941914,0.023504876,0.018578816,0.016961657,0.92467487,0.010337855
C:\Users\venka\Documents\Project\data\processed\test\clubbing\Screen-Shot-2021-11-22-at-9-54-00-AM_png.rf.a1cb3285513e08923efd4ae8701c77ba.jpg,4,clubbing,4,clubbing,0.89193845,True,0.023160266,0.02688419,0.01576133,0.021595469,0.89193845,0.020660313
C:\Users\venka\Documents\Project\data\processed\test\clubbing\Screen-Shot-2021-11-22-at-9-54-05-AM_png.rf.042afb5867566686adb519a5eb0cc372.jpg,4,clubbing,3,blue_finger,0.8615379,False,0.008663156,0.020591533,0.0067108306,0.8615379,0.090576224,0.01192042
C:\Users\venka\Documents\Project\data\processed\test\clubbing\Screen-Shot-2021-11-22-at-9-56-30-AM_png.rf.10eeab93960298c89432e2b5f9c7706b.jpg,4,clubbing,4,clubbing,0.91169107,True,0.011876565,0.01968339,0.01598791,0.0134557625,0.91169107,0.027305344
C:\Users\venka\Documents\Project\data\processed\test\pitting\108_JPG.rf.40d1720769393f88f2f33a1551a3e2f1.jpg,5,pitting,5,pitting,0.8928862,True,0.0077173654,0.03776815,0.034179322,0.022954812,0.004494199,0.8928862
C:\Users\venka\Documents\Project\data\processed\test\pitting\108_JPG.rf.8dab79a581652b65c98389790e2f67e5.jpg,5,pitting,5,pitting,0.961229,True,0.0035873791,0.014030432,0.008910641,0.009601827,0.0026407214,0.961229
C:\Users\venka\Documents\Project\data\processed\test\pitting\116_JPG.rf.09b6228a6798c4faafb6a84c783ccfa9.jpg,5,pitting,5,pitting,0.9603227,True,0.004158152,0.011956492,0.011961271,0.008242512,0.0033588633,0.9603227
C:\Users\venka\Documents\Project\data\processed\test\pitting\119_jpg.rf.8b99f606c9d97456821251f39b0de1a6.jpg,5,pitting,5,pitting,0.95964533,True,0.007882332,0.012811112,0.008085132,0.0067469007,0.0048292116,0.95964533
C:\Users\venka\Documents\Project\data\processed\test\pitting\11_png.rf.3acafe927a60a1c1c05ac7b115c19b5b.jpg,5,pitting,5,pitting,0.94378877,True,0.0067484765,0.022441708,0.006911645,0.010744005,0.009365361,0.94378877
C:\Users\venka\Documents\Project\data\processed\test\pitting\124_JPG.rf.50d57fdbe05ba48917dd86dbd38e35e2.jpg,5,pitting,5,pitting,0.9259182,True,0.010301946,0.017615138,0.020318205,0.018705461,0.0071410206,0.9259182
C:\Users\venka\Documents\Project\data\processed\test\pitting\124_JPG.rf.9dfea669f5725b6bf16266aa68de98f0.jpg,5,pitting,5,pitting,0.92809397,True,0.010759729,0.023000624,0.017068904,0.012290359,0.008786334,0.92809397
C:\Users\venka\Documents\Project\data\processed\test\pitting\126_JPG.rf.8e3c38017672c29a316b3884721fa786.jpg,5,pitting,5,pitting,0.96095073,True,0.00788267,0.012325574,0.0070305923,0.00610744,0.005703003,0.96095073
C:\Users\venka\Documents\Project\data\processed\test\pitting\127_JPG.rf.8e4b2d61de934f2ca8bc127a5e889c93.jpg,5,pitting,5,pitting,0.93328786,True,0.0057000434,0.017602641,0.01875747,0.015905919,0.0087460615,0.93328786
C:\Users\venka\Documents\Project\data\processed\test\pitting\133_JPG.rf.926bfbd8694399db8bca576b390f7024.jpg,5,pitting,5,pitting,0.95678145,True,0.0067348573,0.010404772,0.008143588,0.008257392,0.009677943,0.95678145
C:\Users\venka\Documents\Project\data\processed\test\pitting\135_JPG.rf.9df3f55d65600846feee4b283eac6d5a.jpg,5,pitting,5,pitting,0.9509832,True,0.003520991,0.00868512,0.009749212,0.0084427865,0.018618673,0.9509832
C:\Users\venka\Documents\Project\data\processed\test\pitting\138_JPG.rf.343a765ce45a0f4c3cbb51d639cdaf96.jpg,5,pitting,5,pitting,0.9150145,True,0.0050342698,0.017661242,0.027108315,0.009203627,0.025978014,0.9150145
C:\Users\venka\Documents\Project\data\processed\test\pitting\139_jpg.rf.cfbb2c717214ef727d1e9df7e8d4f195.jpg,5,pitting,5,pitting,0.9608364,True,0.007813242,0.011101537,0.0065147216,0.005488905,0.008245215,0.9608364
C:\Users\venka\Documents\Project\data\processed\test\pitting\149_JPG.rf.6115fa9ab7322a035bda51469282c880.jpg,5,pitting,5,pitting,0.9468631,True,0.009243995,0.01666367,0.010069414,0.009166239,0.007993483,0.9468631
C:\Users\venka\Documents\Project\data\processed\test\pitting\151_JPG.rf.8ee44e6dc45b3f372ad4bddc343c8ce3.jpg,5,pitting,5,pitting,0.9476062,True,0.012219548,0.009171083,0.007612327,0.011726867,0.011664056,0.9476062
C:\Users\venka\Documents\Project\data\processed\test\pitting\159_JPG.rf.75e8e7071a4ef28cf220571b9574f13a.jpg,5,pitting,5,pitting,0.942291,True,0.008343937,0.01643329,0.0063715624,0.017888797,0.008671465,0.942291
C:\Users\venka\Documents\Project\data\processed\test\pitting\160_JPG.rf.5e215e7d14e1e139300f032cb107c6d6.jpg,5,pitting,5,pitting,0.9447498,True,0.009012547,0.007877083,0.019287916,0.010969966,0.0081027765,0.9447498
C:\Users\venka\Documents\Project\data\processed\test\pitting\164_JPG.rf.23a3a9830c0cd70cdf0d2dd57716bf17.jpg,5,pitting,5,pitting,0.9625678,True,0.008152365,0.0060976516,0.011127722,0.005956343,0.006098192,0.9625678
C:\Users\venka\Documents\Project\data\processed\test\pitting\166_jpg.rf.55c1aace0868bfab89bcd082d40663c0.jpg,5,pitting,5,pitting,0.9429204,True,0.012691908,0.015558846,0.013060575,0.0074151894,0.0083530545,0.9429204
C:\Users\venka\Documents\Project\data\processed\test\pitting\167_jpg.rf.b56f36ab013137008e4ac4215924918c.jpg,5,pitting,5,pitting,0.9422872,True,0.012281353,0.019196408,0.009118414,0.011082291,0.0060343565,0.9422872
C:\Users\venka\Documents\Project\data\processed\test\pitting\170_jpg.rf.787c50c3da5159db6f777eed1e32bc61.jpg,5,pitting,5,pitting,0.9507493,True,0.0060564666,0.013898545,0.009482528,0.007909876,0.011903393,0.9507493
C:\Users\venka\Documents\Project\data\processed\test\pitting\175_jpg.rf.7eabce046b102ba4fcbd9a9146e2dca0.jpg,5,pitting,5,pitting,0.9293204,True,0.007634418,0.030625554,0.014350161,0.010782165,0.007287359,0.9293204
C:\Users\venka\Documents\Project\data\processed\test\pitting\176_JPG.rf.3242ec8727ad2be42d4273ab9aba9fd2.jpg,5,pitting,5,pitting,0.9658778,True,0.0035268916,0.009106337,0.0068515777,0.0054880227,0.009149396,0.9658778
C:\Users\venka\Documents\Project\data\processed\test\pitting\17_JPG.rf.98f366aa36c6c64c3c6eda6df2a01839.jpg,5,pitting,5,pitting,0.9545591,True,0.008120661,0.018097665,0.004859843,0.009618706,0.0047440114,0.9545591
C:\Users\venka\Documents\Project\data\processed\test\pitting\182_JPG.rf.4865053aad8d4ec521a348c4ff477824.jpg,5,pitting,5,pitting,0.94201934,True,0.0046849307,0.022498462,0.015528044,0.008909456,0.0063597253,0.94201934
C:\Users\venka\Documents\Project\data\processed\test\pitting\187_JPG.rf.8c80a5b2ad3a343cb7335b03a14049ea.jpg,5,pitting,5,pitting,0.94789743,True,0.0077453395,0.013446205,0.012518679,0.010895094,0.0074972943,0.94789743
C:\Users\venka\Documents\Project\data\processed\test\pitting\191_JPG.rf.2e550da841289c1e9987dd8aaae4bf63.jpg,5,pitting,5,pitting,0.94580454,True,0.0040961714,0.019484563,0.008930447,0.009581883,0.012102504,0.94580454
C:\Users\venka\Documents\Project\data\processed\test\pitting\193_JPG.rf.1050b067538579a53ee4deef44c9e4b7.jpg,5,pitting,5,pitting,0.95657176,True,0.00547331,0.01298939,0.010906075,0.0072613135,0.006798172,0.95657176
C:\Users\venka\Documents\Project\data\processed\test\pitting\193_JPG.rf.744032144cc47f608f0069c3f6280a76.jpg,5,pitting,5,pitting,0.9594125,True,0.0047280467,0.012916427,0.009996329,0.0049435566,0.00800303,0.9594125
C:\Users\venka\Documents\Project\data\processed\test\pitting\194_JPG.rf.22303522aea827bb7a83402327be123a.jpg,5,pitting,5,pitting,0.95400304,True,0.007629357,0.00536085,0.005265687,0.006183231,0.021557812,0.95400304
C:\Users\venka\Documents\Project\data\processed\test\pitting\197_JPG.rf.48117710a88fe2b0cf96f5bc9332f162.jpg,5,pitting,5,pitting,0.94567496,True,0.010728846,0.010903061,0.011642272,0.010698777,0.010352032,0.94567496
C:\Users\venka\Documents\Project\data\processed\test\pitting\204_JPG.rf.f04d4d025923aeb98c297f8ac9cef174.jpg,5,pitting,5,pitting,0.96779054,True,0.0057998826,0.00879534,0.0070900507,0.0063694143,0.0041547604,0.96779054
C:\Users\venka\Documents\Project\data\processed\test\pitting\206_JPG.rf.0ca72ae7568163d06c10e1c40adbd6c5.jpg,5,pitting,5,pitting,0.94940144,True,0.0064374264,0.015425619,0.004797568,0.01491372,0.009024268,0.94940144
C:\Users\venka\Documents\Project\data\processed\test\pitting\209_JPG.rf.55565a335358f438ed25a37cc3bd83a0.jpg,5,pitting,5,pitting,0.95035005,True,0.0063107135,0.017199665,0.01239239,0.01005523,0.0036919296,0.95035005
C:\Users\venka\Documents\Project\data\processed\test\pitting\210_JPG.rf.a60fa528afbbf6bf1b01e626d5e8c691.jpg,5,pitting,5,pitting,0.9581159,True,0.005882886,0.017512592,0.0071630296,0.0068935603,0.0044321776,0.9581159
C:\Users\venka\Documents\Project\data\processed\test\pitting\217_JPG.rf.5410f1eff5eda1ff303d0eb4537173c4.jpg,5,pitting,5,pitting,0.9587201,True,0.008018518,0.0080977185,0.01081081,0.005474964,0.008877968,0.9587201
C:\Users\venka\Documents\Project\data\processed\test\pitting\21_JPG.rf.0d8da1c0a488e4f659d4a200c6b815c5.jpg,5,pitting,5,pitting,0.9617857,True,0.007712048,0.011547384,0.008943923,0.005503107,0.004507841,0.9617857
C:\Users\venka\Documents\Project\data\processed\test\pitting\220_JPG.rf.79cdc4c45e68afed0c6d3fce5ca4c877.jpg,5,pitting,5,pitting,0.9392617,True,0.006047441,0.020083692,0.01602719,0.0058465614,0.012733438,0.9392617
C:\Users\venka\Documents\Project\data\processed\test\pitting\223_JPG.rf.be844140328cb31f01a0bf604c9e78b2.jpg,5,pitting,5,pitting,0.94830143,True,0.003954275,0.010919099,0.020582529,0.0105461525,0.00569637,0.94830143
C:\Users\venka\Documents\Project\data\processed\test\pitting\227_JPG.rf.6177403cabb6a7e7ced7c1ff66691e48.jpg,5,pitting,5,pitting,0.9451762,True,0.007909958,0.015946083,0.015035836,0.010258058,0.0056739375,0.9451762
C:\Users\venka\Documents\Project\data\processed\test\pitting\230_jpg.rf.25ab4a665db508eeaa05cb42a23a01b4.jpg,5,pitting,5,pitting,0.9386681,True,0.011562634,0.01785533,0.011635459,0.011060043,0.009218474,0.9386681
C:\Users\venka\Documents\Project\data\processed\test\pitting\235_JPG.rf.61804fcdecfc67c1160427a55bbcc005.jpg,5,pitting,5,pitting,0.9282347,True,0.008761498,0.023590352,0.009551962,0.010113166,0.019748343,0.9282347
C:\Users\venka\Documents\Project\data\processed\test\pitting\236_jpg.rf.175aa87e91db30ae9e729392ddb794ec.jpg,5,pitting,5,pitting,0.9634331,True,0.0074695605,0.012801045,0.006182909,0.006905198,0.0032081374,0.9634331
C:\Users\venka\Documents\Project\data\processed\test\pitting\238_JPG.rf.4d8483d735627e4e5876bf8a49011a54.jpg,5,pitting,5,pitting,0.9530031,True,0.0066462257,0.012975071,0.011514315,0.010137986,0.0057233623,0.9530031
C:\Users\venka\Documents\Project\data\processed\test\pitting\238_JPG.rf.adc3d140dc01e596f8d702c2feae7aae.jpg,5,pitting,5,pitting,0.9527451,True,0.007934028,0.012411191,0.010450234,0.0105336625,0.0059259315,0.9527451
C:\Users\venka\Documents\Project\data\processed\test\pitting\241_JPG.rf.01131a383281b2d3a43e1f1b3946ac68.jpg,5,pitting,5,pitting,0.9602556,True,0.005812597,0.01261728,0.01179498,0.005128474,0.0043911138,0.9602556
C:\Users\venka\Documents\Project\data\processed\test\pitting\243_jpg.rf.8bfdedf7f519567f3a947c35f6274825.jpg,5,pitting,5,pitting,0.95600945,True,0.0057719955,0.014453743,0.009465121,0.0084879305,0.005811799,0.95600945
C:\Users\venka\Documents\Project\data\processed\test\pitting\247_JPG.rf.819163fb6c1e870cd170a927ef66b72a.jpg,5,pitting,5,pitting,0.95215213,True,0.0068774642,0.012350458,0.013476799,0.01028616,0.004857022,0.95215213
C:\Users\venka\Documents\Project\data\processed\test\pitting\251_JPG.rf.0d21198c91d51724b676862bf62321fe.jpg,5,pitting,5,pitting,0.9493008,True,0.0065927566,0.013291736,0.0074371337,0.016300555,0.007076932,0.9493008
C:\Users\venka\Documents\Project\data\processed\test\pitting\251_JPG.rf.48c4c67c35053f308d4c972fde788c50.jpg,5,pitting,5,pitting,0.9561417,True,0.0058625904,0.011449647,0.013183459,0.010722227,0.0026404562,0.9561417
C:\Users\venka\Documents\Project\data\processed\test\pitting\25_JPG.rf.88e9974981b12a95665b7267ff0a078f.jpg,5,pitting,5,pitting,0.94333506,True,0.013279826,0.012723266,0.012025565,0.011791755,0.0068444894,0.94333506
C:\Users\venka\Documents\Project\data\processed\test\pitting\25_JPG.rf.b6c47482831efb277500b134685677e6.jpg,5,pitting,5,pitting,0.95711744,True,0.008725922,0.010212836,0.011161752,0.006485083,0.0062970025,0.95711744
C:\Users\venka\Documents\Project\data\processed\test\pitting\265_jpg.rf.d2ae9c48bc4375dc04b662a9685143e4.jpg,5,pitting,5,pitting,0.9456572,True,0.006742335,0.016714739,0.0106730275,0.012194619,0.008018106,0.9456572
C:\Users\venka\Documents\Project\data\processed\test\pitting\266_JPG.rf.26d421fddbf545f4c907e34f5d98496a.jpg,5,pitting,5,pitting,0.9462504,True,0.006378862,0.019280821,0.008630172,0.010584563,0.008875247,0.9462504
C:\Users\venka\Documents\Project\data\processed\test\pitting\268_JPG.rf.3fb0f6a93730fb27ad780cbdb8382ed8.jpg,5,pitting,5,pitting,0.967793,True,0.0050207647,0.0075811935,0.007967965,0.007200433,0.0044366545,0.967793
C:\Users\venka\Documents\Project\data\processed\test\pitting\272_jpg.rf.70a63e08bc17a69600c13dce11760900.jpg,5,pitting,0,Acral_Lentiginous_Melanoma,0.925767,False,0.925767,0.011766255,0.0055401246,0.016988138,0.029027263,0.010911264
C:\Users\venka\Documents\Project\data\processed\test\pitting\272_jpg.rf.cfc92e83f033e5aaa1c749c21d380b76.jpg,5,pitting,0,Acral_Lentiginous_Melanoma,0.9101862,False,0.9101862,0.019493774,0.006121293,0.037904736,0.0050122202,0.02128186
C:\Users\venka\Documents\Project\data\processed\test\pitting\273_JPG.rf.9c5a81574acc80fd7cce0549f7a0dfe2.jpg,5,pitting,5,pitting,0.593202,True,0.010541454,0.009952476,0.011340012,0.0060789566,0.3688851,0.593202
C:\Users\venka\Documents\Project\data\processed\test\pitting\273_JPG.rf.b07ea37530876890afa4bf5cdede9c4c.jpg,5,pitting,5,pitting,0.93604887,True,0.0065296344,0.02737715,0.008852255,0.0073003424,0.013891777,0.93604887
C:\Users\venka\Documents\Project\data\processed\test\pitting\27_JPG.rf.c624cc83fa29d13bfb9a8de550308f4c.jpg,5,pitting,5,pitting,0.89997536,True,0.013377398,0.024401605,0.026015796,0.019056607,0.01717328,0.89997536
C:\Users\venka\Documents\Project\data\processed\test\pitting\283_JPG.rf.41d5680f45c8cd1b3aaaf76599d9d428.jpg,5,pitting,5,pitting,0.92185056,True,0.011305126,0.022307063,0.014743091,0.008614491,0.021179523,0.92185056
C:\Users\venka\Documents\Project\data\processed\test\pitting\283_JPG.rf.b0228bf44a39c838aeadc1ecbe0bc177.jpg,5,pitting,5,pitting,0.95483965,True,0.005865639,0.0162643,0.010463843,0.0056961835,0.006870355,0.95483965
C:\Users\venka\Documents\Project\data\processed\test\pitting\289_jpg.rf.adaebf2016e6656aac1c829f0db8b7c8.jpg,5,pitting,5,pitting,0.95113647,True,0.0026357616,0.009293812,0.009599045,0.020612823,0.006722159,0.95113647
C:\Users\venka\Documents\Project\data\processed\test\pitting\293_JPG.rf.ae08bdf3dd6225428eef2b060b19c9d5.jpg,5,pitting,5,pitting,0.95495474,True,0.0041202866,0.0139123155,0.010470985,0.008216929,0.00832474,0.95495474
C:\Users\venka\Documents\Project\data\processed\test\pitting\293_JPG.rf.f3f2bfeaebb7572103b05be7d40708dc.jpg,5,pitting,5,pitting,0.96228766,True,0.0039038917,0.009612948,0.008555213,0.009757548,0.0058826967,0.96228766
C:\Users\venka\Documents\Project\data\processed\test\pitting\306_jpg.rf.6f3ab6cc1fdd98ff23abfed84ded1dec.jpg,5,pitting,5,pitting,0.94146043,True,0.016005002,0.013600806,0.0112205,0.012757913,0.0049553504,0.94146043
C:\Users\venka\Documents\Project\data\processed\test\pitting\306_jpg.rf.bd77586386e09f91d3c4728564f5deaa.jpg,5,pitting,5,pitting,0.91655076,True,0.014751517,0.01727984,0.023154536,0.019030288,0.009233117,0.91655076
C:\Users\venka\Documents\Project\data\processed\test\pitting\307_jpg.rf.b9a8a4f3e56096edda03c37770f3c425.jpg,5,pitting,5,pitting,0.9103451,True,0.02237601,0.023695076,0.00967338,0.0125052715,0.021405242,0.9103451
C:\Users\venka\Documents\Project\data\processed\test\pitting\309_JPG.rf.4985a709f5e77f90039519e74350bd0f.jpg,5,pitting,5,pitting,0.930222,True,0.01934847,0.013461937,0.01012932,0.01337511,0.013463131,0.930222
C:\Users\venka\Documents\Project\data\processed\test\pitting\309_JPG.rf.e8d1fa1245f2697375205f0fd1d4919d.jpg,5,pitting,5,pitting,0.92977196,True,0.014434151,0.015558096,0.013319809,0.012354829,0.014561121,0.92977196
C:\Users\venka\Documents\Project\data\processed\test\pitting\318_JPG.rf.c0173ec94d0de1ff51a674fa12baaa1a.jpg,5,pitting,5,pitting,0.7012355,True,0.0009559816,0.010441942,0.021914858,0.12921765,0.136234,0.7012355
C:\Users\venka\Documents\Project\data\processed\test\pitting\32_JPG.rf.114ba82648617c3c660c156c86c27411.jpg,5,pitting,5,pitting,0.94510984,True,0.009988586,0.021760201,0.008334498,0.009770302,0.0050366595,0.94510984
C:\Users\venka\Documents\Project\data\processed\test\pitting\35_JPG.rf.5db35122afc917faf80e5db480912c5f.jpg,5,pitting,4,clubbing,0.5206869,False,0.0020166535,0.018589884,0.04692223,0.026304001,0.5206869,0.38548034
C:\Users\venka\Documents\Project\data\processed\test\pitting\35_JPG.rf.771b0daa3c0232a0bc3eac9dea27ae39.jpg,5,pitting,5,pitting,0.8569423,True,0.0022917197,0.017704902,0.007991076,0.012452833,0.10261725,0.8569423
C:\Users\venka\Documents\Project\data\processed\test\pitting\36_JPG.rf.e4d2c9ab6bac2d84db3beaf02384f973.jpg,5,pitting,5,pitting,0.88987637,True,0.0043883095,0.01962283,0.0072181267,0.013143814,0.06575051,0.88987637
C:\Users\venka\Documents\Project\data\processed\test\pitting\37_JPG.rf.192c2d6c4ef6ef0cb0b7a6a405665545.jpg,5,pitting,5,pitting,0.95931435,True,0.0064052553,0.006698492,0.010881179,0.0067534302,0.009947341,0.95931435
C:\Users\venka\Documents\Project\data\processed\test\pitting\42_JPG.rf.f2972615668faac9416c0197d4bdc672.jpg,5,pitting,5,pitting,0.95261806,True,0.0065835943,0.012472491,0.013914062,0.008444816,0.0059669167,0.95261806
C:\Users\venka\Documents\Project\data\processed\test\pitting\50_JPG.rf.e0ba358b4003b7242e5e2818cc1e649a.jpg,5,pitting,5,pitting,0.93707395,True,0.0064505073,0.01985433,0.00996733,0.015332189,0.011321835,0.93707395
C:\Users\venka\Documents\Project\data\processed\test\pitting\52_JPG.rf.19ad0afda1822cfe4ca09794a0bad9ac.jpg,5,pitting,5,pitting,0.95298594,True,0.0038300012,0.011983391,0.0119162835,0.009715599,0.0095688095,0.95298594
C:\Users\venka\Documents\Project\data\processed\test\pitting\53_JPG.rf.ffd7ef85d81866daa66f9e2975221f58.jpg,5,pitting,5,pitting,0.96951485,True,0.0031621624,0.0085388245,0.0033899713,0.0041830568,0.011211192,0.96951485
C:\Users\venka\Documents\Project\data\processed\test\pitting\56_JPG.rf.d6b262b70e48930c46cd7301d8dd7a6a.jpg,5,pitting,5,pitting,0.92236805,True,0.011881325,0.03330623,0.015947573,0.012728836,0.003768041,0.92236805
C:\Users\venka\Documents\Project\data\processed\test\pitting\59_JPG.rf.88f3c5a80b9adb532a6aff2bdd132c0a.jpg,5,pitting,5,pitting,0.95468926,True,0.008723845,0.015545313,0.009638089,0.007285653,0.004117804,0.95468926
C:\Users\venka\Documents\Project\data\processed\test\pitting\5_JPG.rf.d28647ea5bb64e4906c8465d44a445dc.jpg,5,pitting,5,pitting,0.9557184,True,0.0059360014,0.01229961,0.008068155,0.0103082955,0.0076695397,0.9557184
C:\Users\venka\Documents\Project\data\processed\test\pitting\63_JPG.rf.88ae502be667ef01a50f614312b01505.jpg,5,pitting,5,pitting,0.9196745,True,0.014338375,0.024724098,0.017424623,0.012929063,0.010909351,0.9196745
C:\Users\venka\Documents\Project\data\processed\test\pitting\63_JPG.rf.c7fc87b4fae1a2cf47c6d85ed72c4283.jpg,5,pitting,5,pitting,0.9321061,True,0.012880838,0.0180475,0.017038537,0.01268279,0.007244318,0.9321061
C:\Users\venka\Documents\Project\data\processed\test\pitting\64_JPG.rf.8eb7070ef18a40896dd6c5f88b4b5cee.jpg,5,pitting,5,pitting,0.96059287,True,0.005548285,0.011664571,0.007139667,0.009095708,0.005958876,0.96059287
C:\Users\venka\Documents\Project\data\processed\test\pitting\65_JPG.rf.0115ec5ab2ddb2ed7afc5fcbd81a7b69.jpg,5,pitting,5,pitting,0.93004304,True,0.01570444,0.018211156,0.010501747,0.014393164,0.01114646,0.93004304
C:\Users\venka\Documents\Project\data\processed\test\pitting\66_jpg.rf.44626a3dae3f4adbea432c85b72aed52.jpg,5,pitting,5,pitting,0.9372085,True,0.013341172,0.019176574,0.013117531,0.0073468806,0.009809419,0.9372085
C:\Users\venka\Documents\Project\data\processed\test\pitting\68_JPG.rf.6e5d511a034d29e957521853eb7ac0d1.jpg,5,pitting,5,pitting,0.9511249,True,0.008711232,0.015984703,0.008700828,0.008263326,0.0072149667,0.9511249
C:\Users\venka\Documents\Project\data\processed\test\pitting\74_JPG.rf.9e7e62d364ecb759e14ed32e2f9d2f59.jpg,5,pitting,5,pitting,0.8931717,True,0.0017098703,0.012241699,0.0022346484,0.02283597,0.06780605,0.8931717
C:\Users\venka\Documents\Project\data\processed\test\pitting\75_JPG.rf.b5e87b1560658eabeef4ae46db975199.jpg,5,pitting,5,pitting,0.67555434,True,0.003952215,0.02532889,0.0100888135,0.013102971,0.2719728,0.67555434
C:\Users\venka\Documents\Project\data\processed\test\pitting\7_JPG.rf.78589204be0bdf18b31f66b98d14dae2.jpg,5,pitting,5,pitting,0.89626956,True,0.008737649,0.025616225,0.024352504,0.04236927,0.002654841,0.89626956
C:\Users\venka\Documents\Project\data\processed\test\pitting\89_JPG.rf.a7e857ea3d6cc588b3320d9e7f89df5c.jpg,5,pitting,5,pitting,0.949139,True,0.0057001966,0.012265798,0.013984809,0.009599626,0.009310561,0.949139
C:\Users\venka\Documents\Project\data\processed\test\pitting\90_JPG.rf.90cf05e9e3aa99b43e842cbddc2fcacc.jpg,5,pitting,5,pitting,0.9476688,True,0.005037179,0.015411534,0.012372526,0.011955408,0.0075546457,0.9476688
C:\Users\venka\Documents\Project\data\processed\test\pitting\90_JPG.rf.d07c77955e569fc092ebaee5d8a89aae.jpg,5,pitting,5,pitting,0.9537004,True,0.0041941293,0.015440615,0.010990149,0.009436462,0.00623824,0.9537004
C:\Users\venka\Documents\Project\data\processed\test\pitting\91_JPG.rf.b56309309c23729cfd2c81e73f627bc9.jpg,5,pitting,5,pitting,0.94934326,True,0.0066876225,0.018985163,0.013275305,0.007040476,0.0046682013,0.94934326
C:\Users\venka\Documents\Project\data\processed\test\pitting\91_JPG.rf.ee848f39a582b7468022ea9062b51205.jpg,5,pitting,5,pitting,0.95717317,True,0.004790617,0.014012856,0.00865143,0.008560282,0.0068116738,0.95717317
C:\Users\venka\Documents\Project\data\processed\test\pitting\9_JPG.rf.874798f3e0533bd9bfed669c294bfd2e.jpg,5,pitting,5,pitting,0.91469026,True,0.017252333,0.020735517,0.017728284,0.017171899,0.0124216955,0.91469026
