filepath,true_label_index,true_class,predicted_label_index,predicted_class,confidence,correct,probability_Acral_Lentiginous_Melanoma,probability_Healthy_Nail,probability_Onychogryphosis,probability_blue_finger,probability_clubbing,probability_pitting
C:\Users\venka\Documents\Project\data\processed\test\Acral_Lentiginous_Melanoma\1124-Subungual_Melanoma-642x361-slide3_jpg.rf.20c5952ae446e61a018ac2e98609f278.jpg,0,Acral_Lentiginous_Melanoma,0,Acral_Lentiginous_Melanoma,0.9386117,True,0.9386117,0.019027987,0.010062095,0.011939083,0.011635436,0.008723811
C:\Users\venka\Documents\Project\data\processed\test\Acral_Lentiginous_Melanoma\4229e494114681c808066e262f2f82ad1c89676d_jpg.rf.c06c1d1f4666c86b4d9c077d67cf65d6.jpg,0,Acral_Lentiginous_Melanoma,0,Acral_Lentiginous_Melanoma,0.7608125,True,0.7608125,0.044042595,0.053990986,0.050562125,0.07106646,0.01952534
C:\Users\venka\Documents\Project\data\processed\test\Acral_Lentiginous_Melanoma\CuvmX-dWIAAv_PX_jpeg.rf.9a978ed8ec6b5c63529dbdd6a13be611.jpg,0,Acral_Lentiginous_Melanoma,0,Acral_Lentiginous_Melanoma,0.94642514,True,0.94642514,0.018416584,0.00922527,0.009131493,0.0068211034,0.009980314
C:\Users\venka\Documents\Project\data\processed\test\Acral_Lentiginous_Melanoma\Screen-Shot-2021-11-16-at-6-58-09-PM_png.rf.84eaa8f0ddd6568f5220a7288d709742.jpg,0,Acral_Lentiginous_Melanoma,0,Acral_Lentiginous_Melanoma,0.9081783,True,0.9081783,0.035612077,0.023885703,0.011595262,0.009460038,0.011268607
C:\Users\venka\Documents\Project\data\processed\test\Acral_Lentiginous_Melanoma\Screen-Shot-2021-11-16-at-6-58-19-PM_png.rf.936289f072e08cd50fed87f99dc64f17.jpg,0,Acral_Lentiginous_Melanoma,0,Acral_Lentiginous_Melanoma,0.9140056,True,0.9140056,0.032114446,0.016507974,0.014651219,0.0140563855,0.008664366
C:\Users\venka\Documents\Project\data\processed\test\Acral_Lentiginous_Melanoma\Screen-Shot-2021-11-16-at-6-58-26-PM_png.rf.78b42c8cf2d2d62451936631311b1bd5.jpg,0,Acral_Lentiginous_Melanoma,0,Acral_Lentiginous_Melanoma,0.95634556,True,0.95634556,0.016064296,0.006409344,0.007029609,0.005661414,0.008489729
C:\Users\venka\Documents\Project\data\processed\test\Acral_Lentiginous_Melanoma\Screen-Shot-2021-11-16-at-6-59-48-PM_png.rf.cd1b9f38eb673fc5031ab4c7c9fda753.jpg,0,Acral_Lentiginous_Melanoma,0,Acral_Lentiginous_Melanoma,0.9453564,True,0.9453564,0.020276861,0.007925947,0.009533267,0.010139307,0.006768171
C:\Users\venka\Documents\Project\data\processed\test\Acral_Lentiginous_Melanoma\Screen-Shot-2021-11-16-at-7-00-57-PM_png.rf.ac7e0f8660912b0ad7d1e99ee16451f4.jpg,0,Acral_Lentiginous_Melanoma,0,Acral_Lentiginous_Melanoma,0.9178109,True,0.9178109,0.021340804,0.012294604,0.016396001,0.01562027,0.016537486
C:\Users\venka\Documents\Project\data\processed\test\Acral_Lentiginous_Melanoma\Screen-Shot-2021-11-16-at-7-01-17-PM_png.rf.f6e3ef0d310e1ee2779fce1ccf4b6d5a.jpg,0,Acral_Lentiginous_Melanoma,0,Acral_Lentiginous_Melanoma,0.9304234,True,0.9304234,0.017773181,0.009436091,0.012308803,0.01611783,0.013940615
C:\Users\venka\Documents\Project\data\processed\test\Acral_Lentiginous_Melanoma\Screen-Shot-2021-11-16-at-7-05-55-PM_png.rf.ade918f28d20e9e407278ebfc3eb1892.jpg,0,Acral_Lentiginous_Melanoma,0,Acral_Lentiginous_Melanoma,0.9451373,True,0.9451373,0.017741084,0.0103930505,0.013316711,0.008032081,0.005379753
C:\Users\venka\Documents\Project\data\processed\test\Acral_Lentiginous_Melanoma\Screen-Shot-2021-11-16-at-7-06-53-PM_png.rf.301e227b232bf6691817ffc2ece5217f.jpg,0,Acral_Lentiginous_Melanoma,0,Acral_Lentiginous_Melanoma,0.92137784,True,0.92137784,0.03089162,0.00968195,0.015749894,0.009776185,0.012522495
C:\Users\venka\Documents\Project\data\processed\test\Acral_Lentiginous_Melanoma\Screen-Shot-2021-11-16-at-7-07-46-PM_png.rf.229f8f3912643ac3f8d34ddf9bdc3d24.jpg,0,Acral_Lentiginous_Melanoma,0,Acral_Lentiginous_Melanoma,0.94147754,True,0.94147754,0.017324705,0.008511968,0.010976984,0.013724765,0.007984061
C:\Users\venka\Documents\Project\data\processed\test\Acral_Lentiginous_Melanoma\Screen-Shot-2021-11-16-at-7-07-58-PM_png.rf.3709c21322417722890579eef8538ea8.jpg,0,Acral_Lentiginous_Melanoma,0,Acral_Lentiginous_Melanoma,0.9285499,True,0.9285499,0.029142356,0.009470115,0.013678046,0.010346658,0.008812928
C:\Users\venka\Documents\Project\data\processed\test\Acral_Lentiginous_Melanoma\Screen-Shot-2021-11-16-at-7-08-26-PM_png.rf.5f82c4749b34db20407b5665a56aec2c.jpg,0,Acral_Lentiginous_Melanoma,0,Acral_Lentiginous_Melanoma,0.93599904,True,0.93599904,0.018420888,0.01432396,0.008342882,0.014783429,0.008129797
C:\Users\venka\Documents\Project\data\processed\test\Acral_Lentiginous_Melanoma\Screen-Shot-2021-11-16-at-7-10-55-PM_png.rf.98b46b85ecb9ecc122c1d6e0823ec4fd.jpg,0,Acral_Lentiginous_Melanoma,0,Acral_Lentiginous_Melanoma,0.9573124,True,0.9573124,0.014453676,0.008949492,0.0069387895,0.00558459,0.006761102
C:\Users\venka\Documents\Project\data\processed\test\Acral_Lentiginous_Melanoma\Screen-Shot-2021-11-16-at-7-12-11-PM_png.rf.35bd81c211094dbe7b79cfa959c66901.jpg,0,Acral_Lentiginous_Melanoma,0,Acral_Lentiginous_Melanoma,0.9346044,True,0.9346044,0.021821212,0.012438423,0.013378539,0.0074431617,0.010314184
C:\Users\venka\Documents\Project\data\processed\test\Acral_Lentiginous_Melanoma\Screen-Shot-2021-11-16-at-7-12-20-PM_png.rf.a1e34811f9245102102eae95c74eb0b4.jpg,0,Acral_Lentiginous_Melanoma,0,Acral_Lentiginous_Melanoma,0.951991,True,0.951991,0.012276881,0.012528002,0.007974363,0.008572769,0.0066570565
C:\Users\venka\Documents\Project\data\processed\test\Acral_Lentiginous_Melanoma\Screen-Shot-2021-11-16-at-7-13-16-PM_png.rf.e87e6b3b42c2bb13d3a83d4d400a5889.jpg,0,Acral_Lentiginous_Melanoma,0,Acral_Lentiginous_Melanoma,0.9256962,True,0.9256962,0.01305848,0.015041818,0.006683818,0.031515073,0.008004646
C:\Users\venka\Documents\Project\data\processed\test\Acral_Lentiginous_Melanoma\Screen-Shot-2021-11-16-at-7-13-54-PM_png.rf.45989c6f9448c034faaab9094b18ef39.jpg,0,Acral_Lentiginous_Melanoma,0,Acral_Lentiginous_Melanoma,0.89112186,True,0.89112186,0.02122555,0.009352701,0.027316114,0.044405874,0.0065779053
C:\Users\venka\Documents\Project\data\processed\test\Acral_Lentiginous_Melanoma\Screen-Shot-2021-11-16-at-7-14-06-PM_png.rf.d510d4c93a08ad1ea8ff2879954bbc54.jpg,0,Acral_Lentiginous_Melanoma,0,Acral_Lentiginous_Melanoma,0.93586904,True,0.93586904,0.014123096,0.021724021,0.012917813,0.004754732,0.01061126
C:\Users\venka\Documents\Project\data\processed\test\Acral_Lentiginous_Melanoma\Screen-Shot-2021-11-16-at-7-14-19-PM_png.rf.b708150bce14b78522e00a91b26ebad0.jpg,0,Acral_Lentiginous_Melanoma,0,Acral_Lentiginous_Melanoma,0.92564094,True,0.92564094,0.034913037,0.008891628,0.008476594,0.010824915,0.011252932
C:\Users\venka\Documents\Project\data\processed\test\Acral_Lentiginous_Melanoma\Screen-Shot-2021-11-16-at-7-16-43-PM_png.rf.7e13e8110130f7cba18e1cc3d749e32d.jpg,0,Acral_Lentiginous_Melanoma,0,Acral_Lentiginous_Melanoma,0.9049049,True,0.9049049,0.023691287,0.015409547,0.018074311,0.013831075,0.024088833
C:\Users\venka\Documents\Project\data\processed\test\Acral_Lentiginous_Melanoma\Screen-Shot-2021-11-16-at-7-16-43-PM_png.rf.8f156a1c22f337fff0147c8e87829c67.jpg,0,Acral_Lentiginous_Melanoma,0,Acral_Lentiginous_Melanoma,0.8962066,True,0.8962066,0.024269184,0.023274466,0.015470566,0.013346831,0.027432332
C:\Users\venka\Documents\Project\data\processed\test\Acral_Lentiginous_Melanoma\Screen-Shot-2021-11-16-at-7-17-45-PM_png.rf.cfc11a7bda850be0b92d371c2898d3ad.jpg,0,Acral_Lentiginous_Melanoma,0,Acral_Lentiginous_Melanoma,0.9150331,True,0.9150331,0.021206595,0.018055944,0.016743975,0.018464092,0.010496355
C:\Users\venka\Documents\Project\data\processed\test\Acral_Lentiginous_Melanoma\Screen-Shot-2021-11-19-at-1-00-57-AM_png.rf.a2258dc96f532e444028a5e4a4ffbc08.jpg,0,Acral_Lentiginous_Melanoma,0,Acral_Lentiginous_Melanoma,0.94722944,True,0.94722944,0.019278593,0.0069339583,0.00998192,0.008578807,0.007997269
C:\Users\venka\Documents\Project\data\processed\test\Acral_Lentiginous_Melanoma\Screen-Shot-2021-11-19-at-1-26-44-AM_png.rf.03df3d79c9891041f8ab532e86611594.jpg,0,Acral_Lentiginous_Melanoma,0,Acral_Lentiginous_Melanoma,0.9317786,True,0.9317786,0.026639316,0.0077284514,0.009788886,0.014153439,0.009911356
C:\Users\venka\Documents\Project\data\processed\test\Acral_Lentiginous_Melanoma\Screen-Shot-2021-11-19-at-1-26-44-AM_png.rf.66e4fd6d1ebbd04e3fc38643186be981.jpg,0,Acral_Lentiginous_Melanoma,0,Acral_Lentiginous_Melanoma,0.9323203,True,0.9323203,0.02373717,0.008692817,0.010206591,0.015715698,0.009327463
C:\Users\venka\Documents\Project\data\processed\test\Acral_Lentiginous_Melanoma\Screen-Shot-2021-11-19-at-1-27-17-AM_png.rf.171b5238a47c916d76d2bf732066c2c5.jpg,0,Acral_Lentiginous_Melanoma,0,Acral_Lentiginous_Melanoma,0.945156,True,0.945156,0.01879149,0.0059016864,0.0067921323,0.011914676,0.011444073
C:\Users\venka\Documents\Project\data\processed\test\Acral_Lentiginous_Melanoma\Screen-Shot-2021-11-19-at-1-31-21-AM_png.rf.95301877af646b998ed8900ceb1f9922.jpg,0,Acral_Lentiginous_Melanoma,0,Acral_Lentiginous_Melanoma,0.7963333,True,0.7963333,0.03923153,0.013572757,0.024119196,0.09181179,0.03493138
C:\Users\venka\Documents\Project\data\processed\test\Acral_Lentiginous_Melanoma\Screen-Shot-2021-11-19-at-1-37-53-AM_png.rf.86e9cbce0daafa7832fb3714a0db02b2.jpg,0,Acral_Lentiginous_Melanoma,0,Acral_Lentiginous_Melanoma,0.94673735,True,0.94673735,0.019294882,0.006028777,0.0061188913,0.0040895618,0.017730473
C:\Users\venka\Documents\Project\data\processed\test\Acral_Lentiginous_Melanoma\Screen-Shot-2021-11-19-at-1-37-53-AM_png.rf.9d6300e1057cbc889cfbcebc20d981f4.jpg,0,Acral_Lentiginous_Melanoma,0,Acral_Lentiginous_Melanoma,0.9376654,True,0.9376654,0.024428865,0.009104365,0.009371241,0.0064773704,0.012952801
C:\Users\venka\Documents\Project\data\processed\test\Acral_Lentiginous_Melanoma\Screen-Shot-2021-11-19-at-1-38-40-AM_png.rf.92fc8206cceda2823ce5b41b7ea5a9c0.jpg,0,Acral_Lentiginous_Melanoma,0,Acral_Lentiginous_Melanoma,0.9265767,True,0.9265767,0.027044896,0.014980595,0.011632764,0.0067819473,0.012983222
C:\Users\venka\Documents\Project\data\processed\test\Acral_Lentiginous_Melanoma\Screen-Shot-2021-11-19-at-1-38-57-AM_png.rf.b976b1f54cf785e66974724e4e4585fa.jpg,0,Acral_Lentiginous_Melanoma,0,Acral_Lentiginous_Melanoma,0.9235446,True,0.9235446,0.023277296,0.012561547,0.017052896,0.00922016,0.014343608
C:\Users\venka\Documents\Project\data\processed\test\Acral_Lentiginous_Melanoma\Screen-Shot-2021-11-19-at-1-41-42-AM_png.rf.7571ea90c4bb5276b0d77d9e42db93f1.jpg,0,Acral_Lentiginous_Melanoma,0,Acral_Lentiginous_Melanoma,0.9217755,True,0.9217755,0.021005439,0.0113630975,0.013398102,0.021721728,0.010736128
C:\Users\venka\Documents\Project\data\processed\test\Acral_Lentiginous_Melanoma\Screen-Shot-2021-11-19-at-1-43-17-AM_png.rf.1182e23c51367d6cfe89acbb693bf1ab.jpg,0,Acral_Lentiginous_Melanoma,0,Acral_Lentiginous_Melanoma,0.96444017,True,0.96444017,0.013330003,0.0077039665,0.004220727,0.006586843,0.0037183578
C:\Users\venka\Documents\Project\data\processed\test\Acral_Lentiginous_Melanoma\Screen-Shot-2021-11-19-at-1-45-52-AM_png.rf.59970b0d8735b67e97a6b322165ff8a4.jpg,0,Acral_Lentiginous_Melanoma,0,Acral_Lentiginous_Melanoma,0.9286012,True,0.9286012,0.019522903,0.012872987,0.01659923,0.007921883,0.0144818835
C:\Users\venka\Documents\Project\data\processed\test\Acral_Lentiginous_Melanoma\Screen-Shot-2021-11-19-at-1-53-47-AM_png.rf.18813d4eb66090b5a04d80ec958f833b.jpg,0,Acral_Lentiginous_Melanoma,0,Acral_Lentiginous_Melanoma,0.9264419,True,0.9264419,0.01966186,0.015754033,0.024168447,0.007124317,0.006849527
C:\Users\venka\Documents\Project\data\processed\test\Acral_Lentiginous_Melanoma\Screen-Shot-2021-11-19-at-1-54-25-AM_png.rf.6f719fe9b2f233b8253010a4e82d60e1.jpg,0,Acral_Lentiginous_Melanoma,0,Acral_Lentiginous_Melanoma,0.95483845,True,0.95483845,0.017149981,0.008520098,0.0070205433,0.0050705085,0.0074004587
C:\Users\venka\Documents\Project\data\processed\test\Acral_Lentiginous_Melanoma\Screen-Shot-2021-11-19-at-1-54-57-AM_png.rf.28d1b22593c06e5dda8f58aac3c41d33.jpg,0,Acral_Lentiginous_Melanoma,0,Acral_Lentiginous_Melanoma,0.92990005,True,0.92990005,0.026508722,0.009583547,0.013064716,0.010305416,0.01063754
C:\Users\venka\Documents\Project\data\processed\test\Acral_Lentiginous_Melanoma\Screen-Shot-2021-11-19-at-1-55-04-AM_png.rf.042cf77f894b5b2a9af7bf094bb89e41.jpg,0,Acral_Lentiginous_Melanoma,0,Acral_Lentiginous_Melanoma,0.9515042,True,0.9515042,0.019353153,0.006628767,0.009274799,0.0043637417,0.008875449
C:\Users\venka\Documents\Project\data\processed\test\Acral_Lentiginous_Melanoma\Screen-Shot-2021-11-19-at-1-56-09-AM_png.rf.353c99bb4a0569ff859a449ceedc8ec4.jpg,0,Acral_Lentiginous_Melanoma,0,Acral_Lentiginous_Melanoma,0.94075155,True,0.94075155,0.01931172,0.011373762,0.011414337,0.007876203,0.009272473
C:\Users\venka\Documents\Project\data\processed\test\Acral_Lentiginous_Melanoma\Screen-Shot-2021-11-19-at-1-56-53-AM_png.rf.13e734ae3291f05e68eb02889424a436.jpg,0,Acral_Lentiginous_Melanoma,0,Acral_Lentiginous_Melanoma,0.90796924,True,0.90796924,0.02580259,0.015301705,0.017279183,0.020717293,0.012930037
C:\Users\venka\Documents\Project\data\processed\test\Acral_Lentiginous_Melanoma\Screen-Shot-2021-11-19-at-12-37-14-AM_png.rf.a69cedffa7f913f6ece573e56db1d965.jpg,0,Acral_Lentiginous_Melanoma,0,Acral_Lentiginous_Melanoma,0.937457,True,0.937457,0.020652466,0.007854629,0.009100579,0.013632739,0.01130265
C:\Users\venka\Documents\Project\data\processed\test\Acral_Lentiginous_Melanoma\Screen-Shot-2021-11-19-at-12-39-46-AM_png.rf.cb554363f5f823f709477ebdd056743a.jpg,0,Acral_Lentiginous_Melanoma,0,Acral_Lentiginous_Melanoma,0.933302,True,0.933302,0.023052944,0.009552992,0.013054443,0.0076151993,0.01342248
C:\Users\venka\Documents\Project\data\processed\test\Acral_Lentiginous_Melanoma\Screen-Shot-2021-11-19-at-12-41-44-AM_png.rf.de5b25017790d49322e13188cf0b2c91.jpg,0,Acral_Lentiginous_Melanoma,0,Acral_Lentiginous_Melanoma,0.8509235,True,0.8509235,0.049282506,0.028572146,0.027422622,0.035000447,0.008798784
C:\Users\venka\Documents\Project\data\processed\test\Acral_Lentiginous_Melanoma\Screen-Shot-2021-11-19-at-12-55-27-AM_png.rf.496947b15eade645613e333ead8fa545.jpg,0,Acral_Lentiginous_Melanoma,0,Acral_Lentiginous_Melanoma,0.9439235,True,0.9439235,0.018230177,0.010174452,0.011679365,0.007261627,0.0087309005
C:\Users\venka\Documents\Project\data\processed\test\Acral_Lentiginous_Melanoma\Screen-Shot-2021-11-19-at-12-55-39-AM_png.rf.8d61a0594fc64089c87dd00b0e6f0b09.jpg,0,Acral_Lentiginous_Melanoma,0,Acral_Lentiginous_Melanoma,0.93648446,True,0.93648446,0.016122913,0.0117421085,0.01363791,0.013987332,0.0080253305
C:\Users\venka\Documents\Project\data\processed\test\Acral_Lentiginous_Melanoma\Screen-Shot-2021-11-19-at-12-56-04-AM_png.rf.38820238dd67401dd034f47057e9a613.jpg,0,Acral_Lentiginous_Melanoma,0,Acral_Lentiginous_Melanoma,0.94258165,True,0.94258165,0.017513566,0.010560073,0.011945083,0.010092346,0.007307215
C:\Users\venka\Documents\Project\data\processed\test\Acral_Lentiginous_Melanoma\Screen-Shot-2021-11-19-at-12-56-04-AM_png.rf.f1f22bb8840afb9f1fd822a35ba450e2.jpg,0,Acral_Lentiginous_Melanoma,0,Acral_Lentiginous_Melanoma,0.9035651,True,0.9035651,0.026205845,0.015299808,0.026940199,0.015261715,0.012727299
C:\Users\venka\Documents\Project\data\processed\test\Acral_Lentiginous_Melanoma\Screen-Shot-2021-11-19-at-2-10-05-AM_png.rf.020549b2c1e999dab8f0cf598e5141c4.jpg,0,Acral_Lentiginous_Melanoma,0,Acral_Lentiginous_Melanoma,0.9355369,True,0.9355369,0.019219948,0.012447908,0.011621225,0.010378208,0.010795844
C:\Users\venka\Documents\Project\data\processed\test\Acral_Lentiginous_Melanoma\Screen-Shot-2021-11-19-at-2-10-05-AM_png.rf.0df26b0d045346f53580d4062e3c0c4c.jpg,0,Acral_Lentiginous_Melanoma,0,Acral_Lentiginous_Melanoma,0.9190886,True,0.9190886,0.023809727,0.013909278,0.015563843,0.013516408,0.014112097
C:\Users\venka\Documents\Project\data\processed\test\Acral_Lentiginous_Melanoma\Screen-Shot-2021-11-19-at-2-11-28-AM_png.rf.2196b737c3e2e387b824e8ff30fbf610.jpg,0,Acral_Lentiginous_Melanoma,0,Acral_Lentiginous_Melanoma,0.7623205,True,0.7623205,0.06731691,0.01017386,0.0053769746,0.12281251,0.031999208
C:\Users\venka\Documents\Project\data\processed\test\Acral_Lentiginous_Melanoma\Screen-Shot-2021-11-19-at-2-12-47-AM_png.rf.af605b32b8c090599dc185f4aac29390.jpg,0,Acral_Lentiginous_Melanoma,0,Acral_Lentiginous_Melanoma,0.9006571,True,0.9006571,0.021983992,0.007492428,0.035895173,0.014424999,0.019546201
C:\Users\venka\Documents\Project\data\processed\test\Acral_Lentiginous_Melanoma\Screen-Shot-2021-11-19-at-2-12-47-AM_png.rf.f04281edd2ddc4fcb10e3617650978fc.jpg,0,Acral_Lentiginous_Melanoma,0,Acral_Lentiginous_Melanoma,0.94449437,True,0.94449437,0.01912642,0.00700145,0.01206775,0.006183769,0.011126227
C:\Users\venka\Documents\Project\data\processed\test\Acral_Lentiginous_Melanoma\Screen-Shot-2021-11-19-at-2-13-04-AM_png.rf.4d3eb3e80791302af1b1807e55b86998.jpg,0,Acral_Lentiginous_Melanoma,0,Acral_Lentiginous_Melanoma,0.8797593,True,0.8797593,0.025919527,0.014820574,0.029627651,0.033824097,0.01604882
C:\Users\venka\Documents\Project\data\processed\test\Acral_Lentiginous_Melanoma\Screen-Shot-2021-11-19-at-2-13-04-AM_png.rf.d5a7ff146a4d86ee96d28eace69028e4.jpg,0,Acral_Lentiginous_Melanoma,0,Acral_Lentiginous_Melanoma,0.901006,True,0.901006,0.024011718,0.011997812,0.020414582,0.03070198,0.011867899
C:\Users\venka\Documents\Project\data\processed\test\Acral_Lentiginous_Melanoma\Screen-Shot-2021-11-19-at-2-14-13-AM_png.rf.9660cbce1aaec42bb0c08b094f62a921.jpg,0,Acral_Lentiginous_Melanoma,0,Acral_Lentiginous_Melanoma,0.9472379,True,0.9472379,0.0168011,0.0041139754,0.009797532,0.012045046,0.010004444
C:\Users\venka\Documents\Project\data\processed\test\Acral_Lentiginous_Melanoma\Screen-Shot-2021-11-19-at-2-17-07-AM_png.rf.9a0f7760436155c743d9eaaf97c76d58.jpg,0,Acral_Lentiginous_Melanoma,0,Acral_Lentiginous_Melanoma,0.9514077,True,0.9514077,0.01765923,0.0064408407,0.014126875,0.006026808,0.0043385276
C:\Users\venka\Documents\Project\data\processed\test\Acral_Lentiginous_Melanoma\Screen-Shot-2021-11-19-at-2-17-07-AM_png.rf.a37178cbefd2c3f72c2ffd42074852f5.jpg,0,Acral_Lentiginous_Melanoma,0,Acral_Lentiginous_Melanoma,0.9143817,True,0.9143817,0.031052824,0.013193208,0.018119989,0.010895397,0.012356909
C:\Users\venka\Documents\Project\data\processed\test\Acral_Lentiginous_Melanoma\Screen-Shot-2021-11-19-at-2-26-44-AM_png.rf.7e362aed364a99d850d18e2a03d30ce7.jpg,0,Acral_Lentiginous_Melanoma,0,Acral_Lentiginous_Melanoma,0.9470009,True,0.9470009,0.016722,0.010813594,0.010316804,0.0070022987,0.008144377
C:\Users\venka\Documents\Project\data\processed\test\Acral_Lentiginous_Melanoma\Screen-Shot-2021-11-19-at-2-27-01-AM_png.rf.e1401db8fc51737dd68afb3cf9807c54.jpg,0,Acral_Lentiginous_Melanoma,0,Acral_Lentiginous_Melanoma,0.92922515,True,0.92922515,0.023566367,0.012213421,0.008052571,0.015055177,0.011887271
C:\Users\venka\Documents\Project\data\processed\test\Acral_Lentiginous_Melanoma\Screen-Shot-2021-11-19-at-2-27-33-AM_png.rf.b6708cb30f43cb115020f98cf59220a2.jpg,0,Acral_Lentiginous_Melanoma,0,Acral_Lentiginous_Melanoma,0.93892884,True,0.93892884,0.018525455,0.0096780555,0.014864832,0.0078112697,0.010191572
C:\Users\venka\Documents\Project\data\processed\test\Acral_Lentiginous_Melanoma\Screen-Shot-2021-11-19-at-2-27-56-AM_png.rf.73d097900279fe7340bc2c2d6902cbe5.jpg,0,Acral_Lentiginous_Melanoma,0,Acral_Lentiginous_Melanoma,0.94115865,True,0.94115865,0.015311496,0.008606381,0.012238483,0.014972889,0.0077121793
C:\Users\venka\Documents\Project\data\processed\test\Acral_Lentiginous_Melanoma\Screen-Shot-2021-11-19-at-2-30-18-AM_png.rf.4c540a33e29875f38fc7e311a3706f75.jpg,0,Acral_Lentiginous_Melanoma,0,Acral_Lentiginous_Melanoma,0.9273417,True,0.9273417,0.018835437,0.011909013,0.015340048,0.013224074,0.013349741
C:\Users\venka\Documents\Project\data\processed\test\Acral_Lentiginous_Melanoma\Screen-Shot-2021-11-20-at-10-04-59-PM_png.rf.4bca1f65b69fd5c28f76dc67b9a3753d.jpg,0,Acral_Lentiginous_Melanoma,0,Acral_Lentiginous_Melanoma,0.91864455,True,0.91864455,0.023619696,0.012928736,0.019081682,0.012708269,0.013017059
C:\Users\venka\Documents\Project\data\processed\test\Acral_Lentiginous_Melanoma\Screen-Shot-2021-11-20-at-10-24-29-PM_png.rf.56724e81eeec07272eea77d625c27875.jpg,0,Acral_Lentiginous_Melanoma,0,Acral_Lentiginous_Melanoma,0.90864813,True,0.90864813,0.02687306,0.016270079,0.022019375,0.011840962,0.014348349
C:\Users\venka\Documents\Project\data\processed\test\Acral_Lentiginous_Melanoma\Screen-Shot-2021-11-20-at-10-24-29-PM_png.rf.75206f6cfcbba7486aa8c7eeecb6c1d3.jpg,0,Acral_Lentiginous_Melanoma,0,Acral_Lentiginous_Melanoma,0.94592345,True,0.94592345,0.018992834,0.007557279,0.011349826,0.0049224743,0.011254184
C:\Users\venka\Documents\Project\data\processed\test\Acral_Lentiginous_Melanoma\Screen-Shot-2021-11-20-at-10-25-02-PM_png.rf.787055924f2b6480dea89f2588fb3b37.jpg,0,Acral_Lentiginous_Melanoma,0,Acral_Lentiginous_Melanoma,0.92002845,True,0.92002845,0.024768855,0.014925384,0.015572569,0.009275467,0.015429222
C:\Users\venka\Documents\Project\data\processed\test\Acral_Lentiginous_Melanoma\Screen-Shot-2021-11-20-at-10-28-12-PM_png.rf.3c036eaef8513ddd248c217a7195a233.jpg,0,Acral_Lentiginous_Melanoma,0,Acral_Lentiginous_Melanoma,0.93467563,True,0.93467563,0.020561824,0.0097759785,0.013188288,0.012865292,0.00893296
C:\Users\venka\Documents\Project\data\processed\test\Acral_Lentiginous_Melanoma\Screen-Shot-2021-11-20-at-10-30-41-PM_png.rf.a97e3d81c76e60862e65f8b657db5c3e.jpg,0,Acral_Lentiginous_Melanoma,0,Acral_Lentiginous_Melanoma,0.9458136,True,0.9458136,0.01590681,0.009870064,0.009471034,0.011375601,0.0075628827
C:\Users\venka\Documents\Project\data\processed\test\Acral_Lentiginous_Melanoma\Screen-Shot-2021-11-20-at-10-40-57-PM_png.rf.c896d8a6837b555770ce6aba1bf15739.jpg,0,Acral_Lentiginous_Melanoma,0,Acral_Lentiginous_Melanoma,0.9539677,True,0.9539677,0.016308902,0.0060761115,0.007071597,0.009204004,0.0073716976
C:\Users\venka\Documents\Project\data\processed\test\Acral_Lentiginous_Melanoma\Screen-Shot-2021-11-20-at-7-49-00-PM_png.rf.2ab0b916fbf0c3cdefddce58cb4dcc77.jpg,0,Acral_Lentiginous_Melanoma,0,Acral_Lentiginous_Melanoma,0.9301399,True,0.9301399,0.02398153,0.009181097,0.011837616,0.014073989,0.010785958
C:\Users\venka\Documents\Project\data\processed\test\Acral_Lentiginous_Melanoma\Screen-Shot-2021-11-20-at-7-49-26-PM_png.rf.4d3d8c48f29ba530ac9fefdbaba0a440.jpg,0,Acral_Lentiginous_Melanoma,0,Acral_Lentiginous_Melanoma,0.88631535,True,0.88631535,0.029827299,0.030287491,0.027215512,0.015551544,0.010802737
C:\Users\venka\Documents\Project\data\processed\test\Acral_Lentiginous_Melanoma\Screen-Shot-2021-11-20-at-7-49-46-PM_png.rf.38fa6498f1f7e7a89187f6528688b2ed.jpg,0,Acral_Lentiginous_Melanoma,0,Acral_Lentiginous_Melanoma,0.9341221,True,0.9341221,0.020264363,0.011318821,0.014152731,0.010152833,0.009989124
C:\Users\venka\Documents\Project\data\processed\test\Acral_Lentiginous_Melanoma\Screen-Shot-2021-11-20-at-7-52-57-PM_png.rf.a285b1200d2b44506b97ad84ce9506e0.jpg,0,Acral_Lentiginous_Melanoma,0,Acral_Lentiginous_Melanoma,0.9429763,True,0.9429763,0.018106205,0.008728764,0.010927315,0.012366669,0.0068947654
C:\Users\venka\Documents\Project\data\processed\test\Acral_Lentiginous_Melanoma\Screen-Shot-2021-11-20-at-7-53-27-PM_png.rf.ef266f5d4a24a6529e17b9e67a1f413d.jpg,0,Acral_Lentiginous_Melanoma,0,Acral_Lentiginous_Melanoma,0.9379182,True,0.9379182,0.018628322,0.011675418,0.010796556,0.009919832,0.011061679
C:\Users\venka\Documents\Project\data\processed\test\Acral_Lentiginous_Melanoma\Screen-Shot-2021-11-20-at-7-56-35-PM_png.rf.35edd084b9cef21b9f11f52b7e4bd842.jpg,0,Acral_Lentiginous_Melanoma,0,Acral_Lentiginous_Melanoma,0.9269587,True,0.9269587,0.020903321,0.012531289,0.013935178,0.009936349,0.015735168
C:\Users\venka\Documents\Project\data\processed\test\Acral_Lentiginous_Melanoma\Screen-Shot-2021-11-20-at-7-57-54-PM_png.rf.98d50944c8a173b2d9d781dd48a3fd00.jpg,0,Acral_Lentiginous_Melanoma,0,Acral_Lentiginous_Melanoma,0.9184099,True,0.9184099,0.025102386,0.012991315,0.019254662,0.010074017,0.014167742
C:\Users\venka\Documents\Project\data\processed\test\Acral_Lentiginous_Melanoma\Screen-Shot-2021-11-20-at-8-00-48-PM_png.rf.3195c3538670c7b8d81f685e1766a643.jpg,0,Acral_Lentiginous_Melanoma,0,Acral_Lentiginous_Melanoma,0.92215157,True,0.92215157,0.023066515,0.013186561,0.015150581,0.0128189325,0.013625904
C:\Users\venka\Documents\Project\data\processed\test\Acral_Lentiginous_Melanoma\Screen-Shot-2021-11-20-at-8-00-58-PM_png.rf.7dd201e29f62ceaa36e9eb7acca6d4e4.jpg,0,Acral_Lentiginous_Melanoma,0,Acral_Lentiginous_Melanoma,0.9220675,True,0.9220675,0.025181552,0.016880736,0.008750122,0.016357502,0.010762654
C:\Users\venka\Documents\Project\data\processed\test\Acral_Lentiginous_Melanoma\Screen-Shot-2021-11-20-at-8-04-14-PM_png.rf.3be306a4994e4ba819cd8a2eec8399c0.jpg,0,Acral_Lentiginous_Melanoma,0,Acral_Lentiginous_Melanoma,0.93783695,True,0.93783695,0.016180856,0.010848432,0.015996594,0.0093178265,0.009819311
C:\Users\venka\Documents\Project\data\processed\test\Acral_Lentiginous_Melanoma\Screen-Shot-2021-11-20-at-8-08-29-PM_png.rf.c49acb28bc7afaaf6a6b53c24dfa1dcc.jpg,0,Acral_Lentiginous_Melanoma,0,Acral_Lentiginous_Melanoma,0.9356513,True,0.9356513,0.019610737,0.01104057,0.015197174,0.010726702,0.007773447
C:\Users\venka\Documents\Project\data\processed\test\Acral_Lentiginous_Melanoma\Screen-Shot-2021-11-20-at-8-10-21-PM_png.rf.31e544d37ad8a522815ec1ae2b00ec7e.jpg,0,Acral_Lentiginous_Melanoma,0,Acral_Lentiginous_Melanoma,0.63071907,True,0.63071907,0.07990296,0.050700273,0.032068428,0.18620321,0.020406075
C:\Users\venka\Documents\Project\data\processed\test\Acral_Lentiginous_Melanoma\Screen-Shot-2021-11-20-at-8-17-41-PM_png.rf.27789e84d5f5ed0321cbe367950864bc.jpg,0,Acral_Lentiginous_Melanoma,0,Acral_Lentiginous_Melanoma,0.9239493,True,0.9239493,0.021064946,0.010035684,0.01162315,0.018943496,0.014383477
C:\Users\venka\Documents\Project\data\processed\test\Acral_Lentiginous_Melanoma\Screen-Shot-2021-11-20-at-8-18-57-PM_png.rf.cc4bd580ede15e97480ab4eef6d4d330.jpg,0,Acral_Lentiginous_Melanoma,0,Acral_Lentiginous_Melanoma,0.9128399,True,0.9128399,0.025583776,0.022171382,0.01937387,0.00951195,0.010519034
C:\Users\venka\Documents\Project\data\processed\test\Acral_Lentiginous_Melanoma\Screen-Shot-2021-11-20-at-8-19-36-PM_png.rf.ed8f7cdb6bb37c7478ad5de1cebbe8c4.jpg,0,Acral_Lentiginous_Melanoma,0,Acral_Lentiginous_Melanoma,0.9271063,True,0.9271063,0.021443311,0.011780861,0.012767495,0.01484062,0.01206149
C:\Users\venka\Documents\Project\data\processed\test\Acral_Lentiginous_Melanoma\Screen-Shot-2021-11-20-at-8-19-44-PM_png.rf.ff99432db18e600c9322229e7f6dfbdd.jpg,0,Acral_Lentiginous_Melanoma,0,Acral_Lentiginous_Melanoma,0.9344381,True,0.9344381,0.020114392,0.010330929,0.015645362,0.010270265,0.00920101
C:\Users\venka\Documents\Project\data\processed\test\Acral_Lentiginous_Melanoma\Screen-Shot-2021-11-20-at-8-19-58-PM_png.rf.ec028e7900c519619ffe896d06ed3563.jpg,0,Acral_Lentiginous_Melanoma,0,Acral_Lentiginous_Melanoma,0.9132417,True,0.9132417,0.023302834,0.014364822,0.027717352,0.008037301,0.013336051
C:\Users\venka\Documents\Project\data\processed\test\Acral_Lentiginous_Melanoma\Screen-Shot-2021-11-20-at-8-20-37-PM_png.rf.1177b908bb1bdf00d199844d967a21b6.jpg,0,Acral_Lentiginous_Melanoma,0,Acral_Lentiginous_Melanoma,0.9314662,True,0.9314662,0.015470264,0.0113433665,0.024751825,0.011714985,0.0052533364
C:\Users\venka\Documents\Project\data\processed\test\Acral_Lentiginous_Melanoma\Screen-Shot-2021-11-20-at-8-24-21-PM_png.rf.0f2dbe76a7763a4b85d582ba285fb3d7.jpg,0,Acral_Lentiginous_Melanoma,0,Acral_Lentiginous_Melanoma,0.9336178,True,0.9336178,0.01842188,0.013878544,0.016953826,0.007828601,0.009299508
C:\Users\venka\Documents\Project\data\processed\test\Acral_Lentiginous_Melanoma\Screen-Shot-2021-11-20-at-8-24-21-PM_png.rf.265a60011509c37fc669aeb2bc4dd86c.jpg,0,Acral_Lentiginous_Melanoma,0,Acral_Lentiginous_Melanoma,0.94115967,True,0.94115967,0.017817743,0.01308744,0.011610841,0.006614286,0.0097100325
C:\Users\venka\Documents\Project\data\processed\test\Acral_Lentiginous_Melanoma\Screen-Shot-2021-11-20-at-8-26-37-PM_png.rf.2c509916dff46da2beafd840d9976060.jpg,0,Acral_Lentiginous_Melanoma,0,Acral_Lentiginous_Melanoma,0.9139318,True,0.9139318,0.026428876,0.014517976,0.014889748,0.017639892,0.012591719
C:\Users\venka\Documents\Project\data\processed\test\Acral_Lentiginous_Melanoma\Screen-Shot-2021-11-20-at-8-26-59-PM_png.rf.3d83a31597c3eea022d92db406a40a34.jpg,0,Acral_Lentiginous_Melanoma,0,Acral_Lentiginous_Melanoma,0.94146377,True,0.94146377,0.021355072,0.0098221,0.008311696,0.007776166,0.011271173
C:\Users\venka\Documents\Project\data\processed\test\Acral_Lentiginous_Melanoma\Screen-Shot-2021-11-20-at-8-28-25-PM_png.rf.3f90a16cdb98234cf27b2b42847c369b.jpg,0,Acral_Lentiginous_Melanoma,0,Acral_Lentiginous_Melanoma,0.93704784,True,0.93704784,0.020266462,0.012809453,0.012851692,0.0077522807,0.009272259
C:\Users\venka\Documents\Project\data\processed\test\Acral_Lentiginous_Melanoma\Screen-Shot-2021-11-20-at-8-28-59-PM_png.rf.0bea19500f8b69b961a6c6a79017704f.jpg,0,Acral_Lentiginous_Melanoma,0,Acral_Lentiginous_Melanoma,0.9528159,True,0.9528159,0.016696416,0.008181786,0.0132409455,0.0021982153,0.0068667307
C:\Users\venka\Documents\Project\data\processed\test\Acral_Lentiginous_Melanoma\Screen-Shot-2021-11-20-at-8-29-24-PM_png.rf.6cf07d1e9803394a8a589e241a272ab8.jpg,0,Acral_Lentiginous_Melanoma,0,Acral_Lentiginous_Melanoma,0.90128285,True,0.90128285,0.032106858,0.014517267,0.025666822,0.010296541,0.01612971
C:\Users\venka\Documents\Project\data\processed\test\Acral_Lentiginous_Melanoma\Screen-Shot-2021-11-20-at-8-34-56-PM_png.rf.72ce587793ab2915b099dc0e0991d666.jpg,0,Acral_Lentiginous_Melanoma,0,Acral_Lentiginous_Melanoma,0.9058803,True,0.9058803,0.035814185,0.014649132,0.014169486,0.010473667,0.019013243
C:\Users\venka\Documents\Project\data\processed\test\Acral_Lentiginous_Melanoma\Screen-Shot-2021-11-20-at-8-35-45-PM_png.rf.d8bf9d4fce4fbf529a7bc20a35774965.jpg,0,Acral_Lentiginous_Melanoma,3,blue_finger,0.8580861,False,0.08922715,0.029979851,0.004971016,0.8580861,0.0066609974,0.011074868
C:\Users\venka\Documents\Project\data\processed\test\Acral_Lentiginous_Melanoma\Screen-Shot-2021-11-20-at-8-36-28-PM_png.rf.4f19bcd940707d52c460b9928b0c0b9e.jpg,0,Acral_Lentiginous_Melanoma,0,Acral_Lentiginous_Melanoma,0.9438285,True,0.9438285,0.016218975,0.009879556,0.008592075,0.011370758,0.01011015
C:\Users\venka\Documents\Project\data\processed\test\Acral_Lentiginous_Melanoma\Screen-Shot-2021-11-20-at-8-36-28-PM_png.rf.a0ef3501b28b4449d2f6e29070d68df0.jpg,0,Acral_Lentiginous_Melanoma,0,Acral_Lentiginous_Melanoma,0.92817336,True,0.92817336,0.020838123,0.014151604,0.014120085,0.012379285,0.010337472
C:\Users\venka\Documents\Project\data\processed\test\Acral_Lentiginous_Melanoma\Screen-Shot-2021-11-20-at-8-37-53-PM_png.rf.151e47104229715650edf3d2c616cd97.jpg,0,Acral_Lentiginous_Melanoma,0,Acral_Lentiginous_Melanoma,0.9374658,True,0.9374658,0.023125779,0.012259733,0.011804802,0.008187615,0.0071562883
C:\Users\venka\Documents\Project\data\processed\test\Acral_Lentiginous_Melanoma\Screen-Shot-2021-11-20-at-9-40-12-PM_png.rf.70c56945c09ee61fabe87c2d49b43524.jpg,0,Acral_Lentiginous_Melanoma,0,Acral_Lentiginous_Melanoma,0.94264424,True,0.94264424,0.022325182,0.009769117,0.008979299,0.007053941,0.009228166
C:\Users\venka\Documents\Project\data\processed\test\Acral_Lentiginous_Melanoma\Screen-Shot-2021-11-20-at-9-40-12-PM_png.rf.a64261b30e41669e1bda873e33209cb8.jpg,0,Acral_Lentiginous_Melanoma,0,Acral_Lentiginous_Melanoma,0.9453346,True,0.9453346,0.020750735,0.009336583,0.0075476468,0.007675426,0.00935506
C:\Users\venka\Documents\Project\data\processed\test\Acral_Lentiginous_Melanoma\Screen-Shot-2021-11-20-at-9-40-24-PM_png.rf.2e583a7fc84f93371b442de3084d0dec.jpg,0,Acral_Lentiginous_Melanoma,0,Acral_Lentiginous_Melanoma,0.93586844,True,0.93586844,0.020760564,0.0141622815,0.009367246,0.012056787,0.0077847177
C:\Users\venka\Documents\Project\data\processed\test\Acral_Lentiginous_Melanoma\Screen-Shot-2021-11-20-at-9-40-24-PM_png.rf.a13698104d86da1cf606e43a4b261213.jpg,0,Acral_Lentiginous_Melanoma,0,Acral_Lentiginous_Melanoma,0.9347035,True,0.9347035,0.020207953,0.010600678,0.017685825,0.009641718,0.0071602734
C:\Users\venka\Documents\Project\data\processed\test\Acral_Lentiginous_Melanoma\Screen-Shot-2021-11-20-at-9-40-40-PM_png.rf.4f81e7421f562007071bed7301865fbf.jpg,0,Acral_Lentiginous_Melanoma,0,Acral_Lentiginous_Melanoma,0.9112348,True,0.9112348,0.023090744,0.018746553,0.017918177,0.010195482,0.018814312
C:\Users\venka\Documents\Project\data\processed\test\Acral_Lentiginous_Melanoma\Screen-Shot-2021-11-20-at-9-44-26-PM_png.rf.40c5dc15cf021028b66093a6950f24d3.jpg,0,Acral_Lentiginous_Melanoma,0,Acral_Lentiginous_Melanoma,0.93799484,True,0.93799484,0.01396049,0.009844656,0.013249513,0.012732852,0.012217611
C:\Users\venka\Documents\Project\data\processed\test\Acral_Lentiginous_Melanoma\Screen-Shot-2021-11-20-at-9-44-34-PM_png.rf.4fa5a021cf00243d0650ba18e6fd1986.jpg,0,Acral_Lentiginous_Melanoma,0,Acral_Lentiginous_Melanoma,0.9132895,True,0.9132895,0.019793538,0.015900763,0.024811355,0.012411446,0.013793377
C:\Users\venka\Documents\Project\data\processed\test\Acral_Lentiginous_Melanoma\hutchinsons-nail-melanoma-Nameer-Al-Sudany_png.rf.0ac0ae87f994c75ff150cba6897a5e72.jpg,0,Acral_Lentiginous_Melanoma,0,Acral_Lentiginous_Melanoma,0.9384267,True,0.9384267,0.010718405,0.011753805,0.02365261,0.010859348,0.0045892023
C:\Users\venka\Documents\Project\data\processed\test\Acral_Lentiginous_Melanoma\hutchinsons-nail-melanoma-Nameer-Al-Sudany_png.rf.6e0ffcf4ec169817436e1047a6992284.jpg,0,Acral_Lentiginous_Melanoma,0,Acral_Lentiginous_Melanoma,0.95063674,True,0.95063674,0.011135097,0.005679359,0.013324317,0.016562205,0.0026622354
C:\Users\venka\Documents\Project\data\processed\test\Acral_Lentiginous_Melanoma\nail-melanoma-2-300x180_jpg.rf.15e478ceef3c930f98f08d67d4527183.jpg,0,Acral_Lentiginous_Melanoma,0,Acral_Lentiginous_Melanoma,0.9390441,True,0.9390441,0.017552732,0.011184858,0.008931725,0.014215198,0.009071414
C:\Users\venka\Documents\Project\data\processed\test\Acral_Lentiginous_Melanoma\p-1-womans-story-shows-why-you-should-never-ignore-black-line-on-your-nail-1506429403_jpg.rf.88ee9943b08313dde0aa6071626e751b.jpg,0,Acral_Lentiginous_Melanoma,0,Acral_Lentiginous_Melanoma,0.9497745,True,0.9497745,0.013001503,0.0076505695,0.011131343,0.009906872,0.008535157
C:\Users\venka\Documents\Project\data\processed\test\Acral_Lentiginous_Melanoma\prf_11_18_11_jpg.rf.57de670fa468da5dff96e0c2c6bce4fc.jpg,0,Acral_Lentiginous_Melanoma,0,Acral_Lentiginous_Melanoma,0.9299642,True,0.9299642,0.018054666,0.0065485584,0.014988084,0.022261418,0.008183095
C:\Users\venka\Documents\Project\data\processed\test\Healthy_Nail\h104_png.rf.a9d878a9da04641c85603d3e42c8360a.jpg,1,Healthy_Nail,1,Healthy_Nail,0.9669661,True,0.00810346,0.9669661,0.004044349,0.011878395,0.004607454,0.0044001965
C:\Users\venka\Documents\Project\data\processed\test\Healthy_Nail\h111_png.rf.ebeeca767049de4f1ab0698fe11c4cd9.jpg,1,Healthy_Nail,1,Healthy_Nail,0.9841561,True,0.0033316852,0.9841561,0.003205586,0.0035423161,0.0029308053,0.0028335599
C:\Users\venka\Documents\Project\data\processed\test\Healthy_Nail\h118_png.rf.923dc61b6027a6ac9b5645c1758b0cc7.jpg,1,Healthy_Nail,1,Healthy_Nail,0.9713245,True,0.006930207,0.9713245,0.0046872427,0.007332291,0.004154612,0.0055709947
C:\Users\venka\Documents\Project\data\processed\test\Healthy_Nail\h126_png.rf.fe389450428b17b72749de4debe2a368.jpg,1,Healthy_Nail,1,Healthy_Nail,0.9787965,True,0.0055594053,0.9787965,0.00363994,0.005164761,0.0032960537,0.0035432489
C:\Users\venka\Documents\Project\data\processed\test\Healthy_Nail\h132_png.rf.f837aa21de478ec2bff354d8fb39afff.jpg,1,Healthy_Nail,4,clubbing,0.8118662,False,0.020828841,0.06147571,0.016750123,0.07687821,0.8118662,0.012200802
C:\Users\venka\Documents\Project\data\processed\test\Healthy_Nail\h139_png.rf.d49706dd9198a3b97dbc61179887a4d6.jpg,1,Healthy_Nail,1,Healthy_Nail,0.984807,True,0.004150022,0.984807,0.002574601,0.0033162197,0.002612702,0.0025393663
C:\Users\venka\Documents\Project\data\processed\test\Healthy_Nail\h141_png.rf.0510aaee32ef8560e7cc658e8cd53e83.jpg,1,Healthy_Nail,1,Healthy_Nail,0.97860307,True,0.006459402,0.97860307,0.0018681205,0.0066918503,0.0029063832,0.0034711747
C:\Users\venka\Documents\Project\data\processed\test\Healthy_Nail\h141_png.rf.346abfd529845353266b5e9370558e8d.jpg,1,Healthy_Nail,1,Healthy_Nail,0.965132,True,0.006681838,0.965132,0.004080241,0.009173799,0.0073742094,0.0075577786
C:\Users\venka\Documents\Project\data\processed\test\Healthy_Nail\h14_png.rf.2e14dbbd69dfe15e888521fd5a4a9f5f.jpg,1,Healthy_Nail,1,Healthy_Nail,0.9707774,True,0.006028746,0.9707774,0.0030682832,0.0076707485,0.0065971664,0.005857572
C:\Users\venka\Documents\Project\data\processed\test\Healthy_Nail\h156_png.rf.16a36faf90963d495bf9253a70dcdb06.jpg,1,Healthy_Nail,1,Healthy_Nail,0.9737622,True,0.0049215844,0.9737622,0.005304659,0.006329002,0.004656007,0.0050265575
C:\Users\venka\Documents\Project\data\processed\test\Healthy_Nail\h160_png.rf.e2ec562dc82ec424d5df6a526273650e.jpg,1,Healthy_Nail,1,Healthy_Nail,0.9841629,True,0.0027393275,0.9841629,0.0023576631,0.0042416453,0.003084871,0.0034135256
C:\Users\venka\Documents\Project\data\processed\test\Healthy_Nail\h161_png.rf.edfd3c4123fcd7262eb94b254e1f1ee7.jpg,1,Healthy_Nail,1,Healthy_Nail,0.9752922,True,0.004036104,0.9752922,0.0034517804,0.0062525994,0.0038038646,0.007163518
C:\Users\venka\Documents\Project\data\processed\test\Healthy_Nail\h174_png.rf.c095281995d82f165c0a95227e62e282.jpg,1,Healthy_Nail,1,Healthy_Nail,0.9745173,True,0.0048850165,0.9745173,0.0039970507,0.007579371,0.0041702264,0.0048510195
C:\Users\venka\Documents\Project\data\processed\test\Healthy_Nail\h175_png.rf.f8e029cd77f6bd4fb36dbcfafd845975.jpg,1,Healthy_Nail,1,Healthy_Nail,0.9752094,True,0.004121813,0.9752094,0.004184726,0.005308914,0.006091665,0.005083606
C:\Users\venka\Documents\Project\data\processed\test\Healthy_Nail\h180_png.rf.b496b2324621bf7de58f06d2c6f7eaf6.jpg,1,Healthy_Nail,1,Healthy_Nail,0.9765916,True,0.0066789584,0.9765916,0.004512405,0.0051265885,0.0036648472,0.0034256796
C:\Users\venka\Documents\Project\data\processed\test\Healthy_Nail\h183_png.rf.0913ad03f9e3335bd99d568cd6890fbc.jpg,1,Healthy_Nail,1,Healthy_Nail,0.9769695,True,0.0033677523,0.9769695,0.003474171,0.005200972,0.006095915,0.0048917583
C:\Users\venka\Documents\Project\data\processed\test\Healthy_Nail\h183_png.rf.29bfe60873ddb26daf1a08f04172d1fb.jpg,1,Healthy_Nail,1,Healthy_Nail,0.9835904,True,0.0034754127,0.9835904,0.002283658,0.005044837,0.0034723931,0.0021333282
C:\Users\venka\Documents\Project\data\processed\test\Healthy_Nail\h184_png.rf.84c32ebbc134638d6fb6a2ce6b36dd43.jpg,1,Healthy_Nail,1,Healthy_Nail,0.9792198,True,0.0046377024,0.9792198,0.0028386703,0.0043114545,0.005634609,0.0033576759
C:\Users\venka\Documents\Project\data\processed\test\Healthy_Nail\h188_png.rf.fef821d12b34074953ae66f15eea9bd1.jpg,1,Healthy_Nail,1,Healthy_Nail,0.9749978,True,0.005840919,0.9749978,0.0049627856,0.0058430084,0.0047054784,0.0036498748
C:\Users\venka\Documents\Project\data\processed\test\Healthy_Nail\h198_png.rf.4b0dc37f37a55cb453d7cab97297d74d.jpg,1,Healthy_Nail,1,Healthy_Nail,0.98679906,True,0.0042633126,0.98679906,0.0022648328,0.0024991382,0.0022667411,0.0019068897
C:\Users\venka\Documents\Project\data\processed\test\Healthy_Nail\h198_png.rf.c5b93f9355e168321af43179bc94f9d0.jpg,1,Healthy_Nail,1,Healthy_Nail,0.98702943,True,0.0035234755,0.98702943,0.0028395164,0.0029305143,0.0020427532,0.0016343389
C:\Users\venka\Documents\Project\data\processed\test\Healthy_Nail\h200_png.rf.13175718027e6970f4d6bf5219118ed2.jpg,1,Healthy_Nail,1,Healthy_Nail,0.98157734,True,0.0037138925,0.98157734,0.004398291,0.004008918,0.002433508,0.0038680462
C:\Users\venka\Documents\Project\data\processed\test\Healthy_Nail\h220_png.rf.90f50aaad882dd8340f5d84f517b2cc7.jpg,1,Healthy_Nail,1,Healthy_Nail,0.9622869,True,0.008387702,0.9622869,0.005067852,0.008770767,0.007496499,0.0079902625
C:\Users\venka\Documents\Project\data\processed\test\Healthy_Nail\h232_png.rf.12d122e6d592038cc3dd3baecf93057a.jpg,1,Healthy_Nail,1,Healthy_Nail,0.97138464,True,0.0066959728,0.97138464,0.004649115,0.007425038,0.0040621436,0.0057830038
C:\Users\venka\Documents\Project\data\processed\test\Healthy_Nail\h251_png.rf.f90e932f96280e47669a748a805ca65a.jpg,1,Healthy_Nail,1,Healthy_Nail,0.9784465,True,0.005088696,0.9784465,0.004585331,0.0044890516,0.003004135,0.0043863743
C:\Users\venka\Documents\Project\data\processed\test\Healthy_Nail\h255_png.rf.bb2f41470ed0423b54e19a94711d27fd.jpg,1,Healthy_Nail,1,Healthy_Nail,0.97249615,True,0.0073678093,0.97249615,0.004427155,0.0067126583,0.0045399223,0.004456379
C:\Users\venka\Documents\Project\data\processed\test\Healthy_Nail\h260_png.rf.3dc359076d07fc4e618fff2f186f030f.jpg,1,Healthy_Nail,1,Healthy_Nail,0.9826346,True,0.0040900568,0.9826346,0.0030598352,0.003043665,0.0031501348,0.0040217396
C:\Users\venka\Documents\Project\data\processed\test\Healthy_Nail\h270_png.rf.bf8b27a483b7a12f179ac401c7f4eb7b.jpg,1,Healthy_Nail,1,Healthy_Nail,0.9765521,True,0.0032930593,0.9765521,0.007218668,0.0055007855,0.002744174,0.004691195
C:\Users\venka\Documents\Project\data\processed\test\Healthy_Nail\h279_png.rf.027bd495aee5613783a74fded98bea91.jpg,1,Healthy_Nail,1,Healthy_Nail,0.9852542,True,0.003474853,0.9852542,0.002516951,0.0044281036,0.0019354718,0.0023904135
C:\Users\venka\Documents\Project\data\processed\test\Healthy_Nail\h27_png.rf.9b007d56afacd71d36f9bde6bc96de28.jpg,1,Healthy_Nail,1,Healthy_Nail,0.9856899,True,0.0040152986,0.9856899,0.001708451,0.0032288146,0.0021210443,0.0032366067
C:\Users\venka\Documents\Project\data\processed\test\Healthy_Nail\h287_png.rf.13ce89991698acbba2b72de1a24c1f21.jpg,1,Healthy_Nail,1,Healthy_Nail,0.9694622,True,0.0084392475,0.9694622,0.005023806,0.008660757,0.0035483793,0.0048657395
C:\Users\venka\Documents\Project\data\processed\test\Healthy_Nail\h30_png.rf.d024b6b6f73a9a4c7d5e3b6037195d6d.jpg,1,Healthy_Nail,3,blue_finger,0.57689357,False,0.02896999,0.088937774,0.18987687,0.57689357,0.027577976,0.087743774
C:\Users\venka\Documents\Project\data\processed\test\Healthy_Nail\h32_png.rf.359367efa0a82fcebecb401b28687641.jpg,1,Healthy_Nail,1,Healthy_Nail,0.97418433,True,0.0058030323,0.97418433,0.004837438,0.0064649372,0.003479949,0.005230218
C:\Users\venka\Documents\Project\data\processed\test\Healthy_Nail\h33_png.rf.c731aa01b059058e8fa6c0b62238c493.jpg,1,Healthy_Nail,1,Healthy_Nail,0.98309016,True,0.004673079,0.98309016,0.0018971808,0.005262187,0.0028934453,0.0021838895
C:\Users\venka\Documents\Project\data\processed\test\Healthy_Nail\h43_png.rf.f72020a819108f8cb3c030e350a598c9.jpg,1,Healthy_Nail,1,Healthy_Nail,0.98977077,True,0.0032198043,0.98977077,0.0018053036,0.0016824143,0.001491748,0.0020300709
C:\Users\venka\Documents\Project\data\processed\test\Healthy_Nail\h44_png.rf.5bac7734223249eb4a86d8ce0b85d37e.jpg,1,Healthy_Nail,1,Healthy_Nail,0.9743129,True,0.006238915,0.9743129,0.0037165654,0.0060988036,0.0045517664,0.0050810883
C:\Users\venka\Documents\Project\data\processed\test\Healthy_Nail\h45_png.rf.ab5e1ddce36707185521a8c2686ffdc5.jpg,1,Healthy_Nail,1,Healthy_Nail,0.9568776,True,0.012155985,0.9568776,0.0068710046,0.010421391,0.006712475,0.0069615054
C:\Users\venka\Documents\Project\data\processed\test\Healthy_Nail\h46_png.rf.141839ec8f4de29255c1a25e61eb4ef6.jpg,1,Healthy_Nail,1,Healthy_Nail,0.97605395,True,0.00404264,0.97605395,0.002539331,0.006242671,0.006213917,0.004907484
C:\Users\venka\Documents\Project\data\processed\test\Healthy_Nail\h50_png.rf.57de926113e49f4d35dcea713fd75da9.jpg,1,Healthy_Nail,1,Healthy_Nail,0.9820226,True,0.0025526038,0.9820226,0.0029466522,0.0043976647,0.0034445222,0.0046359
C:\Users\venka\Documents\Project\data\processed\test\Healthy_Nail\h53_png.rf.a395cd41b3201ea7ddf73762e4f42903.jpg,1,Healthy_Nail,1,Healthy_Nail,0.9750268,True,0.005110773,0.9750268,0.0045291893,0.0057020877,0.003233649,0.006397367
C:\Users\venka\Documents\Project\data\processed\test\Healthy_Nail\h58_png.rf.4fa3217d68dbf56a8e3fe4da5806f925.jpg,1,Healthy_Nail,1,Healthy_Nail,0.98257357,True,0.004146644,0.98257357,0.0015468736,0.007428445,0.0013121886,0.0029923334
C:\Users\venka\Documents\Project\data\processed\test\Healthy_Nail\h58_png.rf.54eb6d3ba2631938b145b467aa3aa4a3.jpg,1,Healthy_Nail,1,Healthy_Nail,0.96849626,True,0.0055513415,0.96849626,0.0030225674,0.0071508656,0.007830789,0.007948172
C:\Users\venka\Documents\Project\data\processed\test\Healthy_Nail\h61_png.rf.9991b929612f1c1295f496f4d4f9055f.jpg,1,Healthy_Nail,1,Healthy_Nail,0.9598902,True,0.007621782,0.9598902,0.005865217,0.009306916,0.00820025,0.009115703
C:\Users\venka\Documents\Project\data\processed\test\Healthy_Nail\h68_png.rf.96bbb14eab5b7a57d29c989530ce9923.jpg,1,Healthy_Nail,1,Healthy_Nail,0.95980155,True,0.0069671255,0.95980155,0.006548774,0.0077128764,0.009939404,0.009030217
C:\Users\venka\Documents\Project\data\processed\test\Healthy_Nail\h71_png.rf.04f738cd92eb9e66495d71a6f42653bf.jpg,1,Healthy_Nail,1,Healthy_Nail,0.98526615,True,0.0024179374,0.98526615,0.0022267504,0.003544807,0.003089759,0.0034546715
C:\Users\venka\Documents\Project\data\processed\test\Healthy_Nail\h79_png.rf.12e27c25eb06da801e6eb883f678e13f.jpg,1,Healthy_Nail,1,Healthy_Nail,0.982689,True,0.003208229,0.982689,0.0028964938,0.004562438,0.0035606949,0.0030830577
C:\Users\venka\Documents\Project\data\processed\test\Healthy_Nail\h7_png.rf.d3e5329860a2f1204ffcfa7f7b723337.jpg,1,Healthy_Nail,1,Healthy_Nail,0.98450905,True,0.0035304432,0.98450905,0.0023280224,0.0028166322,0.0038759273,0.002939913
C:\Users\venka\Documents\Project\data\processed\test\Healthy_Nail\h82_png.rf.fa3a523852b26d85a11351f7f5024d11.jpg,1,Healthy_Nail,1,Healthy_Nail,0.9856188,True,0.0035519144,0.9856188,0.0024889149,0.0027910355,0.0016941486,0.003855085
C:\Users\venka\Documents\Project\data\processed\test\Healthy_Nail\h8_png.rf.18cf8f42edd727f5773d16367ea90206.jpg,1,Healthy_Nail,1,Healthy_Nail,0.9584298,True,0.0059339786,0.9584298,0.0059571606,0.014757564,0.0073647844,0.0075567476
C:\Users\venka\Documents\Project\data\processed\test\Healthy_Nail\h94_png.rf.28b247a7026c205d5fac12f94c9eb0d1.jpg,1,Healthy_Nail,1,Healthy_Nail,0.9836135,True,0.0036903697,0.9836135,0.0016911862,0.0038201716,0.0030120607,0.004172722
C:\Users\venka\Documents\Project\data\processed\test\Healthy_Nail\h96_png.rf.4c9214d277495117ddd887e99a368924.jpg,1,Healthy_Nail,1,Healthy_Nail,0.97727853,True,0.0056609483,0.97727853,0.0027742446,0.004992369,0.004725073,0.0045688204
C:\Users\venka\Documents\Project\data\processed\test\Onychogryphosis\Screen-Shot-2021-11-16-at-10-23-59-PM_png.rf.474828b6f410e39be4baee0e07688b7e.jpg,2,Onychogryphosis,2,Onychogryphosis,0.94894356,True,0.006822675,0.01786342,0.94894356,0.009187736,0.008656634,0.00852601
C:\Users\venka\Documents\Project\data\processed\test\Onychogryphosis\Screen-Shot-2021-11-16-at-10-24-09-PM_png.rf.864ca33e07c8aca34ad661182541cce1.jpg,2,Onychogryphosis,2,Onychogryphosis,0.8864021,True,0.012467841,0.024455074,0.8864021,0.00977828,0.036306515,0.03059019
C:\Users\venka\Documents\Project\data\processed\test\Onychogryphosis\Screen-Shot-2021-11-16-at-10-50-37-PM_png.rf.7b004b66ab876390c38bd8539bd1f19d.jpg,2,Onychogryphosis,2,Onychogryphosis,0.9230197,True,0.01064323,0.021258982,0.9230197,0.014921201,0.014198114,0.015958756
C:\Users\venka\Documents\Project\data\processed\test\Onychogryphosis\Screen-Shot-2021-11-16-at-10-50-37-PM_png.rf.b3d08086fca585d851cb164e60077075.jpg,2,Onychogryphosis,2,Onychogryphosis,0.9439322,True,0.008600744,0.01641571,0.9439322,0.011769606,0.007470832,0.011810979
C:\Users\venka\Documents\Project\data\processed\test\Onychogryphosis\Screen-Shot-2021-11-16-at-10-50-56-PM_png.rf.30471892cf5172a23621ac3e2679f780.jpg,2,Onychogryphosis,2,Onychogryphosis,0.9567809,True,0.0070292554,0.01479516,0.9567809,0.0064198175,0.005550162,0.009424824
C:\Users\venka\Documents\Project\data\processed\test\Onychogryphosis\Screenshot-2021-11-19-004020_png.rf.7917b3969d3c69cc2fd1db5c938dd42a.jpg,2,Onychogryphosis,2,Onychogryphosis,0.9451628,True,0.007893546,0.017166365,0.9451628,0.0111852,0.007200712,0.011391427
C:\Users\venka\Documents\Project\data\processed\test\Onychogryphosis\Screenshot-2021-11-19-004044_png.rf.a980597f1cef7522d19aa3867f8adce7.jpg,2,Onychogryphosis,2,Onychogryphosis,0.95284045,True,0.008228035,0.01361904,0.95284045,0.0087423995,0.005588797,0.010981302
C:\Users\venka\Documents\Project\data\processed\test\Onychogryphosis\Screenshot-2021-11-19-004140_png.rf.00e67b96eef54f23a92447e9b71b4f6c.jpg,2,Onychogryphosis,2,Onychogryphosis,0.79285175,True,0.15111336,0.026196703,0.79285175,0.0085660005,0.008264203,0.013007983
C:\Users\venka\Documents\Project\data\processed\test\Onychogryphosis\Screenshot-2021-11-19-004228_png.rf.e5493d6cdc6a7e0e490c8ec4c9b2cc94.jpg,2,Onychogryphosis,2,Onychogryphosis,0.8612091,True,0.015322126,0.03936121,0.8612091,0.014836559,0.043202292,0.026068786
C:\Users\venka\Documents\Project\data\processed\test\Onychogryphosis\Screenshot-2021-11-19-004245_png.rf.3aad5399770b399762b6982ec93e3cd4.jpg,2,Onychogryphosis,2,Onychogryphosis,0.94549376,True,0.008509196,0.018728804,0.94549376,0.008351077,0.008816215,0.0101009505
C:\Users\venka\Documents\Project\data\processed\test\Onychogryphosis\Screenshot-2021-11-19-005529_png.rf.ace0a2936805480bd2a6677bcb744a35.jpg,2,Onychogryphosis,2,Onychogryphosis,0.96395665,True,0.0079146,0.011687793,0.96395665,0.004500113,0.0051891427,0.0067517017
C:\Users\venka\Documents\Project\data\processed\test\Onychogryphosis\Screenshot-2021-11-19-005556_png.rf.1383dfc5938979d08ad18770319d96fb.jpg,2,Onychogryphosis,2,Onychogryphosis,0.94982463,True,0.008949611,0.014906629,0.94982463,0.007539191,0.005554395,0.013225542
C:\Users\venka\Documents\Project\data\processed\test\Onychogryphosis\Screenshot-2021-11-19-005556_png.rf.210dcad0e47babbef7c4f852df862785.jpg,2,Onychogryphosis,2,Onychogryphosis,0.9672262,True,0.003837378,0.011178537,0.9672262,0.0055535794,0.0033024412,0.008901812
C:\Users\venka\Documents\Project\data\processed\test\Onychogryphosis\Screenshot-2021-11-19-005611_png.rf.badd7102a280d9b29b9f998722a66fcc.jpg,2,Onychogryphosis,2,Onychogryphosis,0.95071566,True,0.008431239,0.017118929,0.95071566,0.0064950227,0.0048629353,0.0123762
C:\Users\venka\Documents\Project\data\processed\test\Onychogryphosis\Screenshot-2021-11-19-010109_png.rf.0223026760ccc4f75732c511c8b735bd.jpg,2,Onychogryphosis,2,Onychogryphosis,0.93275684,True,0.013127744,0.017163953,0.93275684,0.00911931,0.01080093,0.017031161
C:\Users\venka\Documents\Project\data\processed\test\Onychogryphosis\Screenshot-2021-11-19-010109_png.rf.1db8d003037b29db110d870740bafa67.jpg,2,Onychogryphosis,2,Onychogryphosis,0.92150515,True,0.011936041,0.020771796,0.92150515,0.013952228,0.013880138,0.01795457
C:\Users\venka\Documents\Project\data\processed\test\Onychogryphosis\Screenshot-2021-11-19-010147_png.rf.7cb20510a2d6d2d9c6fea995c8764380.jpg,2,Onychogryphosis,2,Onychogryphosis,0.9363179,True,0.008790794,0.018989291,0.9363179,0.012037147,0.010973905,0.012890896
C:\Users\venka\Documents\Project\data\processed\test\Onychogryphosis\Screenshot-2021-11-19-010215_png.rf.92a34bd70a355709199a94f939490de6.jpg,2,Onychogryphosis,2,Onychogryphosis,0.9468589,True,0.011839936,0.015293772,0.9468589,0.0109969815,0.004999815,0.01001065
C:\Users\venka\Documents\Project\data\processed\test\Onychogryphosis\Screenshot-2021-11-19-010332_png.rf.9eb9e9cf26c4acb3e5bb99ac776dce38.jpg,2,Onychogryphosis,2,Onychogryphosis,0.9520592,True,0.008104087,0.018630367,0.9520592,0.007295108,0.0068214266,0.0070897797
C:\Users\venka\Documents\Project\data\processed\test\Onychogryphosis\Screenshot-2021-11-19-010434_png.rf.2c67f735311f06475b15bd382873bfb5.jpg,2,Onychogryphosis,2,Onychogryphosis,0.9490908,True,0.006856869,0.016411379,0.9490908,0.010712116,0.0074938973,0.009435036
C:\Users\venka\Documents\Project\data\processed\test\Onychogryphosis\Screenshot-2021-11-19-010444_png.rf.c6835fd9b7be3bffdc635448d9751568.jpg,2,Onychogryphosis,2,Onychogryphosis,0.9628009,True,0.0052627414,0.01358507,0.9628009,0.0071157496,0.0061261505,0.0051094387
C:\Users\venka\Documents\Project\data\processed\test\Onychogryphosis\Screenshot-2021-11-19-010454_png.rf.b918ee588c1ce99dce715e64931b00a5.jpg,2,Onychogryphosis,2,Onychogryphosis,0.95656794,True,0.008102315,0.013840258,0.95656794,0.0074217157,0.007476876,0.0065909238
C:\Users\venka\Documents\Project\data\processed\test\Onychogryphosis\Screenshot-2021-11-19-010604_png.rf.ce790061c47f32fcbf2b6d47f5577b9f.jpg,2,Onychogryphosis,2,Onychogryphosis,0.9414866,True,0.008844195,0.020212345,0.9414866,0.013038211,0.0068749147,0.009543735
C:\Users\venka\Documents\Project\data\processed\test\Onychogryphosis\Screenshot-2021-11-19-010724_png.rf.717c93627701710f4b48c6dd4de93926.jpg,2,Onychogryphosis,2,Onychogryphosis,0.8573854,True,0.016518105,0.026372341,0.8573854,0.020732624,0.035305545,0.04368599
C:\Users\venka\Documents\Project\data\processed\test\Onychogryphosis\Screenshot-2021-11-19-010724_png.rf.e279442ed41808480d2e8d8eb43a37a8.jpg,2,Onychogryphosis,2,Onychogryphosis,0.9423869,True,0.005972096,0.016681982,0.9423869,0.014746788,0.009947117,0.010265123
C:\Users\venka\Documents\Project\data\processed\test\Onychogryphosis\Screenshot-2021-11-19-010751_png.rf.473f756cacc344e3df9cdd969706b279.jpg,2,Onychogryphosis,2,Onychogryphosis,0.9346135,True,0.007867826,0.02050169,0.9346135,0.011976152,0.01172373,0.013317054
C:\Users\venka\Documents\Project\data\processed\test\Onychogryphosis\Screenshot-2021-11-19-010751_png.rf.b74e43fbeb9ad7f74057c574a4dabfc2.jpg,2,Onychogryphosis,2,Onychogryphosis,0.8286471,True,0.010622879,0.058362436,0.8286471,0.026182735,0.041040782,0.035144106
C:\Users\venka\Documents\Project\data\processed\test\Onychogryphosis\Screenshot-2021-11-19-010857_png.rf.61b1ae126dc25100b5d7f41dfdc67b40.jpg,2,Onychogryphosis,2,Onychogryphosis,0.90701556,True,0.010185545,0.017635295,0.90701556,0.008142556,0.0096067535,0.047414254
C:\Users\venka\Documents\Project\data\processed\test\Onychogryphosis\Screenshot-2021-11-19-011002_png.rf.5b9e54e7478ddd3e1b631adbf52183a8.jpg,2,Onychogryphosis,2,Onychogryphosis,0.8958577,True,0.012134369,0.024780305,0.8958577,0.01870373,0.024387557,0.024136346
C:\Users\venka\Documents\Project\data\processed\test\Onychogryphosis\Screenshot-2021-11-19-011220_png.rf.306de9f567dc99bae011e71d67d4df21.jpg,2,Onychogryphosis,2,Onychogryphosis,0.9296436,True,0.009348748,0.017591082,0.9296436,0.01830009,0.012426861,0.012689731
C:\Users\venka\Documents\Project\data\processed\test\Onychogryphosis\Screenshot-2021-11-19-011259_png.rf.ef2619caa9f4d49f21250d6f16f5ef8d.jpg,2,Onychogryphosis,2,Onychogryphosis,0.936898,True,0.007361255,0.016758636,0.936898,0.0151408445,0.008582308,0.015258977
C:\Users\venka\Documents\Project\data\processed\test\Onychogryphosis\Screenshot-2021-11-19-011359_png.rf.a53d9b12762c221ae9e58eb1974b5f7f.jpg,2,Onychogryphosis,2,Onychogryphosis,0.95037323,True,0.007041127,0.017127115,0.95037323,0.010619959,0.006429299,0.0084092105
C:\Users\venka\Documents\Project\data\processed\test\Onychogryphosis\Screenshot-2021-11-19-012106_png.rf.efff6adef139efd98e2d95671d2506e8.jpg,2,Onychogryphosis,2,Onychogryphosis,0.9462651,True,0.0069003743,0.017262638,0.9462651,0.011551556,0.0089683365,0.009051975
C:\Users\venka\Documents\Project\data\processed\test\Onychogryphosis\Screenshot-2021-11-19-012333_png.rf.04ad8218c312d5e5bed15c037220e278.jpg,2,Onychogryphosis,2,Onychogryphosis,0.94323623,True,0.0107119195,0.012445453,0.94323623,0.010739819,0.008108932,0.014757713
C:\Users\venka\Documents\Project\data\processed\test\Onychogryphosis\Screenshot-2021-11-19-012721_png.rf.3afccdd6800487c49bd11a32982e5ae0.jpg,2,Onychogryphosis,2,Onychogryphosis,0.8948787,True,0.008173116,0.030357253,0.8948787,0.009899388,0.041904528,0.014787011
C:\Users\venka\Documents\Project\data\processed\test\Onychogryphosis\Screenshot-2021-11-19-012721_png.rf.cf83959180d7ec6e2c6e2b0e28ac32a5.jpg,2,Onychogryphosis,2,Onychogryphosis,0.8149264,True,0.023313835,0.0343774,0.8149264,0.009505645,0.10316104,0.014715733
C:\Users\venka\Documents\Project\data\processed\test\Onychogryphosis\Screenshot-2021-11-19-013239_png.rf.1dd9d28369fd9b8101f0ab6f720aa40c.jpg,2,Onychogryphosis,2,Onychogryphosis,0.9487343,True,0.0074225375,0.019786928,0.9487343,0.009452847,0.0051061446,0.009497341
C:\Users\venka\Documents\Project\data\processed\test\Onychogryphosis\Screenshot-2021-11-19-015033_png.rf.16a31ac1de4e4089667075fb82e0b289.jpg,2,Onychogryphosis,2,Onychogryphosis,0.93549794,True,0.0074646804,0.017944608,0.93549794,0.010933611,0.012835042,0.015324046
C:\Users\venka\Documents\Project\data\processed\test\Onychogryphosis\Screenshot-2021-11-19-015139_png.rf.23c0ff871f048456e699bd2a4df2b272.jpg,2,Onychogryphosis,2,Onychogryphosis,0.97727454,True,0.0030839737,0.009193414,0.97727454,0.00410593,0.0042213486,0.0021207728
C:\Users\venka\Documents\Project\data\processed\test\Onychogryphosis\Screenshot-2021-11-19-015917_png.rf.d149514b0ae955f0b4e39c55f3c56934.jpg,2,Onychogryphosis,2,Onychogryphosis,0.93747544,True,0.00790011,0.017775917,0.93747544,0.010884243,0.009624152,0.016340103
C:\Users\venka\Documents\Project\data\processed\test\Onychogryphosis\Screenshot-2021-11-19-020017_png.rf.867654faa6bb4b6ae653b6a7083d6464.jpg,2,Onychogryphosis,2,Onychogryphosis,0.91218376,True,0.01552659,0.030794015,0.91218376,0.013548868,0.014594389,0.013352418
C:\Users\venka\Documents\Project\data\processed\test\Onychogryphosis\Screenshot-2021-11-19-020122_png.rf.976bcc8def79d682a075beeb616443f6.jpg,2,Onychogryphosis,4,clubbing,0.49788463,False,0.015424419,0.073752806,0.117362775,0.022793638,0.49788463,0.2727818
C:\Users\venka\Documents\Project\data\processed\test\Onychogryphosis\Screenshot-2021-11-19-020122_png.rf.f6e29d323eae406d6256206434056988.jpg,2,Onychogryphosis,5,pitting,0.5974604,False,0.03860674,0.050865307,0.18904865,0.020483332,0.10353564,0.5974604
C:\Users\venka\Documents\Project\data\processed\test\Onychogryphosis\Screenshot-2021-11-19-020136_png.rf.19912db47255755ab8475645796db4d1.jpg,2,Onychogryphosis,2,Onychogryphosis,0.9521996,True,0.0058100806,0.01569601,0.9521996,0.0073046563,0.009317266,0.009672388
C:\Users\venka\Documents\Project\data\processed\test\Onychogryphosis\Screenshot-2021-11-19-020317_png.rf.95d8cd1cedb0e872a4ab55180c799ce7.jpg,2,Onychogryphosis,2,Onychogryphosis,0.9436925,True,0.0074055945,0.020961575,0.9436925,0.010944499,0.008984429,0.008011455
C:\Users\venka\Documents\Project\data\processed\test\Onychogryphosis\Screenshot-2021-11-19-020327_png.rf.52dadddf0722430159b4e7e261abc353.jpg,2,Onychogryphosis,2,Onychogryphosis,0.90708923,True,0.009799946,0.025280239,0.90708923,0.010745756,0.024602233,0.022482567
C:\Users\venka\Documents\Project\data\processed\test\Onychogryphosis\Screenshot-2021-11-19-021128_png.rf.e08ae6730d79b2cf69f69b9f2ccb3e02.jpg,2,Onychogryphosis,2,Onychogryphosis,0.9210093,True,0.012898186,0.02565085,0.9210093,0.012668989,0.017013412,0.010759251
C:\Users\venka\Documents\Project\data\processed\test\Onychogryphosis\Screenshot-2021-11-19-021309_png.rf.3a42324585aa4ef80b266c50b38b4044.jpg,2,Onychogryphosis,2,Onychogryphosis,0.9335986,True,0.01040033,0.022255974,0.9335986,0.012354177,0.008897354,0.012493625
C:\Users\venka\Documents\Project\data\processed\test\Onychogryphosis\Screenshot-2021-11-19-021909_png.rf.262175457e520d0803441e061118b24f.jpg,2,Onychogryphosis,2,Onychogryphosis,0.9458746,True,0.004718135,0.02174801,0.9458746,0.01072282,0.006450768,0.01048566
C:\Users\venka\Documents\Project\data\processed\test\Onychogryphosis\Screenshot-2021-11-19-021939_png.rf.1c98d73d9d99acba77451363cd8884bf.jpg,2,Onychogryphosis,2,Onychogryphosis,0.95847976,True,0.0037178278,0.018142726,0.95847976,0.0072193146,0.0031480626,0.009292399
C:\Users\venka\Documents\Project\data\processed\test\Onychogryphosis\Screenshot-2021-11-19-022255_png.rf.66aa41f8614fa9cdf519c9d7239576a0.jpg,2,Onychogryphosis,2,Onychogryphosis,0.95691645,True,0.0052186754,0.015131543,0.95691645,0.008015873,0.0069809086,0.0077365735
C:\Users\venka\Documents\Project\data\processed\test\Onychogryphosis\Screenshot-2021-11-19-022422_png.rf.16bef5c460ffd32263c7aeca8997d34f.jpg,2,Onychogryphosis,2,Onychogryphosis,0.94093376,True,0.01047921,0.016055783,0.94093376,0.013226575,0.009832691,0.009471928
C:\Users\venka\Documents\Project\data\processed\test\Onychogryphosis\Screenshot-2021-11-19-023646_png.rf.cf7787384031fa3972de80cf268d1baa.jpg,2,Onychogryphosis,2,Onychogryphosis,0.9408888,True,0.009036762,0.020683171,0.9408888,0.01199648,0.007584612,0.009810108
C:\Users\venka\Documents\Project\data\processed\test\Onychogryphosis\Screenshot-2021-11-19-024347_png.rf.06ee00379d1bdc0464e3282da47540e0.jpg,2,Onychogryphosis,2,Onychogryphosis,0.92187846,True,0.010245287,0.023754785,0.92187846,0.020926291,0.009472888,0.013722325
C:\Users\venka\Documents\Project\data\processed\test\Onychogryphosis\Screenshot-2021-11-19-025136_png.rf.27f009a1830c84f533df5589f5d71fe3.jpg,2,Onychogryphosis,2,Onychogryphosis,0.93454313,True,0.008177882,0.02121155,0.93454313,0.014414455,0.007832273,0.013820684
C:\Users\venka\Documents\Project\data\processed\test\Onychogryphosis\Screenshot-2021-11-19-025136_png.rf.ad4608dd80942f11b2bf5e068b6bfae2.jpg,2,Onychogryphosis,2,Onychogryphosis,0.9333007,True,0.013493982,0.022854311,0.9333007,0.008961459,0.008556034,0.0128336
C:\Users\venka\Documents\Project\data\processed\test\Onychogryphosis\Screenshot-2021-11-19-025158_png.rf.86d8d16b57b65cbaa4879b560dcbf204.jpg,2,Onychogryphosis,2,Onychogryphosis,0.8793179,True,0.018141396,0.037679628,0.8793179,0.023390645,0.027151879,0.014318552
C:\Users\venka\Documents\Project\data\processed\test\Onychogryphosis\Screenshot-2021-11-19-025646_png.rf.80fedb750f0f05269de3b43f65a6cb30.jpg,2,Onychogryphosis,2,Onychogryphosis,0.9513086,True,0.006290009,0.016126534,0.9513086,0.007658157,0.008789775,0.009826892
C:\Users\venka\Documents\Project\data\processed\test\Onychogryphosis\Screenshot-2021-11-19-031124_png.rf.721e73eecd34cd0b8899db2bf297b304.jpg,2,Onychogryphosis,2,Onychogryphosis,0.92603576,True,0.019092858,0.016974788,0.92603576,0.012373151,0.012510852,0.013012614
C:\Users\venka\Documents\Project\data\processed\test\Onychogryphosis\Screenshot-2021-11-21-162607_png.rf.15ed178e71d91d4eaefe52712969701d.jpg,2,Onychogryphosis,2,Onychogryphosis,0.93628794,True,0.010833426,0.018034207,0.93628794,0.010515549,0.010546342,0.013782467
C:\Users\venka\Documents\Project\data\processed\test\Onychogryphosis\Screenshot-2021-11-21-163024_png.rf.eba15c2f88898834eb0d98ed57319dd7.jpg,2,Onychogryphosis,2,Onychogryphosis,0.9455749,True,0.0040186965,0.023158535,0.9455749,0.013198873,0.006554689,0.0074943644
C:\Users\venka\Documents\Project\data\processed\test\Onychogryphosis\Screenshot-2021-11-21-163641_png.rf.5cdba0095e8bf150ddf9b2aa20491125.jpg,2,Onychogryphosis,2,Onychogryphosis,0.95209694,True,0.0063705994,0.015767882,0.95209694,0.00888263,0.007966862,0.008915011
C:\Users\venka\Documents\Project\data\processed\test\Onychogryphosis\Screenshot-2021-11-21-163641_png.rf.e1b2311d5d8ecbeefae88c340ab6f436.jpg,2,Onychogryphosis,2,Onychogryphosis,0.9384126,True,0.010178777,0.019188605,0.9384126,0.009549346,0.013810034,0.008860557
C:\Users\venka\Documents\Project\data\processed\test\Onychogryphosis\Screenshot-2021-11-21-163753_png.rf.fd9359dd60c3db0ddba12e42e7d49f35.jpg,2,Onychogryphosis,2,Onychogryphosis,0.9427218,True,0.008257766,0.020262696,0.9427218,0.010607587,0.0062045273,0.011945657
C:\Users\venka\Documents\Project\data\processed\test\Onychogryphosis\Screenshot-2021-11-21-165411_png.rf.e0e0980d40e76c09f8bbac625d2078a7.jpg,2,Onychogryphosis,2,Onychogryphosis,0.9193441,True,0.01291104,0.023182685,0.9193441,0.01947266,0.011861997,0.013227499
C:\Users\venka\Documents\Project\data\processed\test\Onychogryphosis\Screenshot-2021-11-21-165820_png.rf.5d424f5407705a95b7a1f5c7bfce8050.jpg,2,Onychogryphosis,2,Onychogryphosis,0.952895,True,0.0047915224,0.028110497,0.952895,0.005385977,0.0030513653,0.0057656965
C:\Users\venka\Documents\Project\data\processed\test\Onychogryphosis\Screenshot-2021-11-21-173027_png.rf.18c8ea745ca4a5f5f405ac8c7734fa45.jpg,2,Onychogryphosis,2,Onychogryphosis,0.7184681,True,0.17104597,0.04462231,0.7184681,0.02135706,0.015014127,0.029492458
C:\Users\venka\Documents\Project\data\processed\test\Onychogryphosis\Screenshot-2021-11-21-174132_png.rf.2a50016efcab5a3c211600718701d457.jpg,2,Onychogryphosis,2,Onychogryphosis,0.963616,True,0.005077333,0.011315769,0.963616,0.0085083665,0.00619195,0.005290581
C:\Users\venka\Documents\Project\data\processed\test\Onychogryphosis\Screenshot-2021-11-21-174430_png.rf.f9076618a0b138dcb3fa14c5c73835a6.jpg,2,Onychogryphosis,2,Onychogryphosis,0.9564388,True,0.00722666,0.012783609,0.9564388,0.008831755,0.0068246773,0.0078945
C:\Users\venka\Documents\Project\data\processed\test\Onychogryphosis\Screenshot-2021-11-21-174511_png.rf.c773854c9171450d768eb66812071b02.jpg,2,Onychogryphosis,2,Onychogryphosis,0.95180815,True,0.008474591,0.019161632,0.95180815,0.009195609,0.0040328237,0.0073272083
C:\Users\venka\Documents\Project\data\processed\test\Onychogryphosis\Screenshot-2021-11-21-192605_png.rf.54a2cd1af1614ded8f6413ebaa1c4821.jpg,2,Onychogryphosis,2,Onychogryphosis,0.9477773,True,0.00820142,0.015428772,0.9477773,0.010743186,0.0055240695,0.012325231
C:\Users\venka\Documents\Project\data\processed\test\Onychogryphosis\Screenshot-2021-11-21-192708_png.rf.9c71b339f437329051ad8145887a74c4.jpg,2,Onychogryphosis,2,Onychogryphosis,0.8998171,True,0.019300403,0.026433127,0.8998171,0.029690418,0.009151056,0.015607804
C:\Users\venka\Documents\Project\data\processed\test\Onychogryphosis\Screenshot-2021-11-21-193524_png.rf.9910f8a7b1a77cdc04b111008f30649a.jpg,2,Onychogryphosis,2,Onychogryphosis,0.94512284,True,0.0075668474,0.013312495,0.94512284,0.008539625,0.011679115,0.013779056
C:\Users\venka\Documents\Project\data\processed\test\Onychogryphosis\Screenshot-2021-11-21-193604_png.rf.bb2ef6b49eed974828dda3c011b7399f.jpg,2,Onychogryphosis,2,Onychogryphosis,0.90000266,True,0.010293723,0.02893752,0.90000266,0.008630793,0.028459307,0.023676073
C:\Users\venka\Documents\Project\data\processed\test\Onychogryphosis\Screenshot-2021-11-21-210225_png.rf.e2a4fa7afecd2198e5c7cc5618b6007e.jpg,2,Onychogryphosis,2,Onychogryphosis,0.94917375,True,0.0076207104,0.015193349,0.94917375,0.010583509,0.0078088925,0.009619737
C:\Users\venka\Documents\Project\data\processed\test\Onychogryphosis\Screenshot-2021-11-21-210436_png.rf.db9da827dea0600e4f09ae0d7c923554.jpg,2,Onychogryphosis,2,Onychogryphosis,0.91158235,True,0.015617116,0.023931384,0.91158235,0.023426682,0.013627137,0.011815251
C:\Users\venka\Documents\Project\data\processed\test\Onychogryphosis\Screenshot-2021-11-21-230209_png.rf.1da7be26ca43d5150aef9526ba89aef0.jpg,2,Onychogryphosis,2,Onychogryphosis,0.94091046,True,0.008318699,0.020259408,0.94091046,0.012659896,0.007252571,0.010598996
C:\Users\venka\Documents\Project\data\processed\test\Onychogryphosis\Screenshot-2021-11-21-230252_png.rf.6cc27efcf4e5ccca5466427d6b73e829.jpg,2,Onychogryphosis,2,Onychogryphosis,0.9431584,True,0.008456643,0.020914217,0.9431584,0.012074366,0.0071762437,0.008220068
C:\Users\venka\Documents\Project\data\processed\test\Onychogryphosis\Screenshot-2021-11-21-231416_png.rf.cab8fff8a967ffb3b6c7bdb528bd46d9.jpg,2,Onychogryphosis,2,Onychogryphosis,0.95407325,True,0.008031049,0.010772236,0.95407325,0.01478145,0.0059126783,0.006429381
C:\Users\venka\Documents\Project\data\processed\test\Onychogryphosis\Screenshot-2021-11-21-231905_png.rf.02e61979791a981a35f04cbc6a8a6a4e.jpg,2,Onychogryphosis,2,Onychogryphosis,0.95132273,True,0.011037742,0.01076701,0.95132273,0.013306614,0.0055963015,0.0079696085
C:\Users\venka\Documents\Project\data\processed\test\Onychogryphosis\Screenshot-2021-11-21-232620_png.rf.2363290c87015bfb7e2268f2952ad990.jpg,2,Onychogryphosis,2,Onychogryphosis,0.68905705,True,0.16208158,0.044643167,0.68905705,0.03485183,0.014051167,0.055315193
C:\Users\venka\Documents\Project\data\processed\test\Onychogryphosis\Screenshot-2021-11-21-232620_png.rf.f56968a71e51fdf5012b681ee803460b.jpg,2,Onychogryphosis,2,Onychogryphosis,0.9235043,True,0.010270081,0.023557663,0.9235043,0.01660834,0.005254179,0.020805372
C:\Users\venka\Documents\Project\data\processed\test\Onychogryphosis\Screenshot-2021-11-21-233854_png.rf.33db624b7305f843ffaad4e603aa8fd8.jpg,2,Onychogryphosis,2,Onychogryphosis,0.9200376,True,0.01514385,0.024411945,0.9200376,0.010471078,0.014329413,0.015606028
C:\Users\venka\Documents\Project\data\processed\test\Onychogryphosis\Screenshot-2021-11-21-234423_png.rf.3aa2d19cce27aed6e6b146c157e3b9fa.jpg,2,Onychogryphosis,2,Onychogryphosis,0.94837296,True,0.005295583,0.015862623,0.94837296,0.009131352,0.006117182,0.015220264
C:\Users\venka\Documents\Project\data\processed\test\Onychogryphosis\Screenshot-2021-11-21-235210_png.rf.bd4fc90a5cf2e6eed3ff147800e9ffdd.jpg,2,Onychogryphosis,2,Onychogryphosis,0.9155805,True,0.013069973,0.024302104,0.9155805,0.017283438,0.010540487,0.019223483
C:\Users\venka\Documents\Project\data\processed\test\Onychogryphosis\Screenshot-2021-11-22-012951_png.rf.adb97387444e035a53a2e77dae6a65ed.jpg,2,Onychogryphosis,2,Onychogryphosis,0.9481578,True,0.008364256,0.014088356,0.9481578,0.013220078,0.00961219,0.0065574013
C:\Users\venka\Documents\Project\data\processed\test\Onychogryphosis\Screenshot-2021-11-22-012951_png.rf.b41f85cc45a2647436aca514e7b7453b.jpg,2,Onychogryphosis,2,Onychogryphosis,0.96117336,True,0.005836876,0.011190243,0.96117336,0.007757282,0.008001181,0.006041089
C:\Users\venka\Documents\Project\data\processed\test\Onychogryphosis\Screenshot-2021-11-22-014500_png.rf.8e6fdec0d4e8c811ae3ecf21a020639b.jpg,2,Onychogryphosis,2,Onychogryphosis,0.9370103,True,0.010354043,0.01655262,0.9370103,0.015291569,0.007434385,0.013357184
C:\Users\venka\Documents\Project\data\processed\test\Onychogryphosis\Screenshot-2021-11-22-015012_png.rf.e033e5dd1e1b0ed03e8ce9b415c084af.jpg,2,Onychogryphosis,2,Onychogryphosis,0.92335224,True,0.014241641,0.020052515,0.92335224,0.015578441,0.015470732,0.011304444
C:\Users\venka\Documents\Project\data\processed\test\Onychogryphosis\Screenshot-2021-11-22-015012_png.rf.faf4de1891ee699454716b3406b7f69a.jpg,2,Onychogryphosis,2,Onychogryphosis,0.9246836,True,0.013761579,0.018200181,0.9246836,0.01585646,0.018270502,0.0092277145
C:\Users\venka\Documents\Project\data\processed\test\Onychogryphosis\Screenshot-2021-11-22-015244_png.rf.9709ccbc3f00d355405b3d61be96ea93.jpg,2,Onychogryphosis,2,Onychogryphosis,0.93620986,True,0.00803002,0.015018908,0.93620986,0.012061335,0.011329469,0.017350426
C:\Users\venka\Documents\Project\data\processed\test\Onychogryphosis\Screenshot-2021-11-22-015522_png.rf.5f13391b027570ed8fcfbb6ab57f038a.jpg,2,Onychogryphosis,2,Onychogryphosis,0.94082993,True,0.009778423,0.01970469,0.94082993,0.011079597,0.008760187,0.009847094
C:\Users\venka\Documents\Project\data\processed\test\Onychogryphosis\Screenshot-2021-11-22-015641_png.rf.155c2fb8c5e8798cd28e49ac73d8774d.jpg,2,Onychogryphosis,2,Onychogryphosis,0.9099684,True,0.014714968,0.031365886,0.9099684,0.020531021,0.0091509065,0.014268842
C:\Users\venka\Documents\Project\data\processed\test\Onychogryphosis\Screenshot-2021-11-22-015641_png.rf.321f509a32a284dac73194fd1d64a7c2.jpg,2,Onychogryphosis,2,Onychogryphosis,0.9446557,True,0.0069973324,0.025903216,0.9446557,0.006236416,0.0056423084,0.010565007
C:\Users\venka\Documents\Project\data\processed\test\Onychogryphosis\Screenshot-2021-11-22-015804_png.rf.e402acb29d1fe5d722f106357a9f177c.jpg,2,Onychogryphosis,2,Onychogryphosis,0.9270764,True,0.005688766,0.01882186,0.9270764,0.014156104,0.005836957,0.0284199
C:\Users\venka\Documents\Project\data\processed\test\Onychogryphosis\Screenshot-2021-11-22-020018_png.rf.829122f77e2386494bf903ffb53ec004.jpg,2,Onychogryphosis,2,Onychogryphosis,0.93923074,True,0.0036428485,0.016074128,0.93923074,0.008993238,0.014623948,0.01743507
C:\Users\venka\Documents\Project\data\processed\test\Onychogryphosis\Screenshot-2021-11-22-020526_png.rf.aa2bdc8ad4ef792a260f56cd314a0658.jpg,2,Onychogryphosis,2,Onychogryphosis,0.92573714,True,0.022046568,0.01500051,0.92573714,0.015034165,0.006034822,0.016146772
C:\Users\venka\Documents\Project\data\processed\test\Onychogryphosis\Screenshot-2021-11-22-020714_png.rf.99b221cb0412a8282ac35290cb25a5f4.jpg,2,Onychogryphosis,2,Onychogryphosis,0.93928576,True,0.008966408,0.02090209,0.93928576,0.013650817,0.007055,0.010139919
C:\Users\venka\Documents\Project\data\processed\test\Onychogryphosis\Screenshot-2021-11-22-020714_png.rf.b01bf1fad1e374d9f8125b2c4d855ace.jpg,2,Onychogryphosis,2,Onychogryphosis,0.9507752,True,0.016651096,0.0145936515,0.9507752,0.0052971873,0.006425593,0.0062571554
C:\Users\venka\Documents\Project\data\processed\test\Onychogryphosis\Screenshot-2021-11-22-021051_png.rf.8cd7dd8535761b774588c7ecc4373722.jpg,2,Onychogryphosis,2,Onychogryphosis,0.9399722,True,0.008881222,0.020049708,0.9399722,0.011786947,0.010433169,0.008876697
C:\Users\venka\Documents\Project\data\processed\test\Onychogryphosis\images--66D6Hn_jpeg.rf.4a23427324684d761e7d8916fc6faefb.jpg,2,Onychogryphosis,2,Onychogryphosis,0.95108134,True,0.0030589562,0.01926468,0.95108134,0.010838392,0.0033289634,0.012427641
C:\Users\venka\Documents\Project\data\processed\test\Onychogryphosis\images--79BNfh_jpeg.rf.0f0ed2addfd11f5747e7af9a073b3637.jpg,2,Onychogryphosis,2,Onychogryphosis,0.96079415,True,0.0058304793,0.0135604665,0.96079415,0.0076376875,0.0044683674,0.0077089556
C:\Users\venka\Documents\Project\data\processed\test\Onychogryphosis\images--7hiLgj_jpeg.rf.07badc72cc0a18d2ce89778c0eb02028.jpg,2,Onychogryphosis,2,Onychogryphosis,0.50355464,True,0.25717157,0.123405,0.50355464,0.021341112,0.045473266,0.049054347
C:\Users\venka\Documents\Project\data\processed\test\Onychogryphosis\images--sqWhaj_jpeg.rf.2815459cd3bf1013f31390cc0d957f4c.jpg,2,Onychogryphosis,2,Onychogryphosis,0.8680469,True,0.022401381,0.034604717,0.8680469,0.02400145,0.022900488,0.028045034
C:\Users\venka\Documents\Project\data\processed\test\blue_finger\3537c880a6f711e688859b4b6be08695-Fig_3A_red-purple_discoloration_JPG.rf.61c1f59c35c9ae93a89c356b3d0786eb.jpg,3,blue_finger,3,blue_finger,0.94836414,True,0.01839219,0.014925939,0.008195944,0.94836414,0.0025028337,0.0076189423
C:\Users\venka\Documents\Project\data\processed\test\blue_finger\3537c880a6f711e688859b4b6be08695-Fig_3A_red-purple_discoloration_JPG.rf.9c6f3181cc588acd8bad259f00e3cab3.jpg,3,blue_finger,3,blue_finger,0.92909145,True,0.02515204,0.024734834,0.008879561,0.92909145,0.0047646547,0.0073773973
C:\Users\venka\Documents\Project\data\processed\test\blue_finger\Screen-Shot-2021-10-15-at-10-36-15-AM_png.rf.07fe9e00799550cf0f7834112b8b1a9d.jpg,3,blue_finger,3,blue_finger,0.9493585,True,0.0084642265,0.015967939,0.0083417045,0.9493585,0.006319153,0.011548421
C:\Users\venka\Documents\Project\data\processed\test\blue_finger\Screen-Shot-2021-10-15-at-10-36-15-AM_png.rf.4dc9d4e3de78f1e786a5620c9e491a25.jpg,3,blue_finger,3,blue_finger,0.9464683,True,0.00842933,0.013770821,0.0102012595,0.9464683,0.012514822,0.008615436
C:\Users\venka\Documents\Project\data\processed\test\blue_finger\Screen-Shot-2021-10-15-at-10-36-37-AM_png.rf.06f237bfd23271070895d3a22d742b18.jpg,3,blue_finger,3,blue_finger,0.9396854,True,0.005492763,0.02571739,0.005142735,0.9396854,0.017564997,0.0063967463
C:\Users\venka\Documents\Project\data\processed\test\blue_finger\Screen-Shot-2021-10-15-at-10-36-41-AM_png.rf.ead8fc33ed8772a6c1493ae9e7109253.jpg,3,blue_finger,3,blue_finger,0.9534998,True,0.005638088,0.012514276,0.008719276,0.9534998,0.0070203682,0.012608175
C:\Users\venka\Documents\Project\data\processed\test\blue_finger\Screen-Shot-2021-10-15-at-10-38-28-AM_png.rf.4d8428e243af7ff56330dbe382c35d31.jpg,3,blue_finger,3,blue_finger,0.9676619,True,0.005454099,0.008610528,0.00428252,0.9676619,0.005373485,0.008617429
C:\Users\venka\Documents\Project\data\processed\test\blue_finger\Screen-Shot-2021-10-15-at-10-38-37-AM_png.rf.0070f2e5afc63e4dbe2ccf36a8992c91.jpg,3,blue_finger,3,blue_finger,0.9637189,True,0.0050418093,0.014806313,0.006013241,0.9637189,0.0048506726,0.0055690696
C:\Users\venka\Documents\Project\data\processed\test\blue_finger\Screen-Shot-2021-10-15-at-10-38-37-AM_png.rf.db278dce2e507e7c5ea6bb019de05d71.jpg,3,blue_finger,3,blue_finger,0.96205634,True,0.006496915,0.011637824,0.006486354,0.96205634,0.004504511,0.008818017
C:\Users\venka\Documents\Project\data\processed\test\blue_finger\Screen-Shot-2021-10-15-at-10-39-17-AM_png.rf.3511fce5a257d00f145d61aba9123e8c.jpg,3,blue_finger,3,blue_finger,0.96882445,True,0.0040831254,0.011549222,0.0034336343,0.96882445,0.0029632046,0.009146396
C:\Users\venka\Documents\Project\data\processed\test\blue_finger\Screen-Shot-2021-10-15-at-10-39-29-AM_png.rf.c55061cef102fdab5dcb7ecc681b98c1.jpg,3,blue_finger,3,blue_finger,0.95550984,True,0.0070363516,0.014720637,0.0090731615,0.95550984,0.005812829,0.007847167
C:\Users\venka\Documents\Project\data\processed\test\blue_finger\Screen-Shot-2021-10-15-at-10-39-37-AM_png.rf.a5656d52ec986465d46d9c237e9491fb.jpg,3,blue_finger,3,blue_finger,0.9265872,True,0.011220225,0.019786648,0.012688811,0.9265872,0.013552877,0.01616422
C:\Users\venka\Documents\Project\data\processed\test\blue_finger\Screen-Shot-2021-10-15-at-10-40-07-AM_png.rf.ac1bd481a7768d536d4b898885ff708f.jpg,3,blue_finger,3,blue_finger,0.9590204,True,0.0067238184,0.014111361,0.0061360267,0.9590204,0.0054070055,0.00860147
C:\Users\venka\Documents\Project\data\processed\test\blue_finger\Screen-Shot-2021-10-15-at-10-43-46-AM_png.rf.020015f536c0f6cd8b87421b50930bf2.jpg,3,blue_finger,3,blue_finger,0.9629465,True,0.0072662435,0.012016604,0.0046956716,0.9629465,0.0037693738,0.009305712
C:\Users\venka\Documents\Project\data\processed\test\blue_finger\Screen-Shot-2021-10-15-at-10-43-46-AM_png.rf.f6e7ef3e2a91b5aa0dbfcd5290d756fb.jpg,3,blue_finger,3,blue_finger,0.9537871,True,0.0072983284,0.016537175,0.006852975,0.9537871,0.0033734692,0.012151028
C:\Users\venka\Documents\Project\data\processed\test\blue_finger\Screen-Shot-2021-10-15-at-10-44-24-AM_png.rf.0fc15e7d1ca7e1dd1009010d21c4b025.jpg,3,blue_finger,3,blue_finger,0.9609277,True,0.005075351,0.015657008,0.0038046858,0.9609277,0.0060096057,0.0085255755
C:\Users\venka\Documents\Project\data\processed\test\blue_finger\Screen-Shot-2021-10-15-at-10-51-25-AM_png.rf.a3d1d5f2dd4092e4490eb46d145115e6.jpg,3,blue_finger,3,blue_finger,0.9659355,True,0.003940547,0.012083703,0.0055753966,0.9659355,0.007876552,0.0045883395
C:\Users\venka\Documents\Project\data\processed\test\blue_finger\Screen-Shot-2021-10-15-at-11-10-13-AM_png.rf.bef8259bdd3b9c60cf47440f0f271dfb.jpg,3,blue_finger,3,blue_finger,0.9030002,True,0.008114096,0.031071339,0.005812907,0.9030002,0.026542125,0.025459448
C:\Users\venka\Documents\Project\data\processed\test\blue_finger\Screen-Shot-2021-10-15-at-11-10-13-AM_png.rf.f6837256b92b4414bc5bb1ee6f1ae872.jpg,3,blue_finger,3,blue_finger,0.9216983,True,0.014071969,0.01656683,0.007418296,0.9216983,0.02747071,0.012773919
C:\Users\venka\Documents\Project\data\processed\test\blue_finger\Screen-Shot-2021-10-15-at-11-11-16-AM_png.rf.abb7e53099b9167c9c3665332cd601ca.jpg,3,blue_finger,3,blue_finger,0.937828,True,0.00983049,0.017552424,0.013007569,0.937828,0.014166682,0.007614859
C:\Users\venka\Documents\Project\data\processed\test\blue_finger\Screen-Shot-2021-10-15-at-11-11-25-AM_png.rf.e2472a5d8eee70b2b3051b971684bbf2.jpg,3,blue_finger,3,blue_finger,0.9543155,True,0.0057621375,0.013985119,0.008942749,0.9543155,0.008845423,0.008149058
C:\Users\venka\Documents\Project\data\processed\test\blue_finger\Screen-Shot-2021-10-15-at-11-11-25-AM_png.rf.e71f3c9923a9c0976479cf7a61c1e3bf.jpg,3,blue_finger,3,blue_finger,0.91852784,True,0.0065982365,0.041197803,0.0065178704,0.91852784,0.012534276,0.014624029
C:\Users\venka\Documents\Project\data\processed\test\blue_finger\Screen-Shot-2021-10-15-at-9-30-50-AM_png.rf.01a0b573ad637eb8c8e635e2af97687b.jpg,3,blue_finger,3,blue_finger,0.9521557,True,0.008331265,0.010827434,0.01039505,0.9521557,0.0076123327,0.010678129
C:\Users\venka\Documents\Project\data\processed\test\blue_finger\Screen-Shot-2021-10-15-at-9-30-50-AM_png.rf.0eeec8e1e28fac5468861de0b4875829.jpg,3,blue_finger,3,blue_finger,0.946289,True,0.012434096,0.018256016,0.009713096,0.946289,0.0047565023,0.008551349
C:\Users\venka\Documents\Project\data\processed\test\blue_finger\Screen-Shot-2021-10-15-at-9-30-55-AM_png.rf.b6e8276f01038e40c634a684f6efea01.jpg,3,blue_finger,3,blue_finger,0.9470162,True,0.0074226493,0.010343496,0.0053400714,0.9470162,0.0015363418,0.028341256
C:\Users\venka\Documents\Project\data\processed\test\blue_finger\Screen-Shot-2021-10-15-at-9-31-06-AM_png.rf.0c1f8e2620181d26281be1dae5767134.jpg,3,blue_finger,3,blue_finger,0.9646467,True,0.004768789,0.015507563,0.004620359,0.9646467,0.0035116433,0.0069448953
C:\Users\venka\Documents\Project\data\processed\test\blue_finger\Screen-Shot-2021-11-22-at-10-05-18-PM_png.rf.3001a131b94fa69e07a045c4dea95aa8.jpg,3,blue_finger,3,blue_finger,0.9636519,True,0.010408319,0.013564098,0.0046866117,0.9636519,0.0037288284,0.0039602653
C:\Users\venka\Documents\Project\data\processed\test\blue_finger\Screen-Shot-2021-11-22-at-10-06-57-PM_png.rf.37ea9a70aed08c17111561f7ff997b58.jpg,3,blue_finger,3,blue_finger,0.90865606,True,0.012041124,0.040703937,0.010120529,0.90865606,0.018392432,0.010085862
C:\Users\venka\Documents\Project\data\processed\test\blue_finger\Screen-Shot-2021-11-22-at-10-09-28-PM_png.rf.492c16db531a69e5dd109057208e1300.jpg,3,blue_finger,3,blue_finger,0.8658237,True,0.010503959,0.022978775,0.01414978,0.8658237,0.07621503,0.01032874
C:\Users\venka\Documents\Project\data\processed\test\blue_finger\Screen-Shot-2021-11-22-at-10-09-58-PM_png.rf.ed3e4c485a4cb3f6af073a31b1ce112e.jpg,3,blue_finger,3,blue_finger,0.8252761,True,0.038771946,0.056995574,0.009603839,0.8252761,0.023977367,0.045375243
C:\Users\venka\Documents\Project\data\processed\test\blue_finger\Screen-Shot-2021-11-22-at-10-09-58-PM_png.rf.f357adca933ff843d33f651fea90a597.jpg,3,blue_finger,3,blue_finger,0.9420963,True,0.013027202,0.018210454,0.0067948466,0.9420963,0.008614397,0.011256839
C:\Users\venka\Documents\Project\data\processed\test\blue_finger\Screen-Shot-2021-11-22-at-4-49-53-PM_png.rf.f269cc724a0412f2f709e7fe2105b56a.jpg,3,blue_finger,3,blue_finger,0.9485669,True,0.007409202,0.018785693,0.007902549,0.9485669,0.0076896814,0.009645914
C:\Users\venka\Documents\Project\data\processed\test\blue_finger\Screen-Shot-2021-11-22-at-4-50-45-PM_png.rf.09f6901091920ba4e757969e9a61a283.jpg,3,blue_finger,3,blue_finger,0.9330584,True,0.0072757145,0.020935923,0.009896136,0.9330584,0.01997564,0.008858255
C:\Users\venka\Documents\Project\data\processed\test\blue_finger\Screen-Shot-2021-11-22-at-4-57-31-PM_png.rf.fb3f46396a157401c25ce607e8ea475b.jpg,3,blue_finger,3,blue_finger,0.9547776,True,0.008085824,0.014269822,0.006820345,0.9547776,0.01008697,0.0059594344
C:\Users\venka\Documents\Project\data\processed\test\blue_finger\Screen-Shot-2021-11-22-at-4-57-51-PM_png.rf.d1a6fe9f251911fc2a5fe4cb1b75e848.jpg,3,blue_finger,3,blue_finger,0.95300853,True,0.0042185895,0.018139292,0.005742248,0.95300853,0.008394301,0.010497109
C:\Users\venka\Documents\Project\data\processed\test\blue_finger\Screen-Shot-2021-11-22-at-5-01-41-PM_png.rf.9db9fb4e806cc607b53d538a9e84904b.jpg,3,blue_finger,3,blue_finger,0.8714345,True,0.011038206,0.026344256,0.024546837,0.8714345,0.039064486,0.027571643
C:\Users\venka\Documents\Project\data\processed\test\blue_finger\Screen-Shot-2021-11-22-at-5-02-29-PM_png.rf.b395747583bcccc59638dfd47b0bfebb.jpg,3,blue_finger,3,blue_finger,0.95120066,True,0.009854295,0.015022877,0.0066429144,0.95120066,0.0069714277,0.010307883
C:\Users\venka\Documents\Project\data\processed\test\blue_finger\Screen-Shot-2021-11-22-at-5-03-01-PM_png.rf.5a7a6f1d4a3731323942f3bd47425522.jpg,3,blue_finger,3,blue_finger,0.93990594,True,0.0074478784,0.021897372,0.01090322,0.93990594,0.011614859,0.008230817
C:\Users\venka\Documents\Project\data\processed\test\blue_finger\Screen-Shot-2021-11-22-at-5-03-11-PM_png.rf.7ce4545c923eb10b2bd8215d89c18c0b.jpg,3,blue_finger,3,blue_finger,0.95390886,True,0.004777864,0.016930334,0.0071062814,0.95390886,0.007577319,0.009699245
C:\Users\venka\Documents\Project\data\processed\test\blue_finger\Screen-Shot-2021-11-22-at-5-05-41-PM_png.rf.d66dc6eaa47882611fb807a638bd93ee.jpg,3,blue_finger,3,blue_finger,0.95162743,True,0.0104227215,0.015769675,0.0075227963,0.95162743,0.005580884,0.009076436
C:\Users\venka\Documents\Project\data\processed\test\blue_finger\Screen-Shot-2021-11-22-at-5-05-43-PM_png.rf.d2a0a8780d0baba489dd43395501bd74.jpg,3,blue_finger,3,blue_finger,0.9606074,True,0.0076058377,0.0135333,0.0044552414,0.9606074,0.0066142385,0.0071839993
C:\Users\venka\Documents\Project\data\processed\test\blue_finger\Screen-Shot-2021-11-22-at-5-06-00-PM_png.rf.8385f1d0fe91b9f590e39c3acc4378e3.jpg,3,blue_finger,3,blue_finger,0.69964075,True,0.026106156,0.04144426,0.018833099,0.69964075,0.17997344,0.034002278
C:\Users\venka\Documents\Project\data\processed\test\blue_finger\Screen-Shot-2021-11-22-at-5-06-33-PM_png.rf.a6ffd33551d7738fd2a05e5ebe6a1de5.jpg,3,blue_finger,3,blue_finger,0.95787615,True,0.00706779,0.014677106,0.0044592405,0.95787615,0.009533512,0.006386151
C:\Users\venka\Documents\Project\data\processed\test\blue_finger\Screen-Shot-2021-11-22-at-5-09-59-PM_png.rf.1c6a1bd2cbb3d89a30fd2e7f31af107d.jpg,3,blue_finger,3,blue_finger,0.96174496,True,0.005242678,0.011293394,0.008530417,0.96174496,0.00817528,0.005013191
C:\Users\venka\Documents\Project\data\processed\test\blue_finger\Screen-Shot-2021-11-22-at-5-09-59-PM_png.rf.3734ea96fa04a2f97710416b20f0691e.jpg,3,blue_finger,3,blue_finger,0.75296265,True,0.11653988,0.036508985,0.0203164,0.75296265,0.06846344,0.005208616
C:\Users\venka\Documents\Project\data\processed\test\blue_finger\Screen-Shot-2021-11-22-at-5-10-07-PM_png.rf.15ea6de8993357568365d6c4430f3c9a.jpg,3,blue_finger,3,blue_finger,0.56828314,True,0.03635758,0.12226664,0.15676041,0.56828314,0.08272841,0.033603802
C:\Users\venka\Documents\Project\data\processed\test\blue_finger\Screen-Shot-2021-11-22-at-5-10-07-PM_png.rf.ada79554aca0a8499888c1d6555d77f5.jpg,3,blue_finger,3,blue_finger,0.94029135,True,0.008191822,0.0074722306,0.031376865,0.94029135,0.008944803,0.0037229038
C:\Users\venka\Documents\Project\data\processed\test\blue_finger\Screen-Shot-2021-11-22-at-5-10-19-PM_png.rf.cbd1ea6045847d8dc5dbcc77046facf4.jpg,3,blue_finger,3,blue_finger,0.95500714,True,0.009098838,0.013680152,0.0121345455,0.95500714,0.0028706007,0.00720872
C:\Users\venka\Documents\Project\data\processed\test\blue_finger\Screen-Shot-2021-11-22-at-5-11-17-PM_png.rf.466a3c2438e2b92c3ad377ac73a85da6.jpg,3,blue_finger,3,blue_finger,0.9528425,True,0.004680999,0.0134531185,0.007766875,0.9528425,0.008975488,0.012281055
C:\Users\venka\Documents\Project\data\processed\test\blue_finger\Screen-Shot-2021-11-22-at-5-18-20-PM_png.rf.6d92bf144bc68a2a517d4e49c369ffd6.jpg,3,blue_finger,3,blue_finger,0.9532722,True,0.0056049605,0.015358881,0.007468389,0.9532722,0.0076359985,0.010659489
C:\Users\venka\Documents\Project\data\processed\test\blue_finger\Screen-Shot-2021-11-22-at-5-21-20-PM_png.rf.2b7b4897930f3d239886649a6bb64e86.jpg,3,blue_finger,3,blue_finger,0.9465521,True,0.005116048,0.018518148,0.0060568354,0.9465521,0.0063271415,0.0174297
C:\Users\venka\Documents\Project\data\processed\test\blue_finger\Screen-Shot-2021-11-22-at-5-22-06-PM_png.rf.38183b58151112d579c5710e33fb89a4.jpg,3,blue_finger,3,blue_finger,0.9306069,True,0.0055920957,0.022417141,0.006931966,0.9306069,0.029010056,0.005441819
C:\Users\venka\Documents\Project\data\processed\test\blue_finger\Screen-Shot-2021-11-22-at-5-23-38-PM_png.rf.01e1d9f47bebcf86d7616b943066af08.jpg,3,blue_finger,3,blue_finger,0.94508785,True,0.0024658248,0.012361361,0.017499093,0.94508785,0.008895613,0.013690323
C:\Users\venka\Documents\Project\data\processed\test\blue_finger\Screen-Shot-2021-11-22-at-5-25-44-PM_png.rf.73b993cbf96344d526979b2501698433.jpg,3,blue_finger,3,blue_finger,0.9500569,True,0.009983356,0.01576103,0.009448825,0.9500569,0.008580658,0.006169181
C:\Users\venka\Documents\Project\data\processed\test\blue_finger\Screen-Shot-2021-11-22-at-5-26-02-PM_png.rf.bf53966750be2dcf733d84487f188e90.jpg,3,blue_finger,3,blue_finger,0.93565196,True,0.012202375,0.022881804,0.011607306,0.93565196,0.007556854,0.010099756
C:\Users\venka\Documents\Project\data\processed\test\blue_finger\Screen-Shot-2021-11-22-at-5-26-29-PM_png.rf.b4ad0e5b8c86c9bea3a46075a6f6542e.jpg,3,blue_finger,3,blue_finger,0.924515,True,0.012934446,0.022322815,0.009123674,0.924515,0.015271353,0.015832748
C:\Users\venka\Documents\Project\data\processed\test\blue_finger\Screen-Shot-2021-11-22-at-5-26-45-PM_png.rf.8bf2c580a12de7f991b427e2adae6510.jpg,3,blue_finger,3,blue_finger,0.96041036,True,0.006937918,0.014393439,0.004380187,0.96041036,0.00578528,0.008092877
C:\Users\venka\Documents\Project\data\processed\test\blue_finger\Screen-Shot-2021-11-22-at-5-26-45-PM_png.rf.e4b25faa14eb7488d36c86bd7c44b305.jpg,3,blue_finger,3,blue_finger,0.9581558,True,0.006463969,0.0135855805,0.006014553,0.9581558,0.0066237417,0.0091563715
C:\Users\venka\Documents\Project\data\processed\test\blue_finger\Screen-Shot-2021-11-22-at-5-27-14-PM_png.rf.80ded82ebb475a2687e76e30a3ac3b5b.jpg,3,blue_finger,3,blue_finger,0.96097714,True,0.005859329,0.011933612,0.0068131164,0.96097714,0.006236111,0.008180711
C:\Users\venka\Documents\Project\data\processed\test\blue_finger\Screen-Shot-2021-11-22-at-5-27-22-PM_png.rf.5d0d94967de6ec88184d00d361245754.jpg,3,blue_finger,3,blue_finger,0.84291965,True,0.04256313,0.024350094,0.016474795,0.84291965,0.058683887,0.01500842
C:\Users\venka\Documents\Project\data\processed\test\blue_finger\Screen-Shot-2021-11-22-at-5-27-22-PM_png.rf.ddf028f68cbeef3978069e3df0fb9e65.jpg,3,blue_finger,3,blue_finger,0.89575946,True,0.014360568,0.02134663,0.017427824,0.89575946,0.043107472,0.007998078
C:\Users\venka\Documents\Project\data\processed\test\blue_finger\Screen-Shot-2021-11-22-at-5-27-36-PM_png.rf.7a6a624912158d8d9d9476d013fe2498.jpg,3,blue_finger,3,blue_finger,0.8108616,True,0.011959131,0.028389502,0.02934547,0.8108616,0.08764267,0.03180169
C:\Users\venka\Documents\Project\data\processed\test\blue_finger\Screen-Shot-2021-11-22-at-5-29-14-PM_png.rf.96fb8142058a66342b87b8d66400a16c.jpg,3,blue_finger,3,blue_finger,0.9325615,True,0.016297689,0.018942008,0.011823032,0.9325615,0.011761619,0.008614192
C:\Users\venka\Documents\Project\data\processed\test\blue_finger\Screen-Shot-2021-11-22-at-8-14-15-PM_png.rf.f3eaacf8f1ccfc85715030c4e45c1d7d.jpg,3,blue_finger,3,blue_finger,0.96389186,True,0.0060755205,0.013061987,0.007468807,0.96389186,0.0047741137,0.0047277114
C:\Users\venka\Documents\Project\data\processed\test\blue_finger\Screen-Shot-2021-11-22-at-8-15-47-PM_png.rf.41441eb32a11a4aa4fdbe12dfae48e5a.jpg,3,blue_finger,3,blue_finger,0.9351492,True,0.010564299,0.018556139,0.00861158,0.9351492,0.012414302,0.0147044975
C:\Users\venka\Documents\Project\data\processed\test\blue_finger\Screen-Shot-2021-11-22-at-8-15-51-PM_png.rf.1af0403480df0fefa1690f770c7c2a1b.jpg,3,blue_finger,3,blue_finger,0.90548676,True,0.013021984,0.022404868,0.006683785,0.90548676,0.029203765,0.023198716
C:\Users\venka\Documents\Project\data\processed\test\blue_finger\Screen-Shot-2021-11-22-at-8-19-18-PM_png.rf.5b65c72771d63f6ed8e08fa9d3dfab09.jpg,3,blue_finger,3,blue_finger,0.84545964,True,0.010022799,0.096350126,0.020332051,0.84545964,0.014357968,0.013477527
C:\Users\venka\Documents\Project\data\processed\test\blue_finger\Screen-Shot-2021-11-22-at-8-25-46-PM_png.rf.30ea5662db91ff960aec64c609a6a8d5.jpg,3,blue_finger,3,blue_finger,0.4273856,True,0.13543692,0.056980476,0.009059115,0.4273856,0.3029816,0.06815628
C:\Users\venka\Documents\Project\data\processed\test\blue_finger\Screen-Shot-2021-11-22-at-8-51-01-PM_png.rf.68d97cc811337faf3cbdbf2273a2b9ae.jpg,3,blue_finger,3,blue_finger,0.9252715,True,0.008919868,0.02390924,0.013332552,0.9252715,0.015827952,0.01273877
C:\Users\venka\Documents\Project\data\processed\test\blue_finger\Screen-Shot-2021-11-22-at-8-56-36-PM_png.rf.26fb550fbb52755e0121d2582b8da075.jpg,3,blue_finger,3,blue_finger,0.9515772,True,0.0065526115,0.015938822,0.010207979,0.9515772,0.006239759,0.009483664
C:\Users\venka\Documents\Project\data\processed\test\blue_finger\Screen-Shot-2021-11-22-at-8-56-36-PM_png.rf.b95298004c99cf60a837116cc391655e.jpg,3,blue_finger,3,blue_finger,0.9607384,True,0.0061555225,0.012453706,0.006455505,0.9607384,0.005413529,0.008783242
C:\Users\venka\Documents\Project\data\processed\test\blue_finger\Screen-Shot-2021-11-22-at-9-05-44-PM_png.rf.e7dc8a7529828409c6abf084a909ab63.jpg,3,blue_finger,5,pitting,0.70355576,False,0.012366119,0.02732141,0.01251755,0.15096603,0.0932731,0.70355576
C:\Users\venka\Documents\Project\data\processed\test\blue_finger\Screen-Shot-2021-11-22-at-9-06-56-PM_png.rf.36a82022f24ece9ea6ab485d77a6d183.jpg,3,blue_finger,3,blue_finger,0.9506418,True,0.006115631,0.017189719,0.0063613667,0.9506418,0.009101104,0.0105904145
C:\Users\venka\Documents\Project\data\processed\test\blue_finger\Screen-Shot-2021-11-22-at-9-07-07-PM_png.rf.37aad7959a09fc9a3b3875b5a9e3c34c.jpg,3,blue_finger,3,blue_finger,0.9515306,True,0.0060942858,0.016747162,0.011840504,0.9515306,0.0054522385,0.008335249
C:\Users\venka\Documents\Project\data\processed\test\blue_finger\Screen-Shot-2021-11-22-at-9-07-19-PM_png.rf.36ffc481f0ba738038dcfe2741fe5940.jpg,3,blue_finger,3,blue_finger,0.9511154,True,0.012737239,0.015443802,0.007984843,0.9511154,0.0048161885,0.007902542
C:\Users\venka\Documents\Project\data\processed\test\blue_finger\Screen-Shot-2021-11-22-at-9-08-36-PM_png.rf.a528a8c595c5b7986856d6129ea42d3c.jpg,3,blue_finger,3,blue_finger,0.917298,True,0.010071473,0.02449118,0.012652998,0.917298,0.028363595,0.0071226684
C:\Users\venka\Documents\Project\data\processed\test\blue_finger\Screen-Shot-2021-11-22-at-9-14-59-PM_png.rf.76f068f0b26fc6f70a15f257a9ac93fd.jpg,3,blue_finger,3,blue_finger,0.9650514,True,0.0051914155,0.01097904,0.0050254487,0.9650514,0.00823906,0.005513636
C:\Users\venka\Documents\Project\data\processed\test\blue_finger\Screen-Shot-2021-11-22-at-9-14-59-PM_png.rf.9754845a46f8dd808a596d4a33772990.jpg,3,blue_finger,3,blue_finger,0.9562501,True,0.006537089,0.016838677,0.008155327,0.9562501,0.0063441778,0.0058747623
C:\Users\venka\Documents\Project\data\processed\test\blue_finger\Screen-Shot-2021-11-22-at-9-15-03-PM_png.rf.0ca2b665877c5ea8efe18dd32b984fb0.jpg,3,blue_finger,3,blue_finger,0.9329549,True,0.011896648,0.021426879,0.01056947,0.9329549,0.010164676,0.012987367
C:\Users\venka\Documents\Project\data\processed\test\blue_finger\Screen-Shot-2021-11-22-at-9-21-08-PM_png.rf.7629e9308b9daf87d7f382aed6484ffc.jpg,3,blue_finger,3,blue_finger,0.9513125,True,0.008206983,0.0141301425,0.008211611,0.9513125,0.01143413,0.0067046266
C:\Users\venka\Documents\Project\data\processed\test\blue_finger\Screen-Shot-2021-11-22-at-9-21-16-PM_png.rf.3d91d82844db3c62c756fcf83380dc86.jpg,3,blue_finger,3,blue_finger,0.94749314,True,0.007958785,0.01817391,0.0060590655,0.94749314,0.010700288,0.009614851
C:\Users\venka\Documents\Project\data\processed\test\blue_finger\Screen-Shot-2021-11-22-at-9-21-29-PM_png.rf.40e53d088645919548dd48db035fbe43.jpg,3,blue_finger,3,blue_finger,0.9490707,True,0.008393133,0.015145574,0.009874421,0.9490707,0.009175748,0.00834036
C:\Users\venka\Documents\Project\data\processed\test\blue_finger\Screen-Shot-2021-11-22-at-9-22-07-PM_png.rf.4d30071c130d972080b3785c7c01561e.jpg,3,blue_finger,3,blue_finger,0.76973486,True,0.048642736,0.03797435,0.008748371,0.76973486,0.026619265,0.10828046
C:\Users\venka\Documents\Project\data\processed\test\blue_finger\Screen-Shot-2021-11-22-at-9-22-07-PM_png.rf.a1d378a55d47c364fc0a76bb561ec87c.jpg,3,blue_finger,3,blue_finger,0.6340369,True,0.012101169,0.033397324,0.009221703,0.6340369,0.011850017,0.29939288
C:\Users\venka\Documents\Project\data\processed\test\blue_finger\Screen-Shot-2021-11-22-at-9-46-05-PM_png.rf.13a0a4edd6a71541b44ff9c5c285767d.jpg,3,blue_finger,3,blue_finger,0.9590044,True,0.007417837,0.011241784,0.006655787,0.9590044,0.010571779,0.0051084813
C:\Users\venka\Documents\Project\data\processed\test\blue_finger\Screen-Shot-2021-11-22-at-9-46-24-PM_png.rf.f1a68de9eacbc4cd145b70e320ef0cc3.jpg,3,blue_finger,3,blue_finger,0.967528,True,0.0050823437,0.011563114,0.0041213804,0.967528,0.0036018903,0.008103256
C:\Users\venka\Documents\Project\data\processed\test\blue_finger\Screen-Shot-2021-11-22-at-9-47-35-PM_png.rf.505a66d48d60cb030e85e72d119e7f37.jpg,3,blue_finger,3,blue_finger,0.95941746,True,0.0059326855,0.0082793925,0.00748102,0.95941746,0.010013136,0.008876334
C:\Users\venka\Documents\Project\data\processed\test\blue_finger\Screen-Shot-2021-11-22-at-9-47-46-PM_png.rf.5767f23837819a3424406e0bcaca9c1e.jpg,3,blue_finger,3,blue_finger,0.94185513,True,0.0077051492,0.017133916,0.008026416,0.94185513,0.012055675,0.013223805
C:\Users\venka\Documents\Project\data\processed\test\blue_finger\Screen-Shot-2021-11-22-at-9-48-08-PM_png.rf.b8d10c7bcecb25a76368119160145050.jpg,3,blue_finger,3,blue_finger,0.95185804,True,0.007694756,0.018247869,0.0042795967,0.95185804,0.005411521,0.012508096
C:\Users\venka\Documents\Project\data\processed\test\blue_finger\Screen-Shot-2021-11-22-at-9-48-12-PM_png.rf.053a264251be1a0ec09ec9bfc2afbe6f.jpg,3,blue_finger,3,blue_finger,0.9293107,True,0.0074876226,0.025931615,0.013751922,0.9293107,0.008226713,0.01529146
C:\Users\venka\Documents\Project\data\processed\test\blue_finger\Screen-Shot-2021-11-22-at-9-52-22-PM_png.rf.b23cbd970380f38ba9248ff79feefbf7.jpg,3,blue_finger,3,blue_finger,0.9599496,True,0.004732124,0.013016607,0.007350224,0.9599496,0.007411819,0.0075395396
C:\Users\venka\Documents\Project\data\processed\test\blue_finger\Screen-Shot-2021-11-22-at-9-52-28-PM_png.rf.5fbfb09ce288bf9a626d87bc6a112df1.jpg,3,blue_finger,3,blue_finger,0.9391557,True,0.010329816,0.014538396,0.013668662,0.9391557,0.010542156,0.01176528
C:\Users\venka\Documents\Project\data\processed\test\clubbing\Screen-Shot-2021-10-26-at-10-55-01-AM_png.rf.5f2e03aeb43211ebbb6a444ba152cba9.jpg,4,clubbing,4,clubbing,0.93755645,True,0.01198508,0.01923604,0.010769515,0.010925994,0.93755645,0.009526958
C:\Users\venka\Documents\Project\data\processed\test\clubbing\Screen-Shot-2021-10-26-at-10-55-32-AM_png.rf.0840a231643150725432dabc8d30e8cc.jpg,4,clubbing,4,clubbing,0.881868,True,0.04533778,0.034356207,0.01194799,0.015644822,0.881868,0.010845253
C:\Users\venka\Documents\Project\data\processed\test\clubbing\Screen-Shot-2021-10-26-at-10-56-07-AM_png.rf.ae07df95a8e9c42a2252e03674b66586.jpg,4,clubbing,4,clubbing,0.9437011,True,0.00998091,0.017638668,0.006988924,0.007299989,0.9437011,0.014390409
C:\Users\venka\Documents\Project\data\processed\test\clubbing\Screen-Shot-2021-10-26-at-10-56-32-AM_png.rf.c4cac3f6cf2d3548b6ef8ca807e46b24.jpg,4,clubbing,4,clubbing,0.94173056,True,0.008898694,0.014158132,0.01305506,0.010938371,0.94173056,0.011219284
C:\Users\venka\Documents\Project\data\processed\test\clubbing\Screen-Shot-2021-10-26-at-10-59-07-AM_png.rf.823070e42ed6f44abff710ccc1b081c6.jpg,4,clubbing,4,clubbing,0.8052874,True,0.04954116,0.04381446,0.054005712,0.031383444,0.8052874,0.015967783
C:\Users\venka\Documents\Project\data\processed\test\clubbing\Screen-Shot-2021-10-26-at-11-06-37-AM_png.rf.848db8082735038b6d175424e105ecd1.jpg,4,clubbing,4,clubbing,0.95885664,True,0.007880249,0.012718926,0.0054740417,0.008681204,0.95885664,0.0063889697
C:\Users\venka\Documents\Project\data\processed\test\clubbing\Screen-Shot-2021-10-26-at-11-11-50-AM_png.rf.b2d73c991f1ccea144f06be455b8a88e.jpg,4,clubbing,4,clubbing,0.93599105,True,0.007348163,0.029136825,0.010372736,0.0054438207,0.93599105,0.011707489
C:\Users\venka\Documents\Project\data\processed\test\clubbing\Screen-Shot-2021-10-26-at-12-09-28-PM_png.rf.1b2bfb63b6e848f2cb0257c23a2a356b.jpg,4,clubbing,4,clubbing,0.9623786,True,0.004948555,0.012369296,0.00644656,0.007274613,0.9623786,0.0065823267
C:\Users\venka\Documents\Project\data\processed\test\clubbing\Screen-Shot-2021-10-26-at-12-10-09-PM_png.rf.f4c82e47c0a61911dfac76d4ea33990f.jpg,4,clubbing,4,clubbing,0.81947345,True,0.0347681,0.02202682,0.023247594,0.07029316,0.81947345,0.030190848
C:\Users\venka\Documents\Project\data\processed\test\clubbing\Screen-Shot-2021-10-26-at-12-10-57-PM_png.rf.0873270d15ef63fa42d0840d1b0e585f.jpg,4,clubbing,4,clubbing,0.8780009,True,0.022384176,0.028125556,0.018405734,0.03376232,0.8780009,0.019321345
C:\Users\venka\Documents\Project\data\processed\test\clubbing\Screen-Shot-2021-10-26-at-12-11-28-PM_png.rf.15b3ed6c2c4a71a625e70dca3640efa7.jpg,4,clubbing,4,clubbing,0.94744116,True,0.0076976,0.015654702,0.008291958,0.0143182995,0.94744116,0.0065962425
C:\Users\venka\Documents\Project\data\processed\test\clubbing\Screen-Shot-2021-10-26-at-12-15-17-PM_png.rf.ffbfed825ee6e11a40fc20fc3de957b3.jpg,4,clubbing,4,clubbing,0.92765903,True,0.00846422,0.014180808,0.008794759,0.034331914,0.92765903,0.0065693166
C:\Users\venka\Documents\Project\data\processed\test\clubbing\Screen-Shot-2021-10-26-at-12-17-59-PM_png.rf.8950a258a5ec8868257ad1be50b04757.jpg,4,clubbing,4,clubbing,0.9269098,True,0.012729194,0.018223932,0.010098819,0.015805267,0.9269098,0.016233029
C:\Users\venka\Documents\Project\data\processed\test\clubbing\Screen-Shot-2021-10-26-at-12-18-05-PM_png.rf.c44192826aa24181590b3dc3ee04f513.jpg,4,clubbing,4,clubbing,0.9561997,True,0.0059165643,0.013689014,0.008740739,0.007896242,0.9561997,0.007557744
C:\Users\venka\Documents\Project\data\processed\test\clubbing\Screen-Shot-2021-10-26-at-12-18-14-PM_png.rf.a1c111dcf95d2ace421b0247b930ee4d.jpg,4,clubbing,4,clubbing,0.9216787,True,0.012645785,0.021677129,0.012800056,0.019641673,0.9216787,0.011556682
C:\Users\venka\Documents\Project\data\processed\test\clubbing\Screen-Shot-2021-10-26-at-12-18-14-PM_png.rf.aaecc0ac15292ccbd8fb3c73e10f73cc.jpg,4,clubbing,4,clubbing,0.93285966,True,0.01061143,0.017545264,0.00959211,0.018273147,0.93285966,0.011118317
C:\Users\venka\Documents\Project\data\processed\test\clubbing\Screen-Shot-2021-10-26-at-12-19-42-PM_png.rf.a207d95975adf673c2ed337972c0e473.jpg,4,clubbing,4,clubbing,0.89748603,True,0.006972341,0.021838965,0.0136635555,0.04476202,0.89748603,0.015277121
C:\Users\venka\Documents\Project\data\processed\test\clubbing\Screen-Shot-2021-10-26-at-12-20-45-PM_png.rf.825c42cb87cfc4149f8544f071197394.jpg,4,clubbing,4,clubbing,0.9316005,True,0.006202365,0.02381113,0.008395313,0.016227348,0.9316005,0.013763384
C:\Users\venka\Documents\Project\data\processed\test\clubbing\Screen-Shot-2021-11-22-at-10-03-16-AM_png.rf.64f08adc096c4e23701c831236c16823.jpg,4,clubbing,4,clubbing,0.9289288,True,0.011755394,0.016562086,0.012964854,0.019446382,0.9289288,0.0103424825
C:\Users\venka\Documents\Project\data\processed\test\clubbing\Screen-Shot-2021-11-22-at-10-03-41-AM_png.rf.906702d00e7575645cf16fb52d1f5e66.jpg,4,clubbing,4,clubbing,0.93911433,True,0.009156239,0.015403588,0.015849663,0.009336981,0.93911433,0.011139067
C:\Users\venka\Documents\Project\data\processed\test\clubbing\Screen-Shot-2021-11-22-at-10-04-13-AM_png.rf.3562a50510bd354ef11b00e371311238.jpg,4,clubbing,4,clubbing,0.87556666,True,0.014536039,0.04717484,0.01472683,0.02178213,0.87556666,0.026213473
C:\Users\venka\Documents\Project\data\processed\test\clubbing\Screen-Shot-2021-11-22-at-10-06-39-AM_png.rf.58ef1df86a89e82334ee24c5665b4aae.jpg,4,clubbing,4,clubbing,0.8970329,True,0.0231386,0.024889996,0.016576413,0.017185163,0.8970329,0.021176893
C:\Users\venka\Documents\Project\data\processed\test\clubbing\Screen-Shot-2021-11-22-at-10-07-11-AM_png.rf.4e2bbc8165ef7bac6abab2c215915d9a.jpg,4,clubbing,4,clubbing,0.92246705,True,0.012159941,0.027817266,0.013064425,0.013368583,0.92246705,0.011122726
C:\Users\venka\Documents\Project\data\processed\test\clubbing\Screen-Shot-2021-11-22-at-10-07-55-AM_png.rf.88f7d63e8831b420c94925e9f9b1ec9b.jpg,4,clubbing,4,clubbing,0.95555556,True,0.010557797,0.014634883,0.005503238,0.0065616174,0.95555556,0.007186881
C:\Users\venka\Documents\Project\data\processed\test\clubbing\Screen-Shot-2021-11-22-at-10-07-58-AM_png.rf.0d670f2167ff3db0d399cf00489fa9fa.jpg,4,clubbing,4,clubbing,0.9693768,True,0.0043824227,0.00951103,0.005698574,0.0055506052,0.9693768,0.005480587
C:\Users\venka\Documents\Project\data\processed\test\clubbing\Screen-Shot-2021-11-22-at-10-08-21-AM_png.rf.1ec690cd167e11390f43845b7f85ccab.jpg,4,clubbing,4,clubbing,0.9314748,True,0.011047673,0.018884607,0.012864825,0.014410366,0.9314748,0.011317706
C:\Users\venka\Documents\Project\data\processed\test\clubbing\Screen-Shot-2021-11-22-at-10-08-26-AM_png.rf.992852a9de4863cbb6c6bb2fc8ef7925.jpg,4,clubbing,4,clubbing,0.922891,True,0.02008086,0.01357991,0.016806308,0.016802903,0.922891,0.009838882
C:\Users\venka\Documents\Project\data\processed\test\clubbing\Screen-Shot-2021-11-22-at-10-08-26-AM_png.rf.e3f3a71763229d71ad20488913be885b.jpg,4,clubbing,4,clubbing,0.89797485,True,0.020715764,0.027710633,0.016765077,0.015286433,0.89797485,0.021547306
C:\Users\venka\Documents\Project\data\processed\test\clubbing\Screen-Shot-2021-11-22-at-10-08-34-AM_png.rf.a12c3f2112961f9dce6ef7a8b7bc37c6.jpg,4,clubbing,4,clubbing,0.9132868,True,0.019211376,0.027384588,0.0116829425,0.01538931,0.9132868,0.013044954
C:\Users\venka\Documents\Project\data\processed\test\clubbing\Screen-Shot-2021-11-22-at-10-08-48-AM_png.rf.1f67f0f26661405d908c290b74fbab6d.jpg,4,clubbing,4,clubbing,0.93407893,True,0.011812098,0.019935912,0.013255494,0.012595577,0.93407893,0.008321969
C:\Users\venka\Documents\Project\data\processed\test\clubbing\Screen-Shot-2021-11-22-at-10-08-48-AM_png.rf.a35cb96c1b4932b38675baa4da6442c8.jpg,4,clubbing,4,clubbing,0.9428095,True,0.007731376,0.023509411,0.010903195,0.008948834,0.9428095,0.006097554
C:\Users\venka\Documents\Project\data\processed\test\clubbing\Screen-Shot-2021-11-22-at-10-08-54-AM_png.rf.58db074772c1c19fe21ba955fca0c1fa.jpg,4,clubbing,4,clubbing,0.9505691,True,0.009280384,0.01675792,0.0036991572,0.011608935,0.9505691,0.0080844965
C:\Users\venka\Documents\Project\data\processed\test\clubbing\Screen-Shot-2021-11-22-at-10-08-58-AM_png.rf.891a59a684e4aa130584feb57c36844f.jpg,4,clubbing,4,clubbing,0.95111835,True,0.005796259,0.016565885,0.011091611,0.00745659,0.95111835,0.007971408
C:\Users\venka\Documents\Project\data\processed\test\clubbing\Screen-Shot-2021-11-22-at-10-09-14-AM_png.rf.b34027fd03440771ddfa1bb721b55345.jpg,4,clubbing,4,clubbing,0.91834986,True,0.019835757,0.034850065,0.005032845,0.008590358,0.91834986,0.013341245
C:\Users\venka\Documents\Project\data\processed\test\clubbing\Screen-Shot-2021-11-22-at-10-09-18-AM_png.rf.f026b272b907c1bd3c1cae540e63cf77.jpg,4,clubbing,4,clubbing,0.94630474,True,0.006331686,0.018152265,0.013511784,0.010219067,0.94630474,0.005480485
C:\Users\venka\Documents\Project\data\processed\test\clubbing\Screen-Shot-2021-11-22-at-10-14-30-PM_png.rf.6264f590e12ffb013d85062089029f3d.jpg,4,clubbing,4,clubbing,0.92681706,True,0.019990288,0.017979205,0.011119396,0.011774304,0.92681706,0.01231967
C:\Users\venka\Documents\Project\data\processed\test\clubbing\Screen-Shot-2021-11-22-at-10-15-44-PM_png.rf.59970395942ab249a252978800d02709.jpg,4,clubbing,4,clubbing,0.9420701,True,0.014148718,0.015420934,0.009221939,0.009749932,0.9420701,0.009388377
C:\Users\venka\Documents\Project\data\processed\test\clubbing\Screen-Shot-2021-11-22-at-4-55-22-PM_png.rf.c32c1d79a3ca22a518b487956deb4a70.jpg,4,clubbing,4,clubbing,0.8963685,True,0.012614412,0.018960966,0.006568352,0.05987368,0.8963685,0.0056140237
C:\Users\venka\Documents\Project\data\processed\test\clubbing\Screen-Shot-2021-11-22-at-4-55-25-PM_png.rf.c60c3ccf8f66f9161f6360b0b75bff71.jpg,4,clubbing,4,clubbing,0.95222044,True,0.006487006,0.019397471,0.006662253,0.007311176,0.95222044,0.007921765
C:\Users\venka\Documents\Project\data\processed\test\clubbing\Screen-Shot-2021-11-22-at-5-01-12-PM_png.rf.f3dd030bb4700f6fc1d50126ef72d710.jpg,4,clubbing,4,clubbing,0.9132481,True,0.014177765,0.021484217,0.011187082,0.029032722,0.9132481,0.010869998
C:\Users\venka\Documents\Project\data\processed\test\clubbing\Screen-Shot-2021-11-22-at-8-05-33-AM_png.rf.d9d0293f6039183897c66c2c1bd13d58.jpg,4,clubbing,4,clubbing,0.80130196,True,0.0235293,0.045679413,0.00988411,0.08300674,0.80130196,0.036598492
C:\Users\venka\Documents\Project\data\processed\test\clubbing\Screen-Shot-2021-11-22-at-8-07-54-AM_png.rf.e96b06941e97472672758cd4c6805ea5.jpg,4,clubbing,4,clubbing,0.9550269,True,0.007738352,0.016056715,0.004216753,0.009461996,0.9550269,0.0074992273
C:\Users\venka\Documents\Project\data\processed\test\clubbing\Screen-Shot-2021-11-22-at-8-13-50-AM_png.rf.bc822cb53b1ef5353230a7d662c58461.jpg,4,clubbing,4,clubbing,0.91442746,True,0.009137885,0.021136563,0.006846315,0.018268926,0.91442746,0.030182993
C:\Users\venka\Documents\Project\data\processed\test\clubbing\Screen-Shot-2021-11-22-at-8-13-50-AM_png.rf.f0a8f1e1c14da7c8d26cbd4bbaa5d06f.jpg,4,clubbing,4,clubbing,0.91722554,True,0.011351088,0.026784834,0.010683703,0.019648828,0.91722554,0.014306052
C:\Users\venka\Documents\Project\data\processed\test\clubbing\Screen-Shot-2021-11-22-at-8-17-06-AM_png.rf.43dd941178ffd7250648e78678a01c97.jpg,4,clubbing,4,clubbing,0.891498,True,0.016685419,0.035818543,0.020521464,0.021572696,0.891498,0.013903757
C:\Users\venka\Documents\Project\data\processed\test\clubbing\Screen-Shot-2021-11-22-at-8-17-11-AM_png.rf.ba1dfc85d4eba51c26ea6a0391e8a164.jpg,4,clubbing,4,clubbing,0.9545177,True,0.0058321734,0.012273262,0.008318276,0.0071944003,0.9545177,0.011864135
C:\Users\venka\Documents\Project\data\processed\test\clubbing\Screen-Shot-2021-11-22-at-8-17-57-AM_png.rf.9b4e7008be1b4109042bf228911dae0f.jpg,4,clubbing,4,clubbing,0.9205518,True,0.004768341,0.027640214,0.025981307,0.012445874,0.9205518,0.008612455
C:\Users\venka\Documents\Project\data\processed\test\clubbing\Screen-Shot-2021-11-22-at-8-20-33-AM_png.rf.9db53c5bca070888b82ee3ce77d36402.jpg,4,clubbing,4,clubbing,0.9243885,True,0.013331179,0.014492581,0.010168206,0.0104571665,0.9243885,0.027162384
C:\Users\venka\Documents\Project\data\processed\test\clubbing\Screen-Shot-2021-11-22-at-8-20-33-AM_png.rf.b7160c4cb2cbf61432d59885aa2ef685.jpg,4,clubbing,4,clubbing,0.90723807,True,0.017079653,0.013107464,0.00872402,0.011274244,0.90723807,0.042576596
C:\Users\venka\Documents\Project\data\processed\test\clubbing\Screen-Shot-2021-11-22-at-8-22-42-AM_png.rf.e80ff2bfd285183499834eb56c2bb7aa.jpg,4,clubbing,4,clubbing,0.9099181,True,0.017653845,0.023691999,0.0152295055,0.014675624,0.9099181,0.01883097
C:\Users\venka\Documents\Project\data\processed\test\clubbing\Screen-Shot-2021-11-22-at-8-23-26-AM_png.rf.05e4a199e9fb81db9530318ae77ede87.jpg,4,clubbing,4,clubbing,0.8675879,True,0.03494528,0.027882397,0.019020729,0.024596043,0.8675879,0.02596765
C:\Users\venka\Documents\Project\data\processed\test\clubbing\Screen-Shot-2021-11-22-at-8-24-20-AM_png.rf.6244638f2ee4017f89bd4af7761fc93b.jpg,4,clubbing,4,clubbing,0.9210428,True,0.018740416,0.020588081,0.013380697,0.013034929,0.9210428,0.013213034
C:\Users\venka\Documents\Project\data\processed\test\clubbing\Screen-Shot-2021-11-22-at-8-24-28-AM_png.rf.646ce5615bd3fa4ca32501f3459b98f4.jpg,4,clubbing,4,clubbing,0.894332,True,0.017451528,0.022523656,0.019433513,0.016559057,0.894332,0.029700298
C:\Users\venka\Documents\Project\data\processed\test\clubbing\Screen-Shot-2021-11-22-at-8-26-00-AM_png.rf.4267e7cc1df3c74e5a03e3f94363f120.jpg,4,clubbing,4,clubbing,0.8856435,True,0.030157404,0.028637225,0.010693872,0.028072292,0.8856435,0.016795672
C:\Users\venka\Documents\Project\data\processed\test\clubbing\Screen-Shot-2021-11-22-at-8-28-12-AM_png.rf.4abdff903c407e7b25027fb3c800c0ef.jpg,4,clubbing,4,clubbing,0.40680912,True,0.16830173,0.13772507,0.047205757,0.081454515,0.40680912,0.15850388
C:\Users\venka\Documents\Project\data\processed\test\clubbing\Screen-Shot-2021-11-22-at-8-28-22-AM_png.rf.71818e1225bab4d82ebb3c2fffde4bd4.jpg,4,clubbing,4,clubbing,0.92131937,True,0.008366987,0.026965946,0.012154563,0.014855443,0.92131937,0.016337823
C:\Users\venka\Documents\Project\data\processed\test\clubbing\Screen-Shot-2021-11-22-at-8-28-22-AM_png.rf.ef9bef5c9f26b0daac69bbf74ea5fcb2.jpg,4,clubbing,4,clubbing,0.9520305,True,0.00435313,0.020891218,0.0049491734,0.0081903525,0.9520305,0.009585552
C:\Users\venka\Documents\Project\data\processed\test\clubbing\Screen-Shot-2021-11-22-at-8-30-42-AM_png.rf.b7a30351aa88c649ee5d3bc45091151b.jpg,4,clubbing,4,clubbing,0.8766222,True,0.014929575,0.03361465,0.009029266,0.017999701,0.8766222,0.04780457
C:\Users\venka\Documents\Project\data\processed\test\clubbing\Screen-Shot-2021-11-22-at-8-30-46-AM_png.rf.cab2f9119a8d7ba60ab7aa77b752cd52.jpg,4,clubbing,4,clubbing,0.9241598,True,0.0080252895,0.023884965,0.019520136,0.01045286,0.9241598,0.013956939
C:\Users\venka\Documents\Project\data\processed\test\clubbing\Screen-Shot-2021-11-22-at-8-35-57-AM_png.rf.01ad598806819c2301ec5e6ab4eb41e3.jpg,4,clubbing,4,clubbing,0.9096256,True,0.020661963,0.026804004,0.010647696,0.017175678,0.9096256,0.015084969
C:\Users\venka\Documents\Project\data\processed\test\clubbing\Screen-Shot-2021-11-22-at-8-35-57-AM_png.rf.351680c7a59b4ac1813c3745d5e4f262.jpg,4,clubbing,4,clubbing,0.9222076,True,0.008851065,0.026384637,0.011883117,0.013487641,0.9222076,0.017185913
C:\Users\venka\Documents\Project\data\processed\test\clubbing\Screen-Shot-2021-11-22-at-8-36-52-AM_png.rf.3be64201c01c27b2b3a9edcbea8b209e.jpg,4,clubbing,4,clubbing,0.87453115,True,0.013036592,0.05843578,0.024062023,0.018488804,0.87453115,0.0114455465
C:\Users\venka\Documents\Project\data\processed\test\clubbing\Screen-Shot-2021-11-22-at-8-36-52-AM_png.rf.f86f0b2533b3d4166fa3acc0fefb05bc.jpg,4,clubbing,4,clubbing,0.84821206,True,0.038193595,0.047613908,0.024185048,0.021571275,0.84821206,0.020224141
C:\Users\venka\Documents\Project\data\processed\test\clubbing\Screen-Shot-2021-11-22-at-8-40-06-AM_png.rf.d95ab12cabe0c32e56cf72b9cd9fe779.jpg,4,clubbing,4,clubbing,0.86793345,True,0.02658014,0.03071175,0.01401304,0.012039971,0.86793345,0.048721608
C:\Users\venka\Documents\Project\data\processed\test\clubbing\Screen-Shot-2021-11-22-at-8-44-44-AM_png.rf.f111cda1cf4b4f51d5edae527d5b45b8.jpg,4,clubbing,4,clubbing,0.9379336,True,0.011812191,0.016093869,0.009129224,0.014666132,0.9379336,0.010364982
C:\Users\venka\Documents\Project\data\processed\test\clubbing\Screen-Shot-2021-11-22-at-8-44-48-AM_png.rf.4dd1941561265e606fde5de0776d637d.jpg,4,clubbing,4,clubbing,0.93067527,True,0.011405895,0.015780648,0.012851502,0.017778715,0.93067527,0.01150789
C:\Users\venka\Documents\Project\data\processed\test\clubbing\Screen-Shot-2021-11-22-at-8-44-54-AM_png.rf.1958a178c3e962063d9721f589e78484.jpg,4,clubbing,4,clubbing,0.887341,True,0.012844307,0.021574704,0.017505195,0.014042598,0.887341,0.046692085
C:\Users\venka\Documents\Project\data\processed\test\clubbing\Screen-Shot-2021-11-22-at-8-45-05-AM_png.rf.46b44e46fb9edc4f9c966c107c72045d.jpg,4,clubbing,4,clubbing,0.93607634,True,0.011021326,0.012551754,0.013448565,0.012581126,0.93607634,0.01432084
C:\Users\venka\Documents\Project\data\processed\test\clubbing\Screen-Shot-2021-11-22-at-8-45-38-AM_png.rf.d6e8d529d948d5c45e1c4b2b540d1628.jpg,4,clubbing,4,clubbing,0.94346046,True,0.018594474,0.014007187,0.009006032,0.0043956297,0.94346046,0.0105363345
C:\Users\venka\Documents\Project\data\processed\test\clubbing\Screen-Shot-2021-11-22-at-8-46-56-AM_png.rf.6b360725b3b913902827498fa401433e.jpg,4,clubbing,4,clubbing,0.9038675,True,0.020417182,0.032689247,0.015010607,0.008429005,0.9038675,0.019586524
C:\Users\venka\Documents\Project\data\processed\test\clubbing\Screen-Shot-2021-11-22-at-8-59-55-AM_png.rf.b6dfb68ee47bf0f2b704662d42520539.jpg,4,clubbing,4,clubbing,0.9316417,True,0.00968252,0.02400793,0.012865399,0.011670881,0.9316417,0.010131457
C:\Users\venka\Documents\Project\data\processed\test\clubbing\Screen-Shot-2021-11-22-at-9-00-08-AM_png.rf.4b9a26de9e1704a230905ec0e1db3a91.jpg,4,clubbing,4,clubbing,0.9320196,True,0.011621926,0.021207955,0.011517492,0.013849568,0.9320196,0.009783357
C:\Users\venka\Documents\Project\data\processed\test\clubbing\Screen-Shot-2021-11-22-at-9-00-17-AM_png.rf.ecc8dc4624dfa721a8e63b13f0b56adb.jpg,4,clubbing,4,clubbing,0.9106158,True,0.013534889,0.023816094,0.016790016,0.016713435,0.9106158,0.018529734
C:\Users\venka\Documents\Project\data\processed\test\clubbing\Screen-Shot-2021-11-22-at-9-02-53-AM_png.rf.df8b88d5cdf9f8ee491d57490a1b97fc.jpg,4,clubbing,4,clubbing,0.8965689,True,0.010469274,0.02814412,0.0134557495,0.02026779,0.8965689,0.031094177
C:\Users\venka\Documents\Project\data\processed\test\clubbing\Screen-Shot-2021-11-22-at-9-03-22-AM_png.rf.2fd6ae5ef8d0f22b5bdea06fdb6aa329.jpg,4,clubbing,4,clubbing,0.9072159,True,0.01320588,0.02511483,0.013582437,0.018811142,0.9072159,0.022069769
C:\Users\venka\Documents\Project\data\processed\test\clubbing\Screen-Shot-2021-11-22-at-9-07-23-AM_png.rf.aa52a8f565a0ec4fa48ba004d7094298.jpg,4,clubbing,4,clubbing,0.93474036,True,0.00978985,0.016321208,0.0078479955,0.020734295,0.93474036,0.010566244
C:\Users\venka\Documents\Project\data\processed\test\clubbing\Screen-Shot-2021-11-22-at-9-07-23-AM_png.rf.db6bca37bd7bfda7b5d6da71d40ed410.jpg,4,clubbing,4,clubbing,0.941849,True,0.009371227,0.01765354,0.0057800235,0.016143113,0.941849,0.009203141
C:\Users\venka\Documents\Project\data\processed\test\clubbing\Screen-Shot-2021-11-22-at-9-09-23-AM_png.rf.678a6ceb45cc8a27d6eb1a0ae004e656.jpg,4,clubbing,4,clubbing,0.8261184,True,0.022471352,0.050926097,0.020309549,0.03685953,0.8261184,0.043315
C:\Users\venka\Documents\Project\data\processed\test\clubbing\Screen-Shot-2021-11-22-at-9-09-32-AM_png.rf.0df87e571cc956b4b9da457ff332ee0e.jpg,4,clubbing,4,clubbing,0.95100945,True,0.009580136,0.0139644295,0.0058043627,0.007112926,0.95100945,0.012528627
C:\Users\venka\Documents\Project\data\processed\test\clubbing\Screen-Shot-2021-11-22-at-9-10-55-AM_png.rf.f8dd88bda4d055bdaf662c677c46a48b.jpg,4,clubbing,4,clubbing,0.6938661,True,0.06568487,0.05605743,0.1201785,0.029468602,0.6938661,0.034744445
C:\Users\venka\Documents\Project\data\processed\test\clubbing\Screen-Shot-2021-11-22-at-9-12-35-AM_png.rf.48e25c6114eea35771442885c3a4740f.jpg,4,clubbing,4,clubbing,0.88981044,True,0.03287541,0.02586649,0.015388378,0.0193109,0.88981044,0.016748326
C:\Users\venka\Documents\Project\data\processed\test\clubbing\Screen-Shot-2021-11-22-at-9-12-35-AM_png.rf.650fbda673c7c782077388543f291bed.jpg,4,clubbing,4,clubbing,0.92835116,True,0.011437356,0.021525055,0.012155748,0.011823643,0.92835116,0.014707065
C:\Users\venka\Documents\Project\data\processed\test\clubbing\Screen-Shot-2021-11-22-at-9-12-35-AM_png.rf.796c65436da4dbb24e906ce9c038e2c8.jpg,4,clubbing,4,clubbing,0.93771785,True,0.012022395,0.018157912,0.010041801,0.010298294,0.93771785,0.011761734
C:\Users\venka\Documents\Project\data\processed\test\clubbing\Screen-Shot-2021-11-22-at-9-12-51-AM_png.rf.0a54eac2bc2ca91fd855075b1596320b.jpg,4,clubbing,4,clubbing,0.9117965,True,0.021489676,0.019657208,0.012048656,0.015617389,0.9117965,0.019390527
C:\Users\venka\Documents\Project\data\processed\test\clubbing\Screen-Shot-2021-11-22-at-9-12-51-AM_png.rf.49f7c3abaceded834ab9337a3a63edc0.jpg,4,clubbing,4,clubbing,0.9712512,True,0.0043487563,0.012475352,0.0040393705,0.0054356013,0.9712512,0.0024496468
C:\Users\venka\Documents\Project\data\processed\test\clubbing\Screen-Shot-2021-11-22-at-9-13-27-AM_png.rf.d3e03b8c8717e761575477810bfe73f6.jpg,4,clubbing,4,clubbing,0.9543013,True,0.0045096963,0.014352227,0.0102762,0.007275154,0.9543013,0.0092853755
C:\Users\venka\Documents\Project\data\processed\test\clubbing\Screen-Shot-2021-11-22-at-9-15-35-AM_png.rf.a97de4275841aadcb7fa2c7838b4db1b.jpg,4,clubbing,4,clubbing,0.90518856,True,0.013752955,0.029402917,0.01282085,0.022329539,0.90518856,0.016505135
C:\Users\venka\Documents\Project\data\processed\test\clubbing\Screen-Shot-2021-11-22-at-9-23-26-AM_png.rf.9994386352d8c8eeff37bce1fb901387.jpg,4,clubbing,4,clubbing,0.93562335,True,0.010674143,0.019363236,0.013860781,0.010910946,0.93562335,0.009567574
C:\Users\venka\Documents\Project\data\processed\test\clubbing\Screen-Shot-2021-11-22-at-9-23-46-AM_png.rf.db710c6fd04556ba4801ad5a1eaab126.jpg,4,clubbing,4,clubbing,0.9648576,True,0.0050544073,0.010862223,0.0062116487,0.0054448415,0.9648576,0.007569239
C:\Users\venka\Documents\Project\data\processed\test\clubbing\Screen-Shot-2021-11-22-at-9-23-46-AM_png.rf.fec46fe89aeb12d01fc837392dd42933.jpg,4,clubbing,4,clubbing,0.9279595,True,0.00794925,0.017225118,0.015931334,0.013479345,0.9279595,0.017455466
C:\Users\venka\Documents\Project\data\processed\test\clubbing\Screen-Shot-2021-11-22-at-9-24-05-AM_png.rf.f2995c3f305ac8dd90a1248dbe331508.jpg,4,clubbing,4,clubbing,0.9375855,True,0.015390123,0.018379143,0.008532471,0.0118718175,0.9375855,0.008240986
C:\Users\venka\Documents\Project\data\processed\test\clubbing\Screen-Shot-2021-11-22-at-9-24-37-AM_png.rf.4d09dea1023fdc0d357582f4d4b785f3.jpg,4,clubbing,4,clubbing,0.9122832,True,0.018542014,0.029733632,0.013030563,0.013124711,0.9122832,0.0132859135
C:\Users\venka\Documents\Project\data\processed\test\clubbing\Screen-Shot-2021-11-22-at-9-24-45-AM_png.rf.0cf23ca344639d3e905649630b60fee6.jpg,4,clubbing,3,blue_finger,0.38250813,False,0.11281725,0.09385141,0.019866396,0.38250813,0.3534759,0.0374809
C:\Users\venka\Documents\Project\data\processed\test\clubbing\Screen-Shot-2021-11-22-at-9-24-45-AM_png.rf.672d00f519f7e509a26493303645a3b4.jpg,4,clubbing,4,clubbing,0.8754912,True,0.01645589,0.043993544,0.013110918,0.028406376,0.8754912,0.022542013
C:\Users\venka\Documents\Project\data\processed\test\clubbing\Screen-Shot-2021-11-22-at-9-24-45-AM_png.rf.6cf4fc8c4311a3643dedf28f15453e70.jpg,4,clubbing,4,clubbing,0.82989013,True,0.024042571,0.034560293,0.011450674,0.06493475,0.82989013,0.035121497
C:\Users\venka\Documents\Project\data\processed\test\clubbing\Screen-Shot-2021-11-22-at-9-27-45-AM_png.rf.5046c5a89ab861f4d84232b901ea8cd9.jpg,4,clubbing,4,clubbing,0.9477934,True,0.0074713784,0.015224112,0.0074503347,0.010630456,0.9477934,0.011430325
C:\Users\venka\Documents\Project\data\processed\test\clubbing\Screen-Shot-2021-11-22-at-9-27-51-AM_png.rf.8e6a92146227390b94e99e61bd10c86c.jpg,4,clubbing,4,clubbing,0.84255594,True,0.044456765,0.051530816,0.015331619,0.023371726,0.84255594,0.02275309
C:\Users\venka\Documents\Project\data\processed\test\clubbing\Screen-Shot-2021-11-22-at-9-31-39-AM_png.rf.555324671795713ce6d995bdeea74e73.jpg,4,clubbing,4,clubbing,0.9402233,True,0.013306668,0.016714258,0.007425754,0.008972871,0.9402233,0.013357202
C:\Users\venka\Documents\Project\data\processed\test\clubbing\Screen-Shot-2021-11-22-at-9-32-29-AM_png.rf.765965c76a4b654e86b8a484d703fd25.jpg,4,clubbing,4,clubbing,0.87046343,True,0.02422244,0.05152905,0.023480993,0.015507478,0.87046343,0.01479669
C:\Users\venka\Documents\Project\data\processed\test\clubbing\Screen-Shot-2021-11-22-at-9-32-29-AM_png.rf.cd375c15ccba6d1a6ff951941def24da.jpg,4,clubbing,4,clubbing,0.9015689,True,0.012515634,0.042485666,0.007887702,0.018394744,0.9015689,0.017147312
C:\Users\venka\Documents\Project\data\processed\test\clubbing\Screen-Shot-2021-11-22-at-9-34-36-AM_png.rf.45f9e092dc84cf51593207ab2e7c43ae.jpg,4,clubbing,4,clubbing,0.8453224,True,0.010020387,0.02934975,0.018313276,0.055063512,0.8453224,0.04193073
C:\Users\venka\Documents\Project\data\processed\test\clubbing\Screen-Shot-2021-11-22-at-9-37-40-AM_png.rf.b684d83c144a38eb2c052ab08fe85089.jpg,4,clubbing,4,clubbing,0.88974535,True,0.019629518,0.02688332,0.02598162,0.018002331,0.88974535,0.019757869
C:\Users\venka\Documents\Project\data\processed\test\clubbing\Screen-Shot-2021-11-22-at-9-37-40-AM_png.rf.ca50435bef56ddeb8e5bfe7266077ce9.jpg,4,clubbing,4,clubbing,0.93194103,True,0.007864562,0.020398866,0.008202012,0.011582145,0.93194103,0.020011386
C:\Users\venka\Documents\Project\data\processed\test\clubbing\Screen-Shot-2021-11-22-at-9-40-07-AM_png.rf.9dc1009f07d7125bb0806fe5f9ba47cc.jpg,4,clubbing,4,clubbing,0.9196496,True,0.015565726,0.023876488,0.010387067,0.01533226,0.9196496,0.015188856
C:\Users\venka\Documents\Project\data\processed\test\clubbing\Screen-Shot-2021-11-22-at-9-43-45-AM_png.rf.56fee80d27742f442483f6b027ee264e.jpg,4,clubbing,4,clubbing,0.95564663,True,0.006906439,0.015144639,0.005047626,0.0087857125,0.95564663,0.008468973
C:\Users\venka\Documents\Project\data\processed\test\clubbing\Screen-Shot-2021-11-22-at-9-44-03-AM_png.rf.9401cc63fb535352ac86210116e80ab8.jpg,4,clubbing,4,clubbing,0.92017853,True,0.006917611,0.024673004,0.014981593,0.018749002,0.92017853,0.014500309
C:\Users\venka\Documents\Project\data\processed\test\clubbing\Screen-Shot-2021-11-22-at-9-44-21-AM_png.rf.50b585f50a7a4210279659b499d803d4.jpg,4,clubbing,4,clubbing,0.9551083,True,0.004558972,0.019445827,0.0067593614,0.007500367,0.9551083,0.006627183
C:\Users\venka\Documents\Project\data\processed\test\clubbing\Screen-Shot-2021-11-22-at-9-44-40-AM_png.rf.b86d00c09dce9b97af3940e831451e54.jpg,4,clubbing,4,clubbing,0.9580935,True,0.0049996143,0.015173531,0.0037143878,0.007929644,0.9580935,0.010089381
C:\Users\venka\Documents\Project\data\processed\test\clubbing\Screen-Shot-2021-11-22-at-9-46-12-AM_png.rf.46e1daca426e6e5f8f6c27e540bb28e1.jpg,4,clubbing,4,clubbing,0.9299745,True,0.006681014,0.019505695,0.020406082,0.016205313,0.9299745,0.0072274962
C:\Users\venka\Documents\Project\data\processed\test\clubbing\Screen-Shot-2021-11-22-at-9-46-26-AM_png.rf.d3740348b45a14f9b95d15cb5e006885.jpg,4,clubbing,4,clubbing,0.933085,True,0.009794872,0.02488159,0.009555176,0.011539888,0.933085,0.011143336
C:\Users\venka\Documents\Project\data\processed\test\clubbing\Screen-Shot-2021-11-22-at-9-47-47-AM_png.rf.02c095bdea32f613b07cdb6a4b520e8f.jpg,4,clubbing,4,clubbing,0.91436386,True,0.005401331,0.019858688,0.004846896,0.029098408,0.91436386,0.026430788
C:\Users\venka\Documents\Project\data\processed\test\clubbing\Screen-Shot-2021-11-22-at-9-47-47-AM_png.rf.8fe4165935f688aa623924e02bc3e742.jpg,4,clubbing,4,clubbing,0.66638845,True,0.014108529,0.033500448,0.014248059,0.24800478,0.66638845,0.02374974
C:\Users\venka\Documents\Project\data\processed\test\clubbing\Screen-Shot-2021-11-22-at-9-51-13-AM_png.rf.13f4b161a98ed0705b4e56c958779034.jpg,4,clubbing,4,clubbing,0.93269026,True,0.010811067,0.029378157,0.0042935596,0.0037977588,0.93269026,0.019029174
C:\Users\venka\Documents\Project\data\processed\test\clubbing\Screen-Shot-2021-11-22-at-9-51-13-AM_png.rf.807c98d7e07ed9d1a1d7b28df5ff54d7.jpg,4,clubbing,4,clubbing,0.9310253,True,0.013268654,0.01791514,0.011053436,0.0129062245,0.9310253,0.013831225
C:\Users\venka\Documents\Project\data\processed\test\clubbing\Screen-Shot-2021-11-22-at-9-51-19-AM_png.rf.3582c1a69fb0c9d647ae4e0ae48801c7.jpg,4,clubbing,4,clubbing,0.94388753,True,0.0069517437,0.02260885,0.0070000184,0.011087368,0.94388753,0.00846448
C:\Users\venka\Documents\Project\data\processed\test\clubbing\Screen-Shot-2021-11-22-at-9-54-00-AM_png.rf.a1cb3285513e08923efd4ae8701c77ba.jpg,4,clubbing,4,clubbing,0.8949417,True,0.012917627,0.018972386,0.013156804,0.034745175,0.8949417,0.025266351
C:\Users\venka\Documents\Project\data\processed\test\clubbing\Screen-Shot-2021-11-22-at-9-54-05-AM_png.rf.042afb5867566686adb519a5eb0cc372.jpg,4,clubbing,4,clubbing,0.9035837,True,0.016784798,0.019748723,0.013017735,0.03397357,0.9035837,0.012891493
C:\Users\venka\Documents\Project\data\processed\test\clubbing\Screen-Shot-2021-11-22-at-9-56-30-AM_png.rf.10eeab93960298c89432e2b5f9c7706b.jpg,4,clubbing,4,clubbing,0.92570674,True,0.010014203,0.019982511,0.012382594,0.020414444,0.92570674,0.011499613
C:\Users\venka\Documents\Project\data\processed\test\pitting\108_JPG.rf.40d1720769393f88f2f33a1551a3e2f1.jpg,5,pitting,5,pitting,0.9036214,True,0.014270952,0.025773956,0.029236048,0.020105427,0.00699226,0.9036214
C:\Users\venka\Documents\Project\data\processed\test\pitting\108_JPG.rf.8dab79a581652b65c98389790e2f67e5.jpg,5,pitting,5,pitting,0.9601479,True,0.0059134606,0.0139824655,0.0070401845,0.008461437,0.0044544484,0.9601479
C:\Users\venka\Documents\Project\data\processed\test\pitting\116_JPG.rf.09b6228a6798c4faafb6a84c783ccfa9.jpg,5,pitting,5,pitting,0.95495385,True,0.007550064,0.014587611,0.008829066,0.0075535206,0.006525947,0.95495385
C:\Users\venka\Documents\Project\data\processed\test\pitting\119_jpg.rf.8b99f606c9d97456821251f39b0de1a6.jpg,5,pitting,5,pitting,0.9552563,True,0.0048798374,0.015907628,0.006304971,0.007983406,0.009667926,0.9552563
C:\Users\venka\Documents\Project\data\processed\test\pitting\11_png.rf.3acafe927a60a1c1c05ac7b115c19b5b.jpg,5,pitting,5,pitting,0.9468984,True,0.010842844,0.012975415,0.0070463535,0.012558239,0.009678698,0.9468984
C:\Users\venka\Documents\Project\data\processed\test\pitting\124_JPG.rf.50d57fdbe05ba48917dd86dbd38e35e2.jpg,5,pitting,5,pitting,0.95446056,True,0.005292883,0.01448266,0.011955302,0.007650072,0.0061585093,0.95446056
C:\Users\venka\Documents\Project\data\processed\test\pitting\124_JPG.rf.9dfea669f5725b6bf16266aa68de98f0.jpg,5,pitting,5,pitting,0.96458,True,0.0033146578,0.01364689,0.0075811176,0.0067317663,0.00414549,0.96458
C:\Users\venka\Documents\Project\data\processed\test\pitting\126_JPG.rf.8e3c38017672c29a316b3884721fa786.jpg,5,pitting,5,pitting,0.96028084,True,0.0044955094,0.013546076,0.006630656,0.007850503,0.007196383,0.96028084
C:\Users\venka\Documents\Project\data\processed\test\pitting\127_JPG.rf.8e4b2d61de934f2ca8bc127a5e889c93.jpg,5,pitting,5,pitting,0.95007014,True,0.0056906464,0.016407233,0.0059185913,0.010315524,0.01159784,0.95007014
C:\Users\venka\Documents\Project\data\processed\test\pitting\133_JPG.rf.926bfbd8694399db8bca576b390f7024.jpg,5,pitting,5,pitting,0.93270373,True,0.009983087,0.018913295,0.018342635,0.009645289,0.010411962,0.93270373
C:\Users\venka\Documents\Project\data\processed\test\pitting\135_JPG.rf.9df3f55d65600846feee4b283eac6d5a.jpg,5,pitting,5,pitting,0.93401396,True,0.014197368,0.020553676,0.00606435,0.014984144,0.010186464,0.93401396
C:\Users\venka\Documents\Project\data\processed\test\pitting\138_JPG.rf.343a765ce45a0f4c3cbb51d639cdaf96.jpg,5,pitting,5,pitting,0.9548026,True,0.010311764,0.012959396,0.0057947966,0.009417287,0.0067142528,0.9548026
C:\Users\venka\Documents\Project\data\processed\test\pitting\139_jpg.rf.cfbb2c717214ef727d1e9df7e8d4f195.jpg,5,pitting,5,pitting,0.94670445,True,0.010108986,0.015757931,0.009002023,0.010366107,0.0080603855,0.94670445
C:\Users\venka\Documents\Project\data\processed\test\pitting\149_JPG.rf.6115fa9ab7322a035bda51469282c880.jpg,5,pitting,5,pitting,0.9595642,True,0.0066471947,0.011533135,0.008595889,0.005968932,0.007690692,0.9595642
C:\Users\venka\Documents\Project\data\processed\test\pitting\151_JPG.rf.8ee44e6dc45b3f372ad4bddc343c8ce3.jpg,5,pitting,5,pitting,0.950471,True,0.008024955,0.013674967,0.008016433,0.010744231,0.009068393,0.950471
C:\Users\venka\Documents\Project\data\processed\test\pitting\159_JPG.rf.75e8e7071a4ef28cf220571b9574f13a.jpg,5,pitting,5,pitting,0.9581108,True,0.006780598,0.01642468,0.003737427,0.00946553,0.0054809665,0.9581108
C:\Users\venka\Documents\Project\data\processed\test\pitting\160_JPG.rf.5e215e7d14e1e139300f032cb107c6d6.jpg,5,pitting,5,pitting,0.9367469,True,0.010028634,0.023006115,0.01343458,0.009245849,0.007537902,0.9367469
C:\Users\venka\Documents\Project\data\processed\test\pitting\164_JPG.rf.23a3a9830c0cd70cdf0d2dd57716bf17.jpg,5,pitting,5,pitting,0.9311197,True,0.0072083934,0.023496265,0.022178618,0.007975112,0.008021856,0.9311197
C:\Users\venka\Documents\Project\data\processed\test\pitting\166_jpg.rf.55c1aace0868bfab89bcd082d40663c0.jpg,5,pitting,5,pitting,0.86325324,True,0.03940364,0.023669548,0.04269874,0.020156771,0.010818084,0.86325324
C:\Users\venka\Documents\Project\data\processed\test\pitting\167_jpg.rf.b56f36ab013137008e4ac4215924918c.jpg,5,pitting,5,pitting,0.95108825,True,0.011396575,0.013380388,0.005400937,0.009491891,0.009241933,0.95108825
C:\Users\venka\Documents\Project\data\processed\test\pitting\170_jpg.rf.787c50c3da5159db6f777eed1e32bc61.jpg,5,pitting,5,pitting,0.9477977,True,0.0065549077,0.016205948,0.011594323,0.009839988,0.008007055,0.9477977
C:\Users\venka\Documents\Project\data\processed\test\pitting\175_jpg.rf.7eabce046b102ba4fcbd9a9146e2dca0.jpg,5,pitting,5,pitting,0.9495491,True,0.0066228607,0.015770389,0.014211133,0.006792178,0.007054417,0.9495491
C:\Users\venka\Documents\Project\data\processed\test\pitting\176_JPG.rf.3242ec8727ad2be42d4273ab9aba9fd2.jpg,5,pitting,5,pitting,0.898834,True,0.010562736,0.022722865,0.02173513,0.014000212,0.032145113,0.898834
C:\Users\venka\Documents\Project\data\processed\test\pitting\17_JPG.rf.98f366aa36c6c64c3c6eda6df2a01839.jpg,5,pitting,5,pitting,0.93867826,True,0.008348259,0.01491425,0.01568379,0.011047566,0.011327869,0.93867826
C:\Users\venka\Documents\Project\data\processed\test\pitting\182_JPG.rf.4865053aad8d4ec521a348c4ff477824.jpg,5,pitting,5,pitting,0.9450597,True,0.0057812333,0.016459882,0.013242566,0.011811906,0.007644762,0.9450597
C:\Users\venka\Documents\Project\data\processed\test\pitting\187_JPG.rf.8c80a5b2ad3a343cb7335b03a14049ea.jpg,5,pitting,5,pitting,0.9453978,True,0.009821688,0.015743613,0.01389764,0.007537835,0.0076014185,0.9453978
C:\Users\venka\Documents\Project\data\processed\test\pitting\191_JPG.rf.2e550da841289c1e9987dd8aaae4bf63.jpg,5,pitting,5,pitting,0.9587007,True,0.0049720653,0.012255672,0.008960881,0.008417406,0.0066932784,0.9587007
C:\Users\venka\Documents\Project\data\processed\test\pitting\193_JPG.rf.1050b067538579a53ee4deef44c9e4b7.jpg,5,pitting,5,pitting,0.94433784,True,0.010341052,0.014890931,0.01044257,0.009866306,0.01012127,0.94433784
C:\Users\venka\Documents\Project\data\processed\test\pitting\193_JPG.rf.744032144cc47f608f0069c3f6280a76.jpg,5,pitting,5,pitting,0.9345011,True,0.012854764,0.020201072,0.012425471,0.0100626545,0.009954948,0.9345011
C:\Users\venka\Documents\Project\data\processed\test\pitting\194_JPG.rf.22303522aea827bb7a83402327be123a.jpg,5,pitting,5,pitting,0.94380045,True,0.008614735,0.013199998,0.013055959,0.011382338,0.0099464785,0.94380045
C:\Users\venka\Documents\Project\data\processed\test\pitting\197_JPG.rf.48117710a88fe2b0cf96f5bc9332f162.jpg,5,pitting,5,pitting,0.9440247,True,0.008241294,0.018718822,0.011397149,0.010504785,0.007113148,0.9440247
C:\Users\venka\Documents\Project\data\processed\test\pitting\204_JPG.rf.f04d4d025923aeb98c297f8ac9cef174.jpg,5,pitting,5,pitting,0.95538324,True,0.0067491895,0.013540792,0.008485167,0.009255769,0.006585838,0.95538324
C:\Users\venka\Documents\Project\data\processed\test\pitting\206_JPG.rf.0ca72ae7568163d06c10e1c40adbd6c5.jpg,5,pitting,5,pitting,0.96403164,True,0.00523064,0.012722008,0.0062921084,0.0065834285,0.0051401877,0.96403164
C:\Users\venka\Documents\Project\data\processed\test\pitting\209_JPG.rf.55565a335358f438ed25a37cc3bd83a0.jpg,5,pitting,5,pitting,0.94890106,True,0.009182472,0.013525573,0.01069845,0.0089548705,0.008737576,0.94890106
C:\Users\venka\Documents\Project\data\processed\test\pitting\210_JPG.rf.a60fa528afbbf6bf1b01e626d5e8c691.jpg,5,pitting,5,pitting,0.94269985,True,0.0073854052,0.018931909,0.011821274,0.010706502,0.00845507,0.94269985
C:\Users\venka\Documents\Project\data\processed\test\pitting\217_JPG.rf.5410f1eff5eda1ff303d0eb4537173c4.jpg,5,pitting,5,pitting,0.9530377,True,0.0061266306,0.015326617,0.01221342,0.0071392427,0.0061565484,0.9530377
C:\Users\venka\Documents\Project\data\processed\test\pitting\21_JPG.rf.0d8da1c0a488e4f659d4a200c6b815c5.jpg,5,pitting,5,pitting,0.9364027,True,0.014909093,0.014714439,0.015671268,0.008228034,0.010074499,0.9364027
C:\Users\venka\Documents\Project\data\processed\test\pitting\220_JPG.rf.79cdc4c45e68afed0c6d3fce5ca4c877.jpg,5,pitting,5,pitting,0.9403719,True,0.009108184,0.020075012,0.0067364667,0.008630028,0.015078434,0.9403719
C:\Users\venka\Documents\Project\data\processed\test\pitting\223_JPG.rf.be844140328cb31f01a0bf604c9e78b2.jpg,5,pitting,5,pitting,0.9429568,True,0.008784999,0.0155875785,0.010435579,0.012802724,0.0094322935,0.9429568
C:\Users\venka\Documents\Project\data\processed\test\pitting\227_JPG.rf.6177403cabb6a7e7ced7c1ff66691e48.jpg,5,pitting,5,pitting,0.963449,True,0.005642028,0.011000577,0.0059894463,0.0063120592,0.0076068807,0.963449
C:\Users\venka\Documents\Project\data\processed\test\pitting\230_jpg.rf.25ab4a665db508eeaa05cb42a23a01b4.jpg,5,pitting,5,pitting,0.9621828,True,0.005570987,0.01246764,0.0065352,0.007745865,0.0054974095,0.9621828
C:\Users\venka\Documents\Project\data\processed\test\pitting\235_JPG.rf.61804fcdecfc67c1160427a55bbcc005.jpg,5,pitting,5,pitting,0.9518165,True,0.009809352,0.0120633505,0.008156642,0.0074352045,0.010719072,0.9518165
C:\Users\venka\Documents\Project\data\processed\test\pitting\236_jpg.rf.175aa87e91db30ae9e729392ddb794ec.jpg,5,pitting,5,pitting,0.9398133,True,0.01183131,0.01928235,0.0075245565,0.011291513,0.010256962,0.9398133
C:\Users\venka\Documents\Project\data\processed\test\pitting\238_JPG.rf.4d8483d735627e4e5876bf8a49011a54.jpg,5,pitting,5,pitting,0.9462315,True,0.012688249,0.0165581,0.008991096,0.0087066945,0.0068243793,0.9462315
C:\Users\venka\Documents\Project\data\processed\test\pitting\238_JPG.rf.adc3d140dc01e596f8d702c2feae7aae.jpg,5,pitting,5,pitting,0.94099796,True,0.00980784,0.015209424,0.018369157,0.0099038305,0.0057117585,0.94099796
C:\Users\venka\Documents\Project\data\processed\test\pitting\241_JPG.rf.01131a383281b2d3a43e1f1b3946ac68.jpg,5,pitting,5,pitting,0.9380139,True,0.009102291,0.015434941,0.01343468,0.012035294,0.011978837,0.9380139
C:\Users\venka\Documents\Project\data\processed\test\pitting\243_jpg.rf.8bfdedf7f519567f3a947c35f6274825.jpg,5,pitting,5,pitting,0.945227,True,0.009250398,0.01816007,0.010578734,0.008610667,0.008173165,0.945227
C:\Users\venka\Documents\Project\data\processed\test\pitting\247_JPG.rf.819163fb6c1e870cd170a927ef66b72a.jpg,5,pitting,5,pitting,0.94877476,True,0.011385975,0.016210195,0.009270659,0.0072077233,0.0071506742,0.94877476
C:\Users\venka\Documents\Project\data\processed\test\pitting\251_JPG.rf.0d21198c91d51724b676862bf62321fe.jpg,5,pitting,5,pitting,0.9464021,True,0.009806687,0.017613407,0.010940244,0.0096738925,0.0055636764,0.9464021
C:\Users\venka\Documents\Project\data\processed\test\pitting\251_JPG.rf.48c4c67c35053f308d4c972fde788c50.jpg,5,pitting,5,pitting,0.93116194,True,0.0104976185,0.018879872,0.019033518,0.010064373,0.010362769,0.93116194
C:\Users\venka\Documents\Project\data\processed\test\pitting\25_JPG.rf.88e9974981b12a95665b7267ff0a078f.jpg,5,pitting,5,pitting,0.9560905,True,0.007974916,0.0152848335,0.0058042156,0.007817319,0.0070282007,0.9560905
C:\Users\venka\Documents\Project\data\processed\test\pitting\25_JPG.rf.b6c47482831efb277500b134685677e6.jpg,5,pitting,5,pitting,0.9569216,True,0.008127505,0.014148238,0.0074798185,0.0066729006,0.00664998,0.9569216
C:\Users\venka\Documents\Project\data\processed\test\pitting\265_jpg.rf.d2ae9c48bc4375dc04b662a9685143e4.jpg,5,pitting,5,pitting,0.9486636,True,0.007049381,0.019023458,0.009706534,0.0081886705,0.0073683276,0.9486636
C:\Users\venka\Documents\Project\data\processed\test\pitting\266_JPG.rf.26d421fddbf545f4c907e34f5d98496a.jpg,5,pitting,5,pitting,0.9420437,True,0.011191569,0.017163597,0.009376924,0.012563019,0.0076610763,0.9420437
C:\Users\venka\Documents\Project\data\processed\test\pitting\268_JPG.rf.3fb0f6a93730fb27ad780cbdb8382ed8.jpg,5,pitting,5,pitting,0.9623857,True,0.0052235676,0.013249826,0.0057193297,0.006793285,0.00662831,0.9623857
C:\Users\venka\Documents\Project\data\processed\test\pitting\272_jpg.rf.70a63e08bc17a69600c13dce11760900.jpg,5,pitting,4,clubbing,0.452258,False,0.16929154,0.06650339,0.021466248,0.06291744,0.452258,0.22756334
C:\Users\venka\Documents\Project\data\processed\test\pitting\272_jpg.rf.cfc92e83f033e5aaa1c749c21d380b76.jpg,5,pitting,3,blue_finger,0.44684267,False,0.056505237,0.089271426,0.049625445,0.44684267,0.07298152,0.28477365
C:\Users\venka\Documents\Project\data\processed\test\pitting\273_JPG.rf.9c5a81574acc80fd7cce0549f7a0dfe2.jpg,5,pitting,5,pitting,0.9366483,True,0.008602187,0.020656722,0.009637677,0.0108639,0.013591232,0.9366483
C:\Users\venka\Documents\Project\data\processed\test\pitting\273_JPG.rf.b07ea37530876890afa4bf5cdede9c4c.jpg,5,pitting,5,pitting,0.95719194,True,0.007892726,0.016123917,0.0076856907,0.006067576,0.005038168,0.95719194
C:\Users\venka\Documents\Project\data\processed\test\pitting\27_JPG.rf.c624cc83fa29d13bfb9a8de550308f4c.jpg,5,pitting,5,pitting,0.88185567,True,0.01839728,0.025671259,0.025709711,0.013060044,0.035305962,0.88185567
C:\Users\venka\Documents\Project\data\processed\test\pitting\283_JPG.rf.41d5680f45c8cd1b3aaaf76599d9d428.jpg,5,pitting,5,pitting,0.9460449,True,0.008846422,0.015356937,0.0084237475,0.010616067,0.010711866,0.9460449
C:\Users\venka\Documents\Project\data\processed\test\pitting\283_JPG.rf.b0228bf44a39c838aeadc1ecbe0bc177.jpg,5,pitting,5,pitting,0.97217405,True,0.0048350347,0.008991611,0.0045047733,0.004020956,0.0054735816,0.97217405
C:\Users\venka\Documents\Project\data\processed\test\pitting\289_jpg.rf.adaebf2016e6656aac1c829f0db8b7c8.jpg,5,pitting,5,pitting,0.93671346,True,0.009354484,0.013312372,0.011772056,0.0071268193,0.021720912,0.93671346
C:\Users\venka\Documents\Project\data\processed\test\pitting\293_JPG.rf.ae08bdf3dd6225428eef2b060b19c9d5.jpg,5,pitting,5,pitting,0.96325564,True,0.0036789838,0.012202127,0.0073902216,0.009925861,0.003547283,0.96325564
C:\Users\venka\Documents\Project\data\processed\test\pitting\293_JPG.rf.f3f2bfeaebb7572103b05be7d40708dc.jpg,5,pitting,5,pitting,0.9581875,True,0.004695153,0.014933892,0.0065302933,0.010944348,0.004708811,0.9581875
C:\Users\venka\Documents\Project\data\processed\test\pitting\306_jpg.rf.6f3ab6cc1fdd98ff23abfed84ded1dec.jpg,5,pitting,5,pitting,0.94480073,True,0.008912783,0.014238296,0.011530216,0.0103537515,0.010164207,0.94480073
C:\Users\venka\Documents\Project\data\processed\test\pitting\306_jpg.rf.bd77586386e09f91d3c4728564f5deaa.jpg,5,pitting,5,pitting,0.9146771,True,0.019951535,0.019994745,0.017929176,0.012451299,0.014996204,0.9146771
C:\Users\venka\Documents\Project\data\processed\test\pitting\307_jpg.rf.b9a8a4f3e56096edda03c37770f3c425.jpg,5,pitting,5,pitting,0.9460221,True,0.0060336916,0.014539867,0.011391649,0.013058765,0.008953849,0.9460221
C:\Users\venka\Documents\Project\data\processed\test\pitting\309_JPG.rf.4985a709f5e77f90039519e74350bd0f.jpg,5,pitting,5,pitting,0.9524092,True,0.0059345635,0.019890523,0.009230881,0.0067951493,0.00573968,0.9524092
C:\Users\venka\Documents\Project\data\processed\test\pitting\309_JPG.rf.e8d1fa1245f2697375205f0fd1d4919d.jpg,5,pitting,5,pitting,0.9526435,True,0.007268128,0.018161703,0.008513241,0.0076026367,0.00581076,0.9526435
C:\Users\venka\Documents\Project\data\processed\test\pitting\318_JPG.rf.c0173ec94d0de1ff51a674fa12baaa1a.jpg,5,pitting,5,pitting,0.9275936,True,0.008982176,0.024815843,0.0075482787,0.011838095,0.019221943,0.9275936
C:\Users\venka\Documents\Project\data\processed\test\pitting\32_JPG.rf.114ba82648617c3c660c156c86c27411.jpg,5,pitting,5,pitting,0.96467155,True,0.0062674386,0.01223482,0.0042065396,0.004844335,0.007775337,0.96467155
C:\Users\venka\Documents\Project\data\processed\test\pitting\35_JPG.rf.5db35122afc917faf80e5db480912c5f.jpg,5,pitting,5,pitting,0.8947777,True,0.008546061,0.037362516,0.022235848,0.014568427,0.022509536,0.8947777
C:\Users\venka\Documents\Project\data\processed\test\pitting\35_JPG.rf.771b0daa3c0232a0bc3eac9dea27ae39.jpg,5,pitting,5,pitting,0.91834474,True,0.008092408,0.025550747,0.0059984503,0.016451398,0.025562305,0.91834474
C:\Users\venka\Documents\Project\data\processed\test\pitting\36_JPG.rf.e4d2c9ab6bac2d84db3beaf02384f973.jpg,5,pitting,5,pitting,0.95699245,True,0.0083585065,0.016934589,0.004881229,0.008513484,0.0043197228,0.95699245
C:\Users\venka\Documents\Project\data\processed\test\pitting\37_JPG.rf.192c2d6c4ef6ef0cb0b7a6a405665545.jpg,5,pitting,5,pitting,0.96129817,True,0.007479475,0.010518198,0.010058977,0.0049907984,0.005654436,0.96129817
C:\Users\venka\Documents\Project\data\processed\test\pitting\42_JPG.rf.f2972615668faac9416c0197d4bdc672.jpg,5,pitting,5,pitting,0.95720625,True,0.0062100887,0.01342371,0.00846324,0.0077617522,0.0069348873,0.95720625
C:\Users\venka\Documents\Project\data\processed\test\pitting\50_JPG.rf.e0ba358b4003b7242e5e2818cc1e649a.jpg,5,pitting,5,pitting,0.91713107,True,0.016108697,0.021057101,0.023029499,0.011243227,0.011430421,0.91713107
C:\Users\venka\Documents\Project\data\processed\test\pitting\52_JPG.rf.19ad0afda1822cfe4ca09794a0bad9ac.jpg,5,pitting,5,pitting,0.95763963,True,0.006186507,0.014422164,0.006002656,0.009776814,0.005972256,0.95763963
C:\Users\venka\Documents\Project\data\processed\test\pitting\53_JPG.rf.ffd7ef85d81866daa66f9e2975221f58.jpg,5,pitting,5,pitting,0.9309267,True,0.010273322,0.024547674,0.014388426,0.00934875,0.010515179,0.9309267
C:\Users\venka\Documents\Project\data\processed\test\pitting\56_JPG.rf.d6b262b70e48930c46cd7301d8dd7a6a.jpg,5,pitting,5,pitting,0.9532511,True,0.008954957,0.016064158,0.0135911945,0.004009624,0.004128904,0.9532511
C:\Users\venka\Documents\Project\data\processed\test\pitting\59_JPG.rf.88f3c5a80b9adb532a6aff2bdd132c0a.jpg,5,pitting,5,pitting,0.92855763,True,0.006736495,0.024622286,0.010625516,0.010800793,0.018657232,0.92855763
C:\Users\venka\Documents\Project\data\processed\test\pitting\5_JPG.rf.d28647ea5bb64e4906c8465d44a445dc.jpg,5,pitting,5,pitting,0.9585277,True,0.007046694,0.014653464,0.0047333725,0.0087977685,0.0062409355,0.9585277
C:\Users\venka\Documents\Project\data\processed\test\pitting\63_JPG.rf.88ae502be667ef01a50f614312b01505.jpg,5,pitting,5,pitting,0.9560258,True,0.0087008625,0.013661766,0.0065381895,0.009119273,0.00595402,0.9560258
C:\Users\venka\Documents\Project\data\processed\test\pitting\63_JPG.rf.c7fc87b4fae1a2cf47c6d85ed72c4283.jpg,5,pitting,5,pitting,0.9517149,True,0.008238432,0.0151692,0.0074253413,0.011228934,0.006223257,0.9517149
C:\Users\venka\Documents\Project\data\processed\test\pitting\64_JPG.rf.8eb7070ef18a40896dd6c5f88b4b5cee.jpg,5,pitting,5,pitting,0.9421482,True,0.0087389285,0.015025815,0.009516939,0.015849052,0.008721149,0.9421482
C:\Users\venka\Documents\Project\data\processed\test\pitting\65_JPG.rf.0115ec5ab2ddb2ed7afc5fcbd81a7b69.jpg,5,pitting,5,pitting,0.9581573,True,0.00783621,0.012984964,0.009391097,0.0066847303,0.004945663,0.9581573
C:\Users\venka\Documents\Project\data\processed\test\pitting\66_jpg.rf.44626a3dae3f4adbea432c85b72aed52.jpg,5,pitting,5,pitting,0.97190994,True,0.0042606555,0.0122902,0.0040790415,0.0030204707,0.004439682,0.97190994
C:\Users\venka\Documents\Project\data\processed\test\pitting\68_JPG.rf.6e5d511a034d29e957521853eb7ac0d1.jpg,5,pitting,5,pitting,0.9577441,True,0.0062001357,0.010747098,0.013571981,0.0069680884,0.0047685727,0.9577441
C:\Users\venka\Documents\Project\data\processed\test\pitting\74_JPG.rf.9e7e62d364ecb759e14ed32e2f9d2f59.jpg,5,pitting,5,pitting,0.890342,True,0.022761496,0.035837505,0.0068726186,0.015469411,0.028717097,0.890342
C:\Users\venka\Documents\Project\data\processed\test\pitting\75_JPG.rf.b5e87b1560658eabeef4ae46db975199.jpg,5,pitting,5,pitting,0.87778705,True,0.007543741,0.022263944,0.011791915,0.022086168,0.058527198,0.87778705
C:\Users\venka\Documents\Project\data\processed\test\pitting\7_JPG.rf.78589204be0bdf18b31f66b98d14dae2.jpg,5,pitting,5,pitting,0.8359607,True,0.017539047,0.048929173,0.02480935,0.064678974,0.008082793,0.8359607
C:\Users\venka\Documents\Project\data\processed\test\pitting\89_JPG.rf.a7e857ea3d6cc588b3320d9e7f89df5c.jpg,5,pitting,5,pitting,0.9438329,True,0.011611203,0.016917681,0.0066129235,0.011807592,0.009217702,0.9438329
C:\Users\venka\Documents\Project\data\processed\test\pitting\90_JPG.rf.90cf05e9e3aa99b43e842cbddc2fcacc.jpg,5,pitting,5,pitting,0.9480996,True,0.008548652,0.017114982,0.009250683,0.011615096,0.0053710598,0.9480996
C:\Users\venka\Documents\Project\data\processed\test\pitting\90_JPG.rf.d07c77955e569fc092ebaee5d8a89aae.jpg,5,pitting,5,pitting,0.94581777,True,0.008340625,0.014979566,0.010321563,0.013290134,0.0072504245,0.94581777
C:\Users\venka\Documents\Project\data\processed\test\pitting\91_JPG.rf.b56309309c23729cfd2c81e73f627bc9.jpg,5,pitting,5,pitting,0.9234103,True,0.0064908587,0.023259962,0.030742543,0.009530205,0.0065662065,0.9234103
C:\Users\venka\Documents\Project\data\processed\test\pitting\91_JPG.rf.ee848f39a582b7468022ea9062b51205.jpg,5,pitting,5,pitting,0.9312226,True,0.008705922,0.015011229,0.017233128,0.01705756,0.010769476,0.9312226
C:\Users\venka\Documents\Project\data\processed\test\pitting\9_JPG.rf.874798f3e0533bd9bfed669c294bfd2e.jpg,5,pitting,5,pitting,0.972399,True,0.004382611,0.009792744,0.005840821,0.0036623988,0.003922565,0.972399
