filepath,true_label_index,true_class,predicted_label_index,predicted_class,confidence,correct,probability_Acral_Lentiginous_Melanoma,probability_Healthy_Nail,probability_Onychogryphosis,probability_blue_finger,probability_clubbing,probability_pitting
C:\Users\venka\Documents\Project\data\processed\test\Acral_Lentiginous_Melanoma\1124-Subungual_Melanoma-642x361-slide3_jpg.rf.20c5952ae446e61a018ac2e98609f278.jpg,0,Acral_Lentiginous_Melanoma,0,Acral_Lentiginous_Melanoma,0.99997044,True,0.99997044,7.2598704e-07,5.7171363e-08,1.0220866e-05,6.255861e-06,1.2400848e-05
C:\Users\venka\Documents\Project\data\processed\test\Acral_Lentiginous_Melanoma\4229e494114681c808066e262f2f82ad1c89676d_jpg.rf.c06c1d1f4666c86b4d9c077d67cf65d6.jpg,0,Acral_Lentiginous_Melanoma,0,Acral_Lentiginous_Melanoma,0.98578227,True,0.98578227,0.00019455784,0.00033091774,0.00029458632,0.013370325,2.7382643e-05
C:\Users\venka\Documents\Project\data\processed\test\Acral_Lentiginous_Melanoma\CuvmX-dWIAAv_PX_jpeg.rf.9a978ed8ec6b5c63529dbdd6a13be611.jpg,0,Acral_Lentiginous_Melanoma,0,Acral_Lentiginous_Melanoma,0.9999889,True,0.9999889,2.169718e-06,4.4665143e-09,4.2759544e-07,3.1517698e-07,8.16566e-06
C:\Users\venka\Documents\Project\data\processed\test\Acral_Lentiginous_Melanoma\Screen-Shot-2021-11-16-at-6-58-09-PM_png.rf.84eaa8f0ddd6568f5220a7288d709742.jpg,0,Acral_Lentiginous_Melanoma,0,Acral_Lentiginous_Melanoma,0.99999,True,0.99999,4.0281916e-06,5.4129614e-06,6.0641804e-07,3.2366504e-08,2.2584256e-08
C:\Users\venka\Documents\Project\data\processed\test\Acral_Lentiginous_Melanoma\Screen-Shot-2021-11-16-at-6-58-19-PM_png.rf.936289f072e08cd50fed87f99dc64f17.jpg,0,Acral_Lentiginous_Melanoma,0,Acral_Lentiginous_Melanoma,0.99998987,True,0.99998987,8.485062e-07,4.901011e-06,3.884972e-06,3.4070504e-07,1.3956101e-07
C:\Users\venka\Documents\Project\data\processed\test\Acral_Lentiginous_Melanoma\Screen-Shot-2021-11-16-at-6-58-26-PM_png.rf.78b42c8cf2d2d62451936631311b1bd5.jpg,0,Acral_Lentiginous_Melanoma,0,Acral_Lentiginous_Melanoma,0.9999988,True,0.9999988,5.5664486e-08,8.177894e-09,7.011601e-07,4.9976283e-08,3.8855427e-07
C:\Users\venka\Documents\Project\data\processed\test\Acral_Lentiginous_Melanoma\Screen-Shot-2021-11-16-at-6-59-48-PM_png.rf.cd1b9f38eb673fc5031ab4c7c9fda753.jpg,0,Acral_Lentiginous_Melanoma,0,Acral_Lentiginous_Melanoma,0.9999976,True,0.9999976,6.240666e-07,8.7888134e-07,3.439485e-07,4.9344476e-07,5.5741342e-08
C:\Users\venka\Documents\Project\data\processed\test\Acral_Lentiginous_Melanoma\Screen-Shot-2021-11-16-at-7-00-57-PM_png.rf.ac7e0f8660912b0ad7d1e99ee16451f4.jpg,0,Acral_Lentiginous_Melanoma,0,Acral_Lentiginous_Melanoma,0.98953,True,0.98953,0.00040500364,1.2525386e-06,0.009235299,2.212256e-07,0.00082818477
C:\Users\venka\Documents\Project\data\processed\test\Acral_Lentiginous_Melanoma\Screen-Shot-2021-11-16-at-7-01-17-PM_png.rf.f6e3ef0d310e1ee2779fce1ccf4b6d5a.jpg,0,Acral_Lentiginous_Melanoma,0,Acral_Lentiginous_Melanoma,0.99993956,True,0.99993956,1.2820945e-05,4.5120323e-06,2.8437647e-05,1.7619001e-07,1.4501068e-05
C:\Users\venka\Documents\Project\data\processed\test\Acral_Lentiginous_Melanoma\Screen-Shot-2021-11-16-at-7-05-55-PM_png.rf.ade918f28d20e9e407278ebfc3eb1892.jpg,0,Acral_Lentiginous_Melanoma,0,Acral_Lentiginous_Melanoma,0.9994373,True,0.9994373,7.4420825e-07,3.6304161e-06,0.00047140807,2.4444087e-06,8.452743e-05
C:\Users\venka\Documents\Project\data\processed\test\Acral_Lentiginous_Melanoma\Screen-Shot-2021-11-16-at-7-06-53-PM_png.rf.301e227b232bf6691817ffc2ece5217f.jpg,0,Acral_Lentiginous_Melanoma,0,Acral_Lentiginous_Melanoma,0.99995077,True,0.99995077,2.658487e-05,6.8442682e-06,1.4908984e-06,7.494886e-09,1.4418052e-05
C:\Users\venka\Documents\Project\data\processed\test\Acral_Lentiginous_Melanoma\Screen-Shot-2021-11-16-at-7-07-46-PM_png.rf.229f8f3912643ac3f8d34ddf9bdc3d24.jpg,0,Acral_Lentiginous_Melanoma,0,Acral_Lentiginous_Melanoma,0.999977,True,0.999977,1.6685866e-06,8.236319e-06,1.596365e-08,4.815693e-08,1.3084633e-05
C:\Users\venka\Documents\Project\data\processed\test\Acral_Lentiginous_Melanoma\Screen-Shot-2021-11-16-at-7-07-58-PM_png.rf.3709c21322417722890579eef8538ea8.jpg,0,Acral_Lentiginous_Melanoma,0,Acral_Lentiginous_Melanoma,0.9999733,True,0.9999733,2.836078e-06,2.1259735e-05,1.5733166e-06,2.1672262e-09,1.0313173e-06
C:\Users\venka\Documents\Project\data\processed\test\Acral_Lentiginous_Melanoma\Screen-Shot-2021-11-16-at-7-08-26-PM_png.rf.5f82c4749b34db20407b5665a56aec2c.jpg,0,Acral_Lentiginous_Melanoma,0,Acral_Lentiginous_Melanoma,0.99992096,True,0.99992096,8.666923e-07,1.3260278e-05,3.4985906e-08,6.176552e-05,3.2060268e-06
C:\Users\venka\Documents\Project\data\processed\test\Acral_Lentiginous_Melanoma\Screen-Shot-2021-11-16-at-7-10-55-PM_png.rf.98b46b85ecb9ecc122c1d6e0823ec4fd.jpg,0,Acral_Lentiginous_Melanoma,0,Acral_Lentiginous_Melanoma,0.9999981,True,0.9999981,7.5626076e-08,2.198787e-07,1.056563e-06,4.203194e-07,5.7116484e-08
C:\Users\venka\Documents\Project\data\processed\test\Acral_Lentiginous_Melanoma\Screen-Shot-2021-11-16-at-7-12-11-PM_png.rf.35bd81c211094dbe7b79cfa959c66901.jpg,0,Acral_Lentiginous_Melanoma,0,Acral_Lentiginous_Melanoma,0.9998932,True,0.9998932,6.880762e-05,3.7248323e-05,3.479078e-07,1.1404423e-08,4.9243243e-07
C:\Users\venka\Documents\Project\data\processed\test\Acral_Lentiginous_Melanoma\Screen-Shot-2021-11-16-at-7-12-20-PM_png.rf.a1e34811f9245102102eae95c74eb0b4.jpg,0,Acral_Lentiginous_Melanoma,0,Acral_Lentiginous_Melanoma,0.9999956,True,0.9999956,9.740278e-07,1.3204711e-06,1.0424922e-07,7.366731e-08,1.8618397e-06
C:\Users\venka\Documents\Project\data\processed\test\Acral_Lentiginous_Melanoma\Screen-Shot-2021-11-16-at-7-13-16-PM_png.rf.e87e6b3b42c2bb13d3a83d4d400a5889.jpg,0,Acral_Lentiginous_Melanoma,0,Acral_Lentiginous_Melanoma,0.6452472,True,0.6452472,0.00013164572,0.35278302,9.21944e-06,1.025721e-05,0.0018186221
C:\Users\venka\Documents\Project\data\processed\test\Acral_Lentiginous_Melanoma\Screen-Shot-2021-11-16-at-7-13-54-PM_png.rf.45989c6f9448c034faaab9094b18ef39.jpg,0,Acral_Lentiginous_Melanoma,0,Acral_Lentiginous_Melanoma,0.9614274,True,0.9614274,9.419635e-05,4.2473286e-07,0.002516595,0.03579042,0.00017096018
C:\Users\venka\Documents\Project\data\processed\test\Acral_Lentiginous_Melanoma\Screen-Shot-2021-11-16-at-7-14-06-PM_png.rf.d510d4c93a08ad1ea8ff2879954bbc54.jpg,0,Acral_Lentiginous_Melanoma,0,Acral_Lentiginous_Melanoma,0.98983383,True,0.98983383,5.860802e-05,0.006916249,0.0002789893,3.1290355e-07,0.0029118771
C:\Users\venka\Documents\Project\data\processed\test\Acral_Lentiginous_Melanoma\Screen-Shot-2021-11-16-at-7-14-19-PM_png.rf.b708150bce14b78522e00a91b26ebad0.jpg,0,Acral_Lentiginous_Melanoma,0,Acral_Lentiginous_Melanoma,0.9999577,True,0.9999577,1.629154e-05,7.2115853e-07,1.1560803e-06,6.6327766e-06,1.7536793e-05
C:\Users\venka\Documents\Project\data\processed\test\Acral_Lentiginous_Melanoma\Screen-Shot-2021-11-16-at-7-16-43-PM_png.rf.7e13e8110130f7cba18e1cc3d749e32d.jpg,0,Acral_Lentiginous_Melanoma,0,Acral_Lentiginous_Melanoma,0.99926966,True,0.99926966,2.0996926e-05,7.3477446e-09,0.0005743792,1.9238027e-05,0.000115799405
C:\Users\venka\Documents\Project\data\processed\test\Acral_Lentiginous_Melanoma\Screen-Shot-2021-11-16-at-7-16-43-PM_png.rf.8f156a1c22f337fff0147c8e87829c67.jpg,0,Acral_Lentiginous_Melanoma,0,Acral_Lentiginous_Melanoma,0.9998431,True,0.9998431,1.6155818e-05,4.4405749e-10,3.8509057e-05,3.5813266e-06,9.8566736e-05
C:\Users\venka\Documents\Project\data\processed\test\Acral_Lentiginous_Melanoma\Screen-Shot-2021-11-16-at-7-17-45-PM_png.rf.cfc11a7bda850be0b92d371c2898d3ad.jpg,0,Acral_Lentiginous_Melanoma,0,Acral_Lentiginous_Melanoma,0.9999856,True,0.9999856,2.285944e-06,7.046597e-06,2.5846482e-06,3.3951089e-09,2.5113918e-06
C:\Users\venka\Documents\Project\data\processed\test\Acral_Lentiginous_Melanoma\Screen-Shot-2021-11-19-at-1-00-57-AM_png.rf.a2258dc96f532e444028a5e4a4ffbc08.jpg,0,Acral_Lentiginous_Melanoma,0,Acral_Lentiginous_Melanoma,0.99994373,True,0.99994373,6.9810344e-06,6.1056844e-06,8.97082e-06,6.208275e-07,3.3676002e-05
C:\Users\venka\Documents\Project\data\processed\test\Acral_Lentiginous_Melanoma\Screen-Shot-2021-11-19-at-1-26-44-AM_png.rf.03df3d79c9891041f8ab532e86611594.jpg,0,Acral_Lentiginous_Melanoma,0,Acral_Lentiginous_Melanoma,0.9999175,True,0.9999175,3.6704834e-05,1.2849263e-06,1.020171e-06,2.215554e-05,2.1265283e-05
C:\Users\venka\Documents\Project\data\processed\test\Acral_Lentiginous_Melanoma\Screen-Shot-2021-11-19-at-1-26-44-AM_png.rf.66e4fd6d1ebbd04e3fc38643186be981.jpg,0,Acral_Lentiginous_Melanoma,0,Acral_Lentiginous_Melanoma,0.99998,True,0.99998,1.8715358e-06,1.0416482e-05,3.5678795e-08,2.3959758e-06,5.423355e-06
C:\Users\venka\Documents\Project\data\processed\test\Acral_Lentiginous_Melanoma\Screen-Shot-2021-11-19-at-1-27-17-AM_png.rf.171b5238a47c916d76d2bf732066c2c5.jpg,0,Acral_Lentiginous_Melanoma,0,Acral_Lentiginous_Melanoma,0.99994445,True,0.99994445,7.3443507e-06,1.5417758e-05,1.9904168e-05,1.4529179e-06,1.1511479e-05
C:\Users\venka\Documents\Project\data\processed\test\Acral_Lentiginous_Melanoma\Screen-Shot-2021-11-19-at-1-31-21-AM_png.rf.95301877af646b998ed8900ceb1f9922.jpg,0,Acral_Lentiginous_Melanoma,0,Acral_Lentiginous_Melanoma,0.9986889,True,0.9986889,2.0518376e-06,8.202803e-10,1.0001564e-06,0.0012806425,2.7433287e-05
C:\Users\venka\Documents\Project\data\processed\test\Acral_Lentiginous_Melanoma\Screen-Shot-2021-11-19-at-1-37-53-AM_png.rf.86e9cbce0daafa7832fb3714a0db02b2.jpg,0,Acral_Lentiginous_Melanoma,0,Acral_Lentiginous_Melanoma,0.99973446,True,0.99973446,3.9426828e-05,0.00010449684,8.273984e-05,3.683862e-05,1.9596073e-06
C:\Users\venka\Documents\Project\data\processed\test\Acral_Lentiginous_Melanoma\Screen-Shot-2021-11-19-at-1-37-53-AM_png.rf.9d6300e1057cbc889cfbcebc20d981f4.jpg,0,Acral_Lentiginous_Melanoma,0,Acral_Lentiginous_Melanoma,0.9993006,True,0.9993006,0.0002576538,0.00035454624,4.8418136e-05,3.524655e-05,3.4983416e-06
C:\Users\venka\Documents\Project\data\processed\test\Acral_Lentiginous_Melanoma\Screen-Shot-2021-11-19-at-1-38-40-AM_png.rf.92fc8206cceda2823ce5b41b7ea5a9c0.jpg,0,Acral_Lentiginous_Melanoma,0,Acral_Lentiginous_Melanoma,0.99934,True,0.99934,0.00027604002,1.6598422e-05,0.0001638129,1.5389816e-05,0.0001881593
C:\Users\venka\Documents\Project\data\processed\test\Acral_Lentiginous_Melanoma\Screen-Shot-2021-11-19-at-1-38-57-AM_png.rf.b976b1f54cf785e66974724e4e4585fa.jpg,0,Acral_Lentiginous_Melanoma,0,Acral_Lentiginous_Melanoma,0.9999938,True,0.9999938,5.064419e-08,8.09513e-07,5.225171e-06,2.2379714e-08,7.839154e-08
C:\Users\venka\Documents\Project\data\processed\test\Acral_Lentiginous_Melanoma\Screen-Shot-2021-11-19-at-1-41-42-AM_png.rf.7571ea90c4bb5276b0d77d9e42db93f1.jpg,0,Acral_Lentiginous_Melanoma,0,Acral_Lentiginous_Melanoma,0.99999285,True,0.99999285,2.7267816e-07,3.0305433e-08,5.4375946e-08,4.703311e-06,2.2174108e-06
C:\Users\venka\Documents\Project\data\processed\test\Acral_Lentiginous_Melanoma\Screen-Shot-2021-11-19-at-1-43-17-AM_png.rf.1182e23c51367d6cfe89acbb693bf1ab.jpg,0,Acral_Lentiginous_Melanoma,0,Acral_Lentiginous_Melanoma,0.99859864,True,0.99859864,1.6586858e-06,0.001353027,2.821941e-05,1.6066242e-05,2.4149992e-06
C:\Users\venka\Documents\Project\data\processed\test\Acral_Lentiginous_Melanoma\Screen-Shot-2021-11-19-at-1-45-52-AM_png.rf.59970b0d8735b67e97a6b322165ff8a4.jpg,0,Acral_Lentiginous_Melanoma,0,Acral_Lentiginous_Melanoma,0.9999932,True,0.9999932,2.275751e-06,1.8587021e-06,5.526185e-07,1.3582134e-08,2.094915e-06
C:\Users\venka\Documents\Project\data\processed\test\Acral_Lentiginous_Melanoma\Screen-Shot-2021-11-19-at-1-53-47-AM_png.rf.18813d4eb66090b5a04d80ec958f833b.jpg,0,Acral_Lentiginous_Melanoma,0,Acral_Lentiginous_Melanoma,0.99998665,True,0.99998665,2.4492803e-07,1.0035452e-06,1.2591851e-06,1.1801714e-06,9.708913e-06
C:\Users\venka\Documents\Project\data\processed\test\Acral_Lentiginous_Melanoma\Screen-Shot-2021-11-19-at-1-54-25-AM_png.rf.6f719fe9b2f233b8253010a4e82d60e1.jpg,0,Acral_Lentiginous_Melanoma,0,Acral_Lentiginous_Melanoma,0.99999845,True,0.99999845,7.203833e-08,9.2754995e-09,4.6339946e-07,9.530437e-07,3.943018e-08
C:\Users\venka\Documents\Project\data\processed\test\Acral_Lentiginous_Melanoma\Screen-Shot-2021-11-19-at-1-54-57-AM_png.rf.28d1b22593c06e5dda8f58aac3c41d33.jpg,0,Acral_Lentiginous_Melanoma,0,Acral_Lentiginous_Melanoma,0.9999999,True,0.9999999,6.0396306e-09,7.1491564e-09,6.466117e-10,7.90376e-08,3.1332472e-09
C:\Users\venka\Documents\Project\data\processed\test\Acral_Lentiginous_Melanoma\Screen-Shot-2021-11-19-at-1-55-04-AM_png.rf.042cf77f894b5b2a9af7bf094bb89e41.jpg,0,Acral_Lentiginous_Melanoma,0,Acral_Lentiginous_Melanoma,0.99933416,True,0.99933416,6.123984e-05,2.275769e-05,0.00052507024,5.566483e-07,5.6158533e-05
C:\Users\venka\Documents\Project\data\processed\test\Acral_Lentiginous_Melanoma\Screen-Shot-2021-11-19-at-1-56-09-AM_png.rf.353c99bb4a0569ff859a449ceedc8ec4.jpg,0,Acral_Lentiginous_Melanoma,0,Acral_Lentiginous_Melanoma,0.99998474,True,0.99998474,6.9048497e-06,3.8850726e-07,1.0948391e-06,7.834026e-09,6.943089e-06
C:\Users\venka\Documents\Project\data\processed\test\Acral_Lentiginous_Melanoma\Screen-Shot-2021-11-19-at-1-56-53-AM_png.rf.13e734ae3291f05e68eb02889424a436.jpg,0,Acral_Lentiginous_Melanoma,0,Acral_Lentiginous_Melanoma,0.9999275,True,0.9999275,9.119715e-06,3.0782753e-06,2.2510533e-06,2.0642345e-05,3.7393253e-05
C:\Users\venka\Documents\Project\data\processed\test\Acral_Lentiginous_Melanoma\Screen-Shot-2021-11-19-at-12-37-14-AM_png.rf.a69cedffa7f913f6ece573e56db1d965.jpg,0,Acral_Lentiginous_Melanoma,0,Acral_Lentiginous_Melanoma,0.9999906,True,0.9999906,6.109394e-08,1.8997983e-09,2.9099563e-06,6.1888195e-06,2.9697662e-07
C:\Users\venka\Documents\Project\data\processed\test\Acral_Lentiginous_Melanoma\Screen-Shot-2021-11-19-at-12-39-46-AM_png.rf.cb554363f5f823f709477ebdd056743a.jpg,0,Acral_Lentiginous_Melanoma,0,Acral_Lentiginous_Melanoma,0.99996364,True,0.99996364,2.2872305e-06,9.4778564e-08,6.2082963e-06,2.7531352e-05,1.9860332e-07
C:\Users\venka\Documents\Project\data\processed\test\Acral_Lentiginous_Melanoma\Screen-Shot-2021-11-19-at-12-41-44-AM_png.rf.de5b25017790d49322e13188cf0b2c91.jpg,0,Acral_Lentiginous_Melanoma,0,Acral_Lentiginous_Melanoma,0.99997497,True,0.99997497,2.2373447e-08,2.243234e-07,1.3204061e-06,2.3380218e-05,4.133238e-08
C:\Users\venka\Documents\Project\data\processed\test\Acral_Lentiginous_Melanoma\Screen-Shot-2021-11-19-at-12-55-27-AM_png.rf.496947b15eade645613e333ead8fa545.jpg,0,Acral_Lentiginous_Melanoma,0,Acral_Lentiginous_Melanoma,0.9999912,True,0.9999912,1.803883e-06,2.9529822e-08,6.869168e-07,6.321777e-06,4.9158043e-08
C:\Users\venka\Documents\Project\data\processed\test\Acral_Lentiginous_Melanoma\Screen-Shot-2021-11-19-at-12-55-39-AM_png.rf.8d61a0594fc64089c87dd00b0e6f0b09.jpg,0,Acral_Lentiginous_Melanoma,0,Acral_Lentiginous_Melanoma,0.9999739,True,0.9999739,5.6557788e-08,7.1486435e-09,7.6174935e-08,2.5934069e-05,7.44316e-09
C:\Users\venka\Documents\Project\data\processed\test\Acral_Lentiginous_Melanoma\Screen-Shot-2021-11-19-at-12-56-04-AM_png.rf.38820238dd67401dd034f47057e9a613.jpg,0,Acral_Lentiginous_Melanoma,0,Acral_Lentiginous_Melanoma,0.99998355,True,0.99998355,7.67182e-07,1.561811e-10,2.8757818e-06,1.276491e-05,3.5015586e-09
C:\Users\venka\Documents\Project\data\processed\test\Acral_Lentiginous_Melanoma\Screen-Shot-2021-11-19-at-12-56-04-AM_png.rf.f1f22bb8840afb9f1fd822a35ba450e2.jpg,0,Acral_Lentiginous_Melanoma,0,Acral_Lentiginous_Melanoma,0.98219925,True,0.98219925,3.7766276e-07,1.8363759e-08,0.017784737,1.5341586e-05,3.1566822e-07
C:\Users\venka\Documents\Project\data\processed\test\Acral_Lentiginous_Melanoma\Screen-Shot-2021-11-19-at-2-10-05-AM_png.rf.020549b2c1e999dab8f0cf598e5141c4.jpg,0,Acral_Lentiginous_Melanoma,0,Acral_Lentiginous_Melanoma,0.99999785,True,0.99999785,7.568381e-07,8.653239e-08,3.1084875e-07,2.0553372e-07,7.121929e-07
C:\Users\venka\Documents\Project\data\processed\test\Acral_Lentiginous_Melanoma\Screen-Shot-2021-11-19-at-2-10-05-AM_png.rf.0df26b0d045346f53580d4062e3c0c4c.jpg,0,Acral_Lentiginous_Melanoma,0,Acral_Lentiginous_Melanoma,0.99998534,True,0.99998534,6.2630816e-06,3.2498002e-07,3.6097495e-06,1.832407e-06,2.684624e-06
C:\Users\venka\Documents\Project\data\processed\test\Acral_Lentiginous_Melanoma\Screen-Shot-2021-11-19-at-2-11-28-AM_png.rf.2196b737c3e2e387b824e8ff30fbf610.jpg,0,Acral_Lentiginous_Melanoma,4,clubbing,0.77980864,False,0.20193337,0.010428679,0.0062399646,0.00020474431,0.77980864,0.0013845616
C:\Users\venka\Documents\Project\data\processed\test\Acral_Lentiginous_Melanoma\Screen-Shot-2021-11-19-at-2-12-47-AM_png.rf.af605b32b8c090599dc185f4aac29390.jpg,0,Acral_Lentiginous_Melanoma,0,Acral_Lentiginous_Melanoma,0.99140704,True,0.99140704,1.49622965e-05,0.0012813569,0.006327486,0.00017004483,0.0007990881
C:\Users\venka\Documents\Project\data\processed\test\Acral_Lentiginous_Melanoma\Screen-Shot-2021-11-19-at-2-12-47-AM_png.rf.f04281edd2ddc4fcb10e3617650978fc.jpg,0,Acral_Lentiginous_Melanoma,0,Acral_Lentiginous_Melanoma,0.9997247,True,0.9997247,1.7512527e-06,2.3001932e-05,0.0002494367,5.612486e-08,1.1105864e-06
C:\Users\venka\Documents\Project\data\processed\test\Acral_Lentiginous_Melanoma\Screen-Shot-2021-11-19-at-2-13-04-AM_png.rf.4d3eb3e80791302af1b1807e55b86998.jpg,0,Acral_Lentiginous_Melanoma,0,Acral_Lentiginous_Melanoma,0.9838837,True,0.9838837,1.1394575e-06,1.0180719e-05,5.892931e-07,0.016093995,1.0327579e-05
C:\Users\venka\Documents\Project\data\processed\test\Acral_Lentiginous_Melanoma\Screen-Shot-2021-11-19-at-2-13-04-AM_png.rf.d5a7ff146a4d86ee96d28eace69028e4.jpg,0,Acral_Lentiginous_Melanoma,0,Acral_Lentiginous_Melanoma,0.9980629,True,0.9980629,4.5947613e-07,2.0745695e-07,1.11061176e-07,0.0019340648,2.142814e-06
C:\Users\venka\Documents\Project\data\processed\test\Acral_Lentiginous_Melanoma\Screen-Shot-2021-11-19-at-2-14-13-AM_png.rf.9660cbce1aaec42bb0c08b094f62a921.jpg,0,Acral_Lentiginous_Melanoma,0,Acral_Lentiginous_Melanoma,0.99973613,True,0.99973613,2.1943426e-07,1.451231e-09,5.9317987e-05,1.5874188e-05,0.00018849454
C:\Users\venka\Documents\Project\data\processed\test\Acral_Lentiginous_Melanoma\Screen-Shot-2021-11-19-at-2-17-07-AM_png.rf.9a0f7760436155c743d9eaaf97c76d58.jpg,0,Acral_Lentiginous_Melanoma,0,Acral_Lentiginous_Melanoma,0.9924326,True,0.9924326,2.4868497e-05,1.8777737e-09,0.007540577,5.14929e-07,1.4265536e-06
C:\Users\venka\Documents\Project\data\processed\test\Acral_Lentiginous_Melanoma\Screen-Shot-2021-11-19-at-2-17-07-AM_png.rf.a37178cbefd2c3f72c2ffd42074852f5.jpg,0,Acral_Lentiginous_Melanoma,0,Acral_Lentiginous_Melanoma,0.99976295,True,0.99976295,3.4206336e-05,5.376976e-08,0.00019120419,8.334872e-08,1.1550293e-05
C:\Users\venka\Documents\Project\data\processed\test\Acral_Lentiginous_Melanoma\Screen-Shot-2021-11-19-at-2-26-44-AM_png.rf.7e362aed364a99d850d18e2a03d30ce7.jpg,0,Acral_Lentiginous_Melanoma,0,Acral_Lentiginous_Melanoma,0.99984825,True,0.99984825,1.6978253e-06,3.472468e-07,0.00014919361,1.2360913e-07,3.4429652e-07
C:\Users\venka\Documents\Project\data\processed\test\Acral_Lentiginous_Melanoma\Screen-Shot-2021-11-19-at-2-27-01-AM_png.rf.e1401db8fc51737dd68afb3cf9807c54.jpg,0,Acral_Lentiginous_Melanoma,0,Acral_Lentiginous_Melanoma,0.99969625,True,0.99969625,2.8659315e-05,7.6887736e-05,3.4222518e-07,1.13019e-05,0.00018657254
C:\Users\venka\Documents\Project\data\processed\test\Acral_Lentiginous_Melanoma\Screen-Shot-2021-11-19-at-2-27-33-AM_png.rf.b6708cb30f43cb115020f98cf59220a2.jpg,0,Acral_Lentiginous_Melanoma,0,Acral_Lentiginous_Melanoma,0.9999752,True,0.9999752,2.2332451e-05,2.982504e-07,1.3045752e-06,4.0110598e-07,4.8355673e-07
C:\Users\venka\Documents\Project\data\processed\test\Acral_Lentiginous_Melanoma\Screen-Shot-2021-11-19-at-2-27-56-AM_png.rf.73d097900279fe7340bc2c2d6902cbe5.jpg,0,Acral_Lentiginous_Melanoma,0,Acral_Lentiginous_Melanoma,0.99999595,True,0.99999595,9.218641e-07,5.613859e-08,1.9194187e-07,1.5120495e-06,1.3998797e-06
C:\Users\venka\Documents\Project\data\processed\test\Acral_Lentiginous_Melanoma\Screen-Shot-2021-11-19-at-2-30-18-AM_png.rf.4c540a33e29875f38fc7e311a3706f75.jpg,0,Acral_Lentiginous_Melanoma,0,Acral_Lentiginous_Melanoma,0.99994004,True,0.99994004,3.5972012e-06,2.4903295e-07,3.9724955e-06,6.249601e-06,4.6010027e-05
C:\Users\venka\Documents\Project\data\processed\test\Acral_Lentiginous_Melanoma\Screen-Shot-2021-11-20-at-10-04-59-PM_png.rf.4bca1f65b69fd5c28f76dc67b9a3753d.jpg,0,Acral_Lentiginous_Melanoma,0,Acral_Lentiginous_Melanoma,0.9999875,True,0.9999875,2.3842034e-07,9.94514e-07,9.757468e-06,1.0259541e-06,4.7310263e-07
C:\Users\venka\Documents\Project\data\processed\test\Acral_Lentiginous_Melanoma\Screen-Shot-2021-11-20-at-10-24-29-PM_png.rf.56724e81eeec07272eea77d625c27875.jpg,0,Acral_Lentiginous_Melanoma,0,Acral_Lentiginous_Melanoma,0.9999622,True,0.9999622,1.0261904e-06,4.8686106e-06,1.09008615e-05,2.0018322e-05,9.760483e-07
C:\Users\venka\Documents\Project\data\processed\test\Acral_Lentiginous_Melanoma\Screen-Shot-2021-11-20-at-10-24-29-PM_png.rf.75206f6cfcbba7486aa8c7eeecb6c1d3.jpg,0,Acral_Lentiginous_Melanoma,0,Acral_Lentiginous_Melanoma,0.9998796,True,0.9998796,8.8427115e-08,0.00010707333,2.6469354e-06,9.079585e-06,1.6010578e-06
C:\Users\venka\Documents\Project\data\processed\test\Acral_Lentiginous_Melanoma\Screen-Shot-2021-11-20-at-10-25-02-PM_png.rf.787055924f2b6480dea89f2588fb3b37.jpg,0,Acral_Lentiginous_Melanoma,0,Acral_Lentiginous_Melanoma,0.9986702,True,0.9986702,5.7705647e-06,6.345833e-07,0.0012012309,2.9578566e-09,0.00012217608
C:\Users\venka\Documents\Project\data\processed\test\Acral_Lentiginous_Melanoma\Screen-Shot-2021-11-20-at-10-28-12-PM_png.rf.3c036eaef8513ddd248c217a7195a233.jpg,0,Acral_Lentiginous_Melanoma,0,Acral_Lentiginous_Melanoma,0.99999547,True,0.99999547,3.056465e-08,1.4676726e-07,4.233078e-06,7.742623e-08,4.073435e-08
C:\Users\venka\Documents\Project\data\processed\test\Acral_Lentiginous_Melanoma\Screen-Shot-2021-11-20-at-10-30-41-PM_png.rf.a97e3d81c76e60862e65f8b657db5c3e.jpg,0,Acral_Lentiginous_Melanoma,0,Acral_Lentiginous_Melanoma,0.9996941,True,0.9996941,1.42108665e-05,0.0002819999,6.4940896e-06,1.5813271e-06,1.6830505e-06
C:\Users\venka\Documents\Project\data\processed\test\Acral_Lentiginous_Melanoma\Screen-Shot-2021-11-20-at-10-40-57-PM_png.rf.c896d8a6837b555770ce6aba1bf15739.jpg,0,Acral_Lentiginous_Melanoma,0,Acral_Lentiginous_Melanoma,0.9999018,True,0.9999018,1.0183475e-05,8.207322e-05,5.2615915e-06,1.3088851e-07,5.7895755e-07
C:\Users\venka\Documents\Project\data\processed\test\Acral_Lentiginous_Melanoma\Screen-Shot-2021-11-20-at-7-49-00-PM_png.rf.2ab0b916fbf0c3cdefddce58cb4dcc77.jpg,0,Acral_Lentiginous_Melanoma,0,Acral_Lentiginous_Melanoma,0.9999871,True,0.9999871,3.4954336e-08,8.127666e-09,4.7863564e-06,8.119063e-06,3.936304e-10
C:\Users\venka\Documents\Project\data\processed\test\Acral_Lentiginous_Melanoma\Screen-Shot-2021-11-20-at-7-49-26-PM_png.rf.4d3d8c48f29ba530ac9fefdbaba0a440.jpg,0,Acral_Lentiginous_Melanoma,0,Acral_Lentiginous_Melanoma,0.9999753,True,0.9999753,3.3169702e-06,1.1059351e-07,1.31853485e-05,3.7475418e-06,4.3331893e-06
C:\Users\venka\Documents\Project\data\processed\test\Acral_Lentiginous_Melanoma\Screen-Shot-2021-11-20-at-7-49-46-PM_png.rf.38fa6498f1f7e7a89187f6528688b2ed.jpg,0,Acral_Lentiginous_Melanoma,0,Acral_Lentiginous_Melanoma,0.9999981,True,0.9999981,6.838319e-07,7.132928e-07,1.60579e-07,9.49144e-09,3.8560412e-07
C:\Users\venka\Documents\Project\data\processed\test\Acral_Lentiginous_Melanoma\Screen-Shot-2021-11-20-at-7-52-57-PM_png.rf.a285b1200d2b44506b97ad84ce9506e0.jpg,0,Acral_Lentiginous_Melanoma,0,Acral_Lentiginous_Melanoma,0.9999262,True,0.9999262,1.0605967e-06,2.6734408e-06,4.6594458e-05,2.1468319e-05,2.0897965e-06
C:\Users\venka\Documents\Project\data\processed\test\Acral_Lentiginous_Melanoma\Screen-Shot-2021-11-20-at-7-53-27-PM_png.rf.ef266f5d4a24a6529e17b9e67a1f413d.jpg,0,Acral_Lentiginous_Melanoma,0,Acral_Lentiginous_Melanoma,0.9998202,True,0.9998202,2.680291e-05,1.7399601e-07,0.00013706015,1.2432729e-07,1.5703079e-05
C:\Users\venka\Documents\Project\data\processed\test\Acral_Lentiginous_Melanoma\Screen-Shot-2021-11-20-at-7-56-35-PM_png.rf.35edd084b9cef21b9f11f52b7e4bd842.jpg,0,Acral_Lentiginous_Melanoma,0,Acral_Lentiginous_Melanoma,0.99999833,True,0.99999833,6.045389e-07,4.3727408e-07,4.2791604e-07,4.945558e-08,1.4454312e-07
C:\Users\venka\Documents\Project\data\processed\test\Acral_Lentiginous_Melanoma\Screen-Shot-2021-11-20-at-7-57-54-PM_png.rf.98d50944c8a173b2d9d781dd48a3fd00.jpg,0,Acral_Lentiginous_Melanoma,0,Acral_Lentiginous_Melanoma,0.99980515,True,0.99980515,8.972379e-05,5.3783115e-06,8.636129e-05,1.5908814e-06,1.1836365e-05
C:\Users\venka\Documents\Project\data\processed\test\Acral_Lentiginous_Melanoma\Screen-Shot-2021-11-20-at-8-00-48-PM_png.rf.3195c3538670c7b8d81f685e1766a643.jpg,0,Acral_Lentiginous_Melanoma,0,Acral_Lentiginous_Melanoma,0.999998,True,0.999998,5.434947e-08,6.397459e-09,9.883257e-07,3.647007e-08,9.915734e-07
C:\Users\venka\Documents\Project\data\processed\test\Acral_Lentiginous_Melanoma\Screen-Shot-2021-11-20-at-8-00-58-PM_png.rf.7dd201e29f62ceaa36e9eb7acca6d4e4.jpg,0,Acral_Lentiginous_Melanoma,0,Acral_Lentiginous_Melanoma,0.99998474,True,0.99998474,1.2648798e-07,1.4403053e-05,4.0919556e-08,1.6939671e-07,5.015838e-07
C:\Users\venka\Documents\Project\data\processed\test\Acral_Lentiginous_Melanoma\Screen-Shot-2021-11-20-at-8-04-14-PM_png.rf.3be306a4994e4ba819cd8a2eec8399c0.jpg,0,Acral_Lentiginous_Melanoma,0,Acral_Lentiginous_Melanoma,0.9999801,True,0.9999801,5.853005e-08,7.8513615e-08,1.9170631e-05,5.224613e-07,3.82431e-08
C:\Users\venka\Documents\Project\data\processed\test\Acral_Lentiginous_Melanoma\Screen-Shot-2021-11-20-at-8-08-29-PM_png.rf.c49acb28bc7afaaf6a6b53c24dfa1dcc.jpg,0,Acral_Lentiginous_Melanoma,0,Acral_Lentiginous_Melanoma,0.9999815,True,0.9999815,9.077558e-08,1.4971373e-05,2.2837253e-06,1.1105423e-06,1.5210937e-09
C:\Users\venka\Documents\Project\data\processed\test\Acral_Lentiginous_Melanoma\Screen-Shot-2021-11-20-at-8-10-21-PM_png.rf.31e544d37ad8a522815ec1ae2b00ec7e.jpg,0,Acral_Lentiginous_Melanoma,0,Acral_Lentiginous_Melanoma,0.87399995,True,0.87399995,1.1824867e-06,0.12447688,0.00014785146,0.0013736861,3.652359e-07
C:\Users\venka\Documents\Project\data\processed\test\Acral_Lentiginous_Melanoma\Screen-Shot-2021-11-20-at-8-17-41-PM_png.rf.27789e84d5f5ed0321cbe367950864bc.jpg,0,Acral_Lentiginous_Melanoma,0,Acral_Lentiginous_Melanoma,0.9947301,True,0.9947301,7.12737e-05,0.003987178,0.00078271166,0.00025924903,0.0001695194
C:\Users\venka\Documents\Project\data\processed\test\Acral_Lentiginous_Melanoma\Screen-Shot-2021-11-20-at-8-18-57-PM_png.rf.cc4bd580ede15e97480ab4eef6d4d330.jpg,0,Acral_Lentiginous_Melanoma,0,Acral_Lentiginous_Melanoma,0.9999995,True,0.9999995,1.267253e-07,2.9420147e-07,6.463323e-08,8.191415e-10,3.1998024e-08
C:\Users\venka\Documents\Project\data\processed\test\Acral_Lentiginous_Melanoma\Screen-Shot-2021-11-20-at-8-19-36-PM_png.rf.ed8f7cdb6bb37c7478ad5de1cebbe8c4.jpg,0,Acral_Lentiginous_Melanoma,0,Acral_Lentiginous_Melanoma,0.99999356,True,0.99999356,1.6862583e-07,5.383864e-07,1.5446515e-06,3.8037745e-06,3.353768e-07
C:\Users\venka\Documents\Project\data\processed\test\Acral_Lentiginous_Melanoma\Screen-Shot-2021-11-20-at-8-19-44-PM_png.rf.ff99432db18e600c9322229e7f6dfbdd.jpg,0,Acral_Lentiginous_Melanoma,0,Acral_Lentiginous_Melanoma,0.99998975,True,0.99998975,8.435899e-09,1.7331045e-08,8.62918e-06,1.4975146e-06,1.0016125e-07
C:\Users\venka\Documents\Project\data\processed\test\Acral_Lentiginous_Melanoma\Screen-Shot-2021-11-20-at-8-19-58-PM_png.rf.ec028e7900c519619ffe896d06ed3563.jpg,0,Acral_Lentiginous_Melanoma,0,Acral_Lentiginous_Melanoma,0.99942434,True,0.99942434,9.043484e-06,2.1919794e-05,2.4645695e-05,6.2156196e-06,0.0005139029
C:\Users\venka\Documents\Project\data\processed\test\Acral_Lentiginous_Melanoma\Screen-Shot-2021-11-20-at-8-20-37-PM_png.rf.1177b908bb1bdf00d199844d967a21b6.jpg,0,Acral_Lentiginous_Melanoma,0,Acral_Lentiginous_Melanoma,0.99998665,True,0.99998665,3.2361869e-09,4.380062e-10,7.456374e-06,5.719487e-06,2.0642382e-07
C:\Users\venka\Documents\Project\data\processed\test\Acral_Lentiginous_Melanoma\Screen-Shot-2021-11-20-at-8-24-21-PM_png.rf.0f2dbe76a7763a4b85d582ba285fb3d7.jpg,0,Acral_Lentiginous_Melanoma,0,Acral_Lentiginous_Melanoma,0.9999974,True,0.9999974,1.8084182e-07,1.0221939e-07,1.4071918e-07,1.9860233e-06,1.1654576e-07
C:\Users\venka\Documents\Project\data\processed\test\Acral_Lentiginous_Melanoma\Screen-Shot-2021-11-20-at-8-24-21-PM_png.rf.265a60011509c37fc669aeb2bc4dd86c.jpg,0,Acral_Lentiginous_Melanoma,0,Acral_Lentiginous_Melanoma,0.9999995,True,0.9999995,9.1496e-08,4.360417e-08,3.3841413e-08,3.6720377e-07,4.9606886e-08
C:\Users\venka\Documents\Project\data\processed\test\Acral_Lentiginous_Melanoma\Screen-Shot-2021-11-20-at-8-26-37-PM_png.rf.2c509916dff46da2beafd840d9976060.jpg,0,Acral_Lentiginous_Melanoma,0,Acral_Lentiginous_Melanoma,0.9995227,True,0.9995227,1.0108428e-06,0.00043017615,5.327767e-07,4.5577504e-05,1.1339945e-09
C:\Users\venka\Documents\Project\data\processed\test\Acral_Lentiginous_Melanoma\Screen-Shot-2021-11-20-at-8-26-59-PM_png.rf.3d83a31597c3eea022d92db406a40a34.jpg,0,Acral_Lentiginous_Melanoma,0,Acral_Lentiginous_Melanoma,0.9998653,True,0.9998653,2.7829752e-05,4.2532315e-06,1.4283198e-05,8.688098e-05,1.4198324e-06
C:\Users\venka\Documents\Project\data\processed\test\Acral_Lentiginous_Melanoma\Screen-Shot-2021-11-20-at-8-28-25-PM_png.rf.3f90a16cdb98234cf27b2b42847c369b.jpg,0,Acral_Lentiginous_Melanoma,0,Acral_Lentiginous_Melanoma,0.99688345,True,0.99688345,1.4052592e-05,0.0022167747,0.00015577803,1.4817758e-05,0.00071504916
C:\Users\venka\Documents\Project\data\processed\test\Acral_Lentiginous_Melanoma\Screen-Shot-2021-11-20-at-8-28-59-PM_png.rf.0bea19500f8b69b961a6c6a79017704f.jpg,0,Acral_Lentiginous_Melanoma,0,Acral_Lentiginous_Melanoma,0.9974624,True,0.9974624,3.4555735e-05,9.1585325e-06,0.0024664472,6.191444e-06,2.125442e-05
C:\Users\venka\Documents\Project\data\processed\test\Acral_Lentiginous_Melanoma\Screen-Shot-2021-11-20-at-8-29-24-PM_png.rf.6cf07d1e9803394a8a589e241a272ab8.jpg,0,Acral_Lentiginous_Melanoma,0,Acral_Lentiginous_Melanoma,0.9998467,True,0.9998467,1.2425273e-05,7.964636e-08,6.945373e-05,2.4784038e-08,7.131244e-05
C:\Users\venka\Documents\Project\data\processed\test\Acral_Lentiginous_Melanoma\Screen-Shot-2021-11-20-at-8-34-56-PM_png.rf.72ce587793ab2915b099dc0e0991d666.jpg,0,Acral_Lentiginous_Melanoma,0,Acral_Lentiginous_Melanoma,0.99999416,True,0.99999416,1.2724838e-07,3.1258458e-07,2.2846384e-06,3.5232384e-07,2.6753034e-06
C:\Users\venka\Documents\Project\data\processed\test\Acral_Lentiginous_Melanoma\Screen-Shot-2021-11-20-at-8-35-45-PM_png.rf.d8bf9d4fce4fbf529a7bc20a35774965.jpg,0,Acral_Lentiginous_Melanoma,3,blue_finger,0.8550309,False,0.144967,6.627539e-08,7.498532e-09,0.8550309,2.0095245e-06,1.6263051e-09
C:\Users\venka\Documents\Project\data\processed\test\Acral_Lentiginous_Melanoma\Screen-Shot-2021-11-20-at-8-36-28-PM_png.rf.4f19bcd940707d52c460b9928b0c0b9e.jpg,0,Acral_Lentiginous_Melanoma,0,Acral_Lentiginous_Melanoma,0.999671,True,0.999671,2.544839e-08,4.812936e-07,1.2183238e-08,0.00032650624,1.9761794e-06
C:\Users\venka\Documents\Project\data\processed\test\Acral_Lentiginous_Melanoma\Screen-Shot-2021-11-20-at-8-36-28-PM_png.rf.a0ef3501b28b4449d2f6e29070d68df0.jpg,0,Acral_Lentiginous_Melanoma,0,Acral_Lentiginous_Melanoma,0.99998724,True,0.99998724,5.608354e-07,1.4646861e-06,1.2941048e-07,5.431977e-06,5.1056545e-06
C:\Users\venka\Documents\Project\data\processed\test\Acral_Lentiginous_Melanoma\Screen-Shot-2021-11-20-at-8-37-53-PM_png.rf.151e47104229715650edf3d2c616cd97.jpg,0,Acral_Lentiginous_Melanoma,0,Acral_Lentiginous_Melanoma,0.99999785,True,0.99999785,5.3680504e-09,3.538947e-09,3.3126206e-09,2.1775982e-06,5.5674176e-09
C:\Users\venka\Documents\Project\data\processed\test\Acral_Lentiginous_Melanoma\Screen-Shot-2021-11-20-at-9-40-12-PM_png.rf.70c56945c09ee61fabe87c2d49b43524.jpg,0,Acral_Lentiginous_Melanoma,0,Acral_Lentiginous_Melanoma,0.99999774,True,0.99999774,8.033168e-09,3.29221e-10,3.411998e-08,2.2853897e-06,1.7817186e-09
C:\Users\venka\Documents\Project\data\processed\test\Acral_Lentiginous_Melanoma\Screen-Shot-2021-11-20-at-9-40-12-PM_png.rf.a64261b30e41669e1bda873e33209cb8.jpg,0,Acral_Lentiginous_Melanoma,0,Acral_Lentiginous_Melanoma,0.9999999,True,0.9999999,1.499689e-08,6.184551e-10,2.7621779e-08,1.2398316e-07,3.8898587e-09
C:\Users\venka\Documents\Project\data\processed\test\Acral_Lentiginous_Melanoma\Screen-Shot-2021-11-20-at-9-40-24-PM_png.rf.2e583a7fc84f93371b442de3084d0dec.jpg,0,Acral_Lentiginous_Melanoma,0,Acral_Lentiginous_Melanoma,0.9999939,True,0.9999939,2.419724e-07,4.1415213e-09,7.2266147e-07,5.08459e-06,4.4259686e-08
C:\Users\venka\Documents\Project\data\processed\test\Acral_Lentiginous_Melanoma\Screen-Shot-2021-11-20-at-9-40-24-PM_png.rf.a13698104d86da1cf606e43a4b261213.jpg,0,Acral_Lentiginous_Melanoma,0,Acral_Lentiginous_Melanoma,0.99997973,True,0.99997973,1.34086e-07,1.9827278e-08,1.3199157e-05,5.0501294e-06,1.945187e-06
C:\Users\venka\Documents\Project\data\processed\test\Acral_Lentiginous_Melanoma\Screen-Shot-2021-11-20-at-9-40-40-PM_png.rf.4f81e7421f562007071bed7301865fbf.jpg,0,Acral_Lentiginous_Melanoma,0,Acral_Lentiginous_Melanoma,0.9999999,True,0.9999999,4.8020905e-08,3.5777433e-08,1.4045588e-08,2.1614026e-08,6.125597e-09
C:\Users\venka\Documents\Project\data\processed\test\Acral_Lentiginous_Melanoma\Screen-Shot-2021-11-20-at-9-44-26-PM_png.rf.40c5dc15cf021028b66093a6950f24d3.jpg,0,Acral_Lentiginous_Melanoma,0,Acral_Lentiginous_Melanoma,0.9997938,True,0.9997938,1.961962e-06,1.03651686e-07,1.4795155e-06,0.00020174557,8.109813e-07
C:\Users\venka\Documents\Project\data\processed\test\Acral_Lentiginous_Melanoma\Screen-Shot-2021-11-20-at-9-44-34-PM_png.rf.4fa5a021cf00243d0650ba18e6fd1986.jpg,0,Acral_Lentiginous_Melanoma,0,Acral_Lentiginous_Melanoma,0.99990416,True,0.99990416,8.501437e-06,1.8961512e-06,1.6711856e-05,1.0627135e-06,6.762231e-05
C:\Users\venka\Documents\Project\data\processed\test\Acral_Lentiginous_Melanoma\hutchinsons-nail-melanoma-Nameer-Al-Sudany_png.rf.0ac0ae87f994c75ff150cba6897a5e72.jpg,0,Acral_Lentiginous_Melanoma,0,Acral_Lentiginous_Melanoma,0.9923603,True,0.9923603,6.0521947e-06,0.00041728435,0.00013627982,0.0023551623,0.0047249375
C:\Users\venka\Documents\Project\data\processed\test\Acral_Lentiginous_Melanoma\hutchinsons-nail-melanoma-Nameer-Al-Sudany_png.rf.6e0ffcf4ec169817436e1047a6992284.jpg,0,Acral_Lentiginous_Melanoma,0,Acral_Lentiginous_Melanoma,0.99952817,True,0.99952817,4.1796843e-06,0.00039940115,6.2518598e-06,4.5696223e-05,1.6315882e-05
C:\Users\venka\Documents\Project\data\processed\test\Acral_Lentiginous_Melanoma\nail-melanoma-2-300x180_jpg.rf.15e478ceef3c930f98f08d67d4527183.jpg,0,Acral_Lentiginous_Melanoma,0,Acral_Lentiginous_Melanoma,0.9998976,True,0.9998976,8.397263e-05,8.6298127e-07,3.6773984e-06,4.12467e-06,9.788446e-06
C:\Users\venka\Documents\Project\data\processed\test\Acral_Lentiginous_Melanoma\p-1-womans-story-shows-why-you-should-never-ignore-black-line-on-your-nail-1506429403_jpg.rf.88ee9943b08313dde0aa6071626e751b.jpg,0,Acral_Lentiginous_Melanoma,0,Acral_Lentiginous_Melanoma,0.99999,True,0.99999,1.674406e-06,7.6811215e-09,8.3374025e-06,2.8168223e-08,1.0687701e-08
C:\Users\venka\Documents\Project\data\processed\test\Acral_Lentiginous_Melanoma\prf_11_18_11_jpg.rf.57de670fa468da5dff96e0c2c6bce4fc.jpg,0,Acral_Lentiginous_Melanoma,0,Acral_Lentiginous_Melanoma,0.9964181,True,0.9964181,6.05392e-06,1.966965e-08,0.00048719277,0.0030881139,5.8381306e-07
C:\Users\venka\Documents\Project\data\processed\test\Healthy_Nail\h104_png.rf.a9d878a9da04641c85603d3e42c8360a.jpg,1,Healthy_Nail,1,Healthy_Nail,0.99495465,True,7.319352e-09,0.99495465,1.0070749e-07,1.3496499e-07,0.005045157,4.6151745e-09
C:\Users\venka\Documents\Project\data\processed\test\Healthy_Nail\h111_png.rf.ebeeca767049de4f1ab0698fe11c4cd9.jpg,1,Healthy_Nail,1,Healthy_Nail,0.9999964,True,8.6798565e-08,0.9999964,1.1085597e-08,3.9278174e-08,1.4957152e-09,3.4075715e-06
C:\Users\venka\Documents\Project\data\processed\test\Healthy_Nail\h118_png.rf.923dc61b6027a6ac9b5645c1758b0cc7.jpg,1,Healthy_Nail,1,Healthy_Nail,0.9999759,True,1.11459106e-10,0.9999759,2.372054e-05,2.135888e-09,1.6580708e-10,3.0379798e-07
C:\Users\venka\Documents\Project\data\processed\test\Healthy_Nail\h126_png.rf.fe389450428b17b72749de4debe2a368.jpg,1,Healthy_Nail,1,Healthy_Nail,0.9996138,True,0.0003452455,0.9996138,3.9822906e-05,9.002698e-07,1.6978712e-09,1.991488e-07
C:\Users\venka\Documents\Project\data\processed\test\Healthy_Nail\h132_png.rf.f837aa21de478ec2bff354d8fb39afff.jpg,1,Healthy_Nail,3,blue_finger,0.6827203,False,0.044503402,0.19568676,0.00065274036,0.6827203,0.047026012,0.02941085
C:\Users\venka\Documents\Project\data\processed\test\Healthy_Nail\h139_png.rf.d49706dd9198a3b97dbc61179887a4d6.jpg,1,Healthy_Nail,1,Healthy_Nail,0.99999654,True,4.657836e-07,0.99999654,1.9005308e-09,2.8805457e-06,5.5295686e-08,9.177712e-08
C:\Users\venka\Documents\Project\data\processed\test\Healthy_Nail\h141_png.rf.0510aaee32ef8560e7cc658e8cd53e83.jpg,1,Healthy_Nail,1,Healthy_Nail,0.9999995,True,4.514521e-07,0.9999995,1.2509949e-08,4.241617e-10,1.4821867e-10,1.3185602e-11
C:\Users\venka\Documents\Project\data\processed\test\Healthy_Nail\h141_png.rf.346abfd529845353266b5e9370558e8d.jpg,1,Healthy_Nail,1,Healthy_Nail,0.99978524,True,0.00021047839,0.99978524,3.183923e-06,6.122069e-07,2.8587625e-08,4.6206253e-07
C:\Users\venka\Documents\Project\data\processed\test\Healthy_Nail\h14_png.rf.2e14dbbd69dfe15e888521fd5a4a9f5f.jpg,1,Healthy_Nail,1,Healthy_Nail,0.9999994,True,9.156158e-09,0.9999994,5.354872e-07,2.7038526e-08,1.7922979e-09,2.1365993e-08
C:\Users\venka\Documents\Project\data\processed\test\Healthy_Nail\h156_png.rf.16a36faf90963d495bf9253a70dcdb06.jpg,1,Healthy_Nail,1,Healthy_Nail,0.99999905,True,7.681616e-07,0.99999905,1.1345997e-09,1.1968973e-07,7.7021014e-08,8.074993e-09
C:\Users\venka\Documents\Project\data\processed\test\Healthy_Nail\h160_png.rf.e2ec562dc82ec424d5df6a526273650e.jpg,1,Healthy_Nail,1,Healthy_Nail,1.0,True,3.3467024e-11,1.0,3.5952474e-09,5.137729e-09,3.0612441e-09,9.553441e-10
C:\Users\venka\Documents\Project\data\processed\test\Healthy_Nail\h161_png.rf.edfd3c4123fcd7262eb94b254e1f1ee7.jpg,1,Healthy_Nail,1,Healthy_Nail,0.9999813,True,1.1034711e-09,0.9999813,7.1567288e-06,5.049721e-07,4.2170996e-07,1.0574962e-05
C:\Users\venka\Documents\Project\data\processed\test\Healthy_Nail\h174_png.rf.c095281995d82f165c0a95227e62e282.jpg,1,Healthy_Nail,1,Healthy_Nail,0.99999964,True,1.7908768e-09,0.99999964,3.2800148e-07,5.9247096e-09,2.7964058e-08,1.7043039e-08
C:\Users\venka\Documents\Project\data\processed\test\Healthy_Nail\h175_png.rf.f8e029cd77f6bd4fb36dbcfafd845975.jpg,1,Healthy_Nail,1,Healthy_Nail,0.9999949,True,9.894591e-07,0.9999949,3.584221e-08,3.1538589e-06,7.78843e-08,9.482298e-07
C:\Users\venka\Documents\Project\data\processed\test\Healthy_Nail\h180_png.rf.b496b2324621bf7de58f06d2c6f7eaf6.jpg,1,Healthy_Nail,1,Healthy_Nail,0.99999976,True,2.6717064e-11,0.99999976,2.5633147e-11,6.9777705e-08,1.0302274e-07,3.3266723e-08
C:\Users\venka\Documents\Project\data\processed\test\Healthy_Nail\h183_png.rf.0913ad03f9e3335bd99d568cd6890fbc.jpg,1,Healthy_Nail,1,Healthy_Nail,0.9999993,True,1.3879685e-09,0.9999993,7.564185e-07,1.6987503e-08,6.4892456e-09,7.498709e-09
C:\Users\venka\Documents\Project\data\processed\test\Healthy_Nail\h183_png.rf.29bfe60873ddb26daf1a08f04172d1fb.jpg,1,Healthy_Nail,1,Healthy_Nail,0.9999995,True,2.7203013e-09,0.9999995,3.3844124e-08,3.73642e-08,6.475538e-08,3.3560116e-07
C:\Users\venka\Documents\Project\data\processed\test\Healthy_Nail\h184_png.rf.84c32ebbc134638d6fb6a2ce6b36dd43.jpg,1,Healthy_Nail,1,Healthy_Nail,0.99999595,True,7.688132e-12,0.99999595,4.000944e-06,9.955908e-11,2.4249495e-11,5.2200386e-09
C:\Users\venka\Documents\Project\data\processed\test\Healthy_Nail\h188_png.rf.fef821d12b34074953ae66f15eea9bd1.jpg,1,Healthy_Nail,1,Healthy_Nail,0.99999785,True,1.7561841e-06,0.99999785,3.5225017e-07,2.9033465e-08,1.7796936e-10,3.7504275e-09
C:\Users\venka\Documents\Project\data\processed\test\Healthy_Nail\h198_png.rf.4b0dc37f37a55cb453d7cab97297d74d.jpg,1,Healthy_Nail,1,Healthy_Nail,0.999961,True,2.2433313e-05,0.999961,1.7139491e-06,4.5128522e-06,1.9598831e-08,1.0284932e-05
C:\Users\venka\Documents\Project\data\processed\test\Healthy_Nail\h198_png.rf.c5b93f9355e168321af43179bc94f9d0.jpg,1,Healthy_Nail,1,Healthy_Nail,0.99995995,True,1.3920208e-05,0.99995995,3.913862e-08,1.0004162e-07,4.303282e-10,2.6044892e-05
C:\Users\venka\Documents\Project\data\processed\test\Healthy_Nail\h200_png.rf.13175718027e6970f4d6bf5219118ed2.jpg,1,Healthy_Nail,1,Healthy_Nail,0.9999554,True,2.7210507e-07,0.9999554,1.0038622e-06,3.600117e-05,2.2596574e-08,7.2281664e-06
C:\Users\venka\Documents\Project\data\processed\test\Healthy_Nail\h220_png.rf.90f50aaad882dd8340f5d84f517b2cc7.jpg,1,Healthy_Nail,1,Healthy_Nail,0.9914567,True,0.00777222,0.9914567,1.26727555e-05,8.953437e-06,1.7002139e-06,0.00074762024
C:\Users\venka\Documents\Project\data\processed\test\Healthy_Nail\h232_png.rf.12d122e6d592038cc3dd3baecf93057a.jpg,1,Healthy_Nail,1,Healthy_Nail,1.0,True,3.2251597e-11,1.0,6.44798e-09,4.3012138e-10,5.2119917e-09,5.2266824e-10
C:\Users\venka\Documents\Project\data\processed\test\Healthy_Nail\h251_png.rf.f90e932f96280e47669a748a805ca65a.jpg,1,Healthy_Nail,1,Healthy_Nail,0.99991274,True,1.0171827e-08,0.99991274,8.693201e-05,1.4201108e-08,1.2027471e-09,3.200985e-07
C:\Users\venka\Documents\Project\data\processed\test\Healthy_Nail\h255_png.rf.bb2f41470ed0423b54e19a94711d27fd.jpg,1,Healthy_Nail,1,Healthy_Nail,0.99999976,True,9.840431e-10,0.99999976,2.8021363e-11,1.64816e-07,6.827868e-08,3.166283e-09
C:\Users\venka\Documents\Project\data\processed\test\Healthy_Nail\h260_png.rf.3dc359076d07fc4e618fff2f186f030f.jpg,1,Healthy_Nail,1,Healthy_Nail,0.99997973,True,1.252685e-07,0.99997973,2.7157386e-08,2.3384855e-07,2.3229288e-07,1.9676763e-05
C:\Users\venka\Documents\Project\data\processed\test\Healthy_Nail\h270_png.rf.bf8b27a483b7a12f179ac401c7f4eb7b.jpg,1,Healthy_Nail,1,Healthy_Nail,0.99999464,True,2.0827159e-07,0.99999464,5.095613e-06,9.907826e-09,1.4874479e-09,2.6978537e-08
C:\Users\venka\Documents\Project\data\processed\test\Healthy_Nail\h279_png.rf.027bd495aee5613783a74fded98bea91.jpg,1,Healthy_Nail,1,Healthy_Nail,0.99999845,True,2.4585353e-10,0.99999845,1.1226645e-06,8.869841e-09,2.1715915e-10,5.3620926e-07
C:\Users\venka\Documents\Project\data\processed\test\Healthy_Nail\h27_png.rf.9b007d56afacd71d36f9bde6bc96de28.jpg,1,Healthy_Nail,1,Healthy_Nail,0.99999976,True,2.9891607e-09,0.99999976,4.494125e-08,7.08202e-08,3.6828034e-08,1.1104294e-09
C:\Users\venka\Documents\Project\data\processed\test\Healthy_Nail\h287_png.rf.13ce89991698acbba2b72de1a24c1f21.jpg,1,Healthy_Nail,1,Healthy_Nail,0.9999839,True,6.79645e-07,0.9999839,1.4137129e-05,8.013732e-08,6.745849e-07,5.3319644e-07
C:\Users\venka\Documents\Project\data\processed\test\Healthy_Nail\h30_png.rf.d024b6b6f73a9a4c7d5e3b6037195d6d.jpg,1,Healthy_Nail,3,blue_finger,0.91842556,False,0.061078865,0.00036740047,0.010297411,0.91842556,0.0052638236,0.0045670085
C:\Users\venka\Documents\Project\data\processed\test\Healthy_Nail\h32_png.rf.359367efa0a82fcebecb401b28687641.jpg,1,Healthy_Nail,1,Healthy_Nail,0.9998952,True,3.526542e-06,0.9998952,9.324511e-05,1.6590879e-07,2.1122487e-06,5.6633703e-06
C:\Users\venka\Documents\Project\data\processed\test\Healthy_Nail\h33_png.rf.c731aa01b059058e8fa6c0b62238c493.jpg,1,Healthy_Nail,1,Healthy_Nail,1.0,True,5.685936e-10,1.0,3.2401708e-09,8.849154e-09,2.125436e-11,3.443939e-08
C:\Users\venka\Documents\Project\data\processed\test\Healthy_Nail\h43_png.rf.f72020a819108f8cb3c030e350a598c9.jpg,1,Healthy_Nail,1,Healthy_Nail,0.9999987,True,7.1833193e-09,0.9999987,1.8176111e-08,8.070833e-09,1.0074596e-07,1.1732526e-06
C:\Users\venka\Documents\Project\data\processed\test\Healthy_Nail\h44_png.rf.5bac7734223249eb4a86d8ce0b85d37e.jpg,1,Healthy_Nail,1,Healthy_Nail,0.9999962,True,3.329279e-06,0.9999962,1.7260593e-08,8.3799726e-08,2.9750015e-07,3.8610846e-08
C:\Users\venka\Documents\Project\data\processed\test\Healthy_Nail\h45_png.rf.ab5e1ddce36707185521a8c2686ffdc5.jpg,1,Healthy_Nail,1,Healthy_Nail,1.0,True,9.323334e-09,1.0,3.3705234e-09,2.4107336e-10,1.4450118e-09,1.3040657e-09
C:\Users\venka\Documents\Project\data\processed\test\Healthy_Nail\h46_png.rf.141839ec8f4de29255c1a25e61eb4ef6.jpg,1,Healthy_Nail,1,Healthy_Nail,1.0,True,2.1323828e-08,1.0,2.5086808e-09,3.1298368e-09,9.7012816e-09,4.6193698e-11
C:\Users\venka\Documents\Project\data\processed\test\Healthy_Nail\h50_png.rf.57de926113e49f4d35dcea713fd75da9.jpg,1,Healthy_Nail,1,Healthy_Nail,0.9999424,True,1.5091026e-05,0.9999424,4.130815e-06,4.0180435e-06,7.264713e-06,2.7041231e-05
C:\Users\venka\Documents\Project\data\processed\test\Healthy_Nail\h53_png.rf.a395cd41b3201ea7ddf73762e4f42903.jpg,1,Healthy_Nail,1,Healthy_Nail,0.9999795,True,1.2743347e-06,0.9999795,3.619665e-07,1.0434059e-06,3.0434727e-08,1.775939e-05
C:\Users\venka\Documents\Project\data\processed\test\Healthy_Nail\h58_png.rf.4fa3217d68dbf56a8e3fe4da5806f925.jpg,1,Healthy_Nail,1,Healthy_Nail,0.9999608,True,4.4205656e-08,0.9999608,1.0617258e-07,2.9183e-07,3.6999227e-12,3.891755e-05
C:\Users\venka\Documents\Project\data\processed\test\Healthy_Nail\h58_png.rf.54eb6d3ba2631938b145b467aa3aa4a3.jpg,1,Healthy_Nail,1,Healthy_Nail,0.99999917,True,9.037451e-11,0.99999917,2.6249904e-08,5.201279e-10,7.647373e-07,1.2735767e-09
C:\Users\venka\Documents\Project\data\processed\test\Healthy_Nail\h61_png.rf.9991b929612f1c1295f496f4d4f9055f.jpg,1,Healthy_Nail,1,Healthy_Nail,0.9998839,True,5.9791483e-09,0.9998839,0.00011545815,6.4345658e-09,2.5619243e-10,5.6856265e-07
C:\Users\venka\Documents\Project\data\processed\test\Healthy_Nail\h68_png.rf.96bbb14eab5b7a57d29c989530ce9923.jpg,1,Healthy_Nail,1,Healthy_Nail,1.0,True,1.9882988e-10,1.0,5.0586575e-08,5.7477145e-11,1.2086417e-11,2.2078579e-11
C:\Users\venka\Documents\Project\data\processed\test\Healthy_Nail\h71_png.rf.04f738cd92eb9e66495d71a6f42653bf.jpg,1,Healthy_Nail,1,Healthy_Nail,0.99999976,True,7.726797e-12,0.99999976,2.0221393e-07,9.246027e-10,3.0960288e-09,6.5813355e-10
C:\Users\venka\Documents\Project\data\processed\test\Healthy_Nail\h79_png.rf.12e27c25eb06da801e6eb883f678e13f.jpg,1,Healthy_Nail,1,Healthy_Nail,0.9999094,True,3.0043344e-05,0.9999094,5.9018454e-05,6.347299e-07,7.6548e-07,1.2886099e-07
C:\Users\venka\Documents\Project\data\processed\test\Healthy_Nail\h7_png.rf.d3e5329860a2f1204ffcfa7f7b723337.jpg,1,Healthy_Nail,1,Healthy_Nail,0.99999833,True,2.0078508e-09,0.99999833,4.1074944e-08,1.5753424e-06,9.0199646e-11,1.2323265e-07
C:\Users\venka\Documents\Project\data\processed\test\Healthy_Nail\h82_png.rf.fa3a523852b26d85a11351f7f5024d11.jpg,1,Healthy_Nail,1,Healthy_Nail,0.99995375,True,7.9822485e-08,0.99995375,4.561421e-05,2.7862473e-08,9.361142e-09,6.469036e-07
C:\Users\venka\Documents\Project\data\processed\test\Healthy_Nail\h8_png.rf.18cf8f42edd727f5773d16367ea90206.jpg,1,Healthy_Nail,1,Healthy_Nail,0.9999982,True,3.7047787e-08,0.9999982,9.8984984e-08,1.3636585e-06,3.5637638e-07,2.4796352e-08
C:\Users\venka\Documents\Project\data\processed\test\Healthy_Nail\h94_png.rf.28b247a7026c205d5fac12f94c9eb0d1.jpg,1,Healthy_Nail,1,Healthy_Nail,0.9999943,True,6.554285e-08,0.9999943,1.4809331e-06,1.5550165e-06,5.7827325e-09,2.6719126e-06
C:\Users\venka\Documents\Project\data\processed\test\Healthy_Nail\h96_png.rf.4c9214d277495117ddd887e99a368924.jpg,1,Healthy_Nail,1,Healthy_Nail,0.999995,True,1.9604466e-12,0.999995,5.022201e-06,5.1063455e-12,3.5359832e-08,1.6487393e-10
C:\Users\venka\Documents\Project\data\processed\test\Onychogryphosis\Screen-Shot-2021-11-16-at-10-23-59-PM_png.rf.474828b6f410e39be4baee0e07688b7e.jpg,2,Onychogryphosis,2,Onychogryphosis,0.99999917,True,2.0050484e-08,7.0014565e-08,0.99999917,8.3480034e-10,9.840885e-08,5.881685e-07
C:\Users\venka\Documents\Project\data\processed\test\Onychogryphosis\Screen-Shot-2021-11-16-at-10-24-09-PM_png.rf.864ca33e07c8aca34ad661182541cce1.jpg,2,Onychogryphosis,2,Onychogryphosis,0.9995584,True,6.6152694e-07,3.26975e-05,0.9995584,1.5417444e-06,0.00010747396,0.00029914186
C:\Users\venka\Documents\Project\data\processed\test\Onychogryphosis\Screen-Shot-2021-11-16-at-10-50-37-PM_png.rf.7b004b66ab876390c38bd8539bd1f19d.jpg,2,Onychogryphosis,2,Onychogryphosis,0.99990976,True,8.997959e-08,8.5345505e-07,0.99990976,2.1625265e-05,5.7536465e-05,1.0127547e-05
C:\Users\venka\Documents\Project\data\processed\test\Onychogryphosis\Screen-Shot-2021-11-16-at-10-50-37-PM_png.rf.b3d08086fca585d851cb164e60077075.jpg,2,Onychogryphosis,2,Onychogryphosis,0.99998105,True,3.575568e-08,4.0527374e-07,0.99998105,1.8241893e-05,8.4266794e-08,1.3572146e-07
C:\Users\venka\Documents\Project\data\processed\test\Onychogryphosis\Screen-Shot-2021-11-16-at-10-50-56-PM_png.rf.30471892cf5172a23621ac3e2679f780.jpg,2,Onychogryphosis,2,Onychogryphosis,0.99952924,True,3.1738215e-05,3.4878108e-06,0.99952924,9.637064e-06,2.2397687e-06,0.0004236622
C:\Users\venka\Documents\Project\data\processed\test\Onychogryphosis\Screenshot-2021-11-19-004020_png.rf.7917b3969d3c69cc2fd1db5c938dd42a.jpg,2,Onychogryphosis,2,Onychogryphosis,0.9999999,True,2.2977975e-11,3.6874848e-08,0.9999999,8.667078e-09,4.1880906e-08,1.9639335e-08
C:\Users\venka\Documents\Project\data\processed\test\Onychogryphosis\Screenshot-2021-11-19-004044_png.rf.a980597f1cef7522d19aa3867f8adce7.jpg,2,Onychogryphosis,2,Onychogryphosis,0.99999976,True,1.5899827e-09,7.682033e-09,0.99999976,2.8182956e-08,2.0696744e-07,5.911684e-09
C:\Users\venka\Documents\Project\data\processed\test\Onychogryphosis\Screenshot-2021-11-19-004140_png.rf.00e67b96eef54f23a92447e9b71b4f6c.jpg,2,Onychogryphosis,2,Onychogryphosis,0.9999925,True,5.136273e-06,6.979441e-07,0.9999925,1.7629867e-07,1.1789403e-07,1.3807253e-06
C:\Users\venka\Documents\Project\data\processed\test\Onychogryphosis\Screenshot-2021-11-19-004228_png.rf.e5493d6cdc6a7e0e490c8ec4c9b2cc94.jpg,2,Onychogryphosis,2,Onychogryphosis,0.9999777,True,2.2825984e-07,1.17127776e-07,0.9999777,4.9758277e-08,6.5732875e-06,1.5285481e-05
C:\Users\venka\Documents\Project\data\processed\test\Onychogryphosis\Screenshot-2021-11-19-004245_png.rf.3aad5399770b399762b6982ec93e3cd4.jpg,2,Onychogryphosis,2,Onychogryphosis,0.9999999,True,4.5629663e-11,3.7299415e-08,0.9999999,6.390279e-08,5.7826598e-11,5.2958683e-08
C:\Users\venka\Documents\Project\data\processed\test\Onychogryphosis\Screenshot-2021-11-19-005529_png.rf.ace0a2936805480bd2a6677bcb744a35.jpg,2,Onychogryphosis,2,Onychogryphosis,0.99999845,True,6.224497e-09,1.7696966e-07,0.99999845,1.5331842e-09,3.4525676e-09,1.3167074e-06
C:\Users\venka\Documents\Project\data\processed\test\Onychogryphosis\Screenshot-2021-11-19-005556_png.rf.1383dfc5938979d08ad18770319d96fb.jpg,2,Onychogryphosis,2,Onychogryphosis,0.9994128,True,1.9369693e-09,7.0768874e-07,0.9994128,2.627872e-07,7.360693e-07,0.0005855736
C:\Users\venka\Documents\Project\data\processed\test\Onychogryphosis\Screenshot-2021-11-19-005556_png.rf.210dcad0e47babbef7c4f852df862785.jpg,2,Onychogryphosis,2,Onychogryphosis,0.9990177,True,7.0282624e-07,1.6757918e-05,0.9990177,2.519569e-06,2.2055015e-06,0.00096019125
C:\Users\venka\Documents\Project\data\processed\test\Onychogryphosis\Screenshot-2021-11-19-005611_png.rf.badd7102a280d9b29b9f998722a66fcc.jpg,2,Onychogryphosis,2,Onychogryphosis,0.9999958,True,2.0621813e-07,7.4473985e-07,0.9999958,5.621211e-07,1.29627e-07,2.4884846e-06
C:\Users\venka\Documents\Project\data\processed\test\Onychogryphosis\Screenshot-2021-11-19-010109_png.rf.0223026760ccc4f75732c511c8b735bd.jpg,2,Onychogryphosis,2,Onychogryphosis,0.9980794,True,5.5149695e-08,2.2457618e-06,0.9980794,1.9940114e-06,3.6429321e-07,0.0019158719
C:\Users\venka\Documents\Project\data\processed\test\Onychogryphosis\Screenshot-2021-11-19-010109_png.rf.1db8d003037b29db110d870740bafa67.jpg,2,Onychogryphosis,2,Onychogryphosis,0.99199945,True,1.9979952e-06,3.553721e-05,0.99199945,6.8655845e-06,0.0003026121,0.0076535097
C:\Users\venka\Documents\Project\data\processed\test\Onychogryphosis\Screenshot-2021-11-19-010147_png.rf.7cb20510a2d6d2d9c6fea995c8764380.jpg,2,Onychogryphosis,2,Onychogryphosis,0.999463,True,6.944995e-08,3.8917974e-06,0.999463,3.1852514e-09,0.00011072334,0.00042229798
C:\Users\venka\Documents\Project\data\processed\test\Onychogryphosis\Screenshot-2021-11-19-010215_png.rf.92a34bd70a355709199a94f939490de6.jpg,2,Onychogryphosis,2,Onychogryphosis,0.9999963,True,2.5880908e-07,4.4096006e-07,0.9999963,2.1381378e-08,2.326785e-09,2.9744417e-06
C:\Users\venka\Documents\Project\data\processed\test\Onychogryphosis\Screenshot-2021-11-19-010332_png.rf.9eb9e9cf26c4acb3e5bb99ac776dce38.jpg,2,Onychogryphosis,2,Onychogryphosis,0.99998105,True,2.2072973e-08,1.792313e-05,0.99998105,1.4270805e-08,1.5865016e-10,1.0483118e-06
C:\Users\venka\Documents\Project\data\processed\test\Onychogryphosis\Screenshot-2021-11-19-010434_png.rf.2c67f735311f06475b15bd382873bfb5.jpg,2,Onychogryphosis,2,Onychogryphosis,0.99701536,True,0.00011997775,2.3665011e-06,0.99701536,5.503993e-07,0.0018044423,0.0010572163
C:\Users\venka\Documents\Project\data\processed\test\Onychogryphosis\Screenshot-2021-11-19-010444_png.rf.c6835fd9b7be3bffdc635448d9751568.jpg,2,Onychogryphosis,2,Onychogryphosis,0.99991727,True,3.6112922e-09,8.996672e-06,0.99991727,3.3704055e-07,8.099371e-08,7.326847e-05
C:\Users\venka\Documents\Project\data\processed\test\Onychogryphosis\Screenshot-2021-11-19-010454_png.rf.b918ee588c1ce99dce715e64931b00a5.jpg,2,Onychogryphosis,2,Onychogryphosis,0.9999989,True,1.4973162e-07,3.3890308e-07,0.9999989,3.8729092e-07,8.3852406e-08,7.108457e-08
C:\Users\venka\Documents\Project\data\processed\test\Onychogryphosis\Screenshot-2021-11-19-010604_png.rf.ce790061c47f32fcbf2b6d47f5577b9f.jpg,2,Onychogryphosis,2,Onychogryphosis,0.9999721,True,4.1164823e-09,2.237127e-06,0.9999721,3.9789867e-07,7.865774e-07,2.4402243e-05
C:\Users\venka\Documents\Project\data\processed\test\Onychogryphosis\Screenshot-2021-11-19-010724_png.rf.717c93627701710f4b48c6dd4de93926.jpg,2,Onychogryphosis,2,Onychogryphosis,0.99968636,True,1.440163e-08,1.4093627e-06,0.99968636,1.129257e-06,0.00029186803,1.9241863e-05
C:\Users\venka\Documents\Project\data\processed\test\Onychogryphosis\Screenshot-2021-11-19-010724_png.rf.e279442ed41808480d2e8d8eb43a37a8.jpg,2,Onychogryphosis,2,Onychogryphosis,0.99797016,True,5.063568e-08,4.1602496e-05,0.99797016,2.6850482e-06,0.0006676088,0.0013178753
C:\Users\venka\Documents\Project\data\processed\test\Onychogryphosis\Screenshot-2021-11-19-010751_png.rf.473f756cacc344e3df9cdd969706b279.jpg,2,Onychogryphosis,2,Onychogryphosis,1.0,True,1.8572704e-12,5.6372267e-09,1.0,2.6733472e-12,3.9064316e-09,6.518725e-09
C:\Users\venka\Documents\Project\data\processed\test\Onychogryphosis\Screenshot-2021-11-19-010751_png.rf.b74e43fbeb9ad7f74057c574a4dabfc2.jpg,2,Onychogryphosis,2,Onychogryphosis,0.9998481,True,2.607626e-10,3.8793814e-07,0.9998481,2.9386013e-10,0.00015150115,6.631496e-09
C:\Users\venka\Documents\Project\data\processed\test\Onychogryphosis\Screenshot-2021-11-19-010857_png.rf.61b1ae126dc25100b5d7f41dfdc67b40.jpg,2,Onychogryphosis,2,Onychogryphosis,0.9999968,True,1.5700753e-10,2.4185567e-07,0.9999968,3.956202e-08,3.577239e-07,2.6094147e-06
C:\Users\venka\Documents\Project\data\processed\test\Onychogryphosis\Screenshot-2021-11-19-011002_png.rf.5b9e54e7478ddd3e1b631adbf52183a8.jpg,2,Onychogryphosis,2,Onychogryphosis,0.9999956,True,6.963383e-08,1.7000765e-06,0.9999956,1.4226353e-07,2.172234e-06,2.6497747e-07
C:\Users\venka\Documents\Project\data\processed\test\Onychogryphosis\Screenshot-2021-11-19-011220_png.rf.306de9f567dc99bae011e71d67d4df21.jpg,2,Onychogryphosis,2,Onychogryphosis,0.9999999,True,8.3649365e-10,1.03319294e-07,0.9999999,1.498631e-08,2.1778684e-08,1.9400941e-08
C:\Users\venka\Documents\Project\data\processed\test\Onychogryphosis\Screenshot-2021-11-19-011259_png.rf.ef2619caa9f4d49f21250d6f16f5ef8d.jpg,2,Onychogryphosis,2,Onychogryphosis,0.9999994,True,9.420885e-11,4.1587614e-07,0.9999994,2.8854408e-09,3.199895e-11,1.9152874e-07
C:\Users\venka\Documents\Project\data\processed\test\Onychogryphosis\Screenshot-2021-11-19-011359_png.rf.a53d9b12762c221ae9e58eb1974b5f7f.jpg,2,Onychogryphosis,2,Onychogryphosis,1.0,True,1.06341554e-10,5.392074e-09,1.0,1.1523984e-08,4.4755307e-11,2.2500252e-08
C:\Users\venka\Documents\Project\data\processed\test\Onychogryphosis\Screenshot-2021-11-19-012106_png.rf.efff6adef139efd98e2d95671d2506e8.jpg,2,Onychogryphosis,2,Onychogryphosis,0.99999833,True,1.7951689e-10,7.863895e-09,0.99999833,1.6905566e-06,4.2396024e-08,1.4815414e-09
C:\Users\venka\Documents\Project\data\processed\test\Onychogryphosis\Screenshot-2021-11-19-012333_png.rf.04ad8218c312d5e5bed15c037220e278.jpg,2,Onychogryphosis,2,Onychogryphosis,0.99995446,True,4.476586e-09,3.4400011e-06,0.99995446,5.3258924e-07,3.9020917e-05,2.5560066e-06
C:\Users\venka\Documents\Project\data\processed\test\Onychogryphosis\Screenshot-2021-11-19-012721_png.rf.3afccdd6800487c49bd11a32982e5ae0.jpg,2,Onychogryphosis,2,Onychogryphosis,0.99326515,True,2.1916412e-08,5.0077855e-05,0.99326515,0.0036204166,0.0030633213,1.0717246e-06
C:\Users\venka\Documents\Project\data\processed\test\Onychogryphosis\Screenshot-2021-11-19-012721_png.rf.cf83959180d7ec6e2c6e2b0e28ac32a5.jpg,2,Onychogryphosis,2,Onychogryphosis,0.9999064,True,7.613508e-08,1.7521752e-05,0.9999064,1.9195691e-05,5.6775676e-05,4.2379273e-08
C:\Users\venka\Documents\Project\data\processed\test\Onychogryphosis\Screenshot-2021-11-19-013239_png.rf.1dd9d28369fd9b8101f0ab6f720aa40c.jpg,2,Onychogryphosis,2,Onychogryphosis,0.99999344,True,7.275463e-08,2.761574e-07,0.99999344,3.6883478e-08,5.4404166e-09,6.126549e-06
C:\Users\venka\Documents\Project\data\processed\test\Onychogryphosis\Screenshot-2021-11-19-015033_png.rf.16a31ac1de4e4089667075fb82e0b289.jpg,2,Onychogryphosis,2,Onychogryphosis,0.99967873,True,9.5061523e-07,3.5374314e-06,0.99967873,8.9098506e-08,2.6804999e-05,0.00028990567
C:\Users\venka\Documents\Project\data\processed\test\Onychogryphosis\Screenshot-2021-11-19-015139_png.rf.23c0ff871f048456e699bd2a4df2b272.jpg,2,Onychogryphosis,2,Onychogryphosis,0.9999646,True,1.5187727e-08,2.7850238e-06,0.9999646,2.5718086e-06,2.4435383e-05,5.573419e-06
C:\Users\venka\Documents\Project\data\processed\test\Onychogryphosis\Screenshot-2021-11-19-015917_png.rf.d149514b0ae955f0b4e39c55f3c56934.jpg,2,Onychogryphosis,2,Onychogryphosis,0.99992967,True,2.362761e-08,2.2879328e-07,0.99992967,1.4473197e-07,9.942688e-07,6.8919806e-05
C:\Users\venka\Documents\Project\data\processed\test\Onychogryphosis\Screenshot-2021-11-19-020017_png.rf.867654faa6bb4b6ae653b6a7083d6464.jpg,2,Onychogryphosis,2,Onychogryphosis,0.99862254,True,1.9187011e-05,9.5966636e-05,0.99862254,0.00013648573,0.0010707424,5.5085355e-05
C:\Users\venka\Documents\Project\data\processed\test\Onychogryphosis\Screenshot-2021-11-19-020122_png.rf.976bcc8def79d682a075beeb616443f6.jpg,2,Onychogryphosis,4,clubbing,0.96241164,False,5.334303e-07,5.914125e-06,0.03062938,4.9474454e-07,0.96241164,0.006951947
C:\Users\venka\Documents\Project\data\processed\test\Onychogryphosis\Screenshot-2021-11-19-020122_png.rf.f6e29d323eae406d6256206434056988.jpg,2,Onychogryphosis,2,Onychogryphosis,0.7099145,True,1.3871863e-06,0.00096034515,0.7099145,0.009232234,5.0887113e-05,0.2798406
C:\Users\venka\Documents\Project\data\processed\test\Onychogryphosis\Screenshot-2021-11-19-020136_png.rf.19912db47255755ab8475645796db4d1.jpg,2,Onychogryphosis,2,Onychogryphosis,0.99997544,True,1.6962484e-09,9.025778e-08,0.99997544,1.6826687e-06,1.6701673e-05,6.1476544e-06
C:\Users\venka\Documents\Project\data\processed\test\Onychogryphosis\Screenshot-2021-11-19-020317_png.rf.95d8cd1cedb0e872a4ab55180c799ce7.jpg,2,Onychogryphosis,2,Onychogryphosis,0.9999832,True,1.1267663e-09,1.0836177e-08,0.9999832,2.3182714e-09,1.6669117e-05,1.11386974e-07
C:\Users\venka\Documents\Project\data\processed\test\Onychogryphosis\Screenshot-2021-11-19-020327_png.rf.52dadddf0722430159b4e7e261abc353.jpg,2,Onychogryphosis,2,Onychogryphosis,0.9999989,True,2.8895493e-12,1.0217696e-09,0.9999989,1.0522348e-10,1.13022e-06,6.1460337e-10
C:\Users\venka\Documents\Project\data\processed\test\Onychogryphosis\Screenshot-2021-11-19-021128_png.rf.e08ae6730d79b2cf69f69b9f2ccb3e02.jpg,2,Onychogryphosis,2,Onychogryphosis,0.9999999,True,5.9408305e-11,1.0811878e-07,0.9999999,4.91761e-08,2.1395234e-09,1.2662717e-10
C:\Users\venka\Documents\Project\data\processed\test\Onychogryphosis\Screenshot-2021-11-19-021309_png.rf.3a42324585aa4ef80b266c50b38b4044.jpg,2,Onychogryphosis,2,Onychogryphosis,0.9999993,True,4.764504e-10,4.3309253e-08,0.9999993,3.0829234e-08,4.567057e-07,1.3258939e-07
C:\Users\venka\Documents\Project\data\processed\test\Onychogryphosis\Screenshot-2021-11-19-021909_png.rf.262175457e520d0803441e061118b24f.jpg,2,Onychogryphosis,2,Onychogryphosis,0.9999999,True,2.039574e-09,3.514826e-08,0.9999999,4.905729e-09,4.668623e-09,8.277021e-08
C:\Users\venka\Documents\Project\data\processed\test\Onychogryphosis\Screenshot-2021-11-19-021939_png.rf.1c98d73d9d99acba77451363cd8884bf.jpg,2,Onychogryphosis,2,Onychogryphosis,0.9999994,True,3.2630725e-09,4.5617506e-07,0.9999994,1.1881899e-08,1.257015e-08,1.13789994e-07
C:\Users\venka\Documents\Project\data\processed\test\Onychogryphosis\Screenshot-2021-11-19-022255_png.rf.66aa41f8614fa9cdf519c9d7239576a0.jpg,2,Onychogryphosis,2,Onychogryphosis,0.9999982,True,2.578559e-09,1.1832967e-06,0.9999982,2.2198455e-08,3.3699135e-07,2.5980742e-07
C:\Users\venka\Documents\Project\data\processed\test\Onychogryphosis\Screenshot-2021-11-19-022422_png.rf.16bef5c460ffd32263c7aeca8997d34f.jpg,2,Onychogryphosis,2,Onychogryphosis,0.999998,True,8.874377e-08,8.6576144e-08,0.999998,3.154601e-07,1.9359025e-08,1.4865577e-06
C:\Users\venka\Documents\Project\data\processed\test\Onychogryphosis\Screenshot-2021-11-19-023646_png.rf.cf7787384031fa3972de80cf268d1baa.jpg,2,Onychogryphosis,2,Onychogryphosis,0.99999964,True,8.357428e-09,1.5523577e-08,0.99999964,4.51848e-09,8.326087e-08,2.7348273e-07
C:\Users\venka\Documents\Project\data\processed\test\Onychogryphosis\Screenshot-2021-11-19-024347_png.rf.06ee00379d1bdc0464e3282da47540e0.jpg,2,Onychogryphosis,2,Onychogryphosis,1.0,True,7.2854373e-16,9.501573e-11,1.0,7.401569e-11,1.8578941e-08,4.4151416e-09
C:\Users\venka\Documents\Project\data\processed\test\Onychogryphosis\Screenshot-2021-11-19-025136_png.rf.27f009a1830c84f533df5589f5d71fe3.jpg,2,Onychogryphosis,2,Onychogryphosis,0.9999927,True,3.649862e-08,6.636555e-07,0.9999927,4.621661e-08,2.9500904e-10,6.605738e-06
C:\Users\venka\Documents\Project\data\processed\test\Onychogryphosis\Screenshot-2021-11-19-025136_png.rf.ad4608dd80942f11b2bf5e068b6bfae2.jpg,2,Onychogryphosis,2,Onychogryphosis,0.99999917,True,6.497155e-10,5.409943e-07,0.99999917,1.6864203e-07,1.4016199e-11,1.5211452e-07
C:\Users\venka\Documents\Project\data\processed\test\Onychogryphosis\Screenshot-2021-11-19-025158_png.rf.86d8d16b57b65cbaa4879b560dcbf204.jpg,2,Onychogryphosis,2,Onychogryphosis,0.99997854,True,4.7603124e-12,1.8531332e-06,0.99997854,9.925822e-06,9.878268e-09,9.694688e-06
C:\Users\venka\Documents\Project\data\processed\test\Onychogryphosis\Screenshot-2021-11-19-025646_png.rf.80fedb750f0f05269de3b43f65a6cb30.jpg,2,Onychogryphosis,2,Onychogryphosis,0.99995923,True,8.590707e-07,1.238574e-06,0.99995923,6.397083e-07,6.585646e-08,3.7880433e-05
C:\Users\venka\Documents\Project\data\processed\test\Onychogryphosis\Screenshot-2021-11-19-031124_png.rf.721e73eecd34cd0b8899db2bf297b304.jpg,2,Onychogryphosis,2,Onychogryphosis,0.61468893,True,0.31749374,0.00010283798,0.61468893,0.00032846746,4.9817918e-05,0.067336164
C:\Users\venka\Documents\Project\data\processed\test\Onychogryphosis\Screenshot-2021-11-21-162607_png.rf.15ed178e71d91d4eaefe52712969701d.jpg,2,Onychogryphosis,2,Onychogryphosis,0.99999714,True,9.0753405e-09,1.942985e-06,0.99999714,7.9781927e-07,6.5612893e-10,1.7430388e-07
C:\Users\venka\Documents\Project\data\processed\test\Onychogryphosis\Screenshot-2021-11-21-163024_png.rf.eba15c2f88898834eb0d98ed57319dd7.jpg,2,Onychogryphosis,2,Onychogryphosis,0.9999988,True,3.8384638e-08,6.7278705e-07,0.9999988,7.832225e-09,6.4105244e-08,3.5943688e-07
C:\Users\venka\Documents\Project\data\processed\test\Onychogryphosis\Screenshot-2021-11-21-163641_png.rf.5cdba0095e8bf150ddf9b2aa20491125.jpg,2,Onychogryphosis,2,Onychogryphosis,0.9997509,True,7.9379595e-07,1.2199845e-07,0.9997509,1.5248464e-06,0.00024286058,3.864204e-06
C:\Users\venka\Documents\Project\data\processed\test\Onychogryphosis\Screenshot-2021-11-21-163641_png.rf.e1b2311d5d8ecbeefae88c340ab6f436.jpg,2,Onychogryphosis,2,Onychogryphosis,0.99868816,True,9.33236e-05,3.627254e-05,0.99868816,0.000117358286,0.001061761,3.1856473e-06
C:\Users\venka\Documents\Project\data\processed\test\Onychogryphosis\Screenshot-2021-11-21-163753_png.rf.fd9359dd60c3db0ddba12e42e7d49f35.jpg,2,Onychogryphosis,2,Onychogryphosis,0.9999993,True,6.180314e-10,6.2505934e-09,0.9999993,1.391839e-09,1.4389936e-08,7.4463736e-07
C:\Users\venka\Documents\Project\data\processed\test\Onychogryphosis\Screenshot-2021-11-21-165411_png.rf.e0e0980d40e76c09f8bbac625d2078a7.jpg,2,Onychogryphosis,2,Onychogryphosis,1.0,True,1.2189445e-10,1.3651303e-09,1.0,2.5897556e-10,2.8427419e-08,5.900448e-11
C:\Users\venka\Documents\Project\data\processed\test\Onychogryphosis\Screenshot-2021-11-21-165820_png.rf.5d424f5407705a95b7a1f5c7bfce8050.jpg,2,Onychogryphosis,2,Onychogryphosis,0.99999535,True,1.790135e-07,1.3111129e-07,0.99999535,5.624699e-09,4.201361e-06,9.033122e-08
C:\Users\venka\Documents\Project\data\processed\test\Onychogryphosis\Screenshot-2021-11-21-173027_png.rf.18c8ea745ca4a5f5f405ac8c7734fa45.jpg,2,Onychogryphosis,2,Onychogryphosis,0.98434156,True,0.013879706,0.00010808794,0.98434156,0.0015852414,7.1765527e-10,8.5398e-05
C:\Users\venka\Documents\Project\data\processed\test\Onychogryphosis\Screenshot-2021-11-21-174132_png.rf.2a50016efcab5a3c211600718701d457.jpg,2,Onychogryphosis,2,Onychogryphosis,0.99998534,True,3.3819997e-06,6.9264104e-07,0.99998534,2.231462e-07,1.3700193e-09,1.0446592e-05
C:\Users\venka\Documents\Project\data\processed\test\Onychogryphosis\Screenshot-2021-11-21-174430_png.rf.f9076618a0b138dcb3fa14c5c73835a6.jpg,2,Onychogryphosis,2,Onychogryphosis,0.9999963,True,2.6189255e-09,2.0256874e-09,0.9999963,1.7847465e-09,3.5562316e-06,1.3339499e-07
C:\Users\venka\Documents\Project\data\processed\test\Onychogryphosis\Screenshot-2021-11-21-174511_png.rf.c773854c9171450d768eb66812071b02.jpg,2,Onychogryphosis,2,Onychogryphosis,0.9999888,True,1.8819797e-08,7.475582e-07,0.9999888,1.0126815e-08,2.5535504e-08,1.0480775e-05
C:\Users\venka\Documents\Project\data\processed\test\Onychogryphosis\Screenshot-2021-11-21-192605_png.rf.54a2cd1af1614ded8f6413ebaa1c4821.jpg,2,Onychogryphosis,2,Onychogryphosis,0.9999994,True,2.6534892e-07,1.6919962e-07,0.9999994,2.4749816e-10,8.146735e-08,3.881994e-08
C:\Users\venka\Documents\Project\data\processed\test\Onychogryphosis\Screenshot-2021-11-21-192708_png.rf.9c71b339f437329051ad8145887a74c4.jpg,2,Onychogryphosis,2,Onychogryphosis,0.9999989,True,1.9680986e-07,3.3489692e-07,0.9999989,1.0449045e-07,7.584585e-08,4.062418e-07
C:\Users\venka\Documents\Project\data\processed\test\Onychogryphosis\Screenshot-2021-11-21-193524_png.rf.9910f8a7b1a77cdc04b111008f30649a.jpg,2,Onychogryphosis,2,Onychogryphosis,0.99982506,True,1.841497e-06,1.0173733e-05,0.99982506,2.3448183e-07,4.461479e-07,0.0001623503
C:\Users\venka\Documents\Project\data\processed\test\Onychogryphosis\Screenshot-2021-11-21-193604_png.rf.bb2ef6b49eed974828dda3c011b7399f.jpg,2,Onychogryphosis,2,Onychogryphosis,0.75675535,True,7.6398703e-07,0.0012931403,0.75675535,0.00011123878,0.24167293,0.0001666068
C:\Users\venka\Documents\Project\data\processed\test\Onychogryphosis\Screenshot-2021-11-21-210225_png.rf.e2a4fa7afecd2198e5c7cc5618b6007e.jpg,2,Onychogryphosis,2,Onychogryphosis,0.9999976,True,1.0328705e-09,1.8351839e-06,0.9999976,9.375405e-08,1.3995241e-10,4.80765e-07
C:\Users\venka\Documents\Project\data\processed\test\Onychogryphosis\Screenshot-2021-11-21-210436_png.rf.db9da827dea0600e4f09ae0d7c923554.jpg,2,Onychogryphosis,2,Onychogryphosis,0.99891317,True,5.0631834e-06,3.2948319e-07,0.99891317,1.5212159e-07,0.00048977725,0.0005914468
C:\Users\venka\Documents\Project\data\processed\test\Onychogryphosis\Screenshot-2021-11-21-230209_png.rf.1da7be26ca43d5150aef9526ba89aef0.jpg,2,Onychogryphosis,2,Onychogryphosis,0.999998,True,5.457298e-09,6.004489e-07,0.999998,3.0873913e-08,4.8830816e-07,9.197286e-07
C:\Users\venka\Documents\Project\data\processed\test\Onychogryphosis\Screenshot-2021-11-21-230252_png.rf.6cc27efcf4e5ccca5466427d6b73e829.jpg,2,Onychogryphosis,2,Onychogryphosis,0.9999981,True,1.014252e-06,6.334322e-09,0.9999981,3.5631e-09,3.809678e-09,8.739606e-07
C:\Users\venka\Documents\Project\data\processed\test\Onychogryphosis\Screenshot-2021-11-21-231416_png.rf.cab8fff8a967ffb3b6c7bdb528bd46d9.jpg,2,Onychogryphosis,2,Onychogryphosis,0.9999814,True,9.704479e-07,5.586169e-07,0.9999814,8.844122e-07,4.3969786e-07,1.5782156e-05
C:\Users\venka\Documents\Project\data\processed\test\Onychogryphosis\Screenshot-2021-11-21-231905_png.rf.02e61979791a981a35f04cbc6a8a6a4e.jpg,2,Onychogryphosis,2,Onychogryphosis,0.9999819,True,3.5429528e-07,5.836784e-06,0.9999819,1.1549715e-05,7.605747e-09,3.687301e-07
C:\Users\venka\Documents\Project\data\processed\test\Onychogryphosis\Screenshot-2021-11-21-232620_png.rf.2363290c87015bfb7e2268f2952ad990.jpg,2,Onychogryphosis,2,Onychogryphosis,0.9764474,True,7.659912e-05,5.3440313e-06,0.9764474,4.5913685e-06,7.017464e-08,0.02346589
C:\Users\venka\Documents\Project\data\processed\test\Onychogryphosis\Screenshot-2021-11-21-232620_png.rf.f56968a71e51fdf5012b681ee803460b.jpg,2,Onychogryphosis,2,Onychogryphosis,0.9883173,True,1.5430148e-08,1.9263192e-07,0.9883173,4.3829235e-08,6.2830324e-10,0.011682409
C:\Users\venka\Documents\Project\data\processed\test\Onychogryphosis\Screenshot-2021-11-21-233854_png.rf.33db624b7305f843ffaad4e603aa8fd8.jpg,2,Onychogryphosis,2,Onychogryphosis,0.9999999,True,2.6036776e-10,5.9609833e-09,0.9999999,4.8144116e-10,1.4842054e-07,8.6431357e-10
C:\Users\venka\Documents\Project\data\processed\test\Onychogryphosis\Screenshot-2021-11-21-234423_png.rf.3aa2d19cce27aed6e6b146c157e3b9fa.jpg,2,Onychogryphosis,2,Onychogryphosis,0.9999927,True,7.286928e-12,4.699519e-09,0.9999927,2.7647313e-11,6.20882e-06,1.1167144e-06
C:\Users\venka\Documents\Project\data\processed\test\Onychogryphosis\Screenshot-2021-11-21-235210_png.rf.bd4fc90a5cf2e6eed3ff147800e9ffdd.jpg,2,Onychogryphosis,2,Onychogryphosis,0.9999995,True,2.511975e-08,9.462862e-08,0.9999995,5.945947e-09,4.6202273e-09,4.059152e-07
C:\Users\venka\Documents\Project\data\processed\test\Onychogryphosis\Screenshot-2021-11-22-012951_png.rf.adb97387444e035a53a2e77dae6a65ed.jpg,2,Onychogryphosis,2,Onychogryphosis,0.99999523,True,1.8794593e-08,4.640297e-06,0.99999523,7.3160535e-08,2.287593e-08,8.706487e-09
C:\Users\venka\Documents\Project\data\processed\test\Onychogryphosis\Screenshot-2021-11-22-012951_png.rf.b41f85cc45a2647436aca514e7b7453b.jpg,2,Onychogryphosis,2,Onychogryphosis,0.99999976,True,5.1112864e-10,1.2881527e-07,0.99999976,8.507035e-08,2.2660654e-10,6.466116e-10
C:\Users\venka\Documents\Project\data\processed\test\Onychogryphosis\Screenshot-2021-11-22-014500_png.rf.8e6fdec0d4e8c811ae3ecf21a020639b.jpg,2,Onychogryphosis,2,Onychogryphosis,0.9993119,True,9.259378e-09,3.832712e-08,0.9993119,9.958862e-10,2.7787024e-08,0.00068799924
C:\Users\venka\Documents\Project\data\processed\test\Onychogryphosis\Screenshot-2021-11-22-015012_png.rf.e033e5dd1e1b0ed03e8ce9b415c084af.jpg,2,Onychogryphosis,2,Onychogryphosis,0.9999944,True,2.6824614e-07,5.1535294e-06,0.9999944,1.3157462e-07,9.83788e-10,4.4833815e-08
C:\Users\venka\Documents\Project\data\processed\test\Onychogryphosis\Screenshot-2021-11-22-015012_png.rf.faf4de1891ee699454716b3406b7f69a.jpg,2,Onychogryphosis,2,Onychogryphosis,0.99991536,True,9.16815e-08,8.406138e-05,0.99991536,4.0645742e-07,1.0106179e-08,1.9025682e-08
C:\Users\venka\Documents\Project\data\processed\test\Onychogryphosis\Screenshot-2021-11-22-015244_png.rf.9709ccbc3f00d355405b3d61be96ea93.jpg,2,Onychogryphosis,2,Onychogryphosis,0.9999981,True,5.2080992e-08,9.875466e-07,0.9999981,3.2235087e-07,8.4173814e-11,6.1742895e-07
C:\Users\venka\Documents\Project\data\processed\test\Onychogryphosis\Screenshot-2021-11-22-015522_png.rf.5f13391b027570ed8fcfbb6ab57f038a.jpg,2,Onychogryphosis,2,Onychogryphosis,0.9999962,True,8.683692e-07,2.7141562e-07,0.9999962,1.3983762e-08,2.6194336e-06,4.89899e-08
C:\Users\venka\Documents\Project\data\processed\test\Onychogryphosis\Screenshot-2021-11-22-015641_png.rf.155c2fb8c5e8798cd28e49ac73d8774d.jpg,2,Onychogryphosis,2,Onychogryphosis,0.9999958,True,2.1176731e-06,1.3054959e-06,0.9999958,9.412729e-08,5.967882e-07,4.3078423e-08
C:\Users\venka\Documents\Project\data\processed\test\Onychogryphosis\Screenshot-2021-11-22-015641_png.rf.321f509a32a284dac73194fd1d64a7c2.jpg,2,Onychogryphosis,2,Onychogryphosis,1.0,True,2.8558977e-09,4.091066e-08,1.0,4.3437076e-09,7.3658324e-09,9.92407e-09
C:\Users\venka\Documents\Project\data\processed\test\Onychogryphosis\Screenshot-2021-11-22-015804_png.rf.e402acb29d1fe5d722f106357a9f177c.jpg,2,Onychogryphosis,2,Onychogryphosis,0.9999871,True,1.2284422e-10,5.6631376e-07,0.9999871,8.220959e-06,3.066316e-10,4.092996e-06
C:\Users\venka\Documents\Project\data\processed\test\Onychogryphosis\Screenshot-2021-11-22-020018_png.rf.829122f77e2386494bf903ffb53ec004.jpg,2,Onychogryphosis,2,Onychogryphosis,0.9999956,True,2.8178496e-11,1.9895866e-07,0.9999956,1.1334214e-09,3.611932e-06,6.862232e-07
C:\Users\venka\Documents\Project\data\processed\test\Onychogryphosis\Screenshot-2021-11-22-020526_png.rf.aa2bdc8ad4ef792a260f56cd314a0658.jpg,2,Onychogryphosis,2,Onychogryphosis,0.9999683,True,1.318237e-06,2.3308323e-06,0.9999683,1.601506e-07,5.829362e-08,2.7760358e-05
C:\Users\venka\Documents\Project\data\processed\test\Onychogryphosis\Screenshot-2021-11-22-020714_png.rf.99b221cb0412a8282ac35290cb25a5f4.jpg,2,Onychogryphosis,2,Onychogryphosis,0.9999471,True,2.2705309e-07,4.4562444e-07,0.9999471,5.762416e-07,5.1001763e-05,5.9786134e-07
C:\Users\venka\Documents\Project\data\processed\test\Onychogryphosis\Screenshot-2021-11-22-020714_png.rf.b01bf1fad1e374d9f8125b2c4d855ace.jpg,2,Onychogryphosis,2,Onychogryphosis,0.99958676,True,0.00037706667,2.237781e-05,0.99958676,4.073914e-06,9.358425e-06,3.9906112e-07
C:\Users\venka\Documents\Project\data\processed\test\Onychogryphosis\Screenshot-2021-11-22-021051_png.rf.8cd7dd8535761b774588c7ecc4373722.jpg,2,Onychogryphosis,2,Onychogryphosis,0.9999927,True,1.8317661e-07,7.227709e-07,0.9999927,2.505095e-06,6.8922303e-09,3.7949992e-06
C:\Users\venka\Documents\Project\data\processed\test\Onychogryphosis\images--66D6Hn_jpeg.rf.4a23427324684d761e7d8916fc6faefb.jpg,2,Onychogryphosis,2,Onychogryphosis,1.0,True,6.778546e-12,2.7337534e-09,1.0,8.309408e-10,4.6651648e-11,3.1165528e-09
C:\Users\venka\Documents\Project\data\processed\test\Onychogryphosis\images--79BNfh_jpeg.rf.0f0ed2addfd11f5747e7af9a073b3637.jpg,2,Onychogryphosis,2,Onychogryphosis,0.9998273,True,3.4969207e-07,3.8616423e-07,0.9998273,6.3915195e-07,7.4197026e-09,0.00017127332
C:\Users\venka\Documents\Project\data\processed\test\Onychogryphosis\images--7hiLgj_jpeg.rf.07badc72cc0a18d2ce89778c0eb02028.jpg,2,Onychogryphosis,2,Onychogryphosis,0.98895127,True,0.010655844,0.00015476106,0.98895127,2.4829755e-05,1.4859774e-07,0.00021313687
C:\Users\venka\Documents\Project\data\processed\test\Onychogryphosis\images--sqWhaj_jpeg.rf.2815459cd3bf1013f31390cc0d957f4c.jpg,2,Onychogryphosis,2,Onychogryphosis,0.99998426,True,3.5219518e-06,2.6501957e-06,0.99998426,1.6872856e-06,8.112715e-08,7.8742205e-06
C:\Users\venka\Documents\Project\data\processed\test\blue_finger\3537c880a6f711e688859b4b6be08695-Fig_3A_red-purple_discoloration_JPG.rf.61c1f59c35c9ae93a89c356b3d0786eb.jpg,3,blue_finger,3,blue_finger,0.99269015,True,0.0067746793,0.00050256564,1.4838077e-05,0.99269015,2.57772e-07,1.7540677e-05
C:\Users\venka\Documents\Project\data\processed\test\blue_finger\3537c880a6f711e688859b4b6be08695-Fig_3A_red-purple_discoloration_JPG.rf.9c6f3181cc588acd8bad259f00e3cab3.jpg,3,blue_finger,3,blue_finger,0.9205589,True,0.079179145,0.00021404368,3.7781801e-06,0.9205589,3.3332242e-06,4.0777853e-05
C:\Users\venka\Documents\Project\data\processed\test\blue_finger\Screen-Shot-2021-10-15-at-10-36-15-AM_png.rf.07fe9e00799550cf0f7834112b8b1a9d.jpg,3,blue_finger,3,blue_finger,0.99999857,True,1.1255665e-06,1.08461926e-07,2.7297844e-09,0.99999857,2.277573e-07,2.7591873e-09
C:\Users\venka\Documents\Project\data\processed\test\blue_finger\Screen-Shot-2021-10-15-at-10-36-15-AM_png.rf.4dc9d4e3de78f1e786a5620c9e491a25.jpg,3,blue_finger,3,blue_finger,0.99902964,True,0.00092907477,3.5102796e-05,9.649601e-07,0.99902964,2.4641026e-06,2.8067257e-06
C:\Users\venka\Documents\Project\data\processed\test\blue_finger\Screen-Shot-2021-10-15-at-10-36-37-AM_png.rf.06f237bfd23271070895d3a22d742b18.jpg,3,blue_finger,3,blue_finger,0.9999685,True,1.4933733e-05,5.99979e-07,2.8980596e-09,0.9999685,1.574808e-05,1.9196352e-07
C:\Users\venka\Documents\Project\data\processed\test\blue_finger\Screen-Shot-2021-10-15-at-10-36-41-AM_png.rf.ead8fc33ed8772a6c1493ae9e7109253.jpg,3,blue_finger,3,blue_finger,0.9967133,True,0.0032771507,7.4752843e-06,1.5906231e-07,0.9967133,9.729364e-07,9.71138e-07
C:\Users\venka\Documents\Project\data\processed\test\blue_finger\Screen-Shot-2021-10-15-at-10-38-28-AM_png.rf.4d8428e243af7ff56330dbe382c35d31.jpg,3,blue_finger,3,blue_finger,0.99990547,True,5.012842e-06,1.440435e-06,5.564557e-09,0.99990547,5.2112067e-05,3.598729e-05
C:\Users\venka\Documents\Project\data\processed\test\blue_finger\Screen-Shot-2021-10-15-at-10-38-37-AM_png.rf.0070f2e5afc63e4dbe2ccf36a8992c91.jpg,3,blue_finger,3,blue_finger,0.9999994,True,4.859741e-08,1.46258e-07,5.093351e-09,0.9999994,2.472836e-07,1.3232325e-07
C:\Users\venka\Documents\Project\data\processed\test\blue_finger\Screen-Shot-2021-10-15-at-10-38-37-AM_png.rf.db278dce2e507e7c5ea6bb019de05d71.jpg,3,blue_finger,3,blue_finger,0.9999914,True,8.8780047e-07,4.1617177e-06,4.1153334e-07,0.9999914,1.7206998e-08,3.061117e-06
C:\Users\venka\Documents\Project\data\processed\test\blue_finger\Screen-Shot-2021-10-15-at-10-39-17-AM_png.rf.3511fce5a257d00f145d61aba9123e8c.jpg,3,blue_finger,3,blue_finger,0.99991155,True,8.0172913e-07,4.8696205e-05,1.9874049e-06,0.99991155,1.9500369e-05,1.7516679e-05
C:\Users\venka\Documents\Project\data\processed\test\blue_finger\Screen-Shot-2021-10-15-at-10-39-29-AM_png.rf.c55061cef102fdab5dcb7ecc681b98c1.jpg,3,blue_finger,3,blue_finger,0.9999932,True,6.2878867e-09,6.359886e-08,1.4022795e-06,0.9999932,5.258902e-06,1.4356322e-08
C:\Users\venka\Documents\Project\data\processed\test\blue_finger\Screen-Shot-2021-10-15-at-10-39-37-AM_png.rf.a5656d52ec986465d46d9c237e9491fb.jpg,3,blue_finger,3,blue_finger,0.99999785,True,6.8590543e-07,1.4374377e-06,2.3019549e-08,0.99999785,7.084205e-09,4.2670045e-08
C:\Users\venka\Documents\Project\data\processed\test\blue_finger\Screen-Shot-2021-10-15-at-10-40-07-AM_png.rf.ac1bd481a7768d536d4b898885ff708f.jpg,3,blue_finger,3,blue_finger,0.9999243,True,1.8399683e-06,1.6910917e-05,1.7914594e-05,0.9999243,2.3469374e-05,1.5537315e-05
C:\Users\venka\Documents\Project\data\processed\test\blue_finger\Screen-Shot-2021-10-15-at-10-43-46-AM_png.rf.020015f536c0f6cd8b87421b50930bf2.jpg,3,blue_finger,3,blue_finger,0.99917454,True,0.0007798469,2.3765653e-05,3.8039552e-06,0.99917454,1.6101852e-05,2.0123641e-06
C:\Users\venka\Documents\Project\data\processed\test\blue_finger\Screen-Shot-2021-10-15-at-10-43-46-AM_png.rf.f6e7ef3e2a91b5aa0dbfcd5290d756fb.jpg,3,blue_finger,3,blue_finger,0.9999906,True,1.2985262e-07,3.9323377e-06,1.5025497e-08,0.9999906,5.0734716e-06,2.0406914e-07
C:\Users\venka\Documents\Project\data\processed\test\blue_finger\Screen-Shot-2021-10-15-at-10-44-24-AM_png.rf.0fc15e7d1ca7e1dd1009010d21c4b025.jpg,3,blue_finger,3,blue_finger,0.9999995,True,2.728439e-07,1.725321e-08,5.245355e-10,0.9999995,2.167269e-07,1.40757e-08
C:\Users\venka\Documents\Project\data\processed\test\blue_finger\Screen-Shot-2021-10-15-at-10-51-25-AM_png.rf.a3d1d5f2dd4092e4490eb46d145115e6.jpg,3,blue_finger,3,blue_finger,0.9999968,True,9.394497e-08,5.3775878e-08,2.047446e-08,0.9999968,3.8609983e-08,3.0229958e-06
C:\Users\venka\Documents\Project\data\processed\test\blue_finger\Screen-Shot-2021-10-15-at-11-10-13-AM_png.rf.bef8259bdd3b9c60cf47440f0f271dfb.jpg,3,blue_finger,3,blue_finger,0.99856794,True,8.836179e-09,1.048921e-06,6.3117835e-07,0.99856794,7.708986e-05,0.0013531969
C:\Users\venka\Documents\Project\data\processed\test\blue_finger\Screen-Shot-2021-10-15-at-11-10-13-AM_png.rf.f6837256b92b4414bc5bb1ee6f1ae872.jpg,3,blue_finger,3,blue_finger,0.99976844,True,1.00049355e-07,6.615853e-05,9.3101505e-07,0.99976844,5.0159877e-05,0.00011421121
C:\Users\venka\Documents\Project\data\processed\test\blue_finger\Screen-Shot-2021-10-15-at-11-11-16-AM_png.rf.abb7e53099b9167c9c3665332cd601ca.jpg,3,blue_finger,3,blue_finger,0.99999905,True,1.03657925e-07,1.1383793e-07,4.3345955e-07,0.99999905,2.9869986e-07,2.1013083e-08
C:\Users\venka\Documents\Project\data\processed\test\blue_finger\Screen-Shot-2021-10-15-at-11-11-25-AM_png.rf.e2472a5d8eee70b2b3051b971684bbf2.jpg,3,blue_finger,3,blue_finger,0.999995,True,7.73973e-07,3.1660943e-06,1.9117168e-07,0.999995,5.734141e-07,3.4040409e-07
C:\Users\venka\Documents\Project\data\processed\test\blue_finger\Screen-Shot-2021-10-15-at-11-11-25-AM_png.rf.e71f3c9923a9c0976479cf7a61c1e3bf.jpg,3,blue_finger,3,blue_finger,0.99994814,True,2.0887355e-05,2.1462006e-06,6.1027794e-07,0.99994814,1.3552993e-06,2.6855447e-05
C:\Users\venka\Documents\Project\data\processed\test\blue_finger\Screen-Shot-2021-10-15-at-9-30-50-AM_png.rf.01a0b573ad637eb8c8e635e2af97687b.jpg,3,blue_finger,3,blue_finger,0.9992649,True,0.0006756552,1.7682316e-05,3.5253055e-05,0.9992649,4.711214e-06,1.8648134e-06
C:\Users\venka\Documents\Project\data\processed\test\blue_finger\Screen-Shot-2021-10-15-at-9-30-50-AM_png.rf.0eeec8e1e28fac5468861de0b4875829.jpg,3,blue_finger,3,blue_finger,0.9999888,True,1.0629845e-05,6.175036e-08,4.4009255e-07,0.9999888,7.459704e-08,1.3032711e-08
C:\Users\venka\Documents\Project\data\processed\test\blue_finger\Screen-Shot-2021-10-15-at-9-30-55-AM_png.rf.b6e8276f01038e40c634a684f6efea01.jpg,3,blue_finger,3,blue_finger,0.97088957,True,0.026309734,7.966005e-06,0.0027490675,0.97088957,6.236902e-06,3.735894e-05
C:\Users\venka\Documents\Project\data\processed\test\blue_finger\Screen-Shot-2021-10-15-at-9-31-06-AM_png.rf.0c1f8e2620181d26281be1dae5767134.jpg,3,blue_finger,3,blue_finger,0.9993814,True,0.00041707695,8.887558e-06,2.7492844e-05,0.9993814,3.247282e-06,0.00016182374
C:\Users\venka\Documents\Project\data\processed\test\blue_finger\Screen-Shot-2021-11-22-at-10-05-18-PM_png.rf.3001a131b94fa69e07a045c4dea95aa8.jpg,3,blue_finger,3,blue_finger,0.9993086,True,0.00068048754,2.0904386e-06,8.574526e-06,0.9993086,1.8153084e-07,2.0449601e-08
C:\Users\venka\Documents\Project\data\processed\test\blue_finger\Screen-Shot-2021-11-22-at-10-06-57-PM_png.rf.37ea9a70aed08c17111561f7ff997b58.jpg,3,blue_finger,3,blue_finger,0.9998784,True,4.3040293e-07,1.884943e-05,1.5474437e-07,0.9998784,9.935932e-05,2.820672e-06
C:\Users\venka\Documents\Project\data\processed\test\blue_finger\Screen-Shot-2021-11-22-at-10-09-28-PM_png.rf.492c16db531a69e5dd109057208e1300.jpg,3,blue_finger,3,blue_finger,0.9990345,True,3.9039424e-08,8.38601e-08,2.9442717e-08,0.9990345,0.00096516276,1.3486577e-07
C:\Users\venka\Documents\Project\data\processed\test\blue_finger\Screen-Shot-2021-11-22-at-10-09-58-PM_png.rf.ed3e4c485a4cb3f6af073a31b1ce112e.jpg,3,blue_finger,3,blue_finger,0.99990463,True,9.183913e-05,2.1084688e-06,4.5417703e-08,0.99990463,2.7814394e-07,1.1519767e-06
C:\Users\venka\Documents\Project\data\processed\test\blue_finger\Screen-Shot-2021-11-22-at-10-09-58-PM_png.rf.f357adca933ff843d33f651fea90a597.jpg,3,blue_finger,3,blue_finger,0.99999046,True,5.3541835e-06,6.7328685e-08,1.2285974e-08,0.99999046,7.625291e-07,3.4140764e-06
C:\Users\venka\Documents\Project\data\processed\test\blue_finger\Screen-Shot-2021-11-22-at-4-49-53-PM_png.rf.f269cc724a0412f2f709e7fe2105b56a.jpg,3,blue_finger,3,blue_finger,0.999995,True,6.7204445e-07,1.6709591e-06,3.617932e-08,0.999995,1.0611228e-06,1.5799501e-06
C:\Users\venka\Documents\Project\data\processed\test\blue_finger\Screen-Shot-2021-11-22-at-4-50-45-PM_png.rf.09f6901091920ba4e757969e9a61a283.jpg,3,blue_finger,3,blue_finger,0.9999747,True,1.2688419e-05,2.7185524e-06,4.3670863e-07,0.9999747,4.9259563e-07,8.957616e-06
C:\Users\venka\Documents\Project\data\processed\test\blue_finger\Screen-Shot-2021-11-22-at-4-57-31-PM_png.rf.fb3f46396a157401c25ce607e8ea475b.jpg,3,blue_finger,3,blue_finger,0.99998283,True,1.1748704e-05,5.751312e-07,4.0695376e-09,0.99998283,3.5130924e-07,4.377031e-06
C:\Users\venka\Documents\Project\data\processed\test\blue_finger\Screen-Shot-2021-11-22-at-4-57-51-PM_png.rf.d1a6fe9f251911fc2a5fe4cb1b75e848.jpg,3,blue_finger,3,blue_finger,0.9999759,True,2.0002755e-09,3.7132156e-07,1.1944562e-06,0.9999759,2.220748e-05,3.5226395e-07
C:\Users\venka\Documents\Project\data\processed\test\blue_finger\Screen-Shot-2021-11-22-at-5-01-41-PM_png.rf.9db9fb4e806cc607b53d538a9e84904b.jpg,3,blue_finger,3,blue_finger,0.99999917,True,4.665726e-09,1.5051076e-07,6.9582122e-09,0.99999917,5.168706e-07,1.52306e-07
C:\Users\venka\Documents\Project\data\processed\test\blue_finger\Screen-Shot-2021-11-22-at-5-02-29-PM_png.rf.b395747583bcccc59638dfd47b0bfebb.jpg,3,blue_finger,3,blue_finger,0.9999976,True,7.927185e-09,3.4726504e-08,2.5447337e-08,0.9999976,8.650394e-09,2.3102416e-06
C:\Users\venka\Documents\Project\data\processed\test\blue_finger\Screen-Shot-2021-11-22-at-5-03-01-PM_png.rf.5a7a6f1d4a3731323942f3bd47425522.jpg,3,blue_finger,3,blue_finger,0.9999982,True,5.1679905e-09,2.9924376e-08,3.2186268e-08,0.9999982,4.6627857e-09,1.7667072e-06
C:\Users\venka\Documents\Project\data\processed\test\blue_finger\Screen-Shot-2021-11-22-at-5-03-11-PM_png.rf.7ce4545c923eb10b2bd8215d89c18c0b.jpg,3,blue_finger,3,blue_finger,0.9997677,True,2.4619765e-05,8.372359e-07,2.0023e-07,0.9997677,0.00020589633,6.593902e-07
C:\Users\venka\Documents\Project\data\processed\test\blue_finger\Screen-Shot-2021-11-22-at-5-05-41-PM_png.rf.d66dc6eaa47882611fb807a638bd93ee.jpg,3,blue_finger,3,blue_finger,0.9999993,True,1.5144738e-09,1.0180737e-09,2.6286744e-11,0.9999993,7.6542835e-07,7.5934634e-11
C:\Users\venka\Documents\Project\data\processed\test\blue_finger\Screen-Shot-2021-11-22-at-5-05-43-PM_png.rf.d2a0a8780d0baba489dd43395501bd74.jpg,3,blue_finger,3,blue_finger,1.0,True,3.928931e-09,3.4298974e-08,6.9881576e-09,1.0,7.380036e-09,1.8294285e-08
C:\Users\venka\Documents\Project\data\processed\test\blue_finger\Screen-Shot-2021-11-22-at-5-06-00-PM_png.rf.8385f1d0fe91b9f590e39c3acc4378e3.jpg,3,blue_finger,3,blue_finger,0.98911077,True,1.1467511e-07,8.731997e-06,2.0258134e-05,0.98911077,0.010859874,1.908821e-07
C:\Users\venka\Documents\Project\data\processed\test\blue_finger\Screen-Shot-2021-11-22-at-5-06-33-PM_png.rf.a6ffd33551d7738fd2a05e5ebe6a1de5.jpg,3,blue_finger,3,blue_finger,0.99976987,True,5.8012102e-08,2.5641802e-07,1.0384758e-05,0.99976987,0.00021941918,5.098739e-10
C:\Users\venka\Documents\Project\data\processed\test\blue_finger\Screen-Shot-2021-11-22-at-5-09-59-PM_png.rf.1c6a1bd2cbb3d89a30fd2e7f31af107d.jpg,3,blue_finger,3,blue_finger,0.99818784,True,0.00026957752,3.2349377e-07,0.0014911692,0.99818784,5.1070572e-05,2.6152726e-08
C:\Users\venka\Documents\Project\data\processed\test\blue_finger\Screen-Shot-2021-11-22-at-5-09-59-PM_png.rf.3734ea96fa04a2f97710416b20f0691e.jpg,3,blue_finger,3,blue_finger,0.9997545,True,2.8419996e-05,5.5717482e-08,9.788193e-06,0.9997545,0.00020735414,8.3970564e-10
C:\Users\venka\Documents\Project\data\processed\test\blue_finger\Screen-Shot-2021-11-22-at-5-10-07-PM_png.rf.15ea6de8993357568365d6c4430f3c9a.jpg,3,blue_finger,3,blue_finger,0.99880266,True,1.355757e-06,5.302741e-06,4.186858e-05,0.99880266,0.0011423056,6.5347117e-06
C:\Users\venka\Documents\Project\data\processed\test\blue_finger\Screen-Shot-2021-11-22-at-5-10-07-PM_png.rf.ada79554aca0a8499888c1d6555d77f5.jpg,3,blue_finger,3,blue_finger,0.99995553,True,6.9932736e-07,1.242916e-07,2.8872164e-05,0.99995553,1.411446e-05,7.669052e-07
C:\Users\venka\Documents\Project\data\processed\test\blue_finger\Screen-Shot-2021-11-22-at-5-10-19-PM_png.rf.cbd1ea6045847d8dc5dbcc77046facf4.jpg,3,blue_finger,3,blue_finger,0.99999976,True,7.1716116e-08,3.331206e-08,1.3991769e-07,0.99999976,5.206499e-08,1.06841975e-08
C:\Users\venka\Documents\Project\data\processed\test\blue_finger\Screen-Shot-2021-11-22-at-5-11-17-PM_png.rf.466a3c2438e2b92c3ad377ac73a85da6.jpg,3,blue_finger,3,blue_finger,0.9998996,True,7.500537e-05,7.471833e-06,1.6725957e-05,0.9998996,1.0369943e-07,1.161398e-06
C:\Users\venka\Documents\Project\data\processed\test\blue_finger\Screen-Shot-2021-11-22-at-5-18-20-PM_png.rf.6d92bf144bc68a2a517d4e49c369ffd6.jpg,3,blue_finger,3,blue_finger,1.0,True,3.8625187e-09,1.0838985e-08,5.090363e-09,1.0,1.820778e-08,5.586169e-10
C:\Users\venka\Documents\Project\data\processed\test\blue_finger\Screen-Shot-2021-11-22-at-5-21-20-PM_png.rf.2b7b4897930f3d239886649a6bb64e86.jpg,3,blue_finger,3,blue_finger,0.9998797,True,9.4722645e-06,3.6427336e-05,8.351156e-06,0.9998797,3.7079258e-07,6.554838e-05
C:\Users\venka\Documents\Project\data\processed\test\blue_finger\Screen-Shot-2021-11-22-at-5-22-06-PM_png.rf.38183b58151112d579c5710e33fb89a4.jpg,3,blue_finger,3,blue_finger,0.9999994,True,8.3317486e-10,5.0241535e-08,4.9063743e-08,0.9999994,4.7163783e-07,8.5870425e-08
C:\Users\venka\Documents\Project\data\processed\test\blue_finger\Screen-Shot-2021-11-22-at-5-23-38-PM_png.rf.01e1d9f47bebcf86d7616b943066af08.jpg,3,blue_finger,3,blue_finger,0.9838598,True,2.4928994e-07,3.6747447e-06,0.015890954,0.9838598,6.8712776e-05,0.00017654586
C:\Users\venka\Documents\Project\data\processed\test\blue_finger\Screen-Shot-2021-11-22-at-5-25-44-PM_png.rf.73b993cbf96344d526979b2501698433.jpg,3,blue_finger,3,blue_finger,0.9999771,True,1.7918495e-07,2.2131118e-05,3.36196e-08,0.9999771,4.509941e-07,7.0789696e-08
C:\Users\venka\Documents\Project\data\processed\test\blue_finger\Screen-Shot-2021-11-22-at-5-26-02-PM_png.rf.bf53966750be2dcf733d84487f188e90.jpg,3,blue_finger,3,blue_finger,0.99972564,True,1.0252639e-06,3.696918e-07,2.8131456e-07,0.99972564,0.0002726996,5.5110236e-09
C:\Users\venka\Documents\Project\data\processed\test\blue_finger\Screen-Shot-2021-11-22-at-5-26-29-PM_png.rf.b4ad0e5b8c86c9bea3a46075a6f6542e.jpg,3,blue_finger,3,blue_finger,0.9999378,True,4.3121283e-05,1.2569862e-07,1.4313273e-06,0.9999378,1.6537953e-05,1.1109787e-06
C:\Users\venka\Documents\Project\data\processed\test\blue_finger\Screen-Shot-2021-11-22-at-5-26-45-PM_png.rf.8bf2c580a12de7f991b427e2adae6510.jpg,3,blue_finger,3,blue_finger,1.0,True,1.5864124e-08,2.4687181e-09,5.555157e-09,1.0,1.0737659e-09,4.028529e-09
C:\Users\venka\Documents\Project\data\processed\test\blue_finger\Screen-Shot-2021-11-22-at-5-26-45-PM_png.rf.e4b25faa14eb7488d36c86bd7c44b305.jpg,3,blue_finger,3,blue_finger,0.99999857,True,6.56328e-07,9.794327e-08,5.987441e-07,0.99999857,3.5966362e-08,6.243642e-09
C:\Users\venka\Documents\Project\data\processed\test\blue_finger\Screen-Shot-2021-11-22-at-5-27-14-PM_png.rf.80ded82ebb475a2687e76e30a3ac3b5b.jpg,3,blue_finger,3,blue_finger,0.9999962,True,6.063998e-07,3.8035319e-07,2.8235236e-06,0.9999962,4.1899046e-08,3.6662147e-08
C:\Users\venka\Documents\Project\data\processed\test\blue_finger\Screen-Shot-2021-11-22-at-5-27-22-PM_png.rf.5d0d94967de6ec88184d00d361245754.jpg,3,blue_finger,3,blue_finger,0.9600528,True,0.03454095,0.0016256003,0.0003639932,0.9600528,0.00030881836,0.0031078295
C:\Users\venka\Documents\Project\data\processed\test\blue_finger\Screen-Shot-2021-11-22-at-5-27-22-PM_png.rf.ddf028f68cbeef3978069e3df0fb9e65.jpg,3,blue_finger,3,blue_finger,0.98202217,True,0.0017804445,0.0057759783,0.00037501313,0.98202217,0.010014055,3.2369815e-05
C:\Users\venka\Documents\Project\data\processed\test\blue_finger\Screen-Shot-2021-11-22-at-5-27-36-PM_png.rf.7a6a624912158d8d9d9476d013fe2498.jpg,3,blue_finger,3,blue_finger,0.9863534,True,6.0781545e-05,0.00010693079,7.923614e-05,0.9863534,0.013300508,9.920181e-05
C:\Users\venka\Documents\Project\data\processed\test\blue_finger\Screen-Shot-2021-11-22-at-5-29-14-PM_png.rf.96fb8142058a66342b87b8d66400a16c.jpg,3,blue_finger,3,blue_finger,0.9999635,True,1.3016254e-05,1.4792304e-06,6.932375e-08,0.9999635,2.1814823e-05,8.596305e-08
C:\Users\venka\Documents\Project\data\processed\test\blue_finger\Screen-Shot-2021-11-22-at-8-14-15-PM_png.rf.f3eaacf8f1ccfc85715030c4e45c1d7d.jpg,3,blue_finger,3,blue_finger,0.9999995,True,1.3626434e-08,4.186266e-07,2.2553832e-11,0.9999995,1.4439566e-08,1.0427529e-07
C:\Users\venka\Documents\Project\data\processed\test\blue_finger\Screen-Shot-2021-11-22-at-8-15-47-PM_png.rf.41441eb32a11a4aa4fdbe12dfae48e5a.jpg,3,blue_finger,3,blue_finger,0.99999964,True,1.2032062e-07,3.0804028e-08,1.5273057e-08,0.99999964,3.3615452e-10,2.0561232e-07
C:\Users\venka\Documents\Project\data\processed\test\blue_finger\Screen-Shot-2021-11-22-at-8-15-51-PM_png.rf.1af0403480df0fefa1690f770c7c2a1b.jpg,3,blue_finger,3,blue_finger,0.9998783,True,6.542042e-06,2.0488977e-07,3.4671662e-12,0.9998783,0.00011461189,3.7148862e-07
C:\Users\venka\Documents\Project\data\processed\test\blue_finger\Screen-Shot-2021-11-22-at-8-19-18-PM_png.rf.5b65c72771d63f6ed8e08fa9d3dfab09.jpg,3,blue_finger,2,Onychogryphosis,0.5012693,False,0.04789379,0.037611976,0.5012693,0.39760706,0.014614615,0.0010032041
C:\Users\venka\Documents\Project\data\processed\test\blue_finger\Screen-Shot-2021-11-22-at-8-25-46-PM_png.rf.30ea5662db91ff960aec64c609a6a8d5.jpg,3,blue_finger,3,blue_finger,0.9996364,True,7.547745e-05,1.1246203e-06,2.5537915e-07,0.9996364,0.00028026727,6.517042e-06
C:\Users\venka\Documents\Project\data\processed\test\blue_finger\Screen-Shot-2021-11-22-at-8-51-01-PM_png.rf.68d97cc811337faf3cbdbf2273a2b9ae.jpg,3,blue_finger,3,blue_finger,0.9999547,True,8.335494e-06,1.4398199e-05,2.0342452e-05,0.9999547,1.7835656e-06,4.143501e-07
C:\Users\venka\Documents\Project\data\processed\test\blue_finger\Screen-Shot-2021-11-22-at-8-56-36-PM_png.rf.26fb550fbb52755e0121d2582b8da075.jpg,3,blue_finger,3,blue_finger,0.99987316,True,3.4185057e-05,7.330732e-05,3.1223453e-07,0.99987316,9.484712e-06,9.559376e-06
C:\Users\venka\Documents\Project\data\processed\test\blue_finger\Screen-Shot-2021-11-22-at-8-56-36-PM_png.rf.b95298004c99cf60a837116cc391655e.jpg,3,blue_finger,3,blue_finger,0.99999046,True,2.3740924e-06,2.2349716e-06,2.7334522e-08,0.99999046,4.2175523e-07,4.4982125e-06
C:\Users\venka\Documents\Project\data\processed\test\blue_finger\Screen-Shot-2021-11-22-at-9-05-44-PM_png.rf.e7dc8a7529828409c6abf084a909ab63.jpg,3,blue_finger,5,pitting,0.94784987,False,2.1194917e-07,1.833059e-07,2.311649e-06,0.052004874,0.00014246372,0.94784987
C:\Users\venka\Documents\Project\data\processed\test\blue_finger\Screen-Shot-2021-11-22-at-9-06-56-PM_png.rf.36a82022f24ece9ea6ab485d77a6d183.jpg,3,blue_finger,3,blue_finger,0.999995,True,1.6038316e-08,1.0455268e-06,2.5198736e-07,0.999995,2.37628e-06,1.3476654e-06
C:\Users\venka\Documents\Project\data\processed\test\blue_finger\Screen-Shot-2021-11-22-at-9-07-07-PM_png.rf.37aad7959a09fc9a3b3875b5a9e3c34c.jpg,3,blue_finger,3,blue_finger,0.9999989,True,1.0725796e-09,3.2062456e-08,3.860099e-07,0.9999989,2.3724044e-11,7.28859e-07
C:\Users\venka\Documents\Project\data\processed\test\blue_finger\Screen-Shot-2021-11-22-at-9-07-19-PM_png.rf.36ffc481f0ba738038dcfe2741fe5940.jpg,3,blue_finger,3,blue_finger,0.99999964,True,5.7623284e-09,6.5678485e-08,3.3662242e-09,0.99999964,3.5978525e-09,2.5800142e-07
C:\Users\venka\Documents\Project\data\processed\test\blue_finger\Screen-Shot-2021-11-22-at-9-08-36-PM_png.rf.a528a8c595c5b7986856d6129ea42d3c.jpg,3,blue_finger,3,blue_finger,0.99991715,True,5.8511716e-07,5.636397e-06,8.581163e-08,0.99991715,7.189087e-05,4.655706e-06
C:\Users\venka\Documents\Project\data\processed\test\blue_finger\Screen-Shot-2021-11-22-at-9-14-59-PM_png.rf.76f068f0b26fc6f70a15f257a9ac93fd.jpg,3,blue_finger,3,blue_finger,0.9999703,True,5.51406e-07,1.2881094e-06,1.9161617e-07,0.9999703,2.7332451e-05,2.8410273e-07
C:\Users\venka\Documents\Project\data\processed\test\blue_finger\Screen-Shot-2021-11-22-at-9-14-59-PM_png.rf.9754845a46f8dd808a596d4a33772990.jpg,3,blue_finger,3,blue_finger,0.999997,True,9.275775e-08,1.6249903e-06,8.408624e-08,0.999997,9.559675e-08,1.1500106e-06
C:\Users\venka\Documents\Project\data\processed\test\blue_finger\Screen-Shot-2021-11-22-at-9-15-03-PM_png.rf.0ca2b665877c5ea8efe18dd32b984fb0.jpg,3,blue_finger,3,blue_finger,0.9998877,True,1.0914913e-05,9.845276e-05,8.068129e-07,0.9998877,5.3101195e-07,1.5367099e-06
C:\Users\venka\Documents\Project\data\processed\test\blue_finger\Screen-Shot-2021-11-22-at-9-21-08-PM_png.rf.7629e9308b9daf87d7f382aed6484ffc.jpg,3,blue_finger,3,blue_finger,0.9999846,True,1.4270687e-05,5.7865935e-07,5.3200043e-08,0.9999846,1.4338801e-07,3.5442875e-07
C:\Users\venka\Documents\Project\data\processed\test\blue_finger\Screen-Shot-2021-11-22-at-9-21-16-PM_png.rf.3d91d82844db3c62c756fcf83380dc86.jpg,3,blue_finger,3,blue_finger,0.99999475,True,5.605658e-07,3.235172e-06,1.0747396e-09,0.99999475,1.5152452e-06,1.455494e-08
C:\Users\venka\Documents\Project\data\processed\test\blue_finger\Screen-Shot-2021-11-22-at-9-21-29-PM_png.rf.40e53d088645919548dd48db035fbe43.jpg,3,blue_finger,3,blue_finger,0.9999932,True,2.1935968e-07,2.1146012e-07,4.044188e-07,0.9999932,5.2349437e-06,6.9765906e-07
C:\Users\venka\Documents\Project\data\processed\test\blue_finger\Screen-Shot-2021-11-22-at-9-22-07-PM_png.rf.4d30071c130d972080b3785c7c01561e.jpg,3,blue_finger,3,blue_finger,0.9976417,True,2.1495105e-05,3.2386345e-06,2.532932e-06,0.9976417,1.3933054e-05,0.0023171797
C:\Users\venka\Documents\Project\data\processed\test\blue_finger\Screen-Shot-2021-11-22-at-9-22-07-PM_png.rf.a1d378a55d47c364fc0a76bb561ec87c.jpg,3,blue_finger,3,blue_finger,0.999329,True,6.4380947e-07,1.0886688e-05,2.7963816e-07,0.999329,0.00021898614,0.00044020358
C:\Users\venka\Documents\Project\data\processed\test\blue_finger\Screen-Shot-2021-11-22-at-9-46-05-PM_png.rf.13a0a4edd6a71541b44ff9c5c285767d.jpg,3,blue_finger,3,blue_finger,0.99953985,True,1.5159055e-06,4.2032956e-05,6.0645125e-06,0.99953985,0.00039136157,1.9178446e-05
C:\Users\venka\Documents\Project\data\processed\test\blue_finger\Screen-Shot-2021-11-22-at-9-46-24-PM_png.rf.f1a68de9eacbc4cd145b70e320ef0cc3.jpg,3,blue_finger,3,blue_finger,0.99999726,True,2.047324e-06,2.2231684e-07,4.2510942e-07,0.99999726,1.7025519e-08,5.3441443e-08
C:\Users\venka\Documents\Project\data\processed\test\blue_finger\Screen-Shot-2021-11-22-at-9-47-35-PM_png.rf.505a66d48d60cb030e85e72d119e7f37.jpg,3,blue_finger,3,blue_finger,0.9999993,True,5.074384e-09,4.4912798e-07,1.3954023e-07,0.9999993,1.2610414e-09,1.9767766e-07
C:\Users\venka\Documents\Project\data\processed\test\blue_finger\Screen-Shot-2021-11-22-at-9-47-46-PM_png.rf.5767f23837819a3424406e0bcaca9c1e.jpg,3,blue_finger,3,blue_finger,1.0,True,3.547209e-11,3.7052905e-10,4.227406e-09,1.0,3.0795502e-13,4.244528e-12
C:\Users\venka\Documents\Project\data\processed\test\blue_finger\Screen-Shot-2021-11-22-at-9-48-08-PM_png.rf.b8d10c7bcecb25a76368119160145050.jpg,3,blue_finger,3,blue_finger,0.99996805,True,4.839893e-07,1.0370352e-06,2.3974228e-05,0.99996805,3.1686716e-07,6.095058e-06
C:\Users\venka\Documents\Project\data\processed\test\blue_finger\Screen-Shot-2021-11-22-at-9-48-12-PM_png.rf.053a264251be1a0ec09ec9bfc2afbe6f.jpg,3,blue_finger,3,blue_finger,0.99999845,True,5.4132676e-07,3.9104586e-09,1.749173e-08,0.99999845,6.654313e-07,3.2885524e-07
C:\Users\venka\Documents\Project\data\processed\test\blue_finger\Screen-Shot-2021-11-22-at-9-52-22-PM_png.rf.b23cbd970380f38ba9248ff79feefbf7.jpg,3,blue_finger,3,blue_finger,0.9999335,True,5.407643e-05,9.568253e-06,1.6372285e-06,0.9999335,2.6701925e-09,1.3274342e-06
C:\Users\venka\Documents\Project\data\processed\test\blue_finger\Screen-Shot-2021-11-22-at-9-52-28-PM_png.rf.5fbfb09ce288bf9a626d87bc6a112df1.jpg,3,blue_finger,3,blue_finger,0.99978286,True,1.6473236e-05,9.723195e-06,0.00017251844,0.99978286,1.04683885e-07,1.8300076e-05
C:\Users\venka\Documents\Project\data\processed\test\clubbing\Screen-Shot-2021-10-26-at-10-55-01-AM_png.rf.5f2e03aeb43211ebbb6a444ba152cba9.jpg,4,clubbing,4,clubbing,0.9999907,True,1.5452002e-07,2.3758223e-07,6.073225e-09,1.5347998e-08,0.9999907,8.965238e-06
C:\Users\venka\Documents\Project\data\processed\test\clubbing\Screen-Shot-2021-10-26-at-10-55-32-AM_png.rf.0840a231643150725432dabc8d30e8cc.jpg,4,clubbing,4,clubbing,0.9995906,True,0.0003969689,6.298586e-07,2.274464e-06,5.5255953e-08,0.9995906,9.542384e-06
C:\Users\venka\Documents\Project\data\processed\test\clubbing\Screen-Shot-2021-10-26-at-10-56-07-AM_png.rf.ae07df95a8e9c42a2252e03674b66586.jpg,4,clubbing,4,clubbing,0.99996996,True,4.9206136e-07,2.4636606e-07,1.7794584e-05,1.8274078e-07,0.99996996,1.1411004e-05
C:\Users\venka\Documents\Project\data\processed\test\clubbing\Screen-Shot-2021-10-26-at-10-56-32-AM_png.rf.c4cac3f6cf2d3548b6ef8ca807e46b24.jpg,4,clubbing,4,clubbing,0.9990004,True,4.8461367e-05,2.8644119e-05,0.00037749545,0.00043822493,0.9990004,0.000106847656
C:\Users\venka\Documents\Project\data\processed\test\clubbing\Screen-Shot-2021-10-26-at-10-59-07-AM_png.rf.823070e42ed6f44abff710ccc1b081c6.jpg,4,clubbing,2,Onychogryphosis,0.5528966,False,0.016333068,0.0006110067,0.5528966,0.00017379363,0.42788342,0.002102062
C:\Users\venka\Documents\Project\data\processed\test\clubbing\Screen-Shot-2021-10-26-at-11-06-37-AM_png.rf.848db8082735038b6d175424e105ecd1.jpg,4,clubbing,4,clubbing,0.9999938,True,1.5538053e-07,3.756496e-06,1.2107704e-06,1.1547127e-06,0.9999938,1.2427282e-08
C:\Users\venka\Documents\Project\data\processed\test\clubbing\Screen-Shot-2021-10-26-at-11-11-50-AM_png.rf.b2d73c991f1ccea144f06be455b8a88e.jpg,4,clubbing,4,clubbing,0.9998485,True,3.8064954e-08,0.00012601259,2.4654473e-06,7.736555e-06,0.9998485,1.5194563e-05
C:\Users\venka\Documents\Project\data\processed\test\clubbing\Screen-Shot-2021-10-26-at-12-09-28-PM_png.rf.1b2bfb63b6e848f2cb0257c23a2a356b.jpg,4,clubbing,4,clubbing,0.9999815,True,6.907498e-07,2.5988102e-06,3.794151e-07,7.773923e-06,0.9999815,7.054893e-06
C:\Users\venka\Documents\Project\data\processed\test\clubbing\Screen-Shot-2021-10-26-at-12-10-09-PM_png.rf.f4c82e47c0a61911dfac76d4ea33990f.jpg,4,clubbing,4,clubbing,0.79033995,True,0.041296627,4.245427e-05,0.0022962724,0.16540976,0.79033995,0.00061496726
C:\Users\venka\Documents\Project\data\processed\test\clubbing\Screen-Shot-2021-10-26-at-12-10-57-PM_png.rf.0873270d15ef63fa42d0840d1b0e585f.jpg,4,clubbing,4,clubbing,0.9999558,True,8.0139195e-08,1.4171889e-06,3.1311572e-06,3.9567705e-05,0.9999558,4.4768803e-10
C:\Users\venka\Documents\Project\data\processed\test\clubbing\Screen-Shot-2021-10-26-at-12-11-28-PM_png.rf.15b3ed6c2c4a71a625e70dca3640efa7.jpg,4,clubbing,4,clubbing,0.99992764,True,1.574532e-05,1.0947146e-05,1.8117108e-06,4.8691763e-06,0.99992764,3.907141e-05
C:\Users\venka\Documents\Project\data\processed\test\clubbing\Screen-Shot-2021-10-26-at-12-15-17-PM_png.rf.ffbfed825ee6e11a40fc20fc3de957b3.jpg,4,clubbing,4,clubbing,0.9991418,True,6.6930783e-10,6.62703e-06,1.2329489e-05,0.0008379561,0.9991418,1.2249085e-06
C:\Users\venka\Documents\Project\data\processed\test\clubbing\Screen-Shot-2021-10-26-at-12-17-59-PM_png.rf.8950a258a5ec8868257ad1be50b04757.jpg,4,clubbing,4,clubbing,1.0,True,8.3288304e-10,2.9145493e-08,6.204783e-09,9.407935e-09,1.0,8.464594e-09
C:\Users\venka\Documents\Project\data\processed\test\clubbing\Screen-Shot-2021-10-26-at-12-18-05-PM_png.rf.c44192826aa24181590b3dc3ee04f513.jpg,4,clubbing,4,clubbing,0.9999982,True,2.8921335e-08,1.7382209e-06,1.5112038e-08,8.3704443e-10,0.9999982,3.3908032e-09
C:\Users\venka\Documents\Project\data\processed\test\clubbing\Screen-Shot-2021-10-26-at-12-18-14-PM_png.rf.a1c111dcf95d2ace421b0247b930ee4d.jpg,4,clubbing,4,clubbing,0.9999989,True,2.3042452e-09,9.438809e-08,9.894414e-07,1.5554184e-08,0.9999989,2.3814392e-08
C:\Users\venka\Documents\Project\data\processed\test\clubbing\Screen-Shot-2021-10-26-at-12-18-14-PM_png.rf.aaecc0ac15292ccbd8fb3c73e10f73cc.jpg,4,clubbing,4,clubbing,0.9999999,True,6.5655606e-11,2.5351278e-08,2.199805e-10,7.847171e-09,0.9999999,3.9057404e-08
C:\Users\venka\Documents\Project\data\processed\test\clubbing\Screen-Shot-2021-10-26-at-12-19-42-PM_png.rf.a207d95975adf673c2ed337972c0e473.jpg,4,clubbing,4,clubbing,0.9962282,True,1.0389118e-06,5.2595294e-07,3.183286e-07,0.0037663807,0.9962282,3.4522504e-06
C:\Users\venka\Documents\Project\data\processed\test\clubbing\Screen-Shot-2021-10-26-at-12-20-45-PM_png.rf.825c42cb87cfc4149f8544f071197394.jpg,4,clubbing,4,clubbing,0.99992025,True,3.1077157e-05,1.5585381e-05,1.3548912e-07,3.1254596e-05,0.99992025,1.6235382e-06
C:\Users\venka\Documents\Project\data\processed\test\clubbing\Screen-Shot-2021-11-22-at-10-03-16-AM_png.rf.64f08adc096c4e23701c831236c16823.jpg,4,clubbing,4,clubbing,0.99999845,True,5.2820684e-07,1.42103e-07,1.7389242e-08,8.8475963e-07,0.99999845,1.4716681e-08
C:\Users\venka\Documents\Project\data\processed\test\clubbing\Screen-Shot-2021-11-22-at-10-03-41-AM_png.rf.906702d00e7575645cf16fb52d1f5e66.jpg,4,clubbing,4,clubbing,0.9996791,True,0.00019426022,1.1351822e-06,2.0775196e-06,6.915546e-05,0.9996791,5.4401076e-05
C:\Users\venka\Documents\Project\data\processed\test\clubbing\Screen-Shot-2021-11-22-at-10-04-13-AM_png.rf.3562a50510bd354ef11b00e371311238.jpg,4,clubbing,4,clubbing,0.9998355,True,1.1206572e-05,2.0269657e-05,1.4095353e-06,1.9872695e-07,0.9998355,0.00013133467
C:\Users\venka\Documents\Project\data\processed\test\clubbing\Screen-Shot-2021-11-22-at-10-06-39-AM_png.rf.58ef1df86a89e82334ee24c5665b4aae.jpg,4,clubbing,4,clubbing,0.9999056,True,6.5317707e-10,6.688103e-08,6.376321e-08,9.4214665e-05,0.9999056,9.595549e-09
C:\Users\venka\Documents\Project\data\processed\test\clubbing\Screen-Shot-2021-11-22-at-10-07-11-AM_png.rf.4e2bbc8165ef7bac6abab2c215915d9a.jpg,4,clubbing,4,clubbing,0.9999536,True,8.578929e-10,3.1631988e-08,1.2104381e-07,4.620174e-05,0.9999536,9.79909e-10
C:\Users\venka\Documents\Project\data\processed\test\clubbing\Screen-Shot-2021-11-22-at-10-07-55-AM_png.rf.88f7d63e8831b420c94925e9f9b1ec9b.jpg,4,clubbing,4,clubbing,0.9999987,True,6.6223693e-09,2.4551399e-09,1.3548869e-06,6.135456e-10,0.9999987,3.6760234e-10
C:\Users\venka\Documents\Project\data\processed\test\clubbing\Screen-Shot-2021-11-22-at-10-07-58-AM_png.rf.0d670f2167ff3db0d399cf00489fa9fa.jpg,4,clubbing,4,clubbing,0.9999999,True,2.8885932e-08,3.366161e-09,1.2580668e-07,3.143618e-11,0.9999999,1.6396356e-08
C:\Users\venka\Documents\Project\data\processed\test\clubbing\Screen-Shot-2021-11-22-at-10-08-21-AM_png.rf.1ec690cd167e11390f43845b7f85ccab.jpg,4,clubbing,4,clubbing,0.9997075,True,4.0413543e-06,1.3174774e-06,6.570854e-08,0.00028598603,0.9997075,1.0320367e-06
C:\Users\venka\Documents\Project\data\processed\test\clubbing\Screen-Shot-2021-11-22-at-10-08-26-AM_png.rf.992852a9de4863cbb6c6bb2fc8ef7925.jpg,4,clubbing,4,clubbing,0.9999994,True,5.006898e-07,8.898288e-08,1.2350273e-08,6.290001e-09,0.9999994,7.810512e-08
C:\Users\venka\Documents\Project\data\processed\test\clubbing\Screen-Shot-2021-11-22-at-10-08-26-AM_png.rf.e3f3a71763229d71ad20488913be885b.jpg,4,clubbing,4,clubbing,0.9999838,True,2.0410873e-08,2.1848066e-06,2.3351022e-06,1.4071908e-08,0.9999838,1.166059e-05
C:\Users\venka\Documents\Project\data\processed\test\clubbing\Screen-Shot-2021-11-22-at-10-08-34-AM_png.rf.a12c3f2112961f9dce6ef7a8b7bc37c6.jpg,4,clubbing,4,clubbing,0.99998677,True,9.695423e-08,7.085454e-08,1.2987118e-09,9.766477e-07,0.99998677,1.2081499e-05
C:\Users\venka\Documents\Project\data\processed\test\clubbing\Screen-Shot-2021-11-22-at-10-08-48-AM_png.rf.1f67f0f26661405d908c290b74fbab6d.jpg,4,clubbing,4,clubbing,0.99996233,True,4.5872247e-07,1.0242059e-06,1.1416958e-05,1.1320864e-07,0.99996233,2.4572948e-05
C:\Users\venka\Documents\Project\data\processed\test\clubbing\Screen-Shot-2021-11-22-at-10-08-48-AM_png.rf.a35cb96c1b4932b38675baa4da6442c8.jpg,4,clubbing,4,clubbing,0.99999964,True,7.3769932e-09,6.258982e-09,1.7674889e-09,1.6358213e-08,0.99999964,2.7557377e-07
C:\Users\venka\Documents\Project\data\processed\test\clubbing\Screen-Shot-2021-11-22-at-10-08-54-AM_png.rf.58db074772c1c19fe21ba955fca0c1fa.jpg,4,clubbing,4,clubbing,0.9998399,True,5.8254345e-06,1.8470426e-09,3.79721e-08,0.00015425625,0.9998399,2.3535717e-08
C:\Users\venka\Documents\Project\data\processed\test\clubbing\Screen-Shot-2021-11-22-at-10-08-58-AM_png.rf.891a59a684e4aa130584feb57c36844f.jpg,4,clubbing,4,clubbing,0.9985663,True,1.2441918e-08,8.8415e-07,0.0014278287,4.8169873e-06,0.9985663,1.3632202e-07
C:\Users\venka\Documents\Project\data\processed\test\clubbing\Screen-Shot-2021-11-22-at-10-09-14-AM_png.rf.b34027fd03440771ddfa1bb721b55345.jpg,4,clubbing,4,clubbing,0.9999995,True,9.6959724e-08,5.8138756e-08,6.8195587e-09,1.6801466e-10,0.9999995,3.5335367e-07
C:\Users\venka\Documents\Project\data\processed\test\clubbing\Screen-Shot-2021-11-22-at-10-09-18-AM_png.rf.f026b272b907c1bd3c1cae540e63cf77.jpg,4,clubbing,4,clubbing,0.9998529,True,4.4231734e-09,1.7288102e-06,0.00014474275,3.0972603e-07,0.9998529,3.2782953e-07
C:\Users\venka\Documents\Project\data\processed\test\clubbing\Screen-Shot-2021-11-22-at-10-14-30-PM_png.rf.6264f590e12ffb013d85062089029f3d.jpg,4,clubbing,4,clubbing,0.99999976,True,4.7868687e-10,1.1184926e-08,5.613385e-09,8.554107e-08,0.99999976,1.0866146e-07
C:\Users\venka\Documents\Project\data\processed\test\clubbing\Screen-Shot-2021-11-22-at-10-15-44-PM_png.rf.59970395942ab249a252978800d02709.jpg,4,clubbing,4,clubbing,0.99999666,True,1.8535971e-07,1.559123e-06,1.3424142e-09,6.4218585e-07,0.99999666,9.3863065e-07
C:\Users\venka\Documents\Project\data\processed\test\clubbing\Screen-Shot-2021-11-22-at-4-55-22-PM_png.rf.c32c1d79a3ca22a518b487956deb4a70.jpg,4,clubbing,4,clubbing,0.98527724,True,7.051315e-07,5.6826077e-05,1.8572471e-09,0.014604224,0.98527724,6.1029692e-05
C:\Users\venka\Documents\Project\data\processed\test\clubbing\Screen-Shot-2021-11-22-at-4-55-25-PM_png.rf.c60c3ccf8f66f9161f6360b0b75bff71.jpg,4,clubbing,4,clubbing,0.9999969,True,1.3333333e-08,6.7541635e-07,2.2150559e-07,2.0167556e-06,0.9999969,1.7175329e-07
C:\Users\venka\Documents\Project\data\processed\test\clubbing\Screen-Shot-2021-11-22-at-5-01-12-PM_png.rf.f3dd030bb4700f6fc1d50126ef72d710.jpg,4,clubbing,4,clubbing,0.98201466,True,1.7039687e-08,5.867694e-06,1.7411179e-06,0.017977575,0.98201466,1.4436391e-07
C:\Users\venka\Documents\Project\data\processed\test\clubbing\Screen-Shot-2021-11-22-at-8-05-33-AM_png.rf.d9d0293f6039183897c66c2c1bd13d58.jpg,4,clubbing,3,blue_finger,0.9837008,False,4.777301e-05,0.00034692968,1.4434828e-06,0.9837008,0.015862815,4.0309904e-05
C:\Users\venka\Documents\Project\data\processed\test\clubbing\Screen-Shot-2021-11-22-at-8-07-54-AM_png.rf.e96b06941e97472672758cd4c6805ea5.jpg,4,clubbing,4,clubbing,0.99998045,True,1.8875658e-05,8.735167e-09,8.3384194e-08,9.8976244e-08,0.99998045,4.299594e-07
C:\Users\venka\Documents\Project\data\processed\test\clubbing\Screen-Shot-2021-11-22-at-8-13-50-AM_png.rf.bc822cb53b1ef5353230a7d662c58461.jpg,4,clubbing,4,clubbing,0.9998754,True,1.2996328e-07,3.3792378e-05,5.1207894e-06,8.0711245e-05,0.9998754,4.8103893e-06
C:\Users\venka\Documents\Project\data\processed\test\clubbing\Screen-Shot-2021-11-22-at-8-13-50-AM_png.rf.f0a8f1e1c14da7c8d26cbd4bbaa5d06f.jpg,4,clubbing,4,clubbing,0.9998084,True,1.7658833e-06,1.6381426e-05,2.8209613e-06,0.00016833619,0.9998084,2.2314427e-06
C:\Users\venka\Documents\Project\data\processed\test\clubbing\Screen-Shot-2021-11-22-at-8-17-06-AM_png.rf.43dd941178ffd7250648e78678a01c97.jpg,4,clubbing,4,clubbing,0.9999974,True,1.0442727e-08,1.3440042e-06,6.8547155e-07,1.9773048e-09,0.9999974,5.6206625e-07
C:\Users\venka\Documents\Project\data\processed\test\clubbing\Screen-Shot-2021-11-22-at-8-17-11-AM_png.rf.ba1dfc85d4eba51c26ea6a0391e8a164.jpg,4,clubbing,4,clubbing,0.9999902,True,5.5458867e-11,6.2005856e-06,3.1413836e-06,6.970188e-08,0.9999902,4.3982928e-07
C:\Users\venka\Documents\Project\data\processed\test\clubbing\Screen-Shot-2021-11-22-at-8-17-57-AM_png.rf.9b4e7008be1b4109042bf228911dae0f.jpg,4,clubbing,4,clubbing,0.99834025,True,1.461791e-10,4.2261294e-07,0.0016588746,2.8511658e-07,0.99834025,1.0300607e-07
C:\Users\venka\Documents\Project\data\processed\test\clubbing\Screen-Shot-2021-11-22-at-8-20-33-AM_png.rf.9db53c5bca070888b82ee3ce77d36402.jpg,4,clubbing,4,clubbing,0.9324154,True,3.677682e-05,0.0004493445,0.006513097,0.0004845089,0.9324154,0.060100805
C:\Users\venka\Documents\Project\data\processed\test\clubbing\Screen-Shot-2021-11-22-at-8-20-33-AM_png.rf.b7160c4cb2cbf61432d59885aa2ef685.jpg,4,clubbing,4,clubbing,0.96646154,True,0.001458793,1.47870005e-05,0.014744651,1.1084873e-05,0.96646154,0.017309112
C:\Users\venka\Documents\Project\data\processed\test\clubbing\Screen-Shot-2021-11-22-at-8-22-42-AM_png.rf.e80ff2bfd285183499834eb56c2bb7aa.jpg,4,clubbing,4,clubbing,0.9999982,True,1.767071e-10,4.9939093e-08,1.621064e-06,1.277303e-08,0.9999982,5.988144e-08
C:\Users\venka\Documents\Project\data\processed\test\clubbing\Screen-Shot-2021-11-22-at-8-23-26-AM_png.rf.05e4a199e9fb81db9530318ae77ede87.jpg,4,clubbing,4,clubbing,0.99999976,True,4.6918225e-09,2.794348e-08,8.911224e-10,1.401804e-07,0.99999976,9.275694e-08
C:\Users\venka\Documents\Project\data\processed\test\clubbing\Screen-Shot-2021-11-22-at-8-24-20-AM_png.rf.6244638f2ee4017f89bd4af7761fc93b.jpg,4,clubbing,4,clubbing,0.9999863,True,5.9629183e-06,1.8875902e-06,2.8974684e-06,1.5243185e-06,0.9999863,1.5224487e-06
C:\Users\venka\Documents\Project\data\processed\test\clubbing\Screen-Shot-2021-11-22-at-8-24-28-AM_png.rf.646ce5615bd3fa4ca32501f3459b98f4.jpg,4,clubbing,4,clubbing,0.998662,True,0.0013195185,5.6710664e-06,5.531814e-06,7.2278413e-06,0.998662,1.010415e-07
C:\Users\venka\Documents\Project\data\processed\test\clubbing\Screen-Shot-2021-11-22-at-8-26-00-AM_png.rf.4267e7cc1df3c74e5a03e3f94363f120.jpg,4,clubbing,4,clubbing,0.99993324,True,1.0030434e-05,3.937232e-07,5.347226e-05,1.1786389e-07,0.99993324,2.686164e-06
C:\Users\venka\Documents\Project\data\processed\test\clubbing\Screen-Shot-2021-11-22-at-8-28-12-AM_png.rf.4abdff903c407e7b25027fb3c800c0ef.jpg,4,clubbing,4,clubbing,0.98797476,True,0.011016243,0.000101300226,2.1884678e-05,2.8106728e-05,0.98797476,0.0008576399
C:\Users\venka\Documents\Project\data\processed\test\clubbing\Screen-Shot-2021-11-22-at-8-28-22-AM_png.rf.71818e1225bab4d82ebb3c2fffde4bd4.jpg,4,clubbing,4,clubbing,0.9998777,True,1.5151386e-06,4.6299747e-06,4.41968e-06,3.5395482e-05,0.9998777,7.631561e-05
C:\Users\venka\Documents\Project\data\processed\test\clubbing\Screen-Shot-2021-11-22-at-8-28-22-AM_png.rf.ef9bef5c9f26b0daac69bbf74ea5fcb2.jpg,4,clubbing,4,clubbing,0.9999901,True,6.7837607e-07,4.9341875e-06,9.479753e-08,9.923746e-07,0.9999901,3.178204e-06
C:\Users\venka\Documents\Project\data\processed\test\clubbing\Screen-Shot-2021-11-22-at-8-30-42-AM_png.rf.b7a30351aa88c649ee5d3bc45091151b.jpg,4,clubbing,4,clubbing,0.93268937,True,3.375806e-05,0.00017651408,3.3367884e-05,0.020849058,0.93268937,0.046217952
C:\Users\venka\Documents\Project\data\processed\test\clubbing\Screen-Shot-2021-11-22-at-8-30-46-AM_png.rf.cab2f9119a8d7ba60ab7aa77b752cd52.jpg,4,clubbing,4,clubbing,0.9997069,True,4.918245e-07,6.4019287e-06,1.6554426e-05,0.00023694707,0.9997069,3.2717522e-05
C:\Users\venka\Documents\Project\data\processed\test\clubbing\Screen-Shot-2021-11-22-at-8-35-57-AM_png.rf.01ad598806819c2301ec5e6ab4eb41e3.jpg,4,clubbing,4,clubbing,0.9999132,True,2.493195e-07,1.3226013e-07,4.3665827e-06,8.186059e-05,0.9999132,7.7336466e-08
C:\Users\venka\Documents\Project\data\processed\test\clubbing\Screen-Shot-2021-11-22-at-8-35-57-AM_png.rf.351680c7a59b4ac1813c3745d5e4f262.jpg,4,clubbing,4,clubbing,0.99999714,True,9.8676995e-09,7.370327e-08,2.419327e-06,1.3691435e-07,0.99999714,2.6998538e-07
C:\Users\venka\Documents\Project\data\processed\test\clubbing\Screen-Shot-2021-11-22-at-8-36-52-AM_png.rf.3be64201c01c27b2b3a9edcbea8b209e.jpg,4,clubbing,4,clubbing,0.99999607,True,1.7752239e-08,8.3937414e-07,1.9499234e-06,8.210012e-07,0.99999607,3.5338786e-07
C:\Users\venka\Documents\Project\data\processed\test\clubbing\Screen-Shot-2021-11-22-at-8-36-52-AM_png.rf.f86f0b2533b3d4166fa3acc0fefb05bc.jpg,4,clubbing,4,clubbing,0.99924123,True,4.1913318e-06,1.6168004e-05,0.00058051816,4.813311e-06,0.99924123,0.0001531713
C:\Users\venka\Documents\Project\data\processed\test\clubbing\Screen-Shot-2021-11-22-at-8-40-06-AM_png.rf.d95ab12cabe0c32e56cf72b9cd9fe779.jpg,4,clubbing,4,clubbing,0.99998844,True,1.0510089e-05,3.05641e-07,2.7657046e-08,8.0462385e-08,0.99998844,6.3800337e-07
C:\Users\venka\Documents\Project\data\processed\test\clubbing\Screen-Shot-2021-11-22-at-8-44-44-AM_png.rf.f111cda1cf4b4f51d5edae527d5b45b8.jpg,4,clubbing,4,clubbing,0.99999344,True,5.4894434e-07,2.226009e-07,8.1200885e-10,5.4771945e-06,0.99999344,2.4658152e-07
C:\Users\venka\Documents\Project\data\processed\test\clubbing\Screen-Shot-2021-11-22-at-8-44-48-AM_png.rf.4dd1941561265e606fde5de0776d637d.jpg,4,clubbing,4,clubbing,0.999966,True,4.928277e-09,4.1624817e-06,1.7775611e-06,2.6419502e-05,0.999966,1.6509889e-06
C:\Users\venka\Documents\Project\data\processed\test\clubbing\Screen-Shot-2021-11-22-at-8-44-54-AM_png.rf.1958a178c3e962063d9721f589e78484.jpg,4,clubbing,4,clubbing,0.99998724,True,2.907483e-08,1.9206626e-08,3.1270284e-07,1.0546227e-06,0.99998724,1.1376528e-05
C:\Users\venka\Documents\Project\data\processed\test\clubbing\Screen-Shot-2021-11-22-at-8-45-05-AM_png.rf.46b44e46fb9edc4f9c966c107c72045d.jpg,4,clubbing,4,clubbing,0.9981323,True,6.6967914e-05,2.5592994e-05,0.0013527775,0.00040320397,0.9981323,1.919049e-05
C:\Users\venka\Documents\Project\data\processed\test\clubbing\Screen-Shot-2021-11-22-at-8-45-38-AM_png.rf.d6e8d529d948d5c45e1c4b2b540d1628.jpg,4,clubbing,4,clubbing,0.9992798,True,0.0007056158,1.8374868e-06,8.097411e-06,3.3827057e-06,0.9992798,1.2974083e-06
C:\Users\venka\Documents\Project\data\processed\test\clubbing\Screen-Shot-2021-11-22-at-8-46-56-AM_png.rf.6b360725b3b913902827498fa401433e.jpg,4,clubbing,4,clubbing,0.9999949,True,6.3663225e-10,8.911342e-08,7.312458e-10,5.0938847e-06,0.9999949,1.5535105e-09
C:\Users\venka\Documents\Project\data\processed\test\clubbing\Screen-Shot-2021-11-22-at-8-59-55-AM_png.rf.b6dfb68ee47bf0f2b704662d42520539.jpg,4,clubbing,4,clubbing,0.9997856,True,0.0001852297,3.88479e-06,3.5639167e-07,7.448173e-06,0.9997856,1.7453229e-05
C:\Users\venka\Documents\Project\data\processed\test\clubbing\Screen-Shot-2021-11-22-at-9-00-08-AM_png.rf.4b9a26de9e1704a230905ec0e1db3a91.jpg,4,clubbing,4,clubbing,0.9997737,True,1.4163755e-06,9.614815e-06,0.0001510464,4.3116796e-07,0.9997737,6.383861e-05
C:\Users\venka\Documents\Project\data\processed\test\clubbing\Screen-Shot-2021-11-22-at-9-00-17-AM_png.rf.ecc8dc4624dfa721a8e63b13f0b56adb.jpg,4,clubbing,4,clubbing,0.9995833,True,5.278657e-07,3.4945087e-06,8.280492e-05,0.00032753168,0.9995833,2.3808082e-06
C:\Users\venka\Documents\Project\data\processed\test\clubbing\Screen-Shot-2021-11-22-at-9-02-53-AM_png.rf.df8b88d5cdf9f8ee491d57490a1b97fc.jpg,4,clubbing,4,clubbing,0.999801,True,1.0921894e-06,0.0001181077,6.8634386e-06,3.555332e-05,0.999801,3.7358117e-05
C:\Users\venka\Documents\Project\data\processed\test\clubbing\Screen-Shot-2021-11-22-at-9-03-22-AM_png.rf.2fd6ae5ef8d0f22b5bdea06fdb6aa329.jpg,4,clubbing,4,clubbing,0.9997377,True,5.858555e-08,4.9394268e-05,6.311604e-06,0.00012336214,0.9997377,8.321546e-05
C:\Users\venka\Documents\Project\data\processed\test\clubbing\Screen-Shot-2021-11-22-at-9-07-23-AM_png.rf.aa52a8f565a0ec4fa48ba004d7094298.jpg,4,clubbing,4,clubbing,0.9999565,True,9.0941364e-07,8.4701543e-07,2.3464845e-07,3.8759743e-05,0.9999565,2.6547436e-06
C:\Users\venka\Documents\Project\data\processed\test\clubbing\Screen-Shot-2021-11-22-at-9-07-23-AM_png.rf.db6bca37bd7bfda7b5d6da71d40ed410.jpg,4,clubbing,4,clubbing,0.99995553,True,1.8948873e-06,6.4405676e-06,2.65915e-06,1.2367405e-05,0.99995553,2.1168924e-05
C:\Users\venka\Documents\Project\data\processed\test\clubbing\Screen-Shot-2021-11-22-at-9-09-23-AM_png.rf.678a6ceb45cc8a27d6eb1a0ae004e656.jpg,4,clubbing,4,clubbing,0.80593187,True,4.3305976e-05,7.7942954e-05,0.00051087653,0.19343129,0.80593187,4.6691353e-06
C:\Users\venka\Documents\Project\data\processed\test\clubbing\Screen-Shot-2021-11-22-at-9-09-32-AM_png.rf.0df87e571cc956b4b9da457ff332ee0e.jpg,4,clubbing,4,clubbing,0.9913726,True,4.040701e-05,3.916897e-07,1.1190847e-07,0.008586555,0.9913726,8.383999e-09
C:\Users\venka\Documents\Project\data\processed\test\clubbing\Screen-Shot-2021-11-22-at-9-10-55-AM_png.rf.f8dd88bda4d055bdaf662c677c46a48b.jpg,4,clubbing,4,clubbing,0.9996817,True,4.9842587e-05,1.1367804e-05,8.215365e-05,3.2232947e-05,0.9996817,0.00014273734
C:\Users\venka\Documents\Project\data\processed\test\clubbing\Screen-Shot-2021-11-22-at-9-12-35-AM_png.rf.48e25c6114eea35771442885c3a4740f.jpg,4,clubbing,4,clubbing,0.9998629,True,7.246996e-08,3.9980685e-07,0.00012433056,1.2178487e-05,0.9998629,5.2903484e-08
C:\Users\venka\Documents\Project\data\processed\test\clubbing\Screen-Shot-2021-11-22-at-9-12-35-AM_png.rf.650fbda673c7c782077388543f291bed.jpg,4,clubbing,4,clubbing,0.9999993,True,9.564538e-10,3.056885e-08,4.5514536e-08,6.0403875e-07,0.9999993,4.127186e-08
C:\Users\venka\Documents\Project\data\processed\test\clubbing\Screen-Shot-2021-11-22-at-9-12-35-AM_png.rf.796c65436da4dbb24e906ce9c038e2c8.jpg,4,clubbing,4,clubbing,0.9999925,True,1.0459066e-07,2.3020142e-07,6.2386553e-06,2.3083368e-07,0.9999925,6.9505927e-07
C:\Users\venka\Documents\Project\data\processed\test\clubbing\Screen-Shot-2021-11-22-at-9-12-51-AM_png.rf.0a54eac2bc2ca91fd855075b1596320b.jpg,4,clubbing,4,clubbing,0.99999774,True,8.145242e-09,9.010718e-07,1.2487542e-08,1.1682663e-06,0.99999774,1.8121254e-07
C:\Users\venka\Documents\Project\data\processed\test\clubbing\Screen-Shot-2021-11-22-at-9-12-51-AM_png.rf.49f7c3abaceded834ab9337a3a63edc0.jpg,4,clubbing,4,clubbing,0.99976224,True,7.902314e-09,1.5922313e-07,4.3637297e-06,0.00023320194,0.99976224,4.5834227e-08
C:\Users\venka\Documents\Project\data\processed\test\clubbing\Screen-Shot-2021-11-22-at-9-13-27-AM_png.rf.d3e03b8c8717e761575477810bfe73f6.jpg,4,clubbing,4,clubbing,0.9999999,True,3.960499e-10,1.5508242e-09,5.584914e-09,1.2029679e-07,0.9999999,1.7773303e-09
C:\Users\venka\Documents\Project\data\processed\test\clubbing\Screen-Shot-2021-11-22-at-9-15-35-AM_png.rf.a97de4275841aadcb7fa2c7838b4db1b.jpg,4,clubbing,4,clubbing,0.999995,True,2.7390258e-06,1.0489184e-06,7.5810806e-07,1.4074622e-07,0.999995,3.8487588e-07
C:\Users\venka\Documents\Project\data\processed\test\clubbing\Screen-Shot-2021-11-22-at-9-23-26-AM_png.rf.9994386352d8c8eeff37bce1fb901387.jpg,4,clubbing,4,clubbing,0.99997854,True,1.2480706e-08,3.2515672e-07,2.1132175e-05,5.7378955e-08,0.99997854,8.731136e-09
C:\Users\venka\Documents\Project\data\processed\test\clubbing\Screen-Shot-2021-11-22-at-9-23-46-AM_png.rf.db710c6fd04556ba4801ad5a1eaab126.jpg,4,clubbing,4,clubbing,0.9954182,True,0.001959605,4.192963e-05,0.0024509723,2.3849263e-05,0.9954182,0.00010540897
C:\Users\venka\Documents\Project\data\processed\test\clubbing\Screen-Shot-2021-11-22-at-9-23-46-AM_png.rf.fec46fe89aeb12d01fc837392dd42933.jpg,4,clubbing,4,clubbing,0.9995714,True,2.2199682e-05,2.3485525e-06,1.2712959e-05,3.0526746e-05,0.9995714,0.00036086838
C:\Users\venka\Documents\Project\data\processed\test\clubbing\Screen-Shot-2021-11-22-at-9-24-05-AM_png.rf.f2995c3f305ac8dd90a1248dbe331508.jpg,4,clubbing,4,clubbing,0.9999856,True,1.3143081e-06,5.712686e-07,3.2033545e-06,7.124834e-06,0.9999856,2.142295e-06
C:\Users\venka\Documents\Project\data\processed\test\clubbing\Screen-Shot-2021-11-22-at-9-24-37-AM_png.rf.4d09dea1023fdc0d357582f4d4b785f3.jpg,4,clubbing,4,clubbing,0.9999999,True,5.3325686e-09,6.7280888e-09,7.58537e-09,1.0398138e-07,0.9999999,1.2993732e-09
C:\Users\venka\Documents\Project\data\processed\test\clubbing\Screen-Shot-2021-11-22-at-9-24-45-AM_png.rf.0cf23ca344639d3e905649630b60fee6.jpg,4,clubbing,4,clubbing,0.82753336,True,0.0023492032,5.28849e-05,2.2269196e-06,0.17004497,0.82753336,1.7306482e-05
C:\Users\venka\Documents\Project\data\processed\test\clubbing\Screen-Shot-2021-11-22-at-9-24-45-AM_png.rf.672d00f519f7e509a26493303645a3b4.jpg,4,clubbing,4,clubbing,0.9970804,True,5.5095543e-06,2.701441e-05,2.835467e-06,0.0028790855,0.9970804,5.2098976e-06
C:\Users\venka\Documents\Project\data\processed\test\clubbing\Screen-Shot-2021-11-22-at-9-24-45-AM_png.rf.6cf4fc8c4311a3643dedf28f15453e70.jpg,4,clubbing,4,clubbing,0.8423166,True,0.0051002842,0.00010120936,0.001221734,0.14849243,0.8423166,0.002767681
C:\Users\venka\Documents\Project\data\processed\test\clubbing\Screen-Shot-2021-11-22-at-9-27-45-AM_png.rf.5046c5a89ab861f4d84232b901ea8cd9.jpg,4,clubbing,4,clubbing,0.9999987,True,2.1979017e-07,2.3054692e-07,1.6965517e-07,5.29929e-07,0.9999987,2.0524497e-07
C:\Users\venka\Documents\Project\data\processed\test\clubbing\Screen-Shot-2021-11-22-at-9-27-51-AM_png.rf.8e6a92146227390b94e99e61bd10c86c.jpg,4,clubbing,4,clubbing,0.99726415,True,0.0017887721,7.955846e-06,3.8899238e-05,3.7967761e-06,0.99726415,0.0008964846
C:\Users\venka\Documents\Project\data\processed\test\clubbing\Screen-Shot-2021-11-22-at-9-31-39-AM_png.rf.555324671795713ce6d995bdeea74e73.jpg,4,clubbing,4,clubbing,0.99998915,True,1.2486423e-06,5.2581136e-06,1.2007972e-06,1.8669947e-06,0.99998915,1.3280982e-06
C:\Users\venka\Documents\Project\data\processed\test\clubbing\Screen-Shot-2021-11-22-at-9-32-29-AM_png.rf.765965c76a4b654e86b8a484d703fd25.jpg,4,clubbing,4,clubbing,0.9930385,True,0.000116106916,0.005460126,2.8518287e-05,0.0006737065,0.9930385,0.0006830122
C:\Users\venka\Documents\Project\data\processed\test\clubbing\Screen-Shot-2021-11-22-at-9-32-29-AM_png.rf.cd375c15ccba6d1a6ff951941def24da.jpg,4,clubbing,4,clubbing,0.9996164,True,6.762136e-07,6.5518754e-05,2.485929e-07,6.029622e-07,0.9996164,0.0003165249
C:\Users\venka\Documents\Project\data\processed\test\clubbing\Screen-Shot-2021-11-22-at-9-34-36-AM_png.rf.45f9e092dc84cf51593207ab2e7c43ae.jpg,4,clubbing,4,clubbing,0.999961,True,1.6451322e-08,6.1781657e-07,3.9047188e-07,3.741655e-05,0.999961,5.8244933e-07
C:\Users\venka\Documents\Project\data\processed\test\clubbing\Screen-Shot-2021-11-22-at-9-37-40-AM_png.rf.b684d83c144a38eb2c052ab08fe85089.jpg,4,clubbing,4,clubbing,0.99993265,True,6.467132e-08,1.9533462e-07,2.556493e-07,1.8973121e-06,0.99993265,6.493469e-05
C:\Users\venka\Documents\Project\data\processed\test\clubbing\Screen-Shot-2021-11-22-at-9-37-40-AM_png.rf.ca50435bef56ddeb8e5bfe7266077ce9.jpg,4,clubbing,4,clubbing,0.99995065,True,1.8204419e-06,6.0105326e-06,2.0158268e-05,9.2892736e-07,0.99995065,2.0503814e-05
C:\Users\venka\Documents\Project\data\processed\test\clubbing\Screen-Shot-2021-11-22-at-9-40-07-AM_png.rf.9dc1009f07d7125bb0806fe5f9ba47cc.jpg,4,clubbing,4,clubbing,0.99998844,True,4.927145e-06,6.787516e-07,1.9948276e-07,2.8778877e-07,0.99998844,5.487064e-06
C:\Users\venka\Documents\Project\data\processed\test\clubbing\Screen-Shot-2021-11-22-at-9-43-45-AM_png.rf.56fee80d27742f442483f6b027ee264e.jpg,4,clubbing,4,clubbing,0.99995124,True,1.6615813e-07,1.3097741e-07,2.3869498e-07,4.3183758e-05,0.99995124,5.068146e-06
C:\Users\venka\Documents\Project\data\processed\test\clubbing\Screen-Shot-2021-11-22-at-9-44-03-AM_png.rf.9401cc63fb535352ac86210116e80ab8.jpg,4,clubbing,4,clubbing,0.9999809,True,5.0911586e-09,8.765515e-09,3.2646434e-09,2.9192884e-07,0.9999809,1.876199e-05
C:\Users\venka\Documents\Project\data\processed\test\clubbing\Screen-Shot-2021-11-22-at-9-44-21-AM_png.rf.50b585f50a7a4210279659b499d803d4.jpg,4,clubbing,4,clubbing,0.9994541,True,2.3024342e-07,7.47405e-07,5.040137e-07,1.6263765e-07,0.9994541,0.00054424297
C:\Users\venka\Documents\Project\data\processed\test\clubbing\Screen-Shot-2021-11-22-at-9-44-40-AM_png.rf.b86d00c09dce9b97af3940e831451e54.jpg,4,clubbing,4,clubbing,0.9997192,True,3.91474e-05,4.3915e-06,3.525381e-07,8.3422736e-07,0.9997192,0.00023613404
C:\Users\venka\Documents\Project\data\processed\test\clubbing\Screen-Shot-2021-11-22-at-9-46-12-AM_png.rf.46e1daca426e6e5f8f6c27e540bb28e1.jpg,4,clubbing,4,clubbing,0.997445,True,1.4204495e-06,5.444114e-05,1.8560915e-05,0.0024689506,0.997445,1.1687436e-05
C:\Users\venka\Documents\Project\data\processed\test\clubbing\Screen-Shot-2021-11-22-at-9-46-26-AM_png.rf.d3740348b45a14f9b95d15cb5e006885.jpg,4,clubbing,4,clubbing,0.99864656,True,0.00092381367,8.938143e-05,0.00015362025,4.0906427e-05,0.99864656,0.00014579343
C:\Users\venka\Documents\Project\data\processed\test\clubbing\Screen-Shot-2021-11-22-at-9-47-47-AM_png.rf.02c095bdea32f613b07cdb6a4b520e8f.jpg,4,clubbing,4,clubbing,0.8084652,True,0.00015089633,0.045753118,4.814184e-06,0.10087127,0.8084652,0.04475472
C:\Users\venka\Documents\Project\data\processed\test\clubbing\Screen-Shot-2021-11-22-at-9-47-47-AM_png.rf.8fe4165935f688aa623924e02bc3e742.jpg,4,clubbing,4,clubbing,0.52246064,True,8.633882e-06,0.0007004265,1.4909962e-05,0.37761497,0.52246064,0.09920048
C:\Users\venka\Documents\Project\data\processed\test\clubbing\Screen-Shot-2021-11-22-at-9-51-13-AM_png.rf.13f4b161a98ed0705b4e56c958779034.jpg,4,clubbing,4,clubbing,0.99998605,True,9.9613715e-08,4.731753e-06,3.2697062e-06,1.9735173e-06,0.99998605,3.8788307e-06
C:\Users\venka\Documents\Project\data\processed\test\clubbing\Screen-Shot-2021-11-22-at-9-51-13-AM_png.rf.807c98d7e07ed9d1a1d7b28df5ff54d7.jpg,4,clubbing,4,clubbing,0.9999933,True,1.01291215e-08,1.155297e-06,3.9792628e-08,2.0426499e-07,0.9999933,5.3156487e-06
C:\Users\venka\Documents\Project\data\processed\test\clubbing\Screen-Shot-2021-11-22-at-9-51-19-AM_png.rf.3582c1a69fb0c9d647ae4e0ae48801c7.jpg,4,clubbing,4,clubbing,0.99998987,True,3.9460236e-08,3.3933745e-06,4.0096117e-07,2.1665319e-06,0.99998987,4.2276115e-06
C:\Users\venka\Documents\Project\data\processed\test\clubbing\Screen-Shot-2021-11-22-at-9-54-00-AM_png.rf.a1cb3285513e08923efd4ae8701c77ba.jpg,4,clubbing,4,clubbing,0.99998677,True,1.08931e-08,5.358163e-08,7.478976e-09,1.1451937e-05,0.99998677,1.7270592e-06
C:\Users\venka\Documents\Project\data\processed\test\clubbing\Screen-Shot-2021-11-22-at-9-54-05-AM_png.rf.042afb5867566686adb519a5eb0cc372.jpg,4,clubbing,4,clubbing,0.9991043,True,0.0001422818,5.4943553e-06,7.842541e-06,0.00073980266,0.9991043,1.3900937e-07
C:\Users\venka\Documents\Project\data\processed\test\clubbing\Screen-Shot-2021-11-22-at-9-56-30-AM_png.rf.10eeab93960298c89432e2b5f9c7706b.jpg,4,clubbing,4,clubbing,0.99935967,True,3.331576e-08,3.8442522e-07,7.5018676e-08,0.0006397472,0.99935967,7.42613e-08
C:\Users\venka\Documents\Project\data\processed\test\pitting\108_JPG.rf.40d1720769393f88f2f33a1551a3e2f1.jpg,5,pitting,5,pitting,0.9995772,True,2.0180748e-06,5.4635882e-05,0.00026803082,9.793503e-05,9.528834e-08,0.9995772
C:\Users\venka\Documents\Project\data\processed\test\pitting\108_JPG.rf.8dab79a581652b65c98389790e2f67e5.jpg,5,pitting,5,pitting,0.9999331,True,1.2563086e-06,5.203144e-06,5.565853e-05,4.6683003e-06,7.193875e-08,0.9999331
C:\Users\venka\Documents\Project\data\processed\test\pitting\116_JPG.rf.09b6228a6798c4faafb6a84c783ccfa9.jpg,5,pitting,5,pitting,0.99998915,True,9.684099e-08,7.489546e-06,1.2201934e-06,7.9446835e-07,1.1734429e-06,0.99998915
C:\Users\venka\Documents\Project\data\processed\test\pitting\119_jpg.rf.8b99f606c9d97456821251f39b0de1a6.jpg,5,pitting,5,pitting,0.9998863,True,3.9429198e-09,4.004674e-06,6.2713966e-06,7.595149e-05,2.7473725e-05,0.9998863
C:\Users\venka\Documents\Project\data\processed\test\pitting\11_png.rf.3acafe927a60a1c1c05ac7b115c19b5b.jpg,5,pitting,5,pitting,0.9997085,True,0.00024940507,3.895771e-05,1.5348659e-06,1.5898253e-06,9.673629e-08,0.9997085
C:\Users\venka\Documents\Project\data\processed\test\pitting\124_JPG.rf.50d57fdbe05ba48917dd86dbd38e35e2.jpg,5,pitting,5,pitting,0.9981864,True,6.1798566e-08,2.3308096e-06,0.0017716036,1.1146287e-05,2.8313383e-05,0.9981864
C:\Users\venka\Documents\Project\data\processed\test\pitting\124_JPG.rf.9dfea669f5725b6bf16266aa68de98f0.jpg,5,pitting,5,pitting,0.99912673,True,1.1118931e-07,5.0055473e-06,0.0008627244,5.10698e-06,3.5773766e-07,0.99912673
C:\Users\venka\Documents\Project\data\processed\test\pitting\126_JPG.rf.8e3c38017672c29a316b3884721fa786.jpg,5,pitting,5,pitting,0.99991775,True,1.4143634e-11,5.8636015e-08,7.7649405e-05,2.5506408e-06,2.1539124e-06,0.99991775
C:\Users\venka\Documents\Project\data\processed\test\pitting\127_JPG.rf.8e4b2d61de934f2ca8bc127a5e889c93.jpg,5,pitting,5,pitting,0.9999454,True,6.7402834e-09,2.4199564e-06,4.3138616e-06,3.2785927e-05,1.5070777e-05,0.9999454
C:\Users\venka\Documents\Project\data\processed\test\pitting\133_JPG.rf.926bfbd8694399db8bca576b390f7024.jpg,5,pitting,5,pitting,0.99999964,True,2.171117e-07,4.580954e-08,1.0352304e-07,1.3419061e-09,3.8081946e-09,0.99999964
C:\Users\venka\Documents\Project\data\processed\test\pitting\135_JPG.rf.9df3f55d65600846feee4b283eac6d5a.jpg,5,pitting,5,pitting,0.9998919,True,1.1559827e-05,5.7131754e-05,5.670999e-06,2.0973816e-06,3.165694e-05,0.9998919
C:\Users\venka\Documents\Project\data\processed\test\pitting\138_JPG.rf.343a765ce45a0f4c3cbb51d639cdaf96.jpg,5,pitting,5,pitting,0.9999932,True,1.843542e-07,3.2057749e-06,1.2822886e-06,3.0040903e-07,1.703315e-06,0.9999932
C:\Users\venka\Documents\Project\data\processed\test\pitting\139_jpg.rf.cfbb2c717214ef727d1e9df7e8d4f195.jpg,5,pitting,5,pitting,0.9999666,True,6.4579713e-06,7.5981316e-06,3.0891737e-08,1.9135945e-05,2.0940545e-08,0.9999666
C:\Users\venka\Documents\Project\data\processed\test\pitting\149_JPG.rf.6115fa9ab7322a035bda51469282c880.jpg,5,pitting,5,pitting,0.9999676,True,6.105865e-06,1.6878555e-05,7.2904577e-06,3.2846708e-07,1.7753039e-06,0.9999676
C:\Users\venka\Documents\Project\data\processed\test\pitting\151_JPG.rf.8ee44e6dc45b3f372ad4bddc343c8ce3.jpg,5,pitting,5,pitting,0.9999646,True,1.2790716e-06,1.0054217e-06,9.362431e-07,3.0800675e-05,1.4222203e-06,0.9999646
C:\Users\venka\Documents\Project\data\processed\test\pitting\159_JPG.rf.75e8e7071a4ef28cf220571b9574f13a.jpg,5,pitting,5,pitting,0.9999498,True,8.977243e-06,2.3196297e-05,2.6228142e-06,1.5402542e-05,1.1579393e-08,0.9999498
C:\Users\venka\Documents\Project\data\processed\test\pitting\160_JPG.rf.5e215e7d14e1e139300f032cb107c6d6.jpg,5,pitting,5,pitting,0.9999064,True,7.942799e-05,5.5964124e-06,1.2465296e-06,6.9636985e-06,4.0588245e-07,0.9999064
C:\Users\venka\Documents\Project\data\processed\test\pitting\164_JPG.rf.23a3a9830c0cd70cdf0d2dd57716bf17.jpg,5,pitting,5,pitting,0.9992262,True,8.117814e-08,4.2684555e-06,0.000768169,9.828764e-07,2.9688803e-07,0.9992262
C:\Users\venka\Documents\Project\data\processed\test\pitting\166_jpg.rf.55c1aace0868bfab89bcd082d40663c0.jpg,5,pitting,5,pitting,0.99521977,True,0.00047799665,9.445406e-06,0.004280211,1.2125192e-05,4.7576654e-07,0.99521977
C:\Users\venka\Documents\Project\data\processed\test\pitting\167_jpg.rf.b56f36ab013137008e4ac4215924918c.jpg,5,pitting,5,pitting,0.99999666,True,3.0293445e-06,4.1747104e-08,2.439451e-07,2.0697636e-08,5.1024504e-08,0.99999666
C:\Users\venka\Documents\Project\data\processed\test\pitting\170_jpg.rf.787c50c3da5159db6f777eed1e32bc61.jpg,5,pitting,5,pitting,0.9999871,True,5.5406895e-07,1.0603432e-07,4.5423465e-07,2.2277897e-07,1.1561347e-05,0.9999871
C:\Users\venka\Documents\Project\data\processed\test\pitting\175_jpg.rf.7eabce046b102ba4fcbd9a9146e2dca0.jpg,5,pitting,5,pitting,0.9999405,True,9.793777e-06,1.39560525e-05,1.6685774e-05,3.1688458e-08,1.90765e-05,0.9999405
C:\Users\venka\Documents\Project\data\processed\test\pitting\176_JPG.rf.3242ec8727ad2be42d4273ab9aba9fd2.jpg,5,pitting,5,pitting,0.9493534,True,9.8110824e-05,0.00084616675,0.00052177324,0.0010493887,0.048131093,0.9493534
C:\Users\venka\Documents\Project\data\processed\test\pitting\17_JPG.rf.98f366aa36c6c64c3c6eda6df2a01839.jpg,5,pitting,5,pitting,0.9996232,True,0.0003429132,1.8673858e-05,1.0966494e-07,1.4928448e-05,1.5205009e-07,0.9996232
C:\Users\venka\Documents\Project\data\processed\test\pitting\182_JPG.rf.4865053aad8d4ec521a348c4ff477824.jpg,5,pitting,5,pitting,0.9999647,True,2.8723313e-10,4.0993518e-07,3.929793e-07,2.1282172e-07,3.4294546e-05,0.9999647
C:\Users\venka\Documents\Project\data\processed\test\pitting\187_JPG.rf.8c80a5b2ad3a343cb7335b03a14049ea.jpg,5,pitting,5,pitting,0.9999989,True,8.936139e-09,1.0062936e-08,7.779331e-08,2.3847924e-09,1.0042852e-06,0.9999989
C:\Users\venka\Documents\Project\data\processed\test\pitting\191_JPG.rf.2e550da841289c1e9987dd8aaae4bf63.jpg,5,pitting,5,pitting,0.9999845,True,1.7613347e-08,3.7604433e-08,2.6012518e-07,5.3216706e-07,1.4686047e-05,0.9999845
C:\Users\venka\Documents\Project\data\processed\test\pitting\193_JPG.rf.1050b067538579a53ee4deef44c9e4b7.jpg,5,pitting,5,pitting,0.99998605,True,3.3262017e-06,2.719937e-06,2.4434203e-07,7.4542154e-06,1.2875172e-07,0.99998605
C:\Users\venka\Documents\Project\data\processed\test\pitting\193_JPG.rf.744032144cc47f608f0069c3f6280a76.jpg,5,pitting,5,pitting,0.999997,True,2.0286565e-07,7.794812e-07,5.9085124e-07,9.1226235e-07,4.5063635e-07,0.999997
C:\Users\venka\Documents\Project\data\processed\test\pitting\194_JPG.rf.22303522aea827bb7a83402327be123a.jpg,5,pitting,5,pitting,0.99997735,True,3.1888349e-06,3.5686037e-07,1.7738201e-06,1.7318827e-05,8.062556e-08,0.99997735
C:\Users\venka\Documents\Project\data\processed\test\pitting\197_JPG.rf.48117710a88fe2b0cf96f5bc9332f162.jpg,5,pitting,5,pitting,0.9999851,True,8.578329e-07,1.0563362e-05,5.040858e-07,4.3421312e-07,2.5010318e-06,0.9999851
C:\Users\venka\Documents\Project\data\processed\test\pitting\204_JPG.rf.f04d4d025923aeb98c297f8ac9cef174.jpg,5,pitting,5,pitting,0.9997602,True,7.49256e-08,2.717197e-06,9.73635e-05,0.00013954702,2.5196265e-08,0.9997602
C:\Users\venka\Documents\Project\data\processed\test\pitting\206_JPG.rf.0ca72ae7568163d06c10e1c40adbd6c5.jpg,5,pitting,5,pitting,0.99983096,True,4.484299e-08,2.107876e-07,7.36319e-07,0.0001669583,1.0230542e-06,0.99983096
C:\Users\venka\Documents\Project\data\processed\test\pitting\209_JPG.rf.55565a335358f438ed25a37cc3bd83a0.jpg,5,pitting,5,pitting,0.9999608,True,5.4681845e-08,4.6912507e-07,3.8455488e-05,2.3211595e-07,2.4697753e-09,0.9999608
C:\Users\venka\Documents\Project\data\processed\test\pitting\210_JPG.rf.a60fa528afbbf6bf1b01e626d5e8c691.jpg,5,pitting,5,pitting,0.9999951,True,1.4773161e-06,1.763035e-07,1.6072355e-06,1.6130999e-06,9.006874e-10,0.9999951
C:\Users\venka\Documents\Project\data\processed\test\pitting\217_JPG.rf.5410f1eff5eda1ff303d0eb4537173c4.jpg,5,pitting,5,pitting,0.99931777,True,5.1806477e-08,6.7296296e-06,0.00037146063,4.043911e-06,0.0002999639,0.99931777
C:\Users\venka\Documents\Project\data\processed\test\pitting\21_JPG.rf.0d8da1c0a488e4f659d4a200c6b815c5.jpg,5,pitting,5,pitting,0.9999988,True,3.0615922e-08,1.7740264e-07,4.279234e-08,7.627788e-08,8.550856e-07,0.9999988
C:\Users\venka\Documents\Project\data\processed\test\pitting\220_JPG.rf.79cdc4c45e68afed0c6d3fce5ca4c877.jpg,5,pitting,5,pitting,0.9999294,True,6.456432e-06,3.7659781e-06,5.940447e-05,6.1972554e-07,2.8306832e-07,0.9999294
C:\Users\venka\Documents\Project\data\processed\test\pitting\223_JPG.rf.be844140328cb31f01a0bf604c9e78b2.jpg,5,pitting,5,pitting,0.999949,True,1.1559919e-06,2.4405786e-06,1.3398242e-05,3.336106e-05,7.5495643e-07,0.999949
C:\Users\venka\Documents\Project\data\processed\test\pitting\227_JPG.rf.6177403cabb6a7e7ced7c1ff66691e48.jpg,5,pitting,5,pitting,0.99999166,True,4.4635312e-06,7.3538325e-07,2.662357e-06,4.8844987e-07,3.212305e-09,0.99999166
C:\Users\venka\Documents\Project\data\processed\test\pitting\230_jpg.rf.25ab4a665db508eeaa05cb42a23a01b4.jpg,5,pitting,5,pitting,0.99999297,True,1.4496014e-08,4.527377e-06,8.7226914e-07,1.4972022e-06,9.5654904e-08,0.99999297
C:\Users\venka\Documents\Project\data\processed\test\pitting\235_JPG.rf.61804fcdecfc67c1160427a55bbcc005.jpg,5,pitting,5,pitting,0.9999988,True,1.3052395e-08,8.119454e-09,4.7625005e-11,3.8615715e-09,1.1671763e-06,0.9999988
C:\Users\venka\Documents\Project\data\processed\test\pitting\236_jpg.rf.175aa87e91db30ae9e729392ddb794ec.jpg,5,pitting,5,pitting,0.998365,True,0.00011860942,3.3144595e-06,0.0015120525,8.8145055e-07,1.5990572e-07,0.998365
C:\Users\venka\Documents\Project\data\processed\test\pitting\238_JPG.rf.4d8483d735627e4e5876bf8a49011a54.jpg,5,pitting,5,pitting,0.9999908,True,1.9001297e-08,8.5948784e-07,4.64481e-06,3.701411e-06,8.781665e-09,0.9999908
C:\Users\venka\Documents\Project\data\processed\test\pitting\238_JPG.rf.adc3d140dc01e596f8d702c2feae7aae.jpg,5,pitting,5,pitting,0.9998344,True,2.4894848e-07,3.143341e-05,0.00012708637,6.6848734e-06,7.2001654e-08,0.9998344
C:\Users\venka\Documents\Project\data\processed\test\pitting\241_JPG.rf.01131a383281b2d3a43e1f1b3946ac68.jpg,5,pitting,5,pitting,0.999995,True,1.3386872e-08,3.951497e-06,1.0034191e-07,5.8498337e-08,9.254519e-07,0.999995
C:\Users\venka\Documents\Project\data\processed\test\pitting\243_jpg.rf.8bfdedf7f519567f3a947c35f6274825.jpg,5,pitting,5,pitting,1.0,True,6.3358803e-09,5.611973e-09,1.3491238e-08,2.2289669e-08,1.3193131e-11,1.0
C:\Users\venka\Documents\Project\data\processed\test\pitting\247_JPG.rf.819163fb6c1e870cd170a927ef66b72a.jpg,5,pitting,5,pitting,0.99978477,True,0.00020227778,5.7008697e-06,7.0431406e-06,2.8748246e-07,1.7819108e-08,0.99978477
C:\Users\venka\Documents\Project\data\processed\test\pitting\251_JPG.rf.0d21198c91d51724b676862bf62321fe.jpg,5,pitting,5,pitting,0.9999999,True,4.758349e-10,2.2758767e-10,1.4499868e-09,1.7485928e-07,1.12118065e-10,0.9999999
C:\Users\venka\Documents\Project\data\processed\test\pitting\251_JPG.rf.48c4c67c35053f308d4c972fde788c50.jpg,5,pitting,5,pitting,0.9995259,True,1.4743785e-06,4.6844102e-07,0.0004652331,6.2963145e-06,6.1698734e-07,0.9995259
C:\Users\venka\Documents\Project\data\processed\test\pitting\25_JPG.rf.88e9974981b12a95665b7267ff0a078f.jpg,5,pitting,5,pitting,0.9999056,True,8.863024e-05,2.1533729e-06,1.4571964e-06,1.792331e-06,3.8887723e-07,0.9999056
C:\Users\venka\Documents\Project\data\processed\test\pitting\25_JPG.rf.b6c47482831efb277500b134685677e6.jpg,5,pitting,5,pitting,0.9999633,True,1.1898168e-05,8.613844e-07,3.8635895e-07,2.3534436e-05,1.2116487e-07,0.9999633
C:\Users\venka\Documents\Project\data\processed\test\pitting\265_jpg.rf.d2ae9c48bc4375dc04b662a9685143e4.jpg,5,pitting,5,pitting,0.99997103,True,5.529676e-06,1.1375688e-06,1.4256292e-05,1.2735883e-07,7.846327e-06,0.99997103
C:\Users\venka\Documents\Project\data\processed\test\pitting\266_JPG.rf.26d421fddbf545f4c907e34f5d98496a.jpg,5,pitting,5,pitting,0.9999298,True,6.0527773e-06,1.4261781e-07,2.6085843e-07,8.059463e-09,6.373616e-05,0.9999298
C:\Users\venka\Documents\Project\data\processed\test\pitting\268_JPG.rf.3fb0f6a93730fb27ad780cbdb8382ed8.jpg,5,pitting,5,pitting,0.99989855,True,9.620782e-05,2.3537796e-06,1.0466091e-06,2.3951216e-07,1.5937362e-06,0.99989855
C:\Users\venka\Documents\Project\data\processed\test\pitting\272_jpg.rf.70a63e08bc17a69600c13dce11760900.jpg,5,pitting,0,Acral_Lentiginous_Melanoma,0.9393329,False,0.9393329,0.0012453177,0.022136582,0.0019013816,0.00021530864,0.035168566
C:\Users\venka\Documents\Project\data\processed\test\pitting\272_jpg.rf.cfc92e83f033e5aaa1c749c21d380b76.jpg,5,pitting,0,Acral_Lentiginous_Melanoma,0.53701794,False,0.53701794,0.022314347,0.016563881,0.049461327,0.0006366475,0.37400582
C:\Users\venka\Documents\Project\data\processed\test\pitting\273_JPG.rf.9c5a81574acc80fd7cce0549f7a0dfe2.jpg,5,pitting,5,pitting,0.9996222,True,1.089558e-06,4.1363382e-06,1.841731e-08,9.406974e-07,0.00037146488,0.9996222
C:\Users\venka\Documents\Project\data\processed\test\pitting\273_JPG.rf.b07ea37530876890afa4bf5cdede9c4c.jpg,5,pitting,5,pitting,0.9999908,True,1.3447846e-07,5.658996e-07,2.1988907e-07,3.6917882e-07,7.888101e-06,0.9999908
C:\Users\venka\Documents\Project\data\processed\test\pitting\27_JPG.rf.c624cc83fa29d13bfb9a8de550308f4c.jpg,5,pitting,5,pitting,0.99998,True,1.5276872e-07,9.9380635e-08,1.9610842e-07,6.2880315e-07,1.8922963e-05,0.99998
C:\Users\venka\Documents\Project\data\processed\test\pitting\283_JPG.rf.41d5680f45c8cd1b3aaaf76599d9d428.jpg,5,pitting,5,pitting,0.99998784,True,5.425588e-09,1.01517e-07,5.6213626e-06,1.8073507e-09,6.395598e-06,0.99998784
C:\Users\venka\Documents\Project\data\processed\test\pitting\283_JPG.rf.b0228bf44a39c838aeadc1ecbe0bc177.jpg,5,pitting,5,pitting,0.99999356,True,8.082076e-07,1.7479282e-07,1.5909127e-06,8.289781e-08,3.8059623e-06,0.99999356
C:\Users\venka\Documents\Project\data\processed\test\pitting\289_jpg.rf.adaebf2016e6656aac1c829f0db8b7c8.jpg,5,pitting,5,pitting,0.9999838,True,4.9825438e-08,1.258769e-07,1.1215248e-05,2.5606974e-08,4.775571e-06,0.9999838
C:\Users\venka\Documents\Project\data\processed\test\pitting\293_JPG.rf.ae08bdf3dd6225428eef2b060b19c9d5.jpg,5,pitting,5,pitting,0.9995034,True,1.9960678e-10,4.789878e-07,2.500954e-05,0.00047107256,6.690132e-08,0.9995034
C:\Users\venka\Documents\Project\data\processed\test\pitting\293_JPG.rf.f3f2bfeaebb7572103b05be7d40708dc.jpg,5,pitting,5,pitting,0.99988496,True,1.3574595e-09,5.923562e-07,4.8890975e-06,0.000109206056,3.2647785e-07,0.99988496
C:\Users\venka\Documents\Project\data\processed\test\pitting\306_jpg.rf.6f3ab6cc1fdd98ff23abfed84ded1dec.jpg,5,pitting,5,pitting,0.9999963,True,5.0619906e-07,2.223636e-06,7.8196814e-07,1.01760385e-07,4.7846296e-08,0.9999963
C:\Users\venka\Documents\Project\data\processed\test\pitting\306_jpg.rf.bd77586386e09f91d3c4728564f5deaa.jpg,5,pitting,5,pitting,0.9999994,True,1.7700121e-07,1.3704543e-07,8.350658e-08,1.9154024e-07,5.075292e-10,0.9999994
C:\Users\venka\Documents\Project\data\processed\test\pitting\307_jpg.rf.b9a8a4f3e56096edda03c37770f3c425.jpg,5,pitting,5,pitting,0.9997917,True,2.2756061e-05,2.4881094e-06,0.00017587433,5.483753e-07,6.6584753e-06,0.9997917
C:\Users\venka\Documents\Project\data\processed\test\pitting\309_JPG.rf.4985a709f5e77f90039519e74350bd0f.jpg,5,pitting,5,pitting,0.99987376,True,2.1947953e-07,2.6856458e-06,0.00012192467,1.4655857e-08,1.3326721e-06,0.99987376
C:\Users\venka\Documents\Project\data\processed\test\pitting\309_JPG.rf.e8d1fa1245f2697375205f0fd1d4919d.jpg,5,pitting,5,pitting,0.9998252,True,5.543776e-07,3.7648026e-06,8.28075e-05,2.4250525e-08,8.769058e-05,0.9998252
C:\Users\venka\Documents\Project\data\processed\test\pitting\318_JPG.rf.c0173ec94d0de1ff51a674fa12baaa1a.jpg,5,pitting,5,pitting,0.999876,True,1.438035e-07,2.3919384e-07,3.787096e-07,0.0001229751,1.7437553e-07,0.999876
C:\Users\venka\Documents\Project\data\processed\test\pitting\32_JPG.rf.114ba82648617c3c660c156c86c27411.jpg,5,pitting,5,pitting,0.9999999,True,1.5592843e-08,3.2630506e-08,1.4502884e-07,7.3555126e-09,4.9812723e-09,0.9999999
C:\Users\venka\Documents\Project\data\processed\test\pitting\35_JPG.rf.5db35122afc917faf80e5db480912c5f.jpg,5,pitting,5,pitting,0.9882863,True,9.705598e-06,4.7006756e-06,0.00061501795,3.026969e-06,0.011081156,0.9882863
C:\Users\venka\Documents\Project\data\processed\test\pitting\35_JPG.rf.771b0daa3c0232a0bc3eac9dea27ae39.jpg,5,pitting,5,pitting,0.86227995,True,9.4240015e-05,9.367192e-05,0.0009564683,0.06471201,0.07186365,0.86227995
C:\Users\venka\Documents\Project\data\processed\test\pitting\36_JPG.rf.e4d2c9ab6bac2d84db3beaf02384f973.jpg,5,pitting,5,pitting,0.9999902,True,1.1562982e-07,1.4486177e-06,7.1594656e-07,2.2937134e-06,5.2616006e-06,0.9999902
C:\Users\venka\Documents\Project\data\processed\test\pitting\37_JPG.rf.192c2d6c4ef6ef0cb0b7a6a405665545.jpg,5,pitting,5,pitting,0.999777,True,0.00011265197,1.288582e-05,1.5406124e-05,3.8766906e-05,4.328202e-05,0.999777
C:\Users\venka\Documents\Project\data\processed\test\pitting\42_JPG.rf.f2972615668faac9416c0197d4bdc672.jpg,5,pitting,5,pitting,0.9999697,True,1.1053444e-06,4.3355994e-06,2.456015e-05,2.9403088e-07,1.3583649e-07,0.9999697
C:\Users\venka\Documents\Project\data\processed\test\pitting\50_JPG.rf.e0ba358b4003b7242e5e2818cc1e649a.jpg,5,pitting,5,pitting,0.99873,True,1.007132e-05,1.6278911e-05,6.6110995e-05,5.8173566e-05,0.0011192986,0.99873
C:\Users\venka\Documents\Project\data\processed\test\pitting\52_JPG.rf.19ad0afda1822cfe4ca09794a0bad9ac.jpg,5,pitting,5,pitting,0.99999475,True,1.6255246e-08,2.2230327e-06,2.4029862e-06,6.130557e-07,4.620064e-09,0.99999475
C:\Users\venka\Documents\Project\data\processed\test\pitting\53_JPG.rf.ffd7ef85d81866daa66f9e2975221f58.jpg,5,pitting,5,pitting,0.9998926,True,1.2467264e-06,1.4649518e-05,4.4186145e-05,1.8671018e-07,4.7089274e-05,0.9998926
C:\Users\venka\Documents\Project\data\processed\test\pitting\56_JPG.rf.d6b262b70e48930c46cd7301d8dd7a6a.jpg,5,pitting,5,pitting,0.9997731,True,1.8057035e-07,4.1951866e-06,0.00021728237,5.3022013e-06,7.0018866e-09,0.9997731
C:\Users\venka\Documents\Project\data\processed\test\pitting\59_JPG.rf.88f3c5a80b9adb532a6aff2bdd132c0a.jpg,5,pitting,5,pitting,0.9999933,True,2.6266042e-07,1.3350425e-06,4.124508e-07,1.9393453e-06,2.740798e-06,0.9999933
C:\Users\venka\Documents\Project\data\processed\test\pitting\5_JPG.rf.d28647ea5bb64e4906c8465d44a445dc.jpg,5,pitting,5,pitting,0.9999931,True,9.150797e-08,1.4341529e-06,9.476939e-07,4.385491e-06,1.5772567e-08,0.9999931
C:\Users\venka\Documents\Project\data\processed\test\pitting\63_JPG.rf.88ae502be667ef01a50f614312b01505.jpg,5,pitting,5,pitting,0.99837375,True,7.96956e-08,4.980292e-07,0.0016252788,1.0530701e-07,2.8250236e-07,0.99837375
C:\Users\venka\Documents\Project\data\processed\test\pitting\63_JPG.rf.c7fc87b4fae1a2cf47c6d85ed72c4283.jpg,5,pitting,5,pitting,0.99999106,True,1.331638e-06,2.0827066e-07,7.349268e-06,1.825982e-08,4.1373887e-09,0.99999106
C:\Users\venka\Documents\Project\data\processed\test\pitting\64_JPG.rf.8eb7070ef18a40896dd6c5f88b4b5cee.jpg,5,pitting,5,pitting,0.9999969,True,9.924758e-09,1.5865943e-07,2.0962248e-07,2.7007868e-06,2.6258256e-08,0.9999969
C:\Users\venka\Documents\Project\data\processed\test\pitting\65_JPG.rf.0115ec5ab2ddb2ed7afc5fcbd81a7b69.jpg,5,pitting,5,pitting,0.99999666,True,2.4548095e-07,2.938357e-08,1.1753725e-06,1.290355e-08,1.8690858e-06,0.99999666
C:\Users\venka\Documents\Project\data\processed\test\pitting\66_jpg.rf.44626a3dae3f4adbea432c85b72aed52.jpg,5,pitting,5,pitting,0.99998176,True,2.7049614e-07,3.530313e-06,8.815911e-06,4.7953135e-06,7.683799e-07,0.99998176
C:\Users\venka\Documents\Project\data\processed\test\pitting\68_JPG.rf.6e5d511a034d29e957521853eb7ac0d1.jpg,5,pitting,5,pitting,0.99990237,True,7.6318946e-07,8.259613e-05,3.3134563e-06,8.48205e-06,2.4811693e-06,0.99990237
C:\Users\venka\Documents\Project\data\processed\test\pitting\74_JPG.rf.9e7e62d364ecb759e14ed32e2f9d2f59.jpg,5,pitting,5,pitting,0.99928963,True,0.00011820176,0.00010911409,9.27882e-06,0.0002843973,0.00018944964,0.99928963
C:\Users\venka\Documents\Project\data\processed\test\pitting\75_JPG.rf.b5e87b1560658eabeef4ae46db975199.jpg,5,pitting,5,pitting,0.9407235,True,7.79961e-06,1.1718566e-05,0.00016129673,4.7698235e-05,0.059048105,0.9407235
C:\Users\venka\Documents\Project\data\processed\test\pitting\7_JPG.rf.78589204be0bdf18b31f66b98d14dae2.jpg,5,pitting,5,pitting,0.9831992,True,0.0003067881,0.0018031747,0.0060520824,0.00863868,3.791871e-09,0.9831992
C:\Users\venka\Documents\Project\data\processed\test\pitting\89_JPG.rf.a7e857ea3d6cc588b3320d9e7f89df5c.jpg,5,pitting,5,pitting,0.9999727,True,6.230799e-09,1.591658e-06,8.797387e-08,1.4651991e-07,2.5594134e-05,0.9999727
C:\Users\venka\Documents\Project\data\processed\test\pitting\90_JPG.rf.90cf05e9e3aa99b43e842cbddc2fcacc.jpg,5,pitting,5,pitting,0.9999902,True,1.8589915e-09,5.4272605e-06,1.0978847e-06,1.2362038e-06,1.945018e-06,0.9999902
C:\Users\venka\Documents\Project\data\processed\test\pitting\90_JPG.rf.d07c77955e569fc092ebaee5d8a89aae.jpg,5,pitting,5,pitting,0.99994326,True,3.4395342e-09,3.3100953e-06,1.9454974e-05,2.2078806e-05,1.1840462e-05,0.99994326
C:\Users\venka\Documents\Project\data\processed\test\pitting\91_JPG.rf.b56309309c23729cfd2c81e73f627bc9.jpg,5,pitting,5,pitting,0.99989295,True,1.2943282e-07,4.42367e-06,0.00010157367,2.3470708e-08,9.193401e-07,0.99989295
C:\Users\venka\Documents\Project\data\processed\test\pitting\91_JPG.rf.ee848f39a582b7468022ea9062b51205.jpg,5,pitting,5,pitting,0.9988533,True,3.821648e-08,2.1771316e-06,0.00089274993,1.2071902e-07,0.00025167747,0.9988533
C:\Users\venka\Documents\Project\data\processed\test\pitting\9_JPG.rf.874798f3e0533bd9bfed669c294bfd2e.jpg,5,pitting,5,pitting,0.9999999,True,1.33288465e-08,1.7620778e-08,9.641224e-08,4.967221e-09,4.1618364e-08,0.9999999
